paper_id,year,is_primary,primary_topic,all_topics,topic_score,confidence,title,authors,n_authors,pages,has_abstract,pdf_url,supp_url,detail_url,abstract,bibtex
Shen_AD-GBC_Anisotropic_Granular-Ball_Skip-Connection_Refiner_for_UNet-Based_Medical_Image_Segmentation_CVPR_2026_paper,2026,0,Medical_Bio_RemoteSensing,Medical_Bio_RemoteSensing|Segmentation,15.0,0.333,AD-GBC: Anisotropic Granular-Ball Skip-Connection Refiner for UNet-Based Medical Image Segmentation,Xiya Shen; Qinglin Zhao; Li Feng,3,1418-1427,True,https://openaccess.thecvf.com/content/CVPR2026/papers/Shen_AD-GBC_Anisotropic_Granular-Ball_Skip-Connection_Refiner_for_UNet-Based_Medical_Image_Segmentation_CVPR_2026_paper.pdf,https://openaccess.thecvf.com/content/CVPR2026/supplemental/Shen_AD-GBC_Anisotropic_Granular-Ball_CVPR_2026_supplemental.pdf,https://openaccess.thecvf.com/content/CVPR2026/html/Shen_AD-GBC_Anisotropic_Granular-Ball_Skip-Connection_Refiner_for_UNet-Based_Medical_Image_Segmentation_CVPR_2026_paper.html,"Prototype or region-attention modules have recently improved medical image segmentation but still suffer from two fundamental limitations: 1) they represent each semantic concept as a point or isotropic region, failing to capture the inherently anisotropic geometry of real feature distributions; and 2) many rely on non-differentiable clustering or one-way kernel weighting, which restricts their ability to form coherent region-level representations. We address these issues with the Anisotropic Differentiable Granular-Ball (AD-GBC) module, which generalizes prototypes into learnable geometric regions parameterized by a center and an anisotropic vector scale. AD-GBC aggregates local features into region-level semantics and redistributes the refined representation back to pixels in a fully differentiable manner, enabling geometry-aware refinement within modern UNet-style architectures. Two geometric regularizers, a Wasserstein-based diversity loss and a scale consistency loss, mitigate center collapse and encourage stable, well-formed region geometry.AD-GBC yields consistent improvements across four widely used medical segmentation benchmarks (BUSI, GlaS, CVC-ClinicDB, ISIC17) when integrated into two strong backbones (Rolling-UNet and U-KAN), demonstrating that the proposed geometric region formulation generalizes well across different imaging conditions. The code is available at https://github.com/SiaShen-dot/AD-GBC.","@InProceedings{Shen_2026_CVPR, author = {Shen, Xiya and Zhao, Qinglin and Feng, Li}, title = {AD-GBC: Anisotropic Granular-Ball Skip-Connection Refiner for UNet-Based Medical Image Segmentation}, booktitle = {Proceedings of the IEEE/CVF Conference on Computer Vision and Pattern Recognition (CVPR)}, month = {June}, year = {2026}, pages = {1418-1427} }"
Tan_Towards_Robust_Multi-Modal_Semantic_Segmentation_with_Teacher-Student_Framework_and_Hybrid_CVPR_2026_paper,2026,1,Segmentation,Segmentation|Vision_Language_Multimodal,20.0,0.4,Towards Robust Multi-Modal Semantic Segmentation with Teacher-Student Framework and Hybrid Prototype Distillation,Jiaqi Tan; Xu Zheng; Yang Liu,3,27665-27675,True,https://openaccess.thecvf.com/content/CVPR2026/papers/Tan_Towards_Robust_Multi-Modal_Semantic_Segmentation_with_Teacher-Student_Framework_and_Hybrid_CVPR_2026_paper.pdf,https://openaccess.thecvf.com/content/CVPR2026/supplemental/Tan_Towards_Robust_Multi-Modal_CVPR_2026_supplemental.zip,https://openaccess.thecvf.com/content/CVPR2026/html/Tan_Towards_Robust_Multi-Modal_Semantic_Segmentation_with_Teacher-Student_Framework_and_Hybrid_CVPR_2026_paper.html,"Multimodal semantic segmentation (MMSS) faces significant challenges in real-world applications due to incomplete, degraded, or missing sensor data. To address this, we propose RobustSeg, an efficient teacher-student framework that enhances model robustness under missing-modality conditions while maintaining strong performance in full-modality scenarios. RobustSeg adopts a feedback-based self-distillation paradigm consisting of two complementary stages. Firstly, we introduce Hybrid Prototype Distillation (HPD), which enables more reliable knowledge transfer of both cross-modal and modality-specific aspects. Concretely, combined with dominant-modality selection, HPD performs cross-modal semantic distillation with high-level semantic prototypes to reduce modality bias. Meanwhile, HPD conducts intra-class feature variation distillation for modality-specific structural details. Secondly, to enable the teacher model to gradually produce more balanced and robust modality representations, we make the student model provide feedback from the non-dominant modality to the teacher, benefiting the entire distillation process. Experiments on three datasets demonstrate that our method achieves state-of-the-art robustness (e.g., +2.40% missing-modality performance on DeLiVER) while causing almost no degradation in full-modality performance (only -0.1% mIoU). Moreover, evaluations using different backbones (AnySeg and CMNeXt) further validate the generalization ability of RobustSeg.","@InProceedings{Tan_2026_CVPR, author = {Tan, Jiaqi and Zheng, Xu and Liu, Yang}, title = {Towards Robust Multi-Modal Semantic Segmentation with Teacher-Student Framework and Hybrid Prototype Distillation}, booktitle = {Proceedings of the IEEE/CVF Conference on Computer Vision and Pattern Recognition (CVPR)}, month = {June}, year = {2026}, pages = {27665-27675} }"
Du_SPEGC_Continual_Test-Time_Adaptation_via_Semantic-Prompt-Enhanced_Graph_Clustering_for_Medical_CVPR_2026_paper,2026,0,Medical_Bio_RemoteSensing,Medical_Bio_RemoteSensing|LLM_Reasoning_Agent|Segmentation|Transfer_FewShot_DomainAdaptation,20.0,0.4,SPEGC: Continual Test-Time Adaptation via Semantic-Prompt-Enhanced Graph Clustering for Medical Image Segmentation,Xiaogang Du; Jiawei Zhang; Tongfei Liu; Tao Lei; Yingbo Wang,5,8481-8491,True,https://openaccess.thecvf.com/content/CVPR2026/papers/Du_SPEGC_Continual_Test-Time_Adaptation_via_Semantic-Prompt-Enhanced_Graph_Clustering_for_Medical_CVPR_2026_paper.pdf,https://openaccess.thecvf.com/content/CVPR2026/supplemental/Du_SPEGC_Continual_Test-Time_CVPR_2026_supplemental.pdf,https://openaccess.thecvf.com/content/CVPR2026/html/Du_SPEGC_Continual_Test-Time_Adaptation_via_Semantic-Prompt-Enhanced_Graph_Clustering_for_Medical_CVPR_2026_paper.html,"In medical image segmentation tasks, the domain gap caused by the difference in data collection between training and testing data seriously hinders the deployment of pre-trained models in clinical practice. Continual Test-Time Adaptation (CTTA) aims to enable pre-trained models to adapt to continuously changing unlabeled domains, providing an effective approach to solving this problem. However, existing CTTA methods often rely on unreliable supervisory signals, igniting a self-reinforcing cycle of error accumulation that culminates in catastrophic performance degradation. To overcome these challenges, we propose a CTTA via Semantic-Prompt-Enhanced Graph Clustering (SPEGC) for medical image segmentation. First, we design a semantic prompt feature enhancement mechanism that utilizes decoupled commonality and heterogeneity prompt pools to inject global contextual information into local features, alleviating their susceptibility to noise interference under domain shift. Second, based on these enhanced features, we design a differentiable graph clustering solver. This solver reframes global edge sparsification as an optimal transport problem, allowing it to distill a raw similarity matrix into a refined and high-order structural representation in an end-to-end manner. Finally, this robust structural representation is used to guide model adaptation, ensuring predictions are consistent at a cluster-level and dynamically adjusting decision boundaries. Extensive experiments demonstrate that SPEGC outperforms other state-of-the-art CTTA methods on two medical image segmentation benchmarks. The source code is available at https://github.com/Jwei-Z/SPEGC-for-MIS.","@InProceedings{Du_2026_CVPR, author = {Du, Xiaogang and Zhang, Jiawei and Liu, Tongfei and Lei, Tao and Wang, Yingbo}, title = {SPEGC: Continual Test-Time Adaptation via Semantic-Prompt-Enhanced Graph Clustering for Medical Image Segmentation}, booktitle = {Proceedings of the IEEE/CVF Conference on Computer Vision and Pattern Recognition (CVPR)}, month = {June}, year = {2026}, pages = {8481-8491} }"
Huang_OpenVoxel_Training-Free_Grouping_and_Captioning_Voxels_for_Open-Vocabulary_3D_Scene_CVPR_2026_paper,2026,1,Segmentation,Segmentation|Vision_Language_Multimodal|LLM_Reasoning_Agent|3D_Reconstruction,15.0,0.067,OpenVoxel: Training-Free Grouping and Captioning Voxels for Open-Vocabulary 3D Scene Understanding,Sheng-Yu Huang; Jaesung Choe; Yu-Chiang Frank Wang; Cheng Sun,4,16734-16745,True,https://openaccess.thecvf.com/content/CVPR2026/papers/Huang_OpenVoxel_Training-Free_Grouping_and_Captioning_Voxels_for_Open-Vocabulary_3D_Scene_CVPR_2026_paper.pdf,https://openaccess.thecvf.com/content/CVPR2026/supplemental/Huang_OpenVoxel_Training-Free_Grouping_CVPR_2026_supplemental.pdf,https://openaccess.thecvf.com/content/CVPR2026/html/Huang_OpenVoxel_Training-Free_Grouping_and_Captioning_Voxels_for_Open-Vocabulary_3D_Scene_CVPR_2026_paper.html,"We propose OpenVoxel, a training-free algorithm for grouping and captioning sparse voxels for the open-vocabulary 3D scene understanding tasks. Given the sparse voxel rasterization (SVR) model obtained from multi-view images of a 3D scene, our OpenVoxel is able to produce meaningful groups that describe different objects in the scene. Also, by leveraging powerful Vision Language Models (VLMs) and Multi-modal Large Language Models (MLLMs), our OpenVoxel successfully build an informative scene map by captioning each group, enabling further 3D scene understanding tasks such as open-vocabulary segmentation (OVS) or referring expression segmentation (RES). Unlike previous methods, our method is training-free and does not introduce embeddings from a CLIP/BERT text encoder. Instead, we directly proceed with text-to-text search using MLLMs. Through extensive experiments, our method demonstrates superior performance compared to recent studies, particularly in complex referring expression segmentation (RES) tasks.","@InProceedings{Huang_2026_CVPR, author = {Huang, Sheng-Yu and Choe, Jaesung and Wang, Yu-Chiang Frank and Sun, Cheng}, title = {OpenVoxel: Training-Free Grouping and Captioning Voxels for Open-Vocabulary 3D Scene Understanding}, booktitle = {Proceedings of the IEEE/CVF Conference on Computer Vision and Pattern Recognition (CVPR)}, month = {June}, year = {2026}, pages = {16734-16745} }"
Wang_OSA_Echocardiography_Video_Segmentation_via_Orthogonalized_State_Update_and_Anatomical_CVPR_2026_paper,2026,1,Segmentation,Segmentation|Video_Action_Recognition,10.0,0.1,OSA: Echocardiography Video Segmentation via Orthogonalized State Update and Anatomical Prior-aware Feature Enhancement,Rui Wang; Huisi Wu; Jing Qin,3,1428-1438,True,https://openaccess.thecvf.com/content/CVPR2026/papers/Wang_OSA_Echocardiography_Video_Segmentation_via_Orthogonalized_State_Update_and_Anatomical_CVPR_2026_paper.pdf,https://openaccess.thecvf.com/content/CVPR2026/supplemental/Wang_OSA_Echocardiography_Video_CVPR_2026_supplemental.pdf,https://openaccess.thecvf.com/content/CVPR2026/html/Wang_OSA_Echocardiography_Video_Segmentation_via_Orthogonalized_State_Update_and_Anatomical_CVPR_2026_paper.html,"Accurate and temporally consistent segmentation of the left ventricle from echocardiography videos is essential for estimating the ejection fraction and assessing cardiac function. However, modeling spatiotemporal dynamics remains difficult due to severe speckle noise and rapid non-rigid deformations. Existing linear recurrent models offer efficient in-context associative recall for temporal tracking, but rely on unconstrained state updates, which cause progressive singular value decay in the state matrix, a phenomenon known as rank collapse, resulting in anatomical details being overwhelmed by noise. To address this, we propose OSA, a framework that constrains the state evolution on the Stiefel manifold. We introduce the Orthogonalized State Update (OSU) mechanism, which formulates the memory evolution as Euclidean projected gradient descent on the Stiefel manifold to prevent rank collapse and maintain stable temporal transitions. Furthermore, an Anatomical Prior-aware Feature Enhancement module explicitly separates anatomical structures from speckle noise through a physics-driven process, providing the temporal tracker with noise-resilient structural cues. Comprehensive experiments on the CAMUS and EchoNet-Dynamic datasets show that OSA achieves state-of-the-art segmentation accuracy and temporal stability, while maintaining real-time inference efficiency for clinical deployment. Codes are available at https://github.com/wangrui2025/OSA.","@InProceedings{Wang_2026_CVPR, author = {Wang, Rui and Wu, Huisi and Qin, Jing}, title = {OSA: Echocardiography Video Segmentation via Orthogonalized State Update and Anatomical Prior-aware Feature Enhancement}, booktitle = {Proceedings of the IEEE/CVF Conference on Computer Vision and Pattern Recognition (CVPR)}, month = {June}, year = {2026}, pages = {1428-1438} }"
Rahman_Tunable_Soft_Equivariance_with_Guarantees_CVPR_2026_paper,2026,1,Segmentation,Segmentation,5.0,0.4,Tunable Soft Equivariance with Guarantees,Md Ashiqur Rahman; Lim Jun Hao; Jeremiah Jiang; Teck-Yian Lim; Raymond A. Yeh,5,17693-17703,True,https://openaccess.thecvf.com/content/CVPR2026/papers/Rahman_Tunable_Soft_Equivariance_with_Guarantees_CVPR_2026_paper.pdf,https://openaccess.thecvf.com/content/CVPR2026/supplemental/Rahman_Tunable_Soft_Equivariance_CVPR_2026_supplemental.pdf,https://openaccess.thecvf.com/content/CVPR2026/html/Rahman_Tunable_Soft_Equivariance_with_Guarantees_CVPR_2026_paper.html,"Equivariance is a fundamental property in computer vision models, yet strict equivariance is rarely satisfied in real-world data, which can limit a model's performance. Controlling the degree of equivariance is therefore desirable. We propose a general framework for constructing soft equivariant models by projecting the model weights into a designed subspace. The method applies to any pre-trained architecture and provides theoretical bounds on the induced equivariance error. Empirically, we demonstrate the effectiveness of our method on multiple pre-trained backbones, including ViT and ResNet, across image classification, semantic segmentation, and human-trajectory prediction tasks. Notably, our approach improves the performance while simultaneously reducing equivariance error on the competitive ImageNet benchmark.","@InProceedings{Rahman_2026_CVPR, author = {Rahman, Md Ashiqur and Hao, Lim Jun and Jiang, Jeremiah and Lim, Teck-Yian and Yeh, Raymond A.}, title = {Tunable Soft Equivariance with Guarantees}, booktitle = {Proceedings of the IEEE/CVF Conference on Computer Vision and Pattern Recognition (CVPR)}, month = {June}, year = {2026}, pages = {17693-17703} }"
Niu_ReAttnCLIP_Training-Free_Open-Vocabulary_Remote_Sensing_Image_Segmentation_via_Re-defined_Attention_CVPR_2026_paper,2026,0,Medical_Bio_RemoteSensing,Medical_Bio_RemoteSensing|Segmentation|Vision_Language_Multimodal,20.0,0.25,ReAttnCLIP: Training-Free Open-Vocabulary Remote Sensing Image Segmentation via Re-defined Attention in CLIP,Xin Niu; Manqi Zhao; Dongsheng Jiang; Yingying Wu; Bing Su,5,24980-24989,True,https://openaccess.thecvf.com/content/CVPR2026/papers/Niu_ReAttnCLIP_Training-Free_Open-Vocabulary_Remote_Sensing_Image_Segmentation_via_Re-defined_Attention_CVPR_2026_paper.pdf,https://openaccess.thecvf.com/content/CVPR2026/supplemental/Niu_ReAttnCLIP_Training-Free_Open-Vocabulary_CVPR_2026_supplemental.pdf,https://openaccess.thecvf.com/content/CVPR2026/html/Niu_ReAttnCLIP_Training-Free_Open-Vocabulary_Remote_Sensing_Image_Segmentation_via_Re-defined_Attention_CVPR_2026_paper.html,"Remote sensing image segmentation is critical for a range of applications, including natural disaster monitoring and precision agriculture. Open-vocabulary segmentation enhances flexibility by removing fixed category constraints, enabling more fine-grained and adaptive scene understanding. Unlike CLIP's original pretraining objective, which emphasizes global image-text alignment, segmentation tasks require accurate and discriminative patch-level representations to support precise pixel-wise predictions. As a result, the quality of attention maps--particularly those generated in the final transformer layers--plays a pivotal role in guiding inter-region interactions. However, current methods generate suboptimal representations when capturing the complex spatial hierarchies in remote sensing. We address this gap by optimizing CLIP's 197x197 attention matrix through three key modifications: (1) substituting the 196x196 patch-to-patch submatrix with intermediate-layer feature similarities to preserve spatial structures; (2) prioritizing intermediate-layer attention for global-to-local (class-to-patch) token alignment to reduce classification interference; (3) disabling the \texttt [CLS] token's self-attention to mitigate bias. Extensive experiments on eight remote sensing benchmarks and two building/road extraction datasets demonstrate that our method achieves state-of-the-art performance among existing training-free approaches.","@InProceedings{Niu_2026_CVPR, author = {Niu, Xin and Zhao, Manqi and Jiang, Dongsheng and Wu, Yingying and Su, Bing}, title = {ReAttnCLIP: Training-Free Open-Vocabulary Remote Sensing Image Segmentation via Re-defined Attention in CLIP}, booktitle = {Proceedings of the IEEE/CVF Conference on Computer Vision and Pattern Recognition (CVPR)}, month = {June}, year = {2026}, pages = {24980-24989} }"
Shahabodini_The_Missing_Point_in_Vision_Transformers_for_Universal_Image_Segmentation_CVPR_2026_paper,2026,1,Segmentation,Segmentation,21.0,0.905,The Missing Point in Vision Transformers for Universal Image Segmentation,Sajjad Shahabodini; Mobina Mansoori; Farnoush Bayatmakou; Jamshid Abouei; Konstantinos Plataniotis; Arash Mohammadi,6,6314-6324,True,https://openaccess.thecvf.com/content/CVPR2026/papers/Shahabodini_The_Missing_Point_in_Vision_Transformers_for_Universal_Image_Segmentation_CVPR_2026_paper.pdf,https://openaccess.thecvf.com/content/CVPR2026/supplemental/Shahabodini_The_Missing_Point_CVPR_2026_supplemental.zip,https://openaccess.thecvf.com/content/CVPR2026/html/Shahabodini_The_Missing_Point_in_Vision_Transformers_for_Universal_Image_Segmentation_CVPR_2026_paper.html,"Image segmentation remains a challenging task in computer vision, demanding robust mask generation and precise classification. Recent mask-based approaches yield high-quality masks by capturing global context. However, accurately classifying these masks, especially in the presence of ambiguous boundaries and imbalanced class distributions, remains an open challenge. In this work, we introduce ViT-P, a novel two-stage segmentation framework that decouples mask generation from classification. The first stage employs a proposal generator to produce class-agnostic mask proposals, while the second stage utilizes a point-based classification model built on the Vision Transformer (ViT) to refine predictions. ViT-P serves as a pre-training-free adapter, allowing the integration of various pre-trained vision transformers without modifying their architecture, ensuring adaptability to dense prediction tasks. Furthermore, we demonstrate that coarse and bounding box annotations can effectively enhance classification without requiring additional training on fine annotation datasets, reducing annotation costs while maintaining strong performance. Extensive experiments across COCO, ADE20K, and Cityscapes datasets validate the effectiveness of ViT-P, achieving state-of-the-art results with 54.0 PQ on ADE20K panoptic segmentation, 87.4 mIoU on Cityscapes semantic segmentation, and 63.6 mIoU on ADE20K semantic segmentation.","@InProceedings{Shahabodini_2026_CVPR, author = {Shahabodini, Sajjad and Mansoori, Mobina and Bayatmakou, Farnoush and Abouei, Jamshid and Plataniotis, Konstantinos and Mohammadi, Arash}, title = {The Missing Point in Vision Transformers for Universal Image Segmentation}, booktitle = {Proceedings of the IEEE/CVF Conference on Computer Vision and Pattern Recognition (CVPR)}, month = {June}, year = {2026}, pages = {6314-6324} }"
Fiastre_CaptionFormer_Unified_Segmentation_Tracking_and_Captioning_for_Spatio-Temporal_Objects_CVPR_2026_paper,2026,0,Video_Action_Recognition,Video_Action_Recognition|Tracking_MOT|Segmentation,12.0,0.167,"CaptionFormer: Unified Segmentation, Tracking, and Captioning for Spatio-Temporal Objects",Gabriel Fiastre; Antoine Yang; Cordelia Schmid,3,39518-39528,True,https://openaccess.thecvf.com/content/CVPR2026/papers/Fiastre_CaptionFormer_Unified_Segmentation_Tracking_and_Captioning_for_Spatio-Temporal_Objects_CVPR_2026_paper.pdf,https://openaccess.thecvf.com/content/CVPR2026/supplemental/Fiastre_CaptionFormer_Unified_Segmentation_CVPR_2026_supplemental.pdf,https://openaccess.thecvf.com/content/CVPR2026/html/Fiastre_CaptionFormer_Unified_Segmentation_Tracking_and_Captioning_for_Spatio-Temporal_Objects_CVPR_2026_paper.html,"Dense Video Object Captioning (DVOC) is the task of jointly detecting, tracking, and captioning object trajectories in a video, requiring the ability to understand spatio-temporal details and describe them in natural language.Due to the complexity of the task and the high cost associated with manual annotation, previous approaches resort to training strategies with limited data, potentially leading to suboptimal performance.To circumvent this issue, we propose to generate captions about spatio-temporally localized entities leveraging a state-of-the-art VLM, and extend the LVIS and LV-VIS datasets with our synthetic captions (LVISCap and LV-VISCap). Moreover, we introduce an end-to-end model, CaptionFormer, capable of jointly detecting, segmenting, tracking and captioning object trajectories.With pretraining on LVISCap and LV-VISCap, CaptionFormer achieves state-of-the-art DVOC results on three existing benchmarks, VidSTG, VLN and BenSMOT.","@InProceedings{Fiastre_2026_CVPR, author = {Fiastre, Gabriel and Yang, Antoine and Schmid, Cordelia}, title = {CaptionFormer: Unified Segmentation, Tracking, and Captioning for Spatio-Temporal Objects}, booktitle = {Proceedings of the IEEE/CVF Conference on Computer Vision and Pattern Recognition (CVPR)}, month = {June}, year = {2026}, pages = {39518-39528} }"
Zhai_OnlinePG_Online_Open-Vocabulary_Panoptic_Mapping_with_3D_Gaussian_Splatting_CVPR_2026_paper,2026,1,Segmentation,Segmentation|Neural_Rendering_NeRF_3DGS|Embodied_AI_Robotics,15.0,0.2,OnlinePG: Online Open-Vocabulary Panoptic Mapping with 3D Gaussian Splatting,Hongjia Zhai; Qi Zhang; Xiaokun Pan; Xiyu Zhang; Yitong Dong; Huaqi Zhang; Dan Xu; Guofeng Zhang,8,33269-33279,True,https://openaccess.thecvf.com/content/CVPR2026/papers/Zhai_OnlinePG_Online_Open-Vocabulary_Panoptic_Mapping_with_3D_Gaussian_Splatting_CVPR_2026_paper.pdf,https://openaccess.thecvf.com/content/CVPR2026/supplemental/Zhai_OnlinePG_Online_Open-Vocabulary_CVPR_2026_supplemental.pdf,https://openaccess.thecvf.com/content/CVPR2026/html/Zhai_OnlinePG_Online_Open-Vocabulary_Panoptic_Mapping_with_3D_Gaussian_Splatting_CVPR_2026_paper.html,"Open-vocabulary scene understanding with online panoptic mapping is essential for embodied applications to perceive and interact with environments. However, existing methods are predominantly offline or lack instance-level understanding, limiting their applicability to real-world robotic tasks. In this paper, we propose OnlinePG, a novel and effective system that integrates geometric reconstruction and open-vocabulary perception using 3D Gaussian Splatting in an online setting. Technically, to achieve online panoptic mapping, we employ an efficient local-to-global paradigm with a sliding window. To build local consistency map, we construct a 3D segment clustering graph that jointly leverages geometric and semantic cues, fusing inconsistent segments within sliding window into complete instances. Subsequently, to update the global map, we construct explicit spatial attribute grids for the local 3D Gaussian map and fuse them into the global map via robust bidirectional bipartite 3D Gaussian instance matching. Finally, we utilize the fused VLM features inside the 3D spatial attribute grids to achieve open-vocabulary scene understanding. Extensive experiments on widely used datasets demonstrate that our method achieves better performance among online approaches, while maintaining real-time efficiency.","@InProceedings{Zhai_2026_CVPR, author = {Zhai, Hongjia and Zhang, Qi and Pan, Xiaokun and Zhang, Xiyu and Dong, Yitong and Zhang, Huaqi and Xu, Dan and Zhang, Guofeng}, title = {OnlinePG: Online Open-Vocabulary Panoptic Mapping with 3D Gaussian Splatting}, booktitle = {Proceedings of the IEEE/CVF Conference on Computer Vision and Pattern Recognition (CVPR)}, month = {June}, year = {2026}, pages = {33269-33279} }"
Aravanis_Retrieve_and_Segment_Are_a_Few_Examples_Enough_to_Bridge_CVPR_2026_paper,2026,1,Segmentation,Segmentation,24.0,0.625,Retrieve and Segment: Are a Few Examples Enough to Bridge the Supervision Gap in Open-Vocabulary Segmentation?,Tilemachos Aravanis; Vladan Stojnić; Bill Psomas; Nikos Komodakis; Giorgos Tolias,5,27621-27632,True,https://openaccess.thecvf.com/content/CVPR2026/papers/Aravanis_Retrieve_and_Segment_Are_a_Few_Examples_Enough_to_Bridge_CVPR_2026_paper.pdf,https://openaccess.thecvf.com/content/CVPR2026/supplemental/Aravanis_Retrieve_and_Segment_CVPR_2026_supplemental.pdf,https://openaccess.thecvf.com/content/CVPR2026/html/Aravanis_Retrieve_and_Segment_Are_a_Few_Examples_Enough_to_Bridge_CVPR_2026_paper.html,"Open-vocabulary segmentation (OVS) extends the zero-shot recognition capabilities of vision-language models (VLMs) to pixel-level prediction, enabling segmentation of arbitrary categories specified by text prompts. Despite recent progress, OVS lags behind fully supervised approaches due to two challenges: the coarse image-level supervision used to train VLMs and the semantic ambiguity of natural language. We address these limitations by introducing a few-shot setting that augments textual prompts with a support set of pixel-annotated images. Building on this, we propose a retrieval-augmented test-time adapter that learns a lightweight, per-image classifier by fusing textual and visual support features. Unlike prior methods relying on late, hand-crafted fusion, our approach performs learned, per-query fusion, achieving stronger synergy between modalities. The method supports continually expanding support sets, and applies to fine-grained tasks such as personalized segmentation. Experiments show that we significantly narrow the gap between zero-shot and supervised segmentation while preserving open-vocabulary ability.","@InProceedings{Aravanis_2026_CVPR, author = {Aravanis, Tilemachos and Stojni\'c, Vladan and Psomas, Bill and Komodakis, Nikos and Tolias, Giorgos}, title = {Retrieve and Segment: Are a Few Examples Enough to Bridge the Supervision Gap in Open-Vocabulary Segmentation?}, booktitle = {Proceedings of the IEEE/CVF Conference on Computer Vision and Pattern Recognition (CVPR)}, month = {June}, year = {2026}, pages = {27621-27632} }"
Ni_UniGeoSeg_Towards_Unified_Open-World_Segmentation_for_Geospatial_Scenes_CVPR_2026_paper,2026,1,Segmentation,Segmentation|Medical_Bio_RemoteSensing,12.0,0.5,UniGeoSeg: Towards Unified Open-World Segmentation for Geospatial Scenes,Shuo Ni; Di Wang; He Chen; Haonan Guo; Ning Zhang; Jing Zhang,6,34865-34876,True,https://openaccess.thecvf.com/content/CVPR2026/papers/Ni_UniGeoSeg_Towards_Unified_Open-World_Segmentation_for_Geospatial_Scenes_CVPR_2026_paper.pdf,https://openaccess.thecvf.com/content/CVPR2026/supplemental/Ni_UniGeoSeg_Towards_Unified_CVPR_2026_supplemental.pdf,https://openaccess.thecvf.com/content/CVPR2026/html/Ni_UniGeoSeg_Towards_Unified_Open-World_Segmentation_for_Geospatial_Scenes_CVPR_2026_paper.html,"Instruction-driven segmentation in remote sensing generates masks from guidance, offering great potential for accessible and generalizable applications. However, existing methods suffer from fragmented task formulations and limited instruction data, hindering effective understanding and generalization. To address these issues, we introduce GeoSeg-1M, the first million-scale dataset for remote sensing instruction-driven segmentation, constructed via an automatic mask filtering and instruction generation pipeline that synthesizes referring, interactive, and reasoning segmentation instructions from multiple public datasets. GeoSeg-1M contains 590K images, 117 categories, and 1.1M image-mask-instruction triplets. Building upon this foundation, we further curate GeoSeg-Bench, a challenging benchmark designed to evaluate contextual understanding and reasoning capabilities across diverse instruction-driven tasks and complex geospatial scenes. Furthermore, we present UniGeoSeg, a unified framework that serves as a strong baseline, incorporating task-aware text enhancement, latent knowledge memory, and a progressive training strategy to facilitate multi-task learning. Extensive experiments demonstrate the state-of-the-art performance of UniGeoSeg across GeoSeg-Bench and diverse public benchmarks, while exhibiting strong zero-shot generalization. The datasets and source code will be publicly released.","@InProceedings{Ni_2026_CVPR, author = {Ni, Shuo and Wang, Di and Chen, He and Guo, Haonan and Zhang, Ning and Zhang, Jing}, title = {UniGeoSeg: Towards Unified Open-World Segmentation for Geospatial Scenes}, booktitle = {Proceedings of the IEEE/CVF Conference on Computer Vision and Pattern Recognition (CVPR)}, month = {June}, year = {2026}, pages = {34865-34876} }"
Li_Delving_Aleatoric_Uncertainty_in_Medical_Image_Segmentation_via_Vision_Foundation_CVPR_2026_paper,2026,0,Medical_Bio_RemoteSensing,Medical_Bio_RemoteSensing|Segmentation|SelfSupervised_Representation,30.0,0.6,Delving Aleatoric Uncertainty in Medical Image Segmentation via Vision Foundation Models,Ruiyang Li; Fang Liu; Licheng Jiao; Xinglin Xie; Jiayao Hao; Shuo Li; Xu Liu; Jingyi Yang; Lingling Li; Puhua Chen; Wenping Ma,11,30011-30020,True,https://openaccess.thecvf.com/content/CVPR2026/papers/Li_Delving_Aleatoric_Uncertainty_in_Medical_Image_Segmentation_via_Vision_Foundation_CVPR_2026_paper.pdf,https://openaccess.thecvf.com/content/CVPR2026/supplemental/Li_Delving_Aleatoric_Uncertainty_CVPR_2026_supplemental.pdf,https://openaccess.thecvf.com/content/CVPR2026/html/Li_Delving_Aleatoric_Uncertainty_in_Medical_Image_Segmentation_via_Vision_Foundation_CVPR_2026_paper.html,"Medical image segmentation supports clinical workflows by precisely delineating anatomical structures and lesions. However, medical image datasets medical image datasets suffer from acquisition noise and annotation ambiguity, causing pervasive data uncertainty that substantially undermines model robustness. Existing research focuses primarily on model architectural improvements and predictive reliability estimation, while systematic exploration of the intrinsic data uncertainty remains insufficient. To address this gap, this work proposes leveraging the universal representation capabilities of visual foundation models to estimate inherent data uncertainty. Specifically, we analyze the feature diversity of the model's decoded representations and quantify their singular value energy to define the semantic perception scale for each class, thereby measuring sample difficulty and aleatoric uncertainty. Based on this foundation, we design two uncertainty-driven application strategies: (1) the aleatoric uncertainty-aware data filtering mechanism to eliminate potentially noisy samples and enhance model learning quality; (2) the dynamic uncertainty-aware optimization strategy that adaptively adjusts class-specific loss weights during training based on the semantic perception scale, combined with a label denoising mechanism to improve training stability. Experimental results on five public datasets encompassing CT and MRI modalities and involving multi-organ and tumor segmentation tasks demonstrate that our method achieves significant and robust performance improvements across various mainstream network architectures, revealing the broad application potential of aleatoric uncertainty in medical image understanding and segmentation tasks. The code is available.","@InProceedings{Li_2026_CVPR, author = {Li, Ruiyang and Liu, Fang and Jiao, Licheng and Xie, Xinglin and Hao, Jiayao and Li, Shuo and Liu, Xu and Yang, Jingyi and Li, Lingling and Chen, Puhua and Ma, Wenping}, title = {Delving Aleatoric Uncertainty in Medical Image Segmentation via Vision Foundation Models}, booktitle = {Proceedings of the IEEE/CVF Conference on Computer Vision and Pattern Recognition (CVPR)}, month = {June}, year = {2026}, pages = {30011-30020} }"
Pan_PanDA_Unsupervised_Domain_Adaptation_for_Multimodal_3D_Panoptic_Segmentation_in_CVPR_2026_paper,2026,1,Segmentation,Segmentation|Autonomous_Driving|Vision_Language_Multimodal,33.0,0.545,PanDA: Unsupervised Domain Adaptation for Multimodal 3D Panoptic Segmentation in Autonomous Driving,Yining Pan; Shijie Li; Yuchen Wu; Xulei Yang; Na Zhao,5,33057-33067,True,https://openaccess.thecvf.com/content/CVPR2026/papers/Pan_PanDA_Unsupervised_Domain_Adaptation_for_Multimodal_3D_Panoptic_Segmentation_in_CVPR_2026_paper.pdf,https://openaccess.thecvf.com/content/CVPR2026/supplemental/Pan_PanDA_Unsupervised_Domain_CVPR_2026_supplemental.pdf,https://openaccess.thecvf.com/content/CVPR2026/html/Pan_PanDA_Unsupervised_Domain_Adaptation_for_Multimodal_3D_Panoptic_Segmentation_in_CVPR_2026_paper.html,"This paper presents the first study on Unsupervised Domain Adaptation (UDA) for multimodal 3D panoptic segmentation (mm-3DPS), aiming to improve generalization under domain shifts commonly encountered in real-world autonomous driving. A straightforward solution is to employ a pseudo-labeling strategy, which is widely used in UDA to generate supervision for unlabeled target data, combined with an mm-3DPS backbone. However, existing supervised mm-3DPS methods rely heavily on strong cross-modal complementarity between LiDAR and RGB inputs, making them fragile under domain shifts where one modality degrades (e.g., poor lighting or adverse weather). Moreover, conventional pseudo-labeling typically retains only high-confidence regions, leading to fragmented masks and incomplete object supervision, which are issues particularly detrimental to panoptic segmentation. To address these challenges, we propose PanDA, the first UDA framework specifically designed for multimodal 3D panoptic segmentation. To improve robustness against single-sensor degradation, we introduce an asymmetric multimodal augmentation that selectively drops regions to simulate domain shifts and improve robust representation learning. To enhance pseudo-label completeness and reliability, we further develop a dual-expert pseudo-label refinement module that extracts domain-invariant priors from both 2D and 3D modalities. Extensive experiments across diverse domain shifts, spanning time, weather, location, and sensor variations, significantly surpass state-of-the-art UDA baselines for 3D semantic segmentation.","@InProceedings{Pan_2026_CVPR, author = {Pan, Yining and Li, Shijie and Wu, Yuchen and Yang, Xulei and Zhao, Na}, title = {PanDA: Unsupervised Domain Adaptation for Multimodal 3D Panoptic Segmentation in Autonomous Driving}, booktitle = {Proceedings of the IEEE/CVF Conference on Computer Vision and Pattern Recognition (CVPR)}, month = {June}, year = {2026}, pages = {33057-33067} }"
Dai_FreeArtGS_Articulated_Gaussian_Splatting_Under_Free-moving_Scenario_CVPR_2026_paper,2026,1,Segmentation,Segmentation|Neural_Rendering_NeRF_3DGS,15.0,0.2,FreeArtGS: Articulated Gaussian Splatting Under Free-moving Scenario,Hang Dai; Hongwei Fan; Han Zhang; Duojin Wu; Jiyao Zhang; Hao Dong,6,11777-11787,True,https://openaccess.thecvf.com/content/CVPR2026/papers/Dai_FreeArtGS_Articulated_Gaussian_Splatting_Under_Free-moving_Scenario_CVPR_2026_paper.pdf,https://openaccess.thecvf.com/content/CVPR2026/supplemental/Dai_FreeArtGS_Articulated_Gaussian_CVPR_2026_supplemental.pdf,https://openaccess.thecvf.com/content/CVPR2026/html/Dai_FreeArtGS_Articulated_Gaussian_Splatting_Under_Free-moving_Scenario_CVPR_2026_paper.html,"The increasing demand for augmented reality and robotics is driving the need for articulated object reconstruction with high scalability. However, existing settings for reconstructing from discrete articulation states or casual monocular videos require non-trivial axis alignment or suffer from insufficient coverage, limiting their applicability. In this paper, we introduce FreeArtGS, a novel method for reconstructing articulated objects under free-moving scenario, a new setting with a simple setup and high scalability. FreeArtGS combines free-moving part segmentation with joint estimation and end-to-end optimization, taking only a monocular RGB-D video as input. By optimizing with the priors from off-the-shelf point-tracking and feature models, the free-moving part segmentation module identifies rigid parts from relative motion under unconstrained capture. The joint estimation module calibrates the unified object-to-camera poses and recovers joint type and axis robustly from part segmentation. Finally, 3DGS-based end-to-end optimization is implemented to jointly reconstruct visual textures, geometry, and joint angles of the articulated object. We conduct experiments on two benchmarks and real-world free-moving articulated objects. Experimental results demonstrate that FreeArtGS consistently excels in reconstructing free-moving articulated objects and remains highly competitive in previous reconstruction settings, proving itself a practical and effective solution for realistic asset generation. The project page is available at: https://freeartgs.github.io/.","@InProceedings{Dai_2026_CVPR, author = {Dai, Hang and Fan, Hongwei and Zhang, Han and Wu, Duojin and Zhang, Jiyao and Dong, Hao}, title = {FreeArtGS: Articulated Gaussian Splatting Under Free-moving Scenario}, booktitle = {Proceedings of the IEEE/CVF Conference on Computer Vision and Pattern Recognition (CVPR)}, month = {June}, year = {2026}, pages = {11777-11787} }"
Li_Direct_Segmentation_without_Logits_Optimization_for_Training-Free_Open-Vocabulary_Semantic_Segmentation_CVPR_2026_paper,2026,1,Segmentation,Segmentation,30.0,0.9,Direct Segmentation without Logits Optimization for Training-Free Open-Vocabulary Semantic Segmentation,Jiahao Li; Yang Lu; Yachao Zhang; Fangyong Wang; Yuan Xie; Yanyun Qu,6,13168-13178,True,https://openaccess.thecvf.com/content/CVPR2026/papers/Li_Direct_Segmentation_without_Logits_Optimization_for_Training-Free_Open-Vocabulary_Semantic_Segmentation_CVPR_2026_paper.pdf,https://openaccess.thecvf.com/content/CVPR2026/supplemental/Li_Direct_Segmentation_without_CVPR_2026_supplemental.pdf,https://openaccess.thecvf.com/content/CVPR2026/html/Li_Direct_Segmentation_without_Logits_Optimization_for_Training-Free_Open-Vocabulary_Semantic_Segmentation_CVPR_2026_paper.html,"Open-vocabulary semantic segmentation (OVSS) aims to segment arbitrary category regions in images using open-vocabulary prompts, necessitating that existing methods possess pixel-level vision-language alignment capability. Typically, this capability involves computing the cosine similarity, ie, logits, between visual and linguistic features, and minimizing the distribution discrepancy between the logits and the ground truth (GT) to generate optimal logits that are subsequently used to construct segmentation maps, yet it depends on time-consuming iterative training or model-specific attention modulation. In this work, we propose a more direct approach that eschews the logits-optimization process by directly deriving an analytic solution for the segmentation map. We posit a key hypothesis: the distribution discrepancy encodes semantic information; specifically, this discrepancy exhibits consistency across patches belonging to the same category but inconsistency across different categories. Based on this hypothesis, we directly utilize the analytic solution of this distribution discrepancy as the semantic maps. In other words, we reformulate the optimization of the distribution discrepancy as deriving its analytic solution, thereby eliminating time-consuming iterative training, freeing us from model-specific attention modulation, and achieving state-of-the-art performance on eight benchmark datasets.","@InProceedings{Li_2026_CVPR, author = {Li, Jiahao and Lu, Yang and Zhang, Yachao and Wang, Fangyong and Xie, Yuan and Qu, Yanyun}, title = {Direct Segmentation without Logits Optimization for Training-Free Open-Vocabulary Semantic Segmentation}, booktitle = {Proceedings of the IEEE/CVF Conference on Computer Vision and Pattern Recognition (CVPR)}, month = {June}, year = {2026}, pages = {13168-13178} }"
Hua_Moving_Border_Ownership_for_Event-based_Motion_Segmentation_CVPR_2026_paper,2026,1,Segmentation,Segmentation,12.0,0.833,Moving Border Ownership for Event-based Motion Segmentation,Zhiyuan Hua; Cornelia Fermüller; Yiannis Aloimonos,3,37043-37052,True,https://openaccess.thecvf.com/content/CVPR2026/papers/Hua_Moving_Border_Ownership_for_Event-based_Motion_Segmentation_CVPR_2026_paper.pdf,https://openaccess.thecvf.com/content/CVPR2026/supplemental/Hua_Moving_Border_Ownership_CVPR_2026_supplemental.zip,https://openaccess.thecvf.com/content/CVPR2026/html/Hua_Moving_Border_Ownership_for_Event-based_Motion_Segmentation_CVPR_2026_paper.html,"Event cameras provide accurate information at motion boundaries--exactly where disentangling ego-motion, object motion, and border ownership determines segmentation quality. We argue that the missing ingredient in dynamic scene interpretation is moving border ownership: detecting motion boundaries and assigning which side is foreground so occlusions are resolved by design. Traditional geometric motion segmentation pipelines (e.g., flow clustering, simple motion models) remain assumption-heavy and slow, while deep models often fail to generalize across sensors or datasets. We introduce a lightweight, ownership-aware predictor trained solely on synthetic events with perfect supervision for boundaries, ownership, and motion, generated via a Blender pipeline. Its key targets--a signed-distance ownership field and a motion mask--focus learning where events occur and yield stable gradients. The model runs in real time and generalizes without tuning: trained on synthetic events, it achieves zero-shot transfer on EED, EVIMO1, EVIMO2, and EMSMC, delivering state-of-the-art performance. By casting motion segmentation as ownership-aware edge understanding, we combine the robustness of model-based reasoning with the scalability of learning.","@InProceedings{Hua_2026_CVPR, author = {Hua, Zhiyuan and Ferm\""uller, Cornelia and Aloimonos, Yiannis}, title = {Moving Border Ownership for Event-based Motion Segmentation}, booktitle = {Proceedings of the IEEE/CVF Conference on Computer Vision and Pattern Recognition (CVPR)}, month = {June}, year = {2026}, pages = {37043-37052} }"
Park_CLP_A_Real-World_Dataset_of_Contaminated_Lens_Protectors_for_Robust_CVPR_2026_paper,2026,1,Segmentation,Segmentation,24.0,0.875,CLP: A Real-World Dataset of Contaminated Lens Protectors for Robust Semantic Segmentation,Sungyong Park; Sooyoung Choi; Hyunsuh Koh; Youngjae Choi; Heewon Kim,5,3794-3804,True,https://openaccess.thecvf.com/content/CVPR2026/papers/Park_CLP_A_Real-World_Dataset_of_Contaminated_Lens_Protectors_for_Robust_CVPR_2026_paper.pdf,https://openaccess.thecvf.com/content/CVPR2026/supplemental/Park_CLP_A_Real-World_CVPR_2026_supplemental.pdf,https://openaccess.thecvf.com/content/CVPR2026/html/Park_CLP_A_Real-World_Dataset_of_Contaminated_Lens_Protectors_for_Robust_CVPR_2026_paper.html,"The reliability of autonomous systems in real-world environments is mainly dependent on the robustness of their visual perception.Although recent studies have advanced the handling of visual degradations, physical contaminants that adhere to the camera lens--such as mud, water droplets, and condensation--remain largely underexplored.To this end, we introduce the CLP (Contaminated Lens Protector) dataset, a real-world benchmark designed to evaluate perception performance under realistic lens-protector contamination.The CLP dataset offers degraded images across multiple types of contamination and various lens-to-protector distances, along with dense semantic segmentation masks and aligned restoration targets.This dataset enables robust segmentation and restoration studies in conditions that closely match those encountered by real-world autonomous systems.Experiments analyze strategies to improve perception under contamination with limited data, highlighting the importance of domain generalization, foundation models, data scale, and joint restoration-segmentation pipelines.","@InProceedings{Park_2026_CVPR, author = {Park, Sungyong and Choi, Sooyoung and Koh, Hyunsuh and Choi, Youngjae and Kim, Heewon}, title = {CLP: A Real-World Dataset of Contaminated Lens Protectors for Robust Semantic Segmentation}, booktitle = {Proceedings of the IEEE/CVF Conference on Computer Vision and Pattern Recognition (CVPR)}, month = {June}, year = {2026}, pages = {3794-3804} }"
He_TF-SSD_A_Strong_Pipeline_via_Synergic_Mask_Filter_for_Training-free_CVPR_2026_paper,2026,1,Segmentation,Segmentation|Object_Detection|SelfSupervised_Representation,18.0,0.111,TF-SSD: A Strong Pipeline via Synergic Mask Filter for Training-free Co-salient Object Detection,Zhijin He; Shuo Jin; Siyue Yu; Shuwei Wu; Bingfeng Zhang; Li Yu; Jimin Xiao,7,32216-32225,True,https://openaccess.thecvf.com/content/CVPR2026/papers/He_TF-SSD_A_Strong_Pipeline_via_Synergic_Mask_Filter_for_Training-free_CVPR_2026_paper.pdf,https://openaccess.thecvf.com/content/CVPR2026/supplemental/He_TF-SSD_A_Strong_CVPR_2026_supplemental.pdf,https://openaccess.thecvf.com/content/CVPR2026/html/He_TF-SSD_A_Strong_Pipeline_via_Synergic_Mask_Filter_for_Training-free_CVPR_2026_paper.html,"Co-salient Object Detection (CoSOD) aims to segment salient objects that consistently appear across a group of related images. Despite the notable progress achieved by recent training-based approaches, they still remain constrained by the closed-set datasets and exhibit limited generalization. However, few studies explore the potential of Vision Foundation Models (VFMs) to address CoSOD, which demonstrate a strong generalized ability and robust saliency understanding. In this paper, we investigate and leverage VFMs for CoSOD, and further propose a novel training-free method, TF-SSD, through the synergy between SAM and DINO. Specifically, we first utilize SAM to generate comprehensive raw proposals, which serve as a candidate mask pool. Then, we introduce a quality mask generator to filter out redundant masks, thereby acquiring a refined mask set. Since this generator is built upon SAM, it inherently lacks semantic understanding of saliency. To this end, we adopt an intra-image saliency filter that employs DINO's attention maps to identify visually salient masks within individual images. Moreover, to extend saliency understanding across group images, we propose an inter-image prototype selector, which computes similarity scores among cross-image prototypes to select masks with the highest score. These selected masks serve as final predictions for CoSOD. Extensive experiments show that our TF-SSD outperforms existing methods (e.g., 13.7% gains over the recent training-free method). Codes are available at https://github.com/hzz-yy/TF-SSD.","@InProceedings{He_2026_CVPR, author = {He, Zhijin and Jin, Shuo and Yu, Siyue and Wu, Shuwei and Zhang, Bingfeng and Yu, Li and Xiao, Jimin}, title = {TF-SSD: A Strong Pipeline via Synergic Mask Filter for Training-free Co-salient Object Detection}, booktitle = {Proceedings of the IEEE/CVF Conference on Computer Vision and Pattern Recognition (CVPR)}, month = {June}, year = {2026}, pages = {32216-32225} }"
Meng_ST4R-Splat_Spatio-Temporal_Referring_Segmentation_in_4D_Gaussian_Splatting_CVPR_2026_paper,2026,0,Neural_Rendering_NeRF_3DGS,Neural_Rendering_NeRF_3DGS|Segmentation|Video_Action_Recognition,30.0,0.167,ST4R-Splat: Spatio-Temporal Referring Segmentation in 4D Gaussian Splatting,Yuming Meng; Dong Wu; Hongbin Zha,3,17598-17608,True,https://openaccess.thecvf.com/content/CVPR2026/papers/Meng_ST4R-Splat_Spatio-Temporal_Referring_Segmentation_in_4D_Gaussian_Splatting_CVPR_2026_paper.pdf,,https://openaccess.thecvf.com/content/CVPR2026/html/Meng_ST4R-Splat_Spatio-Temporal_Referring_Segmentation_in_4D_Gaussian_Splatting_CVPR_2026_paper.html,"Understanding objects in dynamic 4D environments via natural language is crucial yet underexplored. While existing methods focus on static 3D referring segmentation or open-vocabulary 4D querying, they struggle to ground complex spatio-temporal referring expressions in explicit 4D reconstructions. We introduce Spatio-Temporal Referring Segmentation in 4D Gaussian Splatting (STRS-4DGS), a novel task aiming to jointly identify and segment a target instance across space and time given a referring expression. To tackle this, we propose ST4R-Splat, the first framework for STRS-4DGS. Specifically, our framework incorporates an Instance-Aware 4D Gaussian Referring Field that assigns time-invariant embeddings for robust spatial grounding, and an Instance-Level Temporal State Mapping module that enables view-independent temporal localization directly in feature space. To provide rich spatio-temporal semantic supervision, we develop an automatic, MLLM-based captioning pipeline that generates decoupled spatial and temporal textual descriptions. Evaluated on our newly constructed STRS-4DGS benchmark, our method significantly outperforms adapted state-of-the-art baselines across both time-agnostic and time-sensitive metrics, establishing a strong foundation for language-driven 4D scene understanding.","@InProceedings{Meng_2026_CVPR, author = {Meng, Yuming and Wu, Dong and Zha, Hongbin}, title = {ST4R-Splat: Spatio-Temporal Referring Segmentation in 4D Gaussian Splatting}, booktitle = {Proceedings of the IEEE/CVF Conference on Computer Vision and Pattern Recognition (CVPR)}, month = {June}, year = {2026}, pages = {17598-17608} }"
Karimijafarbigloo_Harmonized_Feature_Conditioning_and_Frequency-Prompt_Personalization_for_Multi-Rater_Medical_Segmentation_CVPR_2026_paper,2026,0,Medical_Bio_RemoteSensing,Medical_Bio_RemoteSensing|Diffusion_Generative|LLM_Reasoning_Agent|Segmentation,18.0,0.444,Harmonized Feature Conditioning and Frequency-Prompt Personalization for Multi-Rater Medical Segmentation,Sanaz Karimijafarbigloo; Armin Khosravi; Alireza Kheyrkhah; Reza Azad; Mauricio Reyes; Dorit Merhof,6,22794-22803,True,https://openaccess.thecvf.com/content/CVPR2026/papers/Karimijafarbigloo_Harmonized_Feature_Conditioning_and_Frequency-Prompt_Personalization_for_Multi-Rater_Medical_Segmentation_CVPR_2026_paper.pdf,https://openaccess.thecvf.com/content/CVPR2026/supplemental/Karimijafarbigloo_Harmonized_Feature_Conditioning_CVPR_2026_supplemental.pdf,https://openaccess.thecvf.com/content/CVPR2026/html/Karimijafarbigloo_Harmonized_Feature_Conditioning_and_Frequency-Prompt_Personalization_for_Multi-Rater_Medical_Segmentation_CVPR_2026_paper.html,"Multi-rater medical image segmentation captures the inherent ambiguity of clinical interpretation, where diagnostic boundaries vary across experts and imaging devices. Existing approaches often reduce this diversity to consensus labels or treat rater differences as noise, resulting in overconfident and poorly calibrated models. We propose a harmonized probabilistic framework that disentangles acquisition artifacts from genuine annotator variability through adaptive feature conditioning and frequency-domain personalization. A lightweight Harmonizer Network implicitly models scanner-specific artifacts and performs dynamic feature modulation to standardize latent representations, ensuring that uncertainty reflects anatomy rather than noise. To represent rater-specific styles, we introduce High-Frequency Prompt Modules that operate in the spectral domain to encode annotator-dependent boundary precision and textural sensitivity. These prompts adaptively modulate harmonized features to produce personalized yet anatomically consistent segmentations. Furthermore, a Generalized Energy Distance (GED)-based regularization aligns the generative distribution with empirical annotation variability, promoting diversity where experts disagree and consensus where they converge. Experiments on LIDC-IDRI and NPC-170 show SOTA aggregated and individualized segmentation, with notable GED reductions and improved Dice scores, especially on noisy cases. Beyond accuracy, the model exhibits clinically meaningful uncertainty, confidence rises in agreement regions and declines in ambiguous areas, supporting its use as a reliable and interpretable tool for multi-expert clinical workflows.","@InProceedings{Karimijafarbigloo_2026_CVPR, author = {Karimijafarbigloo, Sanaz and Khosravi, Armin and Kheyrkhah, Alireza and Azad, Reza and Reyes, Mauricio and Merhof, Dorit}, title = {Harmonized Feature Conditioning and Frequency-Prompt Personalization for Multi-Rater Medical Segmentation}, booktitle = {Proceedings of the IEEE/CVF Conference on Computer Vision and Pattern Recognition (CVPR)}, month = {June}, year = {2026}, pages = {22794-22803} }"
Gu_CrackSSM_Reviving_SSMs_for_Crack_Segmentation_via_Dynamic_Scanning_CVPR_2026_paper,2026,1,Segmentation,Segmentation,12.0,0.75,CrackSSM: Reviving SSMs for Crack Segmentation via Dynamic Scanning,Yubin Gu; Boyang Hou; Yuan Meng; Wenting Luo; Jiayi Ji; Xiaoshuai Sun,6,10721-10730,True,https://openaccess.thecvf.com/content/CVPR2026/papers/Gu_CrackSSM_Reviving_SSMs_for_Crack_Segmentation_via_Dynamic_Scanning_CVPR_2026_paper.pdf,,https://openaccess.thecvf.com/content/CVPR2026/html/Gu_CrackSSM_Reviving_SSMs_for_Crack_Segmentation_via_Dynamic_Scanning_CVPR_2026_paper.html,"Crack segmentation (CS) is crucial for structural inspection and maintenance in production scenarios. To achieve both high accuracy and efficiency, recent methods have adopted Mamba-based architectures built upon state space models (SSMs), which enable linear-complexity modeling of long-range dependencies. However, existing approaches typically rely on static multi-directional scanning to flatten visual features into sequences. This fixed flattening order disrupts spatial continuity and weakens the SSM's ability to model irregular crack patterns effectively. To address this limitation, we propose CrackSSM, a novel crack-aware segmentation framework featuring a dynamic scanning strategy that adapts the token sequence to the underlying structure of each image. Specifically, we compute directional response strength along four orientations from high-level semantic features, and use these values to reorder tokens so that crack-relevant regions remain adjacent in sequence. This alignment improves the causal modeling ability of SSMs while preserving their efficiency and better suits the irregular, fine-grained nature of cracks. Additionally, we design a wavelet-guided decoding mechanism to recover detailed features. It incorporates high-frequency components extracted from the input image and applies them to guide feature refinement and edge-aware fusion, further enhancing segmentation precision. Experiments on three benchmark datasets demonstrate that our method achieves superior segmentation accuracy with fewer parameters and faster inference compared to existing state-of-the-art models. The source code for this work is available at https://github.com/hby123123/CrackSSM.","@InProceedings{Gu_2026_CVPR, author = {Gu, Yubin and Hou, Boyang and Meng, Yuan and Luo, Wenting and Ji, Jiayi and Sun, Xiaoshuai}, title = {CrackSSM: Reviving SSMs for Crack Segmentation via Dynamic Scanning}, booktitle = {Proceedings of the IEEE/CVF Conference on Computer Vision and Pattern Recognition (CVPR)}, month = {June}, year = {2026}, pages = {10721-10730} }"
Hu_SAMIX_Reinforcing_SAM2_with_Semantic_Adapter_and_Reference_Selecting_Policy_CVPR_2026_paper,2026,1,Segmentation,Segmentation|LLM_Reasoning_Agent,12.0,0.5,SAMIX: Reinforcing SAM2 with Semantic Adapter and Reference Selecting Policy for Mix-Supervised Segmentation,Qiang Hu; Jiajie Wei; Zhenyu Yi; Zhifen Yan; Yingjie Guo; Hongkuan Shi; Ge-Peng Ji; Qiang Li; Zhiwei Wang,9,17948-17958,True,https://openaccess.thecvf.com/content/CVPR2026/papers/Hu_SAMIX_Reinforcing_SAM2_with_Semantic_Adapter_and_Reference_Selecting_Policy_CVPR_2026_paper.pdf,https://openaccess.thecvf.com/content/CVPR2026/supplemental/Hu_SAMIX_Reinforcing_SAM2_CVPR_2026_supplemental.pdf,https://openaccess.thecvf.com/content/CVPR2026/html/Hu_SAMIX_Reinforcing_SAM2_with_Semantic_Adapter_and_Reference_Selecting_Policy_CVPR_2026_paper.html,"Mix-supervised image segmentation aims to effectively leverage heterogeneous annotations. Recent prompt-based advances utilize foundation models such as Segment Anything Model (SAM) to generate pseudo-masks by treating weak labels as spatial prompts. However, these methods rely heavily on sparse spatial priors, leading to suboptimal performance in ambiguous regions and overlooking the potential of unlabeled data due to the absence of promptable cues. In this paper, we propose SAMIX, a novel framework that adapts SAM2 into a semantic-aware pseudo-label generator SA-SAM2 by incorporating a lightweight semantic adapter. Beyond being guided by sparse spatial prompts, SA-SAM2 facilitates dense contextual prompts provided by valuable image-mask reference pairs with shared semantics. Another core component of SAMIX is the Selecting Policy Network (SPNet), which auto-regressively retrieves relevant and complementary reference samples for each query image. Unlike rule-based selections, SPNet is trained via reinforcement learning to actively explore reference combinations that maximize pseudo-label quality. Guided by customized and verifiable rewards associated with mask quality, the selection is directed toward semantically informative and diverse contexts. We conduct extensive experiments on two general datasets (PASCAL VOC 2012 and Cityscapes) and two specific datasets with ambiguous boundaries (camouflaged object detection and image polyp segmentation). Across diverse mix-supervision settings, SAMIX consistently achieves state-of-the-art performance. Codes are available at https://github.com/Huster-Hq/SAMIX.","@InProceedings{Hu_2026_CVPR, author = {Hu, Qiang and Wei, Jiajie and Yi, Zhenyu and Yan, Zhifen and Guo, Yingjie and Shi, Hongkuan and Ji, Ge-Peng and Li, Qiang and Wang, Zhiwei}, title = {SAMIX: Reinforcing SAM2 with Semantic Adapter and Reference Selecting Policy for Mix-Supervised Segmentation}, booktitle = {Proceedings of the IEEE/CVF Conference on Computer Vision and Pattern Recognition (CVPR)}, month = {June}, year = {2026}, pages = {17948-17958} }"
Qiu_SLARM_Streaming_and_Language-Aligned_Reconstruction_Model_for_Dynamic_Scenes_CVPR_2026_paper,2026,1,Segmentation,Segmentation,5.0,0.6,SLARM: Streaming and Language-Aligned Reconstruction Model for Dynamic Scenes,Zhicheng Qiu; Jiarui Meng; Tong-an Luo; Yican Huang; Xuan Feng; Xuanfu Li; Zhan Xu,7,29023-29034,True,https://openaccess.thecvf.com/content/CVPR2026/papers/Qiu_SLARM_Streaming_and_Language-Aligned_Reconstruction_Model_for_Dynamic_Scenes_CVPR_2026_paper.pdf,https://openaccess.thecvf.com/content/CVPR2026/supplemental/Qiu_SLARM_Streaming_and_CVPR_2026_supplemental.zip,https://openaccess.thecvf.com/content/CVPR2026/html/Qiu_SLARM_Streaming_and_Language-Aligned_Reconstruction_Model_for_Dynamic_Scenes_CVPR_2026_paper.html,"We propose SLARM, a feed-forward model that unifies dynamic scene reconstruction, semantic understanding, and real-time streaming inference. SLARM captures complex, non-uniform motion through higher-order motion modeling, trained solely on differentiable renderings without any flow supervision. Besides, SLARM distills semantic features from LSeg to obtain language-aligned representations. This design enables semantic querying via natural language, and the tight coupling between semantics and geometry further enhances the accuracy and robustness of dynamic reconstruction. Moreover, SLARM processes image sequences using window-based causal attention, achieving stable, low-latency streaming inference without accumulating memory cost. Within this unified framework, SLARM achieves state-of-the-art results in dynamic estimation, rendering quality, and scene parsing, improving motion accuracy by 21%, reconstruction PSNR by 1.6 dB, and segmentation mIoU by 20% over existing methods.","@InProceedings{Qiu_2026_CVPR, author = {Qiu, Zhicheng and Meng, Jiarui and Luo, Tong-an and Huang, Yican and Feng, Xuan and Li, Xuanfu and Xu, Zhan}, title = {SLARM: Streaming and Language-Aligned Reconstruction Model for Dynamic Scenes}, booktitle = {Proceedings of the IEEE/CVF Conference on Computer Vision and Pattern Recognition (CVPR)}, month = {June}, year = {2026}, pages = {29023-29034} }"
Zhao_MV3DIS_Multi-View_Mask_Matching_via_3D_Guides_for_Zero-Shot_3D_CVPR_2026_paper,2026,1,Segmentation,Segmentation,32.0,0.906,MV3DIS: Multi-View Mask Matching via 3D Guides for Zero-Shot 3D Instance Segmentation,Yibo Zhao; Yigong Zhang; Jin Xie,3,17916-17926,True,https://openaccess.thecvf.com/content/CVPR2026/papers/Zhao_MV3DIS_Multi-View_Mask_Matching_via_3D_Guides_for_Zero-Shot_3D_CVPR_2026_paper.pdf,https://openaccess.thecvf.com/content/CVPR2026/supplemental/Zhao_MV3DIS_Multi-View_Mask_CVPR_2026_supplemental.pdf,https://openaccess.thecvf.com/content/CVPR2026/html/Zhao_MV3DIS_Multi-View_Mask_Matching_via_3D_Guides_for_Zero-Shot_3D_CVPR_2026_paper.html,"Conventional 3D instance segmentation methods rely on labor-intensive 3D annotations for supervised training, which limits their scalability and generalization to novel objects. Recent approaches leverage multi-view 2D masks from the Segment Anything Model (SAM) to guide the merging of 3D geometric primitives, thereby enabling zero-shot 3D instance segmentation. However, these methods typically process each frame independently and rely solely on 2D metrics, such as SAM prediction scores, to produce segmentation maps. This design overlooks multi-view correlations and inherent 3D priors, leading to inconsistent 2D masks across views and ultimately fragmented 3D segmentation. In this paper, we propose MV3DIS, a coarse-to-fine framework for zero-shot 3D instance segmentation that explicitly incorporates 3D priors. Specifically, we introduce a 3D-guided mask matching strategy that uses coarse 3D segments as a common reference to match 2D masks across views and consolidates multi-view mask consistency via 3D coverage distributions. Guided by these view-consistent 2D masks, the coarse 3D segments are further refined into precise 3D instances. Additionally, we introduce a depth consistency weighting scheme that quantifies projection reliability to suppress ambiguities from inter-object occlusions, thereby improving the robustness of 3D-to-2D correspondence. Extensive experiments on the ScanNetV2, ScanNet200, ScanNet++, Replica, and Matterport3D datasets demonstrate the effectiveness of MV3DIS, which achieves superior performance over previous methods.","@InProceedings{Zhao_2026_CVPR, author = {Zhao, Yibo and Zhang, Yigong and Xie, Jin}, title = {MV3DIS: Multi-View Mask Matching via 3D Guides for Zero-Shot 3D Instance Segmentation}, booktitle = {Proceedings of the IEEE/CVF Conference on Computer Vision and Pattern Recognition (CVPR)}, month = {June}, year = {2026}, pages = {17916-17926} }"
Ernst_Rewis3d_Reconstruction_Improves_Weakly-Supervised_Semantic_Segmentation_CVPR_2026_paper,2026,1,Segmentation,Segmentation|Transfer_FewShot_DomainAdaptation|3D_Reconstruction,22.0,0.545,Rewis3d: Reconstruction Improves Weakly-Supervised Semantic Segmentation,Jonas Ernst; Wolfgang Boettcher; Lukas Hoyer; Jan Eric Lenssen; Bernt Schiele,5,13091-13101,True,https://openaccess.thecvf.com/content/CVPR2026/papers/Ernst_Rewis3d_Reconstruction_Improves_Weakly-Supervised_Semantic_Segmentation_CVPR_2026_paper.pdf,https://openaccess.thecvf.com/content/CVPR2026/supplemental/Ernst_Rewis3d_Reconstruction_Improves_CVPR_2026_supplemental.pdf,https://openaccess.thecvf.com/content/CVPR2026/html/Ernst_Rewis3d_Reconstruction_Improves_Weakly-Supervised_Semantic_Segmentation_CVPR_2026_paper.html,"We present Rewis3d, a framework that leverages recent advances in feed-forward 3D reconstruction to significantly improve weakly supervised semantic segmentation on 2D images. Obtaining dense, pixel-level annotations remains a costly bottleneck for training segmentation models. Alleviating this issue, sparse annotations offer an efficient weakly-supervised alternative. However, they still incur a performance gap. To address this, we introduce a novel approach that leverages 3D scene reconstruction as an auxiliary supervisory signal. Our key insight is that 3D geometric structure recovered from 2D videos provides strong cues that can propagate sparse annotations across entire scenes. Specifically, a dual student-teacher architecture enforces semantic consistency between 2D images and reconstructed 3D point clouds, using state-of-the-art feed-forward reconstruction to generate reliable geometric supervision. Extensive experiments demonstrate that Rewis3d achieves state-of-the-art performance in sparse supervision, outperforming existing approaches by 2-7% without requiring additional labels or inference overhead. Project page: https://rewis3d-mpi.github.io/Rewis3d/","@InProceedings{Ernst_2026_CVPR, author = {Ernst, Jonas and Boettcher, Wolfgang and Hoyer, Lukas and Lenssen, Jan Eric and Schiele, Bernt}, title = {Rewis3d: Reconstruction Improves Weakly-Supervised Semantic Segmentation}, booktitle = {Proceedings of the IEEE/CVF Conference on Computer Vision and Pattern Recognition (CVPR)}, month = {June}, year = {2026}, pages = {13091-13101} }"
Yang_MatAnyone_2_Scaling_Video_Matting_via_a_Learned_Quality_Evaluator_CVPR_2026_paper,2026,1,Segmentation,Segmentation,22.0,0.636,MatAnyone 2: Scaling Video Matting via a Learned Quality Evaluator,Peiqing Yang; Shangchen Zhou; Kai Hao; Qingyi Tao,4,37476-37485,True,https://openaccess.thecvf.com/content/CVPR2026/papers/Yang_MatAnyone_2_Scaling_Video_Matting_via_a_Learned_Quality_Evaluator_CVPR_2026_paper.pdf,https://openaccess.thecvf.com/content/CVPR2026/supplemental/Yang_MatAnyone_2_Scaling_CVPR_2026_supplemental.pdf,https://openaccess.thecvf.com/content/CVPR2026/html/Yang_MatAnyone_2_Scaling_Video_Matting_via_a_Learned_Quality_Evaluator_CVPR_2026_paper.html,"Video matting remains limited by the scale and realism of existing datasets. While leveraging segmentation data can enhance semantic stability, the lack of effective boundary supervision often leads to segmentation-like mattes lacking fine details. To this end, we introduce a learned Quality Evaluator (QE) that assesses semantic and boundary quality of alpha mattes without ground truth. It produces a pixel-wise evaluation map that identifies reliable and erroneous regions, enabling fine-grained quality assessment. The QE scales up video matting in two ways: (1) as an online matting-quality feedback during training to suppress erroneous regions, providing comprehensive supervision, and (2) as an offline selection module for data curation, improving annotation quality by combining the strengths of leading video and image matting models. This process allows us to build a large-scale real-world video matting dataset, VMReal, containing 28K clips and 2.4M frames. To handle large appearance variations in long videos, we introduce a reference-frame training strategy that incorporates long-range frames beyond the local window for effective training. Our MatAnyone 2 achieves state-of-the-art performance on both synthetic and real-world benchmarks, surpassing prior methods across all metrics.","@InProceedings{Yang_2026_CVPR, author = {Yang, Peiqing and Zhou, Shangchen and Hao, Kai and Tao, Qingyi}, title = {MatAnyone 2: Scaling Video Matting via a Learned Quality Evaluator}, booktitle = {Proceedings of the IEEE/CVF Conference on Computer Vision and Pattern Recognition (CVPR)}, month = {June}, year = {2026}, pages = {37476-37485} }"
Jun_Im_a_Map_Interpretable_Motion-Attentive_Maps_Spatio-Temporally_Localizing_Concepts_in_CVPR_2026_paper,2026,1,Segmentation,Segmentation|Diffusion_Generative|Trustworthy_Security_Privacy|Video_Action_Recognition,14.0,0.143,I'm a Map! Interpretable Motion-Attentive Maps: Spatio-Temporally Localizing Concepts in Video Diffusion Transformers,Youngjun Jun; Seil Kang; Woojung Han; Seong Jae Hwang,4,11525-11535,True,https://openaccess.thecvf.com/content/CVPR2026/papers/Jun_Im_a_Map_Interpretable_Motion-Attentive_Maps_Spatio-Temporally_Localizing_Concepts_in_CVPR_2026_paper.pdf,https://openaccess.thecvf.com/content/CVPR2026/supplemental/Jun_Im_a_Map_CVPR_2026_supplemental.pdf,https://openaccess.thecvf.com/content/CVPR2026/html/Jun_Im_a_Map_Interpretable_Motion-Attentive_Maps_Spatio-Temporally_Localizing_Concepts_in_CVPR_2026_paper.html,"Video Diffusion Transformers (DiTs) have been synthesizing high-quality video with high fidelity from given text descriptions involving motion. However, understanding how Video DiTs convert motion words into video remains insufficient. Furthermore, while prior studies on interpretable saliency maps primarily target objects, motion-related behavior in Video DiTs remains largely unexplored. In this paper, we investigate concrete motion features that specify when and which object moves for a given motion concept. First, to spatially localize, we introduce GramCol, which adaptively produces per-frame saliency maps for any text concept, including both motion and non-motion. Second, we propose a motion-feature selection algorithm to obtain an Interpretable Motion-Attentive Map (IMAP) that localizes motion spatially and temporally. Our method discovers concept saliency maps without the need for any gradient calculation or parameter update. Experimentally, our method shows outstanding localization capability on the motion localization task and zero-shot video semantic segmentation, providing interpretable and clearer saliency maps for both motion and non-motion concepts.","@InProceedings{Jun_2026_CVPR, author = {Jun, Youngjun and Kang, Seil and Han, Woojung and Hwang, Seong Jae}, title = {I'm a Map! Interpretable Motion-Attentive Maps: Spatio-Temporally Localizing Concepts in Video Diffusion Transformers}, booktitle = {Proceedings of the IEEE/CVF Conference on Computer Vision and Pattern Recognition (CVPR)}, month = {June}, year = {2026}, pages = {11525-11535} }"
Xie_StreamRAG_Enhancing_Real-Time_Video_Understanding_with_Retrieval_Augmentation_CVPR_2026_paper,2026,0,Video_Action_Recognition,Video_Action_Recognition|Segmentation|Efficiency_Compression,15.0,0.533,StreamRAG: Enhancing Real-Time Video Understanding with Retrieval Augmentation,Junlin Xie; Quanlong Zheng; Ruifei Zhang; Kuo Wang; Yanhao Zhang; Jinguo Luo; Haonan Lu; Xiang Wan; Guanbin Li,9,38870-38879,True,https://openaccess.thecvf.com/content/CVPR2026/papers/Xie_StreamRAG_Enhancing_Real-Time_Video_Understanding_with_Retrieval_Augmentation_CVPR_2026_paper.pdf,https://openaccess.thecvf.com/content/CVPR2026/supplemental/Xie_StreamRAG_Enhancing_Real-Time_CVPR_2026_supplemental.pdf,https://openaccess.thecvf.com/content/CVPR2026/html/Xie_StreamRAG_Enhancing_Real-Time_Video_Understanding_with_Retrieval_Augmentation_CVPR_2026_paper.html,"The transition of Retrieval-Augmented Generation (RAG) from offline video analysis to online, streaming scenarios presents a set of critical, unexplored challenges. These include the need for on-the-fly semantic segmentation of continuous video, the inherent tension between low-latency processing and high-quality knowledge extraction, and the demand for query-specific temporal reasoning. We propose StreamRAG, a novel framework designed to overcome these hurdles. StreamRAG is built upon three core technical pillars: (1) a Stream Event Segmentation (SES) module that performs real-time boundary detection to chunk the stream into meaningful units; (2) a Token-Reusing Accelerator that drastically cuts down captioning latency by leveraging computational overlap between consecutive frames; and (3) a Dynamic Retrieval Gate that modulates the retrieval scope and strategy based on the query's temporal sensitivity and contextual similarity. Empirical evaluation confirms that StreamRAG establishes a new state-of-the-art, delivering superior accuracy with minimal latency in streaming video comprehension.","@InProceedings{Xie_2026_CVPR, author = {Xie, Junlin and Zheng, Quanlong and Zhang, Ruifei and Wang, Kuo and Zhang, Yanhao and Luo, Jinguo and Lu, Haonan and Wan, Xiang and Li, Guanbin}, title = {StreamRAG: Enhancing Real-Time Video Understanding with Retrieval Augmentation}, booktitle = {Proceedings of the IEEE/CVF Conference on Computer Vision and Pattern Recognition (CVPR)}, month = {June}, year = {2026}, pages = {38870-38879} }"
Wang_Spatial_Matters_Position-Guided_3D_Referring_Expression_Segmentation_CVPR_2026_paper,2026,1,Segmentation,Segmentation|Vision_Language_Multimodal,20.0,0.5,Spatial Matters: Position-Guided 3D Referring Expression Segmentation,Yabing Wang; Zhuotao Tian; Le Wang; Zheng Qin; Sanping Zhou,5,39486-39496,True,https://openaccess.thecvf.com/content/CVPR2026/papers/Wang_Spatial_Matters_Position-Guided_3D_Referring_Expression_Segmentation_CVPR_2026_paper.pdf,https://openaccess.thecvf.com/content/CVPR2026/supplemental/Wang_Spatial_Matters_Position-Guided_CVPR_2026_supplemental.pdf,https://openaccess.thecvf.com/content/CVPR2026/html/Wang_Spatial_Matters_Position-Guided_3D_Referring_Expression_Segmentation_CVPR_2026_paper.html,"3D Referring Expression segmentation (3D-RES) is an emerging field that segments 3D objects in point cloud scenes based on given referring expressions. Although existing methods have achieved substantial progress, they primarily focus on semantic cues and often overlook spatial relations, which are essential for segmenting the referred objects in complex 3D scenes, especially those containing multiple visually similar instances. In this paper, we propose Position3D, a novel approach that explicitly incorporates spatial relation modeling into 3D-RES. Specifically, we introduce a spatial-aware query generation module that constructs point proxies by aggregating local context and incorporating spatial relations, from which the most text-relevant are selected as queries. Furthermore, we design a position-guided deformable attention in the decoder, which progressively refines attention to concentrate on the target object under positional relationship guidance. Extensive experiments on two benchmark datasets, i.e., ScanRefer, and Multi3DRefer, validate the effectiveness of the proposed method Position3D.","@InProceedings{Wang_2026_CVPR, author = {Wang, Yabing and Tian, Zhuotao and Wang, Le and Qin, Zheng and Zhou, Sanping}, title = {Spatial Matters: Position-Guided 3D Referring Expression Segmentation}, booktitle = {Proceedings of the IEEE/CVF Conference on Computer Vision and Pattern Recognition (CVPR)}, month = {June}, year = {2026}, pages = {39486-39496} }"
Duan_GeoFree-CoSeg_Unsupervised_Point_Cloud-Image_Cross-Modal_Co-Segmentation_Without_Geometric_Alignment_CVPR_2026_paper,2026,1,Segmentation,Segmentation|3D_Reconstruction|Vision_Language_Multimodal,30.0,0.4,GeoFree-CoSeg: Unsupervised Point Cloud-Image Cross-Modal Co-Segmentation Without Geometric Alignment,Xin Duan; Xiabi Liu; Liyuan Pan,3,10778-10788,True,https://openaccess.thecvf.com/content/CVPR2026/papers/Duan_GeoFree-CoSeg_Unsupervised_Point_Cloud-Image_Cross-Modal_Co-Segmentation_Without_Geometric_Alignment_CVPR_2026_paper.pdf,https://openaccess.thecvf.com/content/CVPR2026/supplemental/Duan_GeoFree-CoSeg_Unsupervised_Point_CVPR_2026_supplemental.pdf,https://openaccess.thecvf.com/content/CVPR2026/html/Duan_GeoFree-CoSeg_Unsupervised_Point_Cloud-Image_Cross-Modal_Co-Segmentation_Without_Geometric_Alignment_CVPR_2026_paper.html,"Co-segmentation aims to identify and segment common objects across a set of point clouds or images. Existing methods focus on single-modal co-segmentation. However, the limited semantics of a single modality restrict the discovery of common objects, leading to costly and labor-intensive segmentation masks. In contrast, cross-modal co-segmentation leverages both modalities, offering two key advantages: (i) additional semantic cues compensate for the absence of segmentation masks; and (ii) complementary modalities provide richer common semantics beyond the limitations of single-modality approaches. Motivated by these challenges, we introduce a novel task: unsupervised point cloud-image cross-modal co-segmentation. We tackle this problem using a coarse-to-fine approach. First, the 3D and 2D branches extract coarse common semantics from each modality, respectively. Then, a cross-modal common semantic graph purifies these features into fine-grained common semantics. Finally, 3D and 2D common semantic features are mutually enhanced, without requiring geometric alignment. Experiments on two standard point cloud benchmarks and two corresponding image co-segmentation datasets demonstrate our superior performance compared to existing unsupervised state-of-the-art methods.","@InProceedings{Duan_2026_CVPR, author = {Duan, Xin and Liu, Xiabi and Pan, Liyuan}, title = {GeoFree-CoSeg: Unsupervised Point Cloud-Image Cross-Modal Co-Segmentation Without Geometric Alignment}, booktitle = {Proceedings of the IEEE/CVF Conference on Computer Vision and Pattern Recognition (CVPR)}, month = {June}, year = {2026}, pages = {10778-10788} }"
Rokuss_VoxTell_Free-Text_Promptable_Universal_3D_Medical_Image_Segmentation_CVPR_2026_paper,2026,0,Medical_Bio_RemoteSensing,Medical_Bio_RemoteSensing|Segmentation|Vision_Language_Multimodal,23.0,0.565,VoxTell: Free-Text Promptable Universal 3D Medical Image Segmentation,Maximilian Rokuss; Moritz Langenberg; Yannick Kirchhoff; Fabian Isensee; Benjamin Hamm; Constantin Ulrich; Sebastian Regnery; Lukas Bauer; Efthimios Katsigiannopulos; Tobias Norajitra; Klaus Maier-Hein,11,37538-37557,True,https://openaccess.thecvf.com/content/CVPR2026/papers/Rokuss_VoxTell_Free-Text_Promptable_Universal_3D_Medical_Image_Segmentation_CVPR_2026_paper.pdf,https://openaccess.thecvf.com/content/CVPR2026/supplemental/Rokuss_VoxTell_Free-Text_Promptable_CVPR_2026_supplemental.pdf,https://openaccess.thecvf.com/content/CVPR2026/html/Rokuss_VoxTell_Free-Text_Promptable_Universal_3D_Medical_Image_Segmentation_CVPR_2026_paper.html,"We introduce VoxTell, a vision-language model for text-prompted volumetric medical image segmentation. It maps free-form descriptions, from single words to full clinical sentences, to 3D masks. Trained on 62K+ CT, MRI, and PET volumes spanning 1K+ anatomical and pathological classes, VoxTell uses multi-stage vision-language fusion across decoder layers to align textual and visual features at multiple scales. It achieves state-of-the-art zero-shot performance across modalities on unseen datasets, excelling on familiar concepts while generalizing to related unseen classes. Extensive experiments further demonstrate strong cross-modality transfer, robustness to linguistic variations and clinical language, as well as accurate instance-specific segmentation from real-world text. Code is available at: https://github.com/MIC-DKFZ/VoxTell","@InProceedings{Rokuss_2026_CVPR, author = {Rokuss, Maximilian and Langenberg, Moritz and Kirchhoff, Yannick and Isensee, Fabian and Hamm, Benjamin and Ulrich, Constantin and Regnery, Sebastian and Bauer, Lukas and Katsigiannopulos, Efthimios and Norajitra, Tobias and Maier-Hein, Klaus}, title = {VoxTell: Free-Text Promptable Universal 3D Medical Image Segmentation}, booktitle = {Proceedings of the IEEE/CVF Conference on Computer Vision and Pattern Recognition (CVPR)}, month = {June}, year = {2026}, pages = {37538-37557} }"
Gedik_Learning_Where_to_Look_and_How_to_Judge_Resolution-agnostic_Image_CVPR_2026_paper,2026,1,Segmentation,Segmentation|Vision_Language_Multimodal,12.0,0.083,Learning Where to Look and How to Judge: Resolution-agnostic Image Quality Assessment with Quality-aware Saliency,Hakan Emre Gedik; Shashank Gupta; Alan Bovik,3,37507-37517,True,https://openaccess.thecvf.com/content/CVPR2026/papers/Gedik_Learning_Where_to_Look_and_How_to_Judge_Resolution-agnostic_Image_CVPR_2026_paper.pdf,https://openaccess.thecvf.com/content/CVPR2026/supplemental/Gedik_Learning_Where_to_CVPR_2026_supplemental.pdf,https://openaccess.thecvf.com/content/CVPR2026/html/Gedik_Learning_Where_to_Look_and_How_to_Judge_Resolution-agnostic_Image_CVPR_2026_paper.html,"No-reference image quality assessment (NR IQA) has recently benefited from deep and multimodal models, yet many SOTA systems still violate at least one basic requirement: they either discard critical quality cues via aggressive resizing, fail to generalize across resolutions, cannot be jointly trained on heterogeneous IQA datasets with mismatched MOS scales, or require prohibitive computation. We present ReLIQS, a model for Resolution-agnostic Learning for Image Quality with Saliency, which is resolution-agnostic, preserves original-resolution quality cues, learns from multiple subjective studies, and remains computationally efficient and budget-adaptive. ReLIQS is a CLIP-based multiscale patch-driven architecture that learns both where to look and how to judge quality. Fixed-size patches are sampled across multiple resolutions, including the original resolution, and encoded with a CLIP vision backbone. A lightweight Perceptual Importance Estimator then predicts IQA-specific importance maps to select a small set of informative patches, and a Quality Aspect Module aggregates their embeddings into a single image-level score. Across authentic, synthetic, and AIGC benchmarks spanning diverse resolutions and distortions, ReLIQS generalizes better than strong CNN-, CLIP-, and MLLM-based baselines with matching or reduced computational cost.","@InProceedings{Gedik_2026_CVPR, author = {Gedik, Hakan Emre and Gupta, Shashank and Bovik, Alan}, title = {Learning Where to Look and How to Judge: Resolution-agnostic Image Quality Assessment with Quality-aware Saliency}, booktitle = {Proceedings of the IEEE/CVF Conference on Computer Vision and Pattern Recognition (CVPR)}, month = {June}, year = {2026}, pages = {37507-37517} }"
Lentsch_TerraSeg_Self-Supervised_Ground_Segmentation_for_Any_LiDAR_CVPR_2026_paper,2026,0,Autonomous_Driving,Autonomous_Driving|SelfSupervised_Representation|Segmentation,18.0,0.167,TerraSeg: Self-Supervised Ground Segmentation for Any LiDAR,Ted Lentsch; Santiago Montiel-Marín; Holger Caesar; Dariu M. Gavrila,4,10040-10050,True,https://openaccess.thecvf.com/content/CVPR2026/papers/Lentsch_TerraSeg_Self-Supervised_Ground_Segmentation_for_Any_LiDAR_CVPR_2026_paper.pdf,https://openaccess.thecvf.com/content/CVPR2026/supplemental/Lentsch_TerraSeg_Self-Supervised_Ground_CVPR_2026_supplemental.pdf,https://openaccess.thecvf.com/content/CVPR2026/html/Lentsch_TerraSeg_Self-Supervised_Ground_Segmentation_for_Any_LiDAR_CVPR_2026_paper.html,"LiDAR perception is fundamental to robotics, enabling machines to understand their environment in 3D. A crucial task for LiDAR-based scene understanding and navigation is ground segmentation. However, existing methods are either handcrafted for specific sensor configurations or rely on costly per-point manual labels, severely limiting their generalization and scalability. To overcome this, we introduce TerraSeg, the first self-supervised, domain-agnostic model for LiDAR ground segmentation. We train TerraSeg on OmniLiDAR, a unified large-scale dataset that aggregates and standardizes data from 12 major public benchmarks. Spanning almost 22 million raw scans across 15 distinct sensor models, OmniLiDAR provides unprecedented diversity for learning a highly generalizable ground model. To supervise training without human annotations, we propose PseudoLabeler, a novel module that generates high-quality ground and non-ground labels through self-supervised per-scan runtime optimization. Extensive evaluations demonstrate that, despite using no manual labels, TerraSeg achieves state-of-the-art results on nuScenes, SemanticKITTI, and Waymo Perception while delivering real-time performance. Our code and model weights are publicly available.","@InProceedings{Lentsch_2026_CVPR, author = {Lentsch, Ted and Montiel-Mar{\'\i}n, Santiago and Caesar, Holger and Gavrila, Dariu M.}, title = {TerraSeg: Self-Supervised Ground Segmentation for Any LiDAR}, booktitle = {Proceedings of the IEEE/CVF Conference on Computer Vision and Pattern Recognition (CVPR)}, month = {June}, year = {2026}, pages = {10040-10050} }"
Wei_Rethinking_Box_Supervision_Bias-Free_Weakly_Supervised_Medical_Segmentation_CVPR_2026_paper,2026,0,Medical_Bio_RemoteSensing,Medical_Bio_RemoteSensing|Trustworthy_Security_Privacy|Segmentation|Transfer_FewShot_DomainAdaptation,15.0,0.0,Rethinking Box Supervision: Bias-Free Weakly Supervised Medical Segmentation,Jun Wei; Hui Huang,2,8525-8534,True,https://openaccess.thecvf.com/content/CVPR2026/papers/Wei_Rethinking_Box_Supervision_Bias-Free_Weakly_Supervised_Medical_Segmentation_CVPR_2026_paper.pdf,,https://openaccess.thecvf.com/content/CVPR2026/html/Wei_Rethinking_Box_Supervision_Bias-Free_Weakly_Supervised_Medical_Segmentation_CVPR_2026_paper.html,"Pixel-level annotations for medical image segmentation are costly and labor-intensive, often requiring expert knowledge. Bounding box labels provide a more scalable alternative but introduce strong box-shaped bias that hampers segmentation quality. We propose WeakMed, a general-purpose weakly supervised segmentation framework that removes the dependence on pixel-level masks while overcoming the structural limitations of box supervision. WeakMed introduces two lightweight, plug-and-play training components: (1) a Mask-to-Box transformation that aligns predicted masks with box annotations to reduce label mismatch and box-induced bias, and (2) a Scale Consistency loss that enforces multi-scale self-supervision to address the ambiguity and instability of weak labels. Both modules are used only during training and impose no inference overhead. Across 9 segmentation tasks, 9 datasets, and 6 imaging modalities, WeakMed consistently surpasses existing weakly supervised methods and achieves performance competitive with fully supervised baselines. These results demonstrate its practicality as a low-cost yet high-quality solution for medical image segmentation.","@InProceedings{Wei_2026_CVPR, author = {Wei, Jun and Huang, Hui}, title = {Rethinking Box Supervision: Bias-Free Weakly Supervised Medical Segmentation}, booktitle = {Proceedings of the IEEE/CVF Conference on Computer Vision and Pattern Recognition (CVPR)}, month = {June}, year = {2026}, pages = {8525-8534} }"
Zeng_TEXTRIX_Latent_Attribute_Grid_for_Native_Texture_Generation_and_Beyond_CVPR_2026_paper,2026,1,Segmentation,Segmentation,12.0,0.75,TEXTRIX: Latent Attribute Grid for Native Texture Generation and Beyond,Yifei Zeng; Yajie Bao; Jiachen Qian; Shuang Wu; Youtian Lin; Hao Zhu; Buyu Li; Feihu Zhang; Xun Cao; Yao Yao,10,27104-27113,True,https://openaccess.thecvf.com/content/CVPR2026/papers/Zeng_TEXTRIX_Latent_Attribute_Grid_for_Native_Texture_Generation_and_Beyond_CVPR_2026_paper.pdf,https://openaccess.thecvf.com/content/CVPR2026/supplemental/Zeng_TEXTRIX_Latent_Attribute_CVPR_2026_supplemental.pdf,https://openaccess.thecvf.com/content/CVPR2026/html/Zeng_TEXTRIX_Latent_Attribute_Grid_for_Native_Texture_Generation_and_Beyond_CVPR_2026_paper.html,"Prevailing 3D texture generation methods, which often rely on multi-view fusion, are frequently hindered by inter-view inconsistencies and incomplete coverage of complex surfaces, limiting the fidelity and completeness of the generated content. To overcome these challenges, we introduce TEXTRIX, a native 3D attribute generation framework for high-fidelity texture synthesis and downstream applications such as precise 3D part segmentation. Our approach constructs a latent 3D attribute grid and leverages a Diffusion Transformer equipped with sparse attention, enabling direct coloring of 3D models in volumetric space and fundamentally avoiding the limitations of multi-view fusion. Built upon this native representation, the framework naturally extends to high-precision 3D segmentation by training the same architecture to predict semantic attributes on the grid. Extensive experiments demonstrate state-of-the-art performance on both tasks, producing seamless, high-fidelity textures and accurate 3D part segmentation with precise boundaries.","@InProceedings{Zeng_2026_CVPR, author = {Zeng, Yifei and Bao, Yajie and Qian, Jiachen and Wu, Shuang and Lin, Youtian and Zhu, Hao and Li, Buyu and Zhang, Feihu and Cao, Xun and Yao, Yao}, title = {TEXTRIX: Latent Attribute Grid for Native Texture Generation and Beyond}, booktitle = {Proceedings of the IEEE/CVF Conference on Computer Vision and Pattern Recognition (CVPR)}, month = {June}, year = {2026}, pages = {27104-27113} }"
Chen_F2Net_A_Frequency-Fused_Network_for_Ultra-High_Resolution_Remote_Sensing_Segmentation_CVPR_2026_paper,2026,0,Medical_Bio_RemoteSensing,Medical_Bio_RemoteSensing|Segmentation,12.0,0.083,F2Net: A Frequency-Fused Network for Ultra-High Resolution Remote Sensing Segmentation,Hengzhi Chen; Liqian Feng; Wenhua Wu; Xiaogang Zhu; Qiuxia Wu; Lianlei Shan; Kun Hu,7,13275-13284,True,https://openaccess.thecvf.com/content/CVPR2026/papers/Chen_F2Net_A_Frequency-Fused_Network_for_Ultra-High_Resolution_Remote_Sensing_Segmentation_CVPR_2026_paper.pdf,https://openaccess.thecvf.com/content/CVPR2026/supplemental/Chen_F2Net_A_Frequency-Fused_CVPR_2026_supplemental.pdf,https://openaccess.thecvf.com/content/CVPR2026/html/Chen_F2Net_A_Frequency-Fused_Network_for_Ultra-High_Resolution_Remote_Sensing_Segmentation_CVPR_2026_paper.html,"Semantic segmentation of ultra-high-resolution (UHR) remote sensing imagery is critical for applications like environmental monitoring and urban planning but faces com- putational and optimization challenges. Conventional methods either lose fine details through downsampling or fragment global context via patch processing. While multi-branch networks ad- dress this trade-off, they suffer from computational inefficiency and conflicting gradient dynamics during training. We propose F2Net, a frequency-aware framework that decomposes UHR images into high- and low-frequency components for specialized processing. The high-frequency branch preserves full-resolution structural details, while the low-frequency branch processes downsampled inputs through dual sub-branches capturing short- and long-range dependencies. A Hybrid-Frequency Fusion mod- ule integrates these observations, guided by two novel objectives: Cross-Frequency Alignment Loss ensures semantic consistency between frequency components, and Cross-Frequency Balance Loss regulates gradient magnitudes across branches to stabilize training. Evaluated on DeepGlobe and Inria Aerial benchmarks, F2Net achieves state-of-the-art performance with mIoU of 80.22 and 83.39, respectively.","@InProceedings{Chen_2026_CVPR, author = {Chen, Hengzhi and Feng, Liqian and Wu, Wenhua and Zhu, Xiaogang and Wu, Qiuxia and Shan, Lianlei and Hu, Kun}, title = {F2Net: A Frequency-Fused Network for Ultra-High Resolution Remote Sensing Segmentation}, booktitle = {Proceedings of the IEEE/CVF Conference on Computer Vision and Pattern Recognition (CVPR)}, month = {June}, year = {2026}, pages = {13275-13284} }"
Kormushev_Mitigating_Objectness_Bias_and_Region-to-Text_Misalignment_for_Open-Vocabulary_Panoptic_Segmentation_CVPR_2026_paper,2026,1,Segmentation,Segmentation|Trustworthy_Security_Privacy,25.0,0.52,Mitigating Objectness Bias and Region-to-Text Misalignment for Open-Vocabulary Panoptic Segmentation,Nikolay Kormushev; Josip Šarić; Matej Kristan,3,17905-17915,True,https://openaccess.thecvf.com/content/CVPR2026/papers/Kormushev_Mitigating_Objectness_Bias_and_Region-to-Text_Misalignment_for_Open-Vocabulary_Panoptic_Segmentation_CVPR_2026_paper.pdf,https://openaccess.thecvf.com/content/CVPR2026/supplemental/Kormushev_Mitigating_Objectness_Bias_CVPR_2026_supplemental.pdf,https://openaccess.thecvf.com/content/CVPR2026/html/Kormushev_Mitigating_Objectness_Bias_and_Region-to-Text_Misalignment_for_Open-Vocabulary_Panoptic_Segmentation_CVPR_2026_paper.html,"Open-vocabulary panoptic segmentation remains hindered by two coupled issues: (i) mask selection bias, where objectness heads trained on closed vocabularies suppress masks of categories not observed in training, and (ii) limited regional understanding in vision-language models such as CLIP, which were optimized for global image classification rather than localized segmentation. We introduce OVRCOAT, a simple, modular framework that tackles both. First, a CLIP-conditioned objectness adjustment (COAT) updates background/foreground probabilities, preserving high-quality masks for out-of-vocabulary objects. Second, an open-vocabulary mask-to-text refinement (OVR) strengthens CLIP's region-level alignment to improve classification of both seen and unseen classes with markedly lower memory cost than prior fine-tuning schemes. The two components combine to jointly improve objectness estimation and mask recognition, yielding consistent panoptic gains. Despite its simplicity, OVRCOAT sets a new state of the art on ADE20K (+5.5% PQ) and delivers clear gains on Mapillary Vistas and Cityscapes (+7.1% and +3% PQ, respectively). The code is available here.","@InProceedings{Kormushev_2026_CVPR, author = {Kormushev, Nikolay and \v{S}ari\'c, Josip and Kristan, Matej}, title = {Mitigating Objectness Bias and Region-to-Text Misalignment for Open-Vocabulary Panoptic Segmentation}, booktitle = {Proceedings of the IEEE/CVF Conference on Computer Vision and Pattern Recognition (CVPR)}, month = {June}, year = {2026}, pages = {17905-17915} }"
Han_BoostSLT_Boosting_Sign_Language_Translation_via_a_Plug-and-Play_Diffusion-Based_Semantic_CVPR_2026_paper,2026,1,Segmentation,Segmentation,4.0,1.0,BoostSLT: Boosting Sign Language Translation via a Plug-and-Play Diffusion-Based Semantic Enhancer,Changzhou Han; Wanlun Ma; Xi Tang; Kun Hu; Sheng Wen; Yang Xiang,6,28828-28837,True,https://openaccess.thecvf.com/content/CVPR2026/papers/Han_BoostSLT_Boosting_Sign_Language_Translation_via_a_Plug-and-Play_Diffusion-Based_Semantic_CVPR_2026_paper.pdf,https://openaccess.thecvf.com/content/CVPR2026/supplemental/Han_BoostSLT_Boosting_Sign_CVPR_2026_supplemental.pdf,https://openaccess.thecvf.com/content/CVPR2026/html/Han_BoostSLT_Boosting_Sign_Language_Translation_via_a_Plug-and-Play_Diffusion-Based_Semantic_CVPR_2026_paper.html,"Sign Language Translation (SLT) converts continuous sign videos into spoken language text, yet current models, whether gloss-based or gloss-free, struggle with long or discourse-level inputs. Recent architectures such as TwoStreamNetwork and CV-SLT have nearly saturated short-sentence accuracy, but their performance degrades on long sentences and multi-sentence paragraphs. In real scenarios such as news, interviews or daily conversations, signers naturally produce extended signing sequences with complex contextual dependencies. Moreover, identifying precise gloss boundaries remains a key obstacle, while gloss-based methods, though often superior, incur heavy annotation costs. The community therefore needs a solution that mitigates gloss dependency while preserving translation quality. We present BoostSLT, a context-aware framework for enhancing semantic consistency over long sign sequences without gloss supervision. Instead of requiring explicit gloss segmentation, BoostSLT introduces an Energy-Aware Temporal Segmentation (EAT-Seg) module that dynamically partitions videos into semantically coherent fragments, followed by a Diffusion-based Semantic Reconstruction (DSR) module that stitches and refines fragment-level translations into globally fluent paragraphs. The framework is plug-and-play and model-agnostic, seamlessly integrating with existing gloss-based or gloss-free pipelines across languages. Experiments on PHOENIX-2014T, CSL-Daily, and Auslan-Daily show consistent BLEU and ROUGE-L gains, confirming that diffusion-driven semantic reconstruction effectively bridges local accuracy and global coherence in long-form SLT. Code is available at github.com/K1sna/BoostSLT.","@InProceedings{Han_2026_CVPR, author = {Han, Changzhou and Ma, Wanlun and Tang, Xi and Hu, Kun and Wen, Sheng and Xiang, Yang}, title = {BoostSLT: Boosting Sign Language Translation via a Plug-and-Play Diffusion-Based Semantic Enhancer}, booktitle = {Proceedings of the IEEE/CVF Conference on Computer Vision and Pattern Recognition (CVPR)}, month = {June}, year = {2026}, pages = {28828-28837} }"
Chen_Learning_and_Aligning_Click-Aware_Shape_Prior_for_Interactive_Amodal_Instance_CVPR_2026_paper,2026,1,Segmentation,Segmentation,22.0,1.0,Learning and Aligning Click-Aware Shape Prior for Interactive Amodal Instance Segmentation,Junjie Chen; Junwei Lin; Ren Hong; Shengjie Liu; Yuming Fang; Feng Qian; Yifan Zuo,7,20478-20487,True,https://openaccess.thecvf.com/content/CVPR2026/papers/Chen_Learning_and_Aligning_Click-Aware_Shape_Prior_for_Interactive_Amodal_Instance_CVPR_2026_paper.pdf,,https://openaccess.thecvf.com/content/CVPR2026/html/Chen_Learning_and_Aligning_Click-Aware_Shape_Prior_for_Interactive_Amodal_Instance_CVPR_2026_paper.html,"Amodal instance segmentation aims to segment both visible and occluded regions of object instance, which are challenging due to lacking inference support under occlusion. Most existing methods employ the prior knowledge about object mask (shape prior) to support the amodal estimation, but the shape prior is not always compatible for object instances in the test stage. In this paper, we explore the task of interactive amodal segmentation, where a few user clicks are available for better segmenting the complete masks of object instances. For this task, we propose a novel framework based on learning and aligning click-aware shape prior (termed ClickPriorNet). Specifically, we propose to learn click-aware shape prior with triplet loss, which forces the retrieved shape priors to have higher IoU with the ground-truth of target instance and thus could exactly facilitate the prediction. Besides, considering the inevitable mismatch between shape prior and target instance, we propose to adaptively align the shape prior with deformable attention. Overall, our model could make full use of the interactive clicks to retrieve and align shape priors, and thus could estimate more complete masks. Extensive experiments on three benchmark datasets demonstrate the effectiveness of our method. Code is available at https://github.com/chenbys/ClickPriorNet.","@InProceedings{Chen_2026_CVPR, author = {Chen, Junjie and Lin, Junwei and Hong, Ren and Liu, Shengjie and Fang, Yuming and Qian, Feng and Zuo, Yifan}, title = {Learning and Aligning Click-Aware Shape Prior for Interactive Amodal Instance Segmentation}, booktitle = {Proceedings of the IEEE/CVF Conference on Computer Vision and Pattern Recognition (CVPR)}, month = {June}, year = {2026}, pages = {20478-20487} }"
Jin_InterRVOS_Interaction-Aware_Referring_Video_Object_Segmentation_CVPR_2026_paper,2026,1,Segmentation,Segmentation,27.0,0.778,InterRVOS: Interaction-Aware Referring Video Object Segmentation,Woojeong Jin; Seongchan Kim; Jaeho Lee; Seungryong Kim,4,10367-10376,True,https://openaccess.thecvf.com/content/CVPR2026/papers/Jin_InterRVOS_Interaction-Aware_Referring_Video_Object_Segmentation_CVPR_2026_paper.pdf,https://openaccess.thecvf.com/content/CVPR2026/supplemental/Jin_InterRVOS_Interaction-Aware_Referring_CVPR_2026_supplemental.pdf,https://openaccess.thecvf.com/content/CVPR2026/html/Jin_InterRVOS_Interaction-Aware_Referring_Video_Object_Segmentation_CVPR_2026_paper.html,"Referring video object segmentation (RVOS) aims to segment objects in a video described by a natural language expression. However, most existing approaches focus only on the referred object (typically the actor), even when the expression clearly describes an interaction involving multiple objects with distinct roles. In this paper, we introduce Interaction-Aware Referring Video Object Segmentation (InterRVOS), a novel task that focuses on explicit interaction modeling by requiring separate segmentation of actor and target objects.This formulation enables fine-grained understanding of object relationships, as many video events are defined by such interactions rather than individual objects. We present InterRVOS-127K, a large-scale dataset of over 127K automatically annotated expressions with distinct actor-target mask pairs, and propose ReVIOSa, a MLLM-based architecture that introduces interaction-aware special tokens and attention mask loss (AML) to enhance interaction-aware segmentation. We also propose a new evaluation protocol that separately evaluates actor and target segmentation for more accurate role distinction. Comprehensive experiments demonstrate that ReVIOSa outperforms existing baselines on the proposed InterRVOS-127K benchmark, with further analyses validating the necessity and effectiveness of both ReVIOSa and InterRVOS-127K.","@InProceedings{Jin_2026_CVPR, author = {Jin, Woojeong and Kim, Seongchan and Lee, Jaeho and Kim, Seungryong}, title = {InterRVOS: Interaction-Aware Referring Video Object Segmentation}, booktitle = {Proceedings of the IEEE/CVF Conference on Computer Vision and Pattern Recognition (CVPR)}, month = {June}, year = {2026}, pages = {10367-10376} }"
Li_HOPS_Hierarchical_Open-vocabulary_Part_Segmentation_with_Attention-Aware_Filtering_and_Affinity-Guided_CVPR_2026_paper,2026,1,Segmentation,Segmentation,30.0,0.767,HOPS: Hierarchical Open-vocabulary Part Segmentation with Attention-Aware Filtering and Affinity-Guided Enhancement,Xinlong Li; Di Lin; Shaoyiyi Gao; Yaxuan Liu; Jixian He; Jiaxin Li; Ruonan Liu; Qing Guo; Kairui Yang; Wei Feng,10,27719-27729,True,https://openaccess.thecvf.com/content/CVPR2026/papers/Li_HOPS_Hierarchical_Open-vocabulary_Part_Segmentation_with_Attention-Aware_Filtering_and_Affinity-Guided_CVPR_2026_paper.pdf,https://openaccess.thecvf.com/content/CVPR2026/supplemental/Li_HOPS_Hierarchical_Open-vocabulary_CVPR_2026_supplemental.pdf,https://openaccess.thecvf.com/content/CVPR2026/html/Li_HOPS_Hierarchical_Open-vocabulary_Part_Segmentation_with_Attention-Aware_Filtering_and_Affinity-Guided_CVPR_2026_paper.html,"Open-vocabulary part segmentation (OVPS) aims to segment objects into fine-grained parts while generalizing to unseen categories. Existing VLM-based methods face two challenges: (1) object over-segmentation, caused by overly broad semantic activations, and (2) part under-segmentation, resulting from weak fine-grained perception. To address these issues, we propose HOPS, a two-stage framework for hierarchical open-vocabulary part segmentation. HOPS introduces a bidirectional semantic-structural attention fusion mechanism that integrates CLIP's semantic alignment with DINO's structural perception. In the object segmentation stage, the Attention-Aware Filtering Module (AFM) refines cross-modal similarity maps via semantic-structural attention to suppress object over-segmentation. In the part segmentation stage, the Affinity-Guided Enhancement Module (AEM) iteratively propagates part responses to progressively expand activation regions, effectively mitigating part under-segmentation. Experiments on Pascal-Part-116, ADE20K-Part-234, and PartImageNet demonstrate that HOPS achieves state-of-the-art performance with superior generalization. Our code is available at https://github.com/TJU-IDVLab/HOPS.","@InProceedings{Li_2026_CVPR, author = {Li, Xinlong and Lin, Di and Gao, Shaoyiyi and Liu, Yaxuan and He, Jixian and Li, Jiaxin and Liu, Ruonan and Guo, Qing and Yang, Kairui and Feng, Wei}, title = {HOPS: Hierarchical Open-vocabulary Part Segmentation with Attention-Aware Filtering and Affinity-Guided Enhancement}, booktitle = {Proceedings of the IEEE/CVF Conference on Computer Vision and Pattern Recognition (CVPR)}, month = {June}, year = {2026}, pages = {27719-27729} }"
Kim_Bootstrapping_Video_Semantic_Segmentation_Model_via_Distillation-assisted_Test-Time_Adaptation_CVPR_2026_paper,2026,1,Segmentation,Segmentation|Transfer_FewShot_DomainAdaptation,27.0,0.444,Bootstrapping Video Semantic Segmentation Model via Distillation-assisted Test-Time Adaptation,Jihun Kim; Hoyong Kwon; Hyeokjun Kweon; Kuk-Jin Yoon,4,10766-10777,True,https://openaccess.thecvf.com/content/CVPR2026/papers/Kim_Bootstrapping_Video_Semantic_Segmentation_Model_via_Distillation-assisted_Test-Time_Adaptation_CVPR_2026_paper.pdf,https://openaccess.thecvf.com/content/CVPR2026/supplemental/Kim_Bootstrapping_Video_Semantic_CVPR_2026_supplemental.pdf,https://openaccess.thecvf.com/content/CVPR2026/html/Kim_Bootstrapping_Video_Semantic_Segmentation_Model_via_Distillation-assisted_Test-Time_Adaptation_CVPR_2026_paper.html,"Fully supervised Video Semantic Segmentation (VSS) relies heavily on densely annotated video data, limiting practical applicability. Alternatively, applying pre-trained Image Semantic Segmentation (ISS) models frame-by-frame avoids annotation costs but ignores crucial temporal coherence. Recent foundation models such as SAM2 enable high-quality mask propagation yet remain impractical for direct VSS due to limited semantic understanding and computational overhead. In this paper, we propose DiTTA (Distillation-assisted Test-Time Adaptation), a novel framework that converts an ISS model into a temporally-aware VSS model through efficient test-time adaptation (TTA), without annotated videos. DiTTA distills SAM2's temporal segmentation knowledge into the ISS model during a brief, single-pass initialization phase, complemented by a lightweight temporal fusion module to aggregate cross-frame context. Crucially, DiTTA achieves robust generalization even when adapting with highly limited partial video snippets (e.g., initial 10%), significantly outperforming zero-shot refinement approaches that repeatedly invoke SAM2 during inference. Extensive experiments on VSPW and Cityscapes demonstrate DiTTA's effectiveness, achieving competitive or superior performance relative to fully-supervised VSS methods, thus providing a practical and annotation-free solution for real-world VSS tasks.","@InProceedings{Kim_2026_CVPR, author = {Kim, Jihun and Kwon, Hoyong and Kweon, Hyeokjun and Yoon, Kuk-Jin}, title = {Bootstrapping Video Semantic Segmentation Model via Distillation-assisted Test-Time Adaptation}, booktitle = {Proceedings of the IEEE/CVF Conference on Computer Vision and Pattern Recognition (CVPR)}, month = {June}, year = {2026}, pages = {10766-10777} }"
Nie_Cross-Domain_Few-Shot_Segmentation_via_Multi-view_Progressive_Adaptation_CVPR_2026_paper,2026,0,Transfer_FewShot_DomainAdaptation,Transfer_FewShot_DomainAdaptation|Segmentation,18.0,0.556,Cross-Domain Few-Shot Segmentation via Multi-view Progressive Adaptation,Jiahao Nie; Guanqiao Fu; Wenbin An; Yap-Peng Tan; Alex C. Kot; Shijian Lu,6,41594-41604,True,https://openaccess.thecvf.com/content/CVPR2026/papers/Nie_Cross-Domain_Few-Shot_Segmentation_via_Multi-view_Progressive_Adaptation_CVPR_2026_paper.pdf,https://openaccess.thecvf.com/content/CVPR2026/supplemental/Nie_Cross-Domain_Few-Shot_Segmentation_CVPR_2026_supplemental.pdf,https://openaccess.thecvf.com/content/CVPR2026/html/Nie_Cross-Domain_Few-Shot_Segmentation_via_Multi-view_Progressive_Adaptation_CVPR_2026_paper.html,"Cross-Domain Few-Shot Segmentation aims to segment categories in data-scarce domains conditioned on a few exemplars. Typical methods first establish few-shot capability in a large-scale source domain and then adapt it to target domains. However, due to the limited quantity and diversity of target samples, existing methods still exhibit constrained performance. Moreover, the source-trained model's initially weak few-shot capability in target domains, coupled with substantial domain gaps, severely hinders the effective utilization of target samples and further impedes adaptation. To this end, we propose Multi-view Progressive Adaptation, which progressively adapts few-shot capability to target domains from both data and strategy perspectives. (i) From the data perspective, we introduce Hybrid Progressive Augmentation, which progressively generates more diverse and complex views through cumulative strong augmentations, thereby creating increasingly challenging learning scenarios. (ii) From the strategy perspective, we design Dual-chain Multi-view Prediction, which fully leverages these progressively complex views through sequential and parallel learning paths under extensive supervision. By jointly enforcing prediction consistency across diverse and complex views, MPA achieves both robust and accurate adaptation to target domains. Extensive experiments demonstrate that MPA effectively adapts few-shot capability to target domains, outperforming state-of-the-art methods by a large margin (+7.0%). Our code is available at https://github.com/niejiahao1998/MPA.","@InProceedings{Nie_2026_CVPR, author = {Nie, Jiahao and Fu, Guanqiao and An, Wenbin and Tan, Yap-Peng and Kot, Alex C. and Lu, Shijian}, title = {Cross-Domain Few-Shot Segmentation via Multi-view Progressive Adaptation}, booktitle = {Proceedings of the IEEE/CVF Conference on Computer Vision and Pattern Recognition (CVPR)}, month = {June}, year = {2026}, pages = {41594-41604} }"
Yang_GenMask_Adapting_DiT_for_Segmentation_via_Direct_Mask_Generation_CVPR_2026_paper,2026,1,Segmentation,Segmentation,12.0,0.667,GenMask: Adapting DiT for Segmentation via Direct Mask Generation,Yuhuan Yang; Xianwei Zhuang; Yuxuan Cai; Chaofan Ma; Shuai Bai; Jiangchao Yao; Ya Zhang; Junyang Lin; Yanfeng Wang,9,20455-20467,True,https://openaccess.thecvf.com/content/CVPR2026/papers/Yang_GenMask_Adapting_DiT_for_Segmentation_via_Direct_Mask_Generation_CVPR_2026_paper.pdf,,https://openaccess.thecvf.com/content/CVPR2026/html/Yang_GenMask_Adapting_DiT_for_Segmentation_via_Direct_Mask_Generation_CVPR_2026_paper.html,"Recent approaches for segmentation have leveraged pretrained generative models as feature extractors, treating segmentation as a downstream adaptation task via indirect feature retrieval. This implicit use suffers from a fundamental misalignment in representation.It also depends heavily on indirect feature extraction pipelines, which complicate the workflow and limit adaptation.In this paper, we argue that instead of indirect adaptation, segmentation tasks should be trained directly in a generative manner.We identify a key obstacle to this unified formulation: VAE latents of binary masks are sharply distributed, noise robust, and linearly separable, distinct from natural image latents.To bridge this gap, we introduce timesteps sampling strategy for binary masks that emphasizes extreme noise levels for segmentation and moderate noise for image generation, enabling harmonious joint training.We present GenMask, a DiT trains to generate black-and-white segmentation masks as well as colorful images in RGB space under the original generative objective. GenMask preserves the original DiT architecture while removing the need of feature extraction pipelines tailored for segmentation tasks. Empirically, GenMask attains state-of-the-art performance on referring and reasoning segmentation benchmarks and ablations quantify the contribution of each component.","@InProceedings{Yang_2026_CVPR, author = {Yang, Yuhuan and Zhuang, Xianwei and Cai, Yuxuan and Ma, Chaofan and Bai, Shuai and Yao, Jiangchao and Zhang, Ya and Lin, Junyang and Wang, Yanfeng}, title = {GenMask: Adapting DiT for Segmentation via Direct Mask Generation}, booktitle = {Proceedings of the IEEE/CVF Conference on Computer Vision and Pattern Recognition (CVPR)}, month = {June}, year = {2026}, pages = {20455-20467} }"
Yang_Frequency-Aware_Affinity_for_Weakly_Supervised_Semantic_Segmentation_CVPR_2026_paper,2026,1,Segmentation,Segmentation|Transfer_FewShot_DomainAdaptation,20.0,0.6,Frequency-Aware Affinity for Weakly Supervised Semantic Segmentation,Ziqian Yang; Xianglin Qiu; Xinqiao Zhao; Xiaolei Wang; Quan Zhang; Jimin Xiao,6,20468-20477,True,https://openaccess.thecvf.com/content/CVPR2026/papers/Yang_Frequency-Aware_Affinity_for_Weakly_Supervised_Semantic_Segmentation_CVPR_2026_paper.pdf,https://openaccess.thecvf.com/content/CVPR2026/supplemental/Yang_Frequency-Aware_Affinity_for_CVPR_2026_supplemental.pdf,https://openaccess.thecvf.com/content/CVPR2026/html/Yang_Frequency-Aware_Affinity_for_Weakly_Supervised_Semantic_Segmentation_CVPR_2026_paper.html,"Weakly Supervised Semantic Segmentation (WSSS) typically utilizes Class Activation Maps (CAMs) to provide the pixel-wise localization. However, CAMs tend to activate only the most discriminative regions, leading to suboptimal WSSS performance. Although existing CAM refinement methods leverage pair-wise relations in affinity to expand the activation regions, these affinities derived from Vision Transformer (ViTs) exhibit a smoothing property, neglecting crucial high-frequency relations and failing to accurately refine object boundaries. In this work, we propose the Dual Frequency-Aware framework (DFA) to address this limitation. Specifically, the Low-Frequency-Aware Alignment (LFAA) generates low-frequency-aware affinity that captures salient semantic relations to enhance object interior semantic consistency on CAMs, while the High-Frequency-Aware Rectification (HFAR) module produces high-frequency-aware affinity that models precise relations to preserve object boundary structure on CAMs. By effectively integrating these two complementary affinities, we design a novel Frequency-Guided (FG) CAM Generation based on Optimal Transport theory, which significantly omits the complex refinement process. Extensive experiments demonstrate that our DFA framework achieves state-of-the-art performance on both PASCAL VOC and MS COCO benchmarks. Code will be released.","@InProceedings{Yang_2026_CVPR, author = {Yang, Ziqian and Qiu, Xianglin and Zhao, Xinqiao and Wang, Xiaolei and Zhang, Quan and Xiao, Jimin}, title = {Frequency-Aware Affinity for Weakly Supervised Semantic Segmentation}, booktitle = {Proceedings of the IEEE/CVF Conference on Computer Vision and Pattern Recognition (CVPR)}, month = {June}, year = {2026}, pages = {20468-20477} }"
Sun_Saliency-Guided_Representation_with_Consistency_Policy_Learning_for_Visual_Unsupervised_Reinforcement_CVPR_2026_paper,2026,0,Embodied_AI_Robotics,Embodied_AI_Robotics|Segmentation,20.0,0.25,Saliency-Guided Representation with Consistency Policy Learning for Visual Unsupervised Reinforcement Learning,Jingbo Sun; Qichao Zhang; Songjun Tu; Xing Fang; Yupeng Zheng; Haoran Li; Ke Chen; Dongbin Zhao,8,19508-19517,True,https://openaccess.thecvf.com/content/CVPR2026/papers/Sun_Saliency-Guided_Representation_with_Consistency_Policy_Learning_for_Visual_Unsupervised_Reinforcement_CVPR_2026_paper.pdf,https://openaccess.thecvf.com/content/CVPR2026/supplemental/Sun_Saliency-Guided_Representation_with_CVPR_2026_supplemental.pdf,https://openaccess.thecvf.com/content/CVPR2026/html/Sun_Saliency-Guided_Representation_with_Consistency_Policy_Learning_for_Visual_Unsupervised_Reinforcement_CVPR_2026_paper.html,"Zero-shot unsupervised reinforcement learning (URL) offers a promising direction for building generalist agents capable of generalizing to unseen tasks without additional supervision. Among existing approaches, successor representations (SR) have emerged as a prominent paradigm due to their effectiveness in structured, low-dimensional settings. However, SR methods struggle to scale to high-dimensional visual environments. Through empirical analysis, we identify two key limitations of SR in visual URL: (1) SR objectives often lead to suboptimal representations that attend to dynamics-irrelevant regions, resulting in inaccurate successor measures and degraded task generalization; and (2) these flawed representations hinder SR policies from modeling multi-modal skill-conditioned action distributions and ensuring skill controllability. To address these limitations, we propose Saliency-Guided Representation with Consistency Policy Learning (SRCP), a novel framework that improves zero-shot generalization of SR methods in visual URL. SRCP decouples representation learning from successor training by introducing a saliency-guided dynamics task to capture dynamics-relevant representations, thereby improving successor measure and task generalization. Moreover, it integrates a fast-sampling consistency policy with URL-specific classifier-free guidance and tailored training objectives to improve skill-conditioned policy modeling and controllability. Extensive experiments on 16 tasks across 4 datasets from the ExORL benchmark demonstrate that SRCP achieves state-of-the-art zero-shot generalization in visual URL and is compatible with various SR methods.","@InProceedings{Sun_2026_CVPR, author = {Sun, Jingbo and Zhang, Qichao and Tu, Songjun and Fang, Xing and Zheng, Yupeng and Li, Haoran and Chen, Ke and Zhao, Dongbin}, title = {Saliency-Guided Representation with Consistency Policy Learning for Visual Unsupervised Reinforcement Learning}, booktitle = {Proceedings of the IEEE/CVF Conference on Computer Vision and Pattern Recognition (CVPR)}, month = {June}, year = {2026}, pages = {19508-19517} }"
Tang_Efficient_Video_Object_Segmentation_and_Tracking_with_Recurrent_Dynamic_Submodel_CVPR_2026_paper,2026,1,Segmentation,Segmentation,22.0,0.636,Efficient Video Object Segmentation and Tracking with Recurrent Dynamic Submodel,Weidong Tang; Zhiyuan Liang; Xinyan Wan; Chen Zhu; Zhaopan Xu; Pengfei Zhou; Yan Song; Yang You; Wangbo Zhao,9,20912-20921,True,https://openaccess.thecvf.com/content/CVPR2026/papers/Tang_Efficient_Video_Object_Segmentation_and_Tracking_with_Recurrent_Dynamic_Submodel_CVPR_2026_paper.pdf,https://openaccess.thecvf.com/content/CVPR2026/supplemental/Tang_Efficient_Video_Object_CVPR_2026_supplemental.pdf,https://openaccess.thecvf.com/content/CVPR2026/html/Tang_Efficient_Video_Object_Segmentation_and_Tracking_with_Recurrent_Dynamic_Submodel_CVPR_2026_paper.html,"Large vision foundation models, such as SAM2, have achieved remarkable performance in video object segmentation and tracking (VOST). However, their effectiveness is hindered by significant computational overhead. While model pruning is a widely used strategy to address this issue, traditional static and input-agnostic pruning approaches fall short in managing the diverse and complex nature of video data effectively. A promising alternative is dynamic networks, yet they often struggle to translate theoretical computational reductions into actual acceleration. Furthermore, both static and dynamic approaches typically focus on visual features of individual frames while neglecting the temporal correlations between them, limiting their performance in handling complex video streams.To address these challenges, we propose Recurrent Dynamic Submodel (RDS), a dynamic architecture that adaptively selects submodel blocks for each frame. Specifically, it has a lightweight Prediction-aware Router (PAR), which leverages both the segmentation mask from the previous frame and the visual features of the current frame to make routing decisions, enabling the submodel to explicitly capture the temporal nature of video data. Additionally, to reduce the cost of adapting the dynamic submodel, we introduce an Importance-aware LoRA (I-LoRA), tuning parameters only in the most critical blocks. Extensive experiments show that our approach achieves an optimal trade-off between performance and speed, requiring minimal trainable parameters and training data.","@InProceedings{Tang_2026_CVPR, author = {Tang, Weidong and Liang, Zhiyuan and Wan, Xinyan and Zhu, Chen and Xu, Zhaopan and Zhou, Pengfei and Song, Yan and You, Yang and Zhao, Wangbo}, title = {Efficient Video Object Segmentation and Tracking with Recurrent Dynamic Submodel}, booktitle = {Proceedings of the IEEE/CVF Conference on Computer Vision and Pattern Recognition (CVPR)}, month = {June}, year = {2026}, pages = {20912-20921} }"
Deng_OVI-MAP_Open-Vocabulary_Instance-Semantic_Mapping_CVPR_2026_paper,2026,1,Segmentation,Segmentation,5.0,0.4,OVI-MAP: Open-Vocabulary Instance-Semantic Mapping,Zilong Deng; Federico Tombari; Marc Pollefeys; Johanna Wald; Daniel Barath,5,12606-12616,True,https://openaccess.thecvf.com/content/CVPR2026/papers/Deng_OVI-MAP_Open-Vocabulary_Instance-Semantic_Mapping_CVPR_2026_paper.pdf,https://openaccess.thecvf.com/content/CVPR2026/supplemental/Deng_OVI-MAP_Open-Vocabulary_Instance-Semantic_CVPR_2026_supplemental.pdf,https://openaccess.thecvf.com/content/CVPR2026/html/Deng_OVI-MAP_Open-Vocabulary_Instance-Semantic_Mapping_CVPR_2026_paper.html,"Incremental open-vocabulary 3D instance-semantic mapping is essential for autonomous agents operating in complex everyday environments. However, it remains challenging due to the need for robust instance segmentation, real-time processing, and flexible open-set reasoning. Existing methods often rely on the closed-set assumption or dense per-pixel language fusion, which limits scalability and temporal consistency. We introduce OVI-MAP that decouples instance reconstruction from semantic inference. We propose to build a class-agnostic 3D instance map that is incrementally constructed from RGB-D input, while semantic features are extracted only from a small set of automatically selected views using vision-language models. This design enables stable instance tracking and zero-shot semantic labeling throughout online exploration. Our system operates in real time and outperforms state-of-the-art open-vocabulary mapping baselines on standard benchmarks.","@InProceedings{Deng_2026_CVPR, author = {Deng, Zilong and Tombari, Federico and Pollefeys, Marc and Wald, Johanna and Barath, Daniel}, title = {OVI-MAP: Open-Vocabulary Instance-Semantic Mapping}, booktitle = {Proceedings of the IEEE/CVF Conference on Computer Vision and Pattern Recognition (CVPR)}, month = {June}, year = {2026}, pages = {12606-12616} }"
Zhao_MixerCSeg_An_Efficient_Mixer_Architecture_for_Crack_Segmentation_via_Decoupled_CVPR_2026_paper,2026,1,Segmentation,Segmentation,10.0,1.0,MixerCSeg: An Efficient Mixer Architecture for Crack Segmentation via Decoupled Mamba Attention,Zilong Zhao; Zhengming Ding; Pei Niu; Wenhao Sun; Feng Guo,5,17969-17978,True,https://openaccess.thecvf.com/content/CVPR2026/papers/Zhao_MixerCSeg_An_Efficient_Mixer_Architecture_for_Crack_Segmentation_via_Decoupled_CVPR_2026_paper.pdf,https://openaccess.thecvf.com/content/CVPR2026/supplemental/Zhao_MixerCSeg_An_Efficient_CVPR_2026_supplemental.pdf,https://openaccess.thecvf.com/content/CVPR2026/html/Zhao_MixerCSeg_An_Efficient_Mixer_Architecture_for_Crack_Segmentation_via_Decoupled_CVPR_2026_paper.html,"Feature encoders play a key role in pixel-level crack segmentation by shaping the representation of fine textures and thin structures. Existing CNN-, Transformer-, and Mamba-based models each capture only part of the required spatial or structural information, leaving clear gaps in modeling complex crack patterns. To address this, we present MixerCSeg, a mixer architecture designed like a coordinated team of specialists, where CNN-like pathways focus on local textures, Transformer-style paths capture global dependencies, and Mamba-inspired flows model sequential context within a single encoder. At the core of MixerCSeg is the TransMixer, which explores Mamba's latent attention behavior while establishing dedicated pathways that naturally express both locality and global awareness. To further enhance structural fidelity, we introduce a spatial block processing strategy and a Direction-guided Edge Gated Convolution (DEGConv) that strengthens edge sensitivity under irregular crack geometries with minimal computational overhead. A Spatial Refinement Multi-Level Fusion (SRF) module is then employed to refine multi-scale details without increasing complexity. Extensive experiments on multiple crack segmentation benchmarks show that MixerCSeg achieves state-of-the-art performance with only 2.05 GFLOPs and 2.54 M parameters, demonstrating both efficiency and strong representational capability. The code is available at https://github.com/spiderforest/MixerCSeg.","@InProceedings{Zhao_2026_CVPR, author = {Zhao, Zilong and Ding, Zhengming and Niu, Pei and Sun, Wenhao and Guo, Feng}, title = {MixerCSeg: An Efficient Mixer Architecture for Crack Segmentation via Decoupled Mamba Attention}, booktitle = {Proceedings of the IEEE/CVF Conference on Computer Vision and Pattern Recognition (CVPR)}, month = {June}, year = {2026}, pages = {17969-17978} }"
Zang_GeCo_Geometry-Consistent_Regularization_for_Domain_Generalized_Semantic_Segmentation_CVPR_2026_paper,2026,1,Segmentation,Segmentation,20.0,0.75,GeCo: Geometry-Consistent Regularization for Domain Generalized Semantic Segmentation,Qi Zang; Dong Zhao; Nan Pu; Wenjing Li; Zhun Zhong; Meng Wang,6,871-881,True,https://openaccess.thecvf.com/content/CVPR2026/papers/Zang_GeCo_Geometry-Consistent_Regularization_for_Domain_Generalized_Semantic_Segmentation_CVPR_2026_paper.pdf,https://openaccess.thecvf.com/content/CVPR2026/supplemental/Zang_GeCo_Geometry-Consistent_Regularization_CVPR_2026_supplemental.pdf,https://openaccess.thecvf.com/content/CVPR2026/html/Zang_GeCo_Geometry-Consistent_Regularization_for_Domain_Generalized_Semantic_Segmentation_CVPR_2026_paper.html,"Vision Foundation Models (VFMs) provide rich and transferable representations through large-scale pretraining, yet their high-capacity representations remain underutilized when adapted to downstream tasks. In Domain Generalization Semantic Segmentation (DGSS), parameter-efficient fine-tuning (PEFT) often overfits adapters to source domain statistics and seen class boundaries, leading to representation degradation manifested as domain bias and semantic rigidity. Existing regularization strategies alleviate this through random perturbations, but such operations disrupt the pretrained geometric structure, causing semantic drift and unstable generalization. We propose Geometry-Consistent Regularization (GeCo), which extrapolates the pretrained representation space toward the target task under structure-respected constraints, thereby preserving the inherent generalization of VFMs while enhancing their task-specific adaptation. GeCo introduces curvature-guided perturbation to modulate feature variation according to local manifold complexity of the pretrained embedding space, enabling structure-aligned representation expansion. Complementarily, a geodesic-based regularization constrains prediction shifts along smooth, manifold-aligned trajectories, ensuring semantic continuity and stable decision behavior. Extensive experiments demonstrate that GeCo achieves superior generalization across both closed-set and open-set DGSS benchmarks. The code is available at https://github.com/DZhaoXd/GeCo.","@InProceedings{Zang_2026_CVPR, author = {Zang, Qi and Zhao, Dong and Pu, Nan and Li, Wenjing and Zhong, Zhun and Wang, Meng}, title = {GeCo: Geometry-Consistent Regularization for Domain Generalized Semantic Segmentation}, booktitle = {Proceedings of the IEEE/CVF Conference on Computer Vision and Pattern Recognition (CVPR)}, month = {June}, year = {2026}, pages = {871-881} }"
Li_CDICS_Delving_Into_Fine-Grained_Attribute_for_In-Context_Segmentation_via_Compositional_CVPR_2026_paper,2026,0,LLM_Reasoning_Agent,LLM_Reasoning_Agent|Recognition_Classification|Segmentation,15.0,0.2,CDICS: Delving Into Fine-Grained Attribute for In-Context Segmentation via Compositional Prompts and Phased Decoupling,Zhiyu Li; Dianmo Sheng; Qi Chu; Shilong Chen; Tao Gong; Zhou Wei; Nenghai Yu,7,13179-13188,True,https://openaccess.thecvf.com/content/CVPR2026/papers/Li_CDICS_Delving_Into_Fine-Grained_Attribute_for_In-Context_Segmentation_via_Compositional_CVPR_2026_paper.pdf,https://openaccess.thecvf.com/content/CVPR2026/supplemental/Li_CDICS_Delving_Into_CVPR_2026_supplemental.pdf,https://openaccess.thecvf.com/content/CVPR2026/html/Li_CDICS_Delving_Into_Fine-Grained_Attribute_for_In-Context_Segmentation_via_Compositional_CVPR_2026_paper.html,"In-Context Learning (ICL) has shown great effectiveness in developing generalist image segmentation models. Its significant advantage over text-based descriptions is the ability to convey intricate visual appearance details through simple reference images. However, finding a perfectly matching single example for real-world rare and complex concepts is difficult. Moreover, existing methods are largely confined to semantic or instance-level understanding of the reference image, struggling to express more precise segmentation needs through the input. To address this, we propose CDICS, a novel framework that leverages Compositional prompts and phased task Decoupling to achieve compositional prompt-controlled In-Context Segmentation. Our method introduces compositional prompts derived from reference prompts, combining semantic, part and color images to dynamically define segmentation targets. To effectively fuse this control information, ensure synergy while suppressing interference, and mitigate feature coupling risks, our decoupled two-stage architecture firstly performs coarse-grained semantic localization, then refines the result using compositional appearance prompts to precisely match the specified attributes. This design extends traditional in-context segmentation, enabling it to support compositional prompts. Additionally, we reconstructed two datasets and their benchmarks to acquire data with part-color-specific attributes. Our method demonstrates superior performance on the compositional prompt-controlled in-context segmentation task. It also extends the capabilities of existing in-context segmentation, and makes an attempt toward real-world fine-grained segmentation.","@InProceedings{Li_2026_CVPR, author = {Li, Zhiyu and Sheng, Dianmo and Chu, Qi and Chen, Shilong and Gong, Tao and Wei, Zhou and Yu, Nenghai}, title = {CDICS: Delving Into Fine-Grained Attribute for In-Context Segmentation via Compositional Prompts and Phased Decoupling}, booktitle = {Proceedings of the IEEE/CVF Conference on Computer Vision and Pattern Recognition (CVPR)}, month = {June}, year = {2026}, pages = {13179-13188} }"
Mosco_Learning_to_Identify_Out-of-Distribution_Objects_for_3D_LiDAR_Anomaly_Segmentation_CVPR_2026_paper,2026,0,Autonomous_Driving,Autonomous_Driving|Segmentation|Transfer_FewShot_DomainAdaptation,18.0,0.167,Learning to Identify Out-of-Distribution Objects for 3D LiDAR Anomaly Segmentation,Simone Mosco; Daniel Fusaro; Alberto Pretto,3,17204-17214,True,https://openaccess.thecvf.com/content/CVPR2026/papers/Mosco_Learning_to_Identify_Out-of-Distribution_Objects_for_3D_LiDAR_Anomaly_Segmentation_CVPR_2026_paper.pdf,https://openaccess.thecvf.com/content/CVPR2026/supplemental/Mosco_Learning_to_Identify_CVPR_2026_supplemental.pdf,https://openaccess.thecvf.com/content/CVPR2026/html/Mosco_Learning_to_Identify_Out-of-Distribution_Objects_for_3D_LiDAR_Anomaly_Segmentation_CVPR_2026_paper.html,"Understanding the surrounding environment is fundamental in autonomous driving and robotic perception. Distinguishing between known classes and previously unseen objects is crucial in real-world environments, as done in Anomaly Segmentation. However, research in the 3D field remains limited, with most existing approaches applying post-processing techniques from 2D vision. To cover this lack, we propose a new efficient approach that directly operates in the feature space, modeling the feature distribution of inlier classes to constrain anomalous samples. Moreover, the only publicly available 3D LiDAR anomaly segmentation dataset contains simple scenarios, with few anomaly instances, and exhibits a severe domain gap due to its sensor resolution. To bridge this gap, we introduce a set of mixed real-synthetic datasets for 3D LiDAR anomaly segmentation, built upon established semantic segmentation benchmarks, with multiple out-of-distribution objects and diverse, complex environments. Extensive experiments demonstrate that our approach achieves state-of-the-art and competitive results on the existing real-world dataset and the newly introduced mixed datasets, respectively, validating the effectiveness of our method and the utility of the proposed datasets. Code and datasets are available at https://simom0.github.io/lido-page/.","@InProceedings{Mosco_2026_CVPR, author = {Mosco, Simone and Fusaro, Daniel and Pretto, Alberto}, title = {Learning to Identify Out-of-Distribution Objects for 3D LiDAR Anomaly Segmentation}, booktitle = {Proceedings of the IEEE/CVF Conference on Computer Vision and Pattern Recognition (CVPR)}, month = {June}, year = {2026}, pages = {17204-17214} }"
Yang_Task-Oriented_Data_Synthesis_and_Control-Rectify_Sampling_for_Remote_Sensing_Semantic_CVPR_2026_paper,2026,1,Segmentation,Segmentation|Medical_Bio_RemoteSensing,30.0,0.6,Task-Oriented Data Synthesis and Control-Rectify Sampling for Remote Sensing Semantic Segmentation,Yunkai Yang; Yudong Zhang; Kunquan Zhang; Jinxiao Zhang; Xinying Chen; Haohuan Fu; Runmin Dong,7,42147-42157,True,https://openaccess.thecvf.com/content/CVPR2026/papers/Yang_Task-Oriented_Data_Synthesis_and_Control-Rectify_Sampling_for_Remote_Sensing_Semantic_CVPR_2026_paper.pdf,https://openaccess.thecvf.com/content/CVPR2026/supplemental/Yang_Task-Oriented_Data_Synthesis_CVPR_2026_supplemental.pdf,https://openaccess.thecvf.com/content/CVPR2026/html/Yang_Task-Oriented_Data_Synthesis_and_Control-Rectify_Sampling_for_Remote_Sensing_Semantic_CVPR_2026_paper.html,"With the rapid progress of controllable generation, training data synthesis has become a promising way to expand labeled datasets and alleviate manual annotation in remote sensing (RS). However, the complexity of semantic mask control and the uncertainty of sampling quality often limit the utility of synthetic data in downstream semantic segmentation tasks. To address these challenges, we propose a task-oriented data synthesis framework (TODSynth), including a Multimodal Diffusion Transformer (MM-DiT) with unified triple attention and a plug-and-play sampling strategy guided by task feedback. Built upon the powerful DiT-based generative foundation model, we systematically evaluate different control schemes, showing that a text-image-mask joint attention scheme combined with full fine-tuning of the image and mask branches significantly enhances the effectiveness of RS semantic segmentation data synthesis, particularly in few-shot and complex-scene scenarios. Furthermore, we propose a control-rectify flow matching (CRFM) method, which dynamically adjusts sampling directions guided by semantic loss during the early high-plasticity stage, mitigating the instability of generated images and bridging the gap between synthetic data and downstream segmentation tasks. Extensive experiments demonstrate that our approach consistently outperforms state-of-the-art controllable generation methods, producing more stable and task-oriented synthetic data for RS semantic segmentation.","@InProceedings{Yang_2026_CVPR, author = {Yang, Yunkai and Zhang, Yudong and Zhang, Kunquan and Zhang, Jinxiao and Chen, Xinying and Fu, Haohuan and Dong, Runmin}, title = {Task-Oriented Data Synthesis and Control-Rectify Sampling for Remote Sensing Semantic Segmentation}, booktitle = {Proceedings of the IEEE/CVF Conference on Computer Vision and Pattern Recognition (CVPR)}, month = {June}, year = {2026}, pages = {42147-42157} }"
Huan_Bridging_RGB_and_Hematoxylin_Components_An_Interleaved_Guidance_and_Fusion_CVPR_2026_paper,2026,1,Segmentation,Segmentation|Medical_Bio_RemoteSensing,13.0,0.538,Bridging RGB and Hematoxylin Components: An Interleaved Guidance and Fusion Framework for Point Supervised Nuclei Segmentation,Zihan Huan; Xipeng Pan; Hualong Zhang; Siyang Feng; Rushi Lan; Huadeng Wang; Haoxiang Lu; Zhenbing Liu,8,37518-37527,True,https://openaccess.thecvf.com/content/CVPR2026/papers/Huan_Bridging_RGB_and_Hematoxylin_Components_An_Interleaved_Guidance_and_Fusion_CVPR_2026_paper.pdf,https://openaccess.thecvf.com/content/CVPR2026/supplemental/Huan_Bridging_RGB_and_CVPR_2026_supplemental.pdf,https://openaccess.thecvf.com/content/CVPR2026/html/Huan_Bridging_RGB_and_Hematoxylin_Components_An_Interleaved_Guidance_and_Fusion_CVPR_2026_paper.html,"Nuclei instance segmentation in histopathology images is essential for diagnostic accuracy and downstream computational tasks, yet this task relies heavily on expensive pixel level annotations. Although point level annotations substantially reduce the annotation burden for pathologists, many existing methods utilize only a single type of image and overlook the complementary information contained in alternative representations. To address this limitation, we propose DFGNet, a weakly supervised framework that utilizes dual-representation complementary fusion and interleaved guidance learning by jointly modeling RGB images and their corresponding Hematoxylin components. From the complementary fusion perspective, we propose a Reciprocal Cross-scale Dynamic Fusion Module (RCDF) and an Entropy Confidence Aggregation Unit (ECAU) to integrate multi-scale complementary cues and adaptively combine the outputs of the dual branches. In terms of interleaved guidance, we also propose an Interleaved point-Guided Attention (IGA) that enables bidirectional refinement between the segmentation task and the kernel prediction task. Experiments on three benchmark datasets show that DFGNet achieves state-of-the-art performance across multiple metrics and significantly outperforms existing methods. It also demonstrates strong generalization across tissue types and remains robust to annotation shifts in real-world scenarios.","@InProceedings{Huan_2026_CVPR, author = {Huan, Zihan and Pan, Xipeng and Zhang, Hualong and Feng, Siyang and Lan, Rushi and Wang, Huadeng and Lu, Haoxiang and Liu, Zhenbing}, title = {Bridging RGB and Hematoxylin Components: An Interleaved Guidance and Fusion Framework for Point Supervised Nuclei Segmentation}, booktitle = {Proceedings of the IEEE/CVF Conference on Computer Vision and Pattern Recognition (CVPR)}, month = {June}, year = {2026}, pages = {37518-37527} }"
Lu_SegMoTE_Token-Level_Mixture_of_Experts_for_Medical_Image_Segmentation_CVPR_2026_paper,2026,0,Medical_Bio_RemoteSensing,Medical_Bio_RemoteSensing|Segmentation,22.0,0.455,SegMoTE: Token-Level Mixture of Experts for Medical Image Segmentation,Yujie Lu; Jingwen Li; Sibo Ju; Yanzhou Su; He Yao; Yisong Liu; Min Zhu; Junlong Cheng,8,36332-36342,True,https://openaccess.thecvf.com/content/CVPR2026/papers/Lu_SegMoTE_Token-Level_Mixture_of_Experts_for_Medical_Image_Segmentation_CVPR_2026_paper.pdf,https://openaccess.thecvf.com/content/CVPR2026/supplemental/Lu_SegMoTE_Token-Level_Mixture_CVPR_2026_supplemental.pdf,https://openaccess.thecvf.com/content/CVPR2026/html/Lu_SegMoTE_Token-Level_Mixture_of_Experts_for_Medical_Image_Segmentation_CVPR_2026_paper.html,"Medical image segmentation is vital for clinical diagnosis and quantitative analysis, yet remains challenging due to the heterogeneity of imaging modalities and the high cost of pixel-level annotations. Although general interactive segmentation models like SAM have achieved remarkable progress, their transfer to medical imaging still faces two key bottlenecks: (i) the lack of adaptive mechanisms for modality- and anatomy-specific tasks, which limits generalization in out-of-distribution medical scenarios; and (ii) current medical adaptation methods fine-tune on large, heterogeneous datasets without selection, leading to noisy supervision, higher cost, and negative transfer. To address these issues, we propose SegMoTE, an efficient and adaptive framework for medical image segmentation. SegMoTE preserves SAM's original prompt interface, efficient inference, and zero-shot generalization while introducing only a small number of learnable parameters to dynamically adapt across modalities and tasks. In addition, we design a progressive prompt tokenization mechanism that enables fully automatic segmentation, significantly reducing annotation dependence. Trained on MedSeg-HQ, a curated dataset less than 1% of existing large-scale datasets, SegMoTE achieves SOTA performance across diverse imaging modalities and anatomical tasks. It represents the first efficient, robust, and scalable adaptation of general segmentation models to the medical domain under extremely low annotation cost, advancing the practical deployment of foundation vision models in clinical applications.","@InProceedings{Lu_2026_CVPR, author = {Lu, Yujie and Li, Jingwen and Ju, Sibo and Su, Yanzhou and Yao, He and Liu, Yisong and Zhu, Min and Cheng, Junlong}, title = {SegMoTE: Token-Level Mixture of Experts for Medical Image Segmentation}, booktitle = {Proceedings of the IEEE/CVF Conference on Computer Vision and Pattern Recognition (CVPR)}, month = {June}, year = {2026}, pages = {36332-36342} }"
Steiner_ReScene4D_Temporally_Consistent_Semantic_Instance_Segmentation_of_Evolving_Indoor_3D_CVPR_2026_paper,2026,1,Segmentation,Segmentation,20.0,0.85,ReScene4D: Temporally Consistent Semantic Instance Segmentation of Evolving Indoor 3D Scenes,Emily Steiner; Jianhao Zheng; Henry Howard-Jenkins; Chris Xie; Iro Armeni,5,10710-10720,True,https://openaccess.thecvf.com/content/CVPR2026/papers/Steiner_ReScene4D_Temporally_Consistent_Semantic_Instance_Segmentation_of_Evolving_Indoor_3D_CVPR_2026_paper.pdf,https://openaccess.thecvf.com/content/CVPR2026/supplemental/Steiner_ReScene4D_Temporally_Consistent_CVPR_2026_supplemental.zip,https://openaccess.thecvf.com/content/CVPR2026/html/Steiner_ReScene4D_Temporally_Consistent_Semantic_Instance_Segmentation_of_Evolving_Indoor_3D_CVPR_2026_paper.html,"Indoor environments evolve as objects move, appear, or leave the scene. Capturing these dynamics requires maintaining temporally consistent instance identities across intermittently captured 3D scans, even when changes are unobserved. We introduce and formalize the task of temporally sparse 4D indoor semantic instance segmentation (SIS), which jointly segments, identifies, and temporally associates object instances. This setting poses a challenge for existing 3DSIS methods, which require a discrete matching step due to their lack of temporal reasoning, and for 4D LiDAR approaches, which perform poorly due to their reliance on high-frequency temporal measurements that are uncommon in the longer-horizon evolution of indoor environments. We propose ReScene4D, a novel method that adapts 3DSIS architectures for 4DSIS without needing dense observations. Our method enables temporal information sharing--using spatiotemporal contrastive loss, masking, and serialization--to adaptively leverage geometric and semantic priors across observations. This shared context enables consistent instance tracking and improves standard 3DSIS performance. To evaluate this task, we define a new metric, t-mAP, that extends mAP to reward temporal identity consistency. ReScene4D achieves state-of-the-art performance on the 3RScan dataset, establishing a new benchmark for understanding evolving indoor scenes.","@InProceedings{Steiner_2026_CVPR, author = {Steiner, Emily and Zheng, Jianhao and Howard-Jenkins, Henry and Xie, Chris and Armeni, Iro}, title = {ReScene4D: Temporally Consistent Semantic Instance Segmentation of Evolving Indoor 3D Scenes}, booktitle = {Proceedings of the IEEE/CVF Conference on Computer Vision and Pattern Recognition (CVPR)}, month = {June}, year = {2026}, pages = {10710-10720} }"
Zhang_Rethinking_MLLM_Itself_as_a_Segmenter_with_a_Single_Segmentation_CVPR_2026_paper,2026,0,LLM_Reasoning_Agent,LLM_Reasoning_Agent|Segmentation,21.0,0.429,Rethinking MLLM Itself as a Segmenter with a Single Segmentation Token,Anqi Zhang; Xiaokang Ji; Guangyu Gao; Jianbo Jiao; Chi Harold Liu; Yunchao Wei,6,19196-19207,True,https://openaccess.thecvf.com/content/CVPR2026/papers/Zhang_Rethinking_MLLM_Itself_as_a_Segmenter_with_a_Single_Segmentation_CVPR_2026_paper.pdf,https://openaccess.thecvf.com/content/CVPR2026/supplemental/Zhang_Rethinking_MLLM_Itself_CVPR_2026_supplemental.pdf,https://openaccess.thecvf.com/content/CVPR2026/html/Zhang_Rethinking_MLLM_Itself_as_a_Segmenter_with_a_Single_Segmentation_CVPR_2026_paper.html,"Recent segmentation methods leveraging Multi-modal Large Language Models (MLLMs) have shown reliable object-level segmentation and enhanced spatial perception. However, almost all previous methods predominantly rely on specialist mask decoders to interpret masks from generated segmentation-related embeddings and visual features, or incorporate multiple additional tokens to assist. This paper aims to investigate whether and how we can unlock segmentation from MLLM itSELF with 1 segmentation Embedding (SELF1E) while achieving competitive results, which eliminates the need for external decoders. To this end, our approach targets the fundamental limitation of resolution reduction in pixel-shuffled image features from MLLMs. First, we retain image features at their original uncompressed resolution, and refill them with residual features extracted from MLLM-processed compressed features, thereby improving feature precision. Subsequently, we integrate pixel-unshuffle operations on image features with and without LLM processing, respectively, to unleash the details of compressed features and amplify the residual features under uncompressed resolution, which further enhances the resolution of refilled features. Moreover, we redesign the attention mask with dual perception pathways, i.e., image-to-image and image-to-segmentation, enabling rich feature interaction between pixels and the segmentation token. Comprehensive experiments across multiple segmentation tasks validate that SELF1E achieves performance competitive with specialist mask decoder-based methods, demonstrating the feasibility of decoder-free segmentation in MLLMs. Project page: https://github.com/ANDYZAQ/SELF1E.","@InProceedings{Zhang_2026_CVPR, author = {Zhang, Anqi and Ji, Xiaokang and Gao, Guangyu and Jiao, Jianbo and Liu, Chi Harold and Wei, Yunchao}, title = {Rethinking MLLM Itself as a Segmenter with a Single Segmentation Token}, booktitle = {Proceedings of the IEEE/CVF Conference on Computer Vision and Pattern Recognition (CVPR)}, month = {June}, year = {2026}, pages = {19196-19207} }"
Xie_Saliency-Driven_Token_Merging_for_Vision_Transformers_CVPR_2026_paper,2026,1,Segmentation,Segmentation|Efficiency_Compression,18.0,0.056,Saliency-Driven Token Merging for Vision Transformers,Weiying Xie; Xiaoyu Chen; Xin Zhang; Chenhe Hao; Jitao Ma; Yunsong Li; Leyuan Fang,7,32184-32193,True,https://openaccess.thecvf.com/content/CVPR2026/papers/Xie_Saliency-Driven_Token_Merging_for_Vision_Transformers_CVPR_2026_paper.pdf,https://openaccess.thecvf.com/content/CVPR2026/supplemental/Xie_Saliency-Driven_Token_Merging_CVPR_2026_supplemental.pdf,https://openaccess.thecvf.com/content/CVPR2026/html/Xie_Saliency-Driven_Token_Merging_for_Vision_Transformers_CVPR_2026_paper.html,"Vision Transformers (ViTs) exhibit robust performance across diverse visual scenarios. However, their efficiency is constrained by excessive token counts. Token merging offers a viable solution for achieving efficient ViTs. Existing methods merge tokens based solely on specific characteristics within the attention mechanism, which changes significantly across layers. In this paper, we propose a novel training-free SAliency-Driven Token Merging (SAD-TM) approach by leveraging not only the semantic relevance in the attention space but also the latent visual saliency of input patches. Our SAD-TM is inspired by the discovery that saliency-based statistics can directly capture the causal relationship between model input and output, regardless of the layers. Based on the observation, we develop a method that is mathematically formulated to merge tokens with high saliency outliers. The principle behind our merging is that tokens with high saliency outliers usually imply inconsistencies with the global gradient direction, and thus can be merged safely. Besides, our systematic analysis indicates that class attention shows considerable variation across early blocks, so a deferred merging strategy is introduced to optimize the selection of merging rates. In a training-free manner, SAD-TM demonstrates superior performance across various ViT architectures. Especially, with a FLOPs compression of 23.08% on DeiT-Tiny, SAD-TM achieves a Top-1 Accuracy comparable to the pretrained baseline on ImageNet dataset. The code will be available soon.","@InProceedings{Xie_2026_CVPR, author = {Xie, Weiying and Chen, Xiaoyu and Zhang, Xin and Hao, Chenhe and Ma, Jitao and Li, Yunsong and Fang, Leyuan}, title = {Saliency-Driven Token Merging for Vision Transformers}, booktitle = {Proceedings of the IEEE/CVF Conference on Computer Vision and Pattern Recognition (CVPR)}, month = {June}, year = {2026}, pages = {32184-32193} }"
Feng_An_Instance-Centric_Panoptic_Occupancy_Prediction_Benchmark_for_Autonomous_Driving_CVPR_2026_paper,2026,0,Autonomous_Driving,Autonomous_Driving|Segmentation,22.0,0.182,An Instance-Centric Panoptic Occupancy Prediction Benchmark for Autonomous Driving,Yi Feng; Junwu E; Zizhan Guo; Yu Ma; Hanli Wang; Rui Fan,6,14219-14228,True,https://openaccess.thecvf.com/content/CVPR2026/papers/Feng_An_Instance-Centric_Panoptic_Occupancy_Prediction_Benchmark_for_Autonomous_Driving_CVPR_2026_paper.pdf,https://openaccess.thecvf.com/content/CVPR2026/supplemental/Feng_An_Instance-Centric_Panoptic_CVPR_2026_supplemental.zip,https://openaccess.thecvf.com/content/CVPR2026/html/Feng_An_Instance-Centric_Panoptic_Occupancy_Prediction_Benchmark_for_Autonomous_Driving_CVPR_2026_paper.html,"Panoptic occupancy prediction aims to jointly infer voxel-wise semantics and instance identities within a unified 3D scene representation. Nevertheless, progress in this field remains constrained by the absence of high-quality 3D mesh resources, instance-level annotations, and physically consistent occupancy datasets. Existing benchmarks typically provide incomplete and low-resolution geometry without instance-level annotations, limiting the development of models capable of achieving precise geometric reconstruction, reliable occlusion reasoning, and holistic 3D understanding. To address these challenges, this paper presents an instance-centric benchmark for the 3D panoptic occupancy prediction task. Specifically, we introduce ADMesh, the first unified 3D mesh library tailored for autonomous driving, which integrates over 15K high-quality 3D models with diverse textures and rich semantic annotations. Building upon ADMesh, we further construct CarlaOcc, a large-scale, physically consistent panoptic occupancy dataset generated using the CARLA simulator. This dataset contains over 100K frames with fine-grained, instance-level occupancy ground truth at voxel resolutions as fine as 0.05 m. Furthermore, standardized evaluation metrics are introduced to quantify the quality of existing occupancy datasets. Finally, a systematic benchmark of representative models is established on the proposed dataset, which provides a unified platform for fair comparison and reproducible research in the field of 3D panoptic perception. Code and dataset are available at https://mias.group/CarlaOcc.","@InProceedings{Feng_2026_CVPR, author = {Feng, Yi and E, Junwu and Guo, Zizhan and Ma, Yu and Wang, Hanli and Fan, Rui}, title = {An Instance-Centric Panoptic Occupancy Prediction Benchmark for Autonomous Driving}, booktitle = {Proceedings of the IEEE/CVF Conference on Computer Vision and Pattern Recognition (CVPR)}, month = {June}, year = {2026}, pages = {14219-14228} }"
Gong_Reinforcing_Video_Object_Segmentation_to_Think_before_it_Segments_CVPR_2026_paper,2026,1,Segmentation,Segmentation|LLM_Reasoning_Agent,19.0,0.105,Reinforcing Video Object Segmentation to Think before it Segments,Sitong Gong; Yunzhi Zhuge; Lu Zhang; Jiazuo Yu; Pingping Zhang; Xu Jia; Huchuan Lu,7,3835-3844,True,https://openaccess.thecvf.com/content/CVPR2026/papers/Gong_Reinforcing_Video_Object_Segmentation_to_Think_before_it_Segments_CVPR_2026_paper.pdf,https://openaccess.thecvf.com/content/CVPR2026/supplemental/Gong_Reinforcing_Video_Object_CVPR_2026_supplemental.pdf,https://openaccess.thecvf.com/content/CVPR2026/html/Gong_Reinforcing_Video_Object_Segmentation_to_Think_before_it_Segments_CVPR_2026_paper.html,"Video reasoning segmentation (VRS) endeavors to delineate referred objects in videos guided by implicit instructions that encapsulate human intent and temporal logic. Previous approaches leverage large vision language models (LVLMs) to encode object semantics into \SEG tokens for mask prediction. However, this paradigm suffers from limited interpretability during inference and suboptimal performance due to inadequate spatiotemporal reasoning. Drawing inspiration from seminal breakthroughs in reinforcement learning, we introduce Veason-R1, a specialized LVLM for VRS that emphasizes structured reasoning in segmentation. Veason-R1 is trained through Group Relative Policy Optimization (GRPO) augmented with Chain-of-Thought (CoT) initialization. To begin with, we curate high-quality CoT training data to instill structured reasoning trajectories, bridging video-level semantics and frame-level spatial grounding, yielding the supervised fine-tuned model Veason-SFT. Subsequently, GRPO fine-tuning encourages efficient exploration of the reasoning space by optimizing reasoning chains. To this end, we incorporate a holistic reward mechanism that synergistically enhances spatial alignment and temporal consistency, bolstering keyframe localization and fine-grained grounding. Comprehensive empirical evaluations demonstrate that Veason-R1 achieves state-of-the-art performance on multiple benchmarks, surpassing prior art by significant margins (e.g., +1.3 \mathcal J &\mathcal F in ReVOS and +10.0 \mathcal J &\mathcal F in ReasonVOS), while exhibiting robustness to hallucinations (+8.8 \mathcal R ).","@InProceedings{Gong_2026_CVPR, author = {Gong, Sitong and Zhuge, Yunzhi and Zhang, Lu and Yu, Jiazuo and Zhang, Pingping and Jia, Xu and Lu, Huchuan}, title = {Reinforcing Video Object Segmentation to Think before it Segments}, booktitle = {Proceedings of the IEEE/CVF Conference on Computer Vision and Pattern Recognition (CVPR)}, month = {June}, year = {2026}, pages = {3835-3844} }"
Reich_Scene-Centric_Unsupervised_Video_Panoptic_Segmentation_CVPR_2026_paper,2026,1,Segmentation,Segmentation,30.0,0.733,Scene-Centric Unsupervised Video Panoptic Segmentation,Christoph Reich; Oliver Hahn; Nikita Araslanov; Laura Leal-Taixé; Christian Rupprecht; Daniel Cremers; Stefan Roth,7,10753-10765,True,https://openaccess.thecvf.com/content/CVPR2026/papers/Reich_Scene-Centric_Unsupervised_Video_Panoptic_Segmentation_CVPR_2026_paper.pdf,https://openaccess.thecvf.com/content/CVPR2026/supplemental/Reich_Scene-Centric_Unsupervised_Video_CVPR_2026_supplemental.pdf,https://openaccess.thecvf.com/content/CVPR2026/html/Reich_Scene-Centric_Unsupervised_Video_Panoptic_Segmentation_CVPR_2026_paper.html,"Video panoptic segmentation (VPS) aims to jointly detect, segment, and track all objects while partitioning the video into semantically consistent regions. We introduce the task setting of unsupervised VPS, omitting any human supervision. Existing unsupervised scene understanding works mainly focused on image segmentation tasks; the video domain remains underexplored. We propose VideoCUPS, the first unsupervised VPS approach. VideoCUPS generates temporally consistent panoptic video pseudo-labels from scene-centric videos by exploiting unsupervised depth, motion, and visual cues. Training on these pseudo-labels using a novel Video DropLoss yields an accurate, unsupervised VPS model. To benchmark progress, we introduce a comprehensive evaluation protocol and four competitive baselines, extending state-of-the-art unsupervised panoptic image and instance video segmentation models to VPS. VideoCUPS outperforms all baselines and demonstrates strong label-efficient learning. With VideoCUPS, our evaluation protocol, and baselines, we provide a strong foundation for future research on unsupervised VPS.","@InProceedings{Reich_2026_CVPR, author = {Reich, Christoph and Hahn, Oliver and Araslanov, Nikita and Leal-Taix\'e, Laura and Rupprecht, Christian and Cremers, Daniel and Roth, Stefan}, title = {Scene-Centric Unsupervised Video Panoptic Segmentation}, booktitle = {Proceedings of the IEEE/CVF Conference on Computer Vision and Pattern Recognition (CVPR)}, month = {June}, year = {2026}, pages = {10753-10765} }"
Kamata_B3-Seg_Camera-Free_Training-Free_3DGS_Segmentation_via_Analytic_EIG_and_Beta-Bernoulli_CVPR_2026_paper,2026,0,Neural_Rendering_NeRF_3DGS,Neural_Rendering_NeRF_3DGS|Segmentation,18.0,0.333,"B$^3$-Seg: Camera-Free, Training-Free 3DGS Segmentation via Analytic EIG and Beta-Bernoulli Bayesian Updates",Hiromichi Kamata; Samuel Arthur Munro; Fuminori Homma,3,26867-26876,True,https://openaccess.thecvf.com/content/CVPR2026/papers/Kamata_B3-Seg_Camera-Free_Training-Free_3DGS_Segmentation_via_Analytic_EIG_and_Beta-Bernoulli_CVPR_2026_paper.pdf,https://openaccess.thecvf.com/content/CVPR2026/supplemental/Kamata_B3-Seg_Camera-Free_Training-Free_CVPR_2026_supplemental.pdf,https://openaccess.thecvf.com/content/CVPR2026/html/Kamata_B3-Seg_Camera-Free_Training-Free_3DGS_Segmentation_via_Analytic_EIG_and_Beta-Bernoulli_CVPR_2026_paper.html,"Interactive 3D Gaussian Splatting (3DGS) segmentation is essential for real-time editing of pre-reconstructed assets in film and game production.However, existing methods rely on predefined camera viewpoints, ground-truth labels, or costly retraining, making them impractical for low-latency use.We propose B^3-Seg (Beta--Bernoulli Bayesian Segmentation for 3DGS), a fast and theoretically grounded method for open-vocabulary 3DGS segmentation under camera-free and training-free conditions.Our approach reformulates segmentation as sequential Beta-Bernoulli Bayesian updates and actively selects the next view via analytic Expected Information Gain (EIG).This Bayesian formulation guarantees the adaptive monotonicity and submodularity of EIG, which produces a greedy (1-1/e) approximation to the optimal view sampling policy.Experiments on multiple datasets show that B^3-Seg achieves competitive results to high-cost supervised methods while operating end-to-end segmentation within a few seconds.The results demonstrate that B^3-Seg enables practical, interactive 3DGS segmentation with provable information efficiency.","@InProceedings{Kamata_2026_CVPR, author = {Kamata, Hiromichi and Munro, Samuel Arthur and Homma, Fuminori}, title = {B\${\textasciicircum}3\$-Seg: Camera-Free, Training-Free 3DGS Segmentation via Analytic EIG and Beta-Bernoulli Bayesian Updates}, booktitle = {Proceedings of the IEEE/CVF Conference on Computer Vision and Pattern Recognition (CVPR)}, month = {June}, year = {2026}, pages = {26867-26876} }"
Peng_LoD-Loc_v3_Generalized_Aerial_Localization_in_Dense_Cities_using_Instance_CVPR_2026_paper,2026,1,Segmentation,Segmentation,5.0,0.4,LoD-Loc v3: Generalized Aerial Localization in Dense Cities using Instance Silhouette Alignment,Shuaibang Peng; Juelin Zhu; Xia Li; Kun Yang; Yu Liu; Maojun Zhang; Shen Yan,7,12193-12205,True,https://openaccess.thecvf.com/content/CVPR2026/papers/Peng_LoD-Loc_v3_Generalized_Aerial_Localization_in_Dense_Cities_using_Instance_CVPR_2026_paper.pdf,https://openaccess.thecvf.com/content/CVPR2026/supplemental/Peng_LoD-Loc_v3_Generalized_CVPR_2026_supplemental.zip,https://openaccess.thecvf.com/content/CVPR2026/html/Peng_LoD-Loc_v3_Generalized_Aerial_Localization_in_Dense_Cities_using_Instance_CVPR_2026_paper.html,"We present LoD-Loc v3, a novel method for generalized aerial visual localization in dense urban environments. While prior work LoD-Loc v2 achieves localization through semantic building silhouette alignment with low-detail city models, it suffers from two key limitations: poor cross-scene generalization and frequent failure in dense building scenes. Our method addresses these challenges through two key innovations. First, we develop a new synthetic data generation pipeline that produces InsLoD-Loc - the largest instance segmentation dataset for aerial imagery to date, comprising 100k images with precise instance building annotations. This enables trained models to exhibit remarkable zero-shot generalization capability. Second, we reformulate the localization paradigm by shifting from semantic to instance silhouette alignment, which significantly reduces pose estimation ambiguity in dense scenes. Extensive experiments demonstrate that LoD-Loc v3 outperforms existing state-of-the-art (SOTA) baselines, achieving superior performance in both cross-scene and dense urban scenarios with a large margin. The project is available at https://nudt-sawlab.github.io/LoD-Locv3/.","@InProceedings{Peng_2026_CVPR, author = {Peng, Shuaibang and Zhu, Juelin and Li, Xia and Yang, Kun and Liu, Yu and Zhang, Maojun and Yan, Shen}, title = {LoD-Loc v3: Generalized Aerial Localization in Dense Cities using Instance Silhouette Alignment}, booktitle = {Proceedings of the IEEE/CVF Conference on Computer Vision and Pattern Recognition (CVPR)}, month = {June}, year = {2026}, pages = {12193-12205} }"
Huang_Spatial-SAM_Spatially_Consistent_3D_Electron_Microscopy_Segmentation_with_SDF_Memory_CVPR_2026_paper,2026,0,Medical_Bio_RemoteSensing,Medical_Bio_RemoteSensing|Segmentation|Transfer_FewShot_DomainAdaptation,15.0,0.067,Spatial-SAM: Spatially Consistent 3D Electron Microscopy Segmentation with SDF Memory and Semi-Supervised Learning,Yikai Huang; Renmin Han; Yuxuan Wang; Youcheng Cai; Ligang Liu,5,22763-22772,True,https://openaccess.thecvf.com/content/CVPR2026/papers/Huang_Spatial-SAM_Spatially_Consistent_3D_Electron_Microscopy_Segmentation_with_SDF_Memory_CVPR_2026_paper.pdf,https://openaccess.thecvf.com/content/CVPR2026/supplemental/Huang_Spatial-SAM_Spatially_Consistent_CVPR_2026_supplemental.pdf,https://openaccess.thecvf.com/content/CVPR2026/html/Huang_Spatial-SAM_Spatially_Consistent_3D_Electron_Microscopy_Segmentation_with_SDF_Memory_CVPR_2026_paper.html,"Segment Anything Model (SAM)-based approaches have shown strong potential for biomedical image segmentation. However, these methods often struggle to preserve spatial consistency in 3D electron microscopy (3D-EM) data and still require extensive manual annotation. We propose Spatial-SAM, a spatially consistent and annotation-efficient framework for high-precision 3D-EM segmentation. It introduces a 3D Signed Distance Field (SDF) memory mechanism that replaces SAM2's memory with SDF representations precomputed by a 3D U-Net, providing richer geometric information and improving spatial consistency. It also combines SAM2's few-shot capability with a dual-track pseudo-label iterative optimization strategy to learn large-scale 3D-EM segmentation from minimal annotations. Experiments show Spatial-SAM significantly outperforms existing semi-supervised methods and performs comparably to state-of-the-art fully supervised approaches on multiple 3D-EM benchmarks, reducing annotation costs while preserving spatial consistency. Code is available at https://github.com/Giluir/Spatial-SAM.","@InProceedings{Huang_2026_CVPR, author = {Huang, Yikai and Han, Renmin and Wang, Yuxuan and Cai, Youcheng and Liu, Ligang}, title = {Spatial-SAM: Spatially Consistent 3D Electron Microscopy Segmentation with SDF Memory and Semi-Supervised Learning}, booktitle = {Proceedings of the IEEE/CVF Conference on Computer Vision and Pattern Recognition (CVPR)}, month = {June}, year = {2026}, pages = {22763-22772} }"
Ma_BiPA_Bilevel_Prompt_Adaptation_for_Underwater_Instance_Segmentation_CVPR_2026_paper,2026,1,Segmentation,Segmentation|LLM_Reasoning_Agent,22.0,0.455,BiPA: Bilevel Prompt Adaptation for Underwater Instance Segmentation,Long Ma; Haoze Zheng; Yuhang Mao; Jinyuan Liu; Chengpei Xu; Xinwei Xue; Yi Wang; Xiangjian He; Weimin Wang,9,10731-10740,True,https://openaccess.thecvf.com/content/CVPR2026/papers/Ma_BiPA_Bilevel_Prompt_Adaptation_for_Underwater_Instance_Segmentation_CVPR_2026_paper.pdf,https://openaccess.thecvf.com/content/CVPR2026/supplemental/Ma_BiPA_Bilevel_Prompt_CVPR_2026_supplemental.pdf,https://openaccess.thecvf.com/content/CVPR2026/html/Ma_BiPA_Bilevel_Prompt_Adaptation_for_Underwater_Instance_Segmentation_CVPR_2026_paper.html,"Underwater instance segmentation is essential for fine-grained scene understanding. However, underwater imagery exhibits a strong domain gap from in-air vision due to severe degradation (e.g., turbidity). Consequently, despite its general segmentation ability, SAM degrades sharply underwater. In this work, we propose BiPA, which effectively adapts SAM to the underwater domain. To be concrete, we construct an underwater SAM with dual prompts and introduce a foreground-attentive injection block to enhance local foreground representation. We formulate dense prompt learning as a bilevel optimization, explicitly capturing the mutual dependency between prompt and model. To make this tractable, we design a two-stage learning strategy. The first stage adapts the dense prompt itself, updating it with Bayesian optimization to learn efficiently. The second stage fine-tunes the model parameters under the frozen optimized prompt, which finally enables effective cross-domain adaptation. Extensive experiments and analyses verify the superiority and efficiency of BiPA. The code is publicly available at https://github.com/ZeAstra/BiPA.","@InProceedings{Ma_2026_CVPR, author = {Ma, Long and Zheng, Haoze and Mao, Yuhang and Liu, Jinyuan and Xu, Chengpei and Xue, Xinwei and Wang, Yi and He, Xiangjian and Wang, Weimin}, title = {BiPA: Bilevel Prompt Adaptation for Underwater Instance Segmentation}, booktitle = {Proceedings of the IEEE/CVF Conference on Computer Vision and Pattern Recognition (CVPR)}, month = {June}, year = {2026}, pages = {10731-10740} }"
Saluja_BackSplit_The_Importance_of_Sub-dividing_the_Background_in_Biomedical_Lesion_CVPR_2026_paper,2026,0,Medical_Bio_RemoteSensing,Medical_Bio_RemoteSensing|Segmentation,21.0,0.429,BackSplit: The Importance of Sub-dividing the Background in Biomedical Lesion Segmentation,Rachit Saluja; Asli Cihangir; Ruining Deng; Johannes C. Paetzold; Fengbei Liu; Mert R. Sabuncu,6,8492-8502,True,https://openaccess.thecvf.com/content/CVPR2026/papers/Saluja_BackSplit_The_Importance_of_Sub-dividing_the_Background_in_Biomedical_Lesion_CVPR_2026_paper.pdf,https://openaccess.thecvf.com/content/CVPR2026/supplemental/Saluja_BackSplit_The_Importance_CVPR_2026_supplemental.pdf,https://openaccess.thecvf.com/content/CVPR2026/html/Saluja_BackSplit_The_Importance_of_Sub-dividing_the_Background_in_Biomedical_Lesion_CVPR_2026_paper.html,"Segmenting small lesions in medical images remains notoriously difficult. Most prior work tackles this challenge by either designing better architectures, loss functions, or data augmentation schemes; and collecting more labeled data. We take a different view, arguing that part of the problem lies in how the background is modeled. Common lesion segmentation collapses all non-lesion pixels into a single ""background"" class, ignoring the rich anatomical context in which lesions appear. In reality, the background is highly heterogeneous--composed of tissues, organs, and other structures that can now be labeled manually or inferred automatically using existing segmentation models.In this paper, we argue that training with fine-grained labels that sub-divide the background class, which we call BackSplit, is a simple yet powerful paradigm that can offer a significant performance boost without increasing inference costs. From an information theoretic standpoint, we prove that BackSplit increases the expected Fisher Information relative to conventional binary training, leading to tighter asymptotic bounds and more stable optimization. With extensive experiments across multiple datasets and architectures, we empirically show that BackSplit consistently boosts small-lesion segmentation performance, even when auxiliary labels are generated automatically using pretrained segmentation models. Additionally, we demonstrate that auxiliary labels derived from interactive segmentation frameworks exhibit the same beneficial effect, demonstrating its robustness, simplicity, and broad applicability.","@InProceedings{Saluja_2026_CVPR, author = {Saluja, Rachit and Cihangir, Asli and Deng, Ruining and Paetzold, Johannes C. and Liu, Fengbei and Sabuncu, Mert R.}, title = {BackSplit: The Importance of Sub-dividing the Background in Biomedical Lesion Segmentation}, booktitle = {Proceedings of the IEEE/CVF Conference on Computer Vision and Pattern Recognition (CVPR)}, month = {June}, year = {2026}, pages = {8492-8502} }"
Chen_alphaMatte4K__muMatting_Dataset_and_Model_for_Ultra-Micro_Precision_Alpha_CVPR_2026_paper,2026,1,Segmentation,Segmentation|Video_Action_Recognition,18.0,0.444,$\alpha$Matte4K & $\mu$Matting: Dataset and Model for Ultra-Micro Precision Alpha Video Matting,Xinyi Chen; Hang Dong; Baowei Jiang; Shenkun Xu; Youqi Guan; Kanle Shi; Kun Gai; Haichuan Song,8,12491-12500,True,https://openaccess.thecvf.com/content/CVPR2026/papers/Chen_alphaMatte4K__muMatting_Dataset_and_Model_for_Ultra-Micro_Precision_Alpha_CVPR_2026_paper.pdf,,https://openaccess.thecvf.com/content/CVPR2026/html/Chen_alphaMatte4K__muMatting_Dataset_and_Model_for_Ultra-Micro_Precision_Alpha_CVPR_2026_paper.html,"High-resolution human video matting aims to predict accurate alpha mattes for semi-transparent regions while ensuring temporal consistency across frames. Despite notable progress, current methods still fail to achieve a satisfactory trade-off between quality and efficiency, with limitations in subject stability, temporal modeling, and computational cost. In this paper, we introduce \muMatting, an innovative resolution-agnostic two-stage framework for video matting: (1) coarse matte localization using a portrait-aware masked autoencoder; (2) refinement of critical regions via sparse 3D convolution, augmented by a temporal modulator that injects global spatio-temporal cues for enhanced consistency and contextual awareness. From data perspective, existing research remains limited by the insufficient quality of datasets, including (1) inaccurate alpha fractional values resulting from imperfect annotation, and (2) visual inconsistencies arising from arbitrary foreground-background compositions that lack natural coherence. To address this, we introduce \alphaMatte4K, a large-scale 4K-resolution human video matting dataset, which achieves accurate annotations and physical consistency through physically based rendering (PBR). Extensive experiments show that \muMatting surpasses state-of-the-art methods in accuracy and spatio-temporal consistency, while \alphaMatte4K boosts baseline performance, driving applications in real-world scenarios. The project is open-sourced at https://github.com/kadatec/mu-Matting.","@InProceedings{Chen_2026_CVPR, author = {Chen, Xinyi and Dong, Hang and Jiang, Baowei and Xu, Shenkun and Guan, Youqi and Shi, Kanle and Gai, Kun and Song, Haichuan}, title = {\${\textbackslash}alpha\$Matte4K \& \${\textbackslash}mu\$Matting: Dataset and Model for Ultra-Micro Precision Alpha Video Matting}, booktitle = {Proceedings of the IEEE/CVF Conference on Computer Vision and Pattern Recognition (CVPR)}, month = {June}, year = {2026}, pages = {12491-12500} }"
Shen_R2-Seg_Training-Free_OOD_Medical_Tumor_Segmentation_via_Anatomical_Reasoning_and_CVPR_2026_paper,2026,0,Medical_Bio_RemoteSensing,Medical_Bio_RemoteSensing|Transfer_FewShot_DomainAdaptation|Segmentation|SelfSupervised_Representation,21.0,0.286,R2-Seg: Training-Free OOD Medical Tumor Segmentation via Anatomical Reasoning and Statistical Rejection,Shuaike Shen; Ke Liu; Jiaqing Xie; Shangde Gao; Chunhua Shen; Ge Liu; Mireia Crispin-Ortuzar; Shangqi Gao,8,21669-21678,True,https://openaccess.thecvf.com/content/CVPR2026/papers/Shen_R2-Seg_Training-Free_OOD_Medical_Tumor_Segmentation_via_Anatomical_Reasoning_and_CVPR_2026_paper.pdf,https://openaccess.thecvf.com/content/CVPR2026/supplemental/Shen_R2-Seg_Training-Free_OOD_CVPR_2026_supplemental.pdf,https://openaccess.thecvf.com/content/CVPR2026/html/Shen_R2-Seg_Training-Free_OOD_Medical_Tumor_Segmentation_via_Anatomical_Reasoning_and_CVPR_2026_paper.html,"Foundation models for medical image segmentation struggle under out-of-distribution (OOD) shifts, often producing fragmented false positives on OOD tumors. We introduce **R^2-Seg**, a **training-free** framework for robust OOD tumor segmentation that operates via a two-stage **Reason-and-Reject** process. First, the **Reason** step employs an LLM-guided anatomical reasoning planner to localize organ anchors and generate multi-scale ROIs. Second, the **Reject** step applies two-sample statistical testing to candidates generated by a frozen foundation model (BiomedParse) within these ROIs. This statistical rejection filter retains only candidates significantly different from normal tissue, effectively suppressing false positives. Our framework requires no parameter updates, making it compatible with zero-update test-time augmentation and avoiding catastrophic forgetting. On multi-center and multi-modal tumor segmentation benchmarks, **R^2-Seg** substantially improves Dice, specificity, and sensitivity over strong baselines and the original foundation models.","@InProceedings{Shen_2026_CVPR, author = {Shen, Shuaike and Liu, Ke and Xie, Jiaqing and Gao, Shangde and Shen, Chunhua and Liu, Ge and Crispin-Ortuzar, Mireia and Gao, Shangqi}, title = {R2-Seg: Training-Free OOD Medical Tumor Segmentation via Anatomical Reasoning and Statistical Rejection}, booktitle = {Proceedings of the IEEE/CVF Conference on Computer Vision and Pattern Recognition (CVPR)}, month = {June}, year = {2026}, pages = {21669-21678} }"
Liu_Attack_for_Defense_Adversarial_Agents_for_Point_Prompt_Optimization_Empowering_CVPR_2026_paper,2026,0,LLM_Reasoning_Agent,LLM_Reasoning_Agent|Segmentation,24.0,0.417,Attack for Defense: Adversarial Agents for Point Prompt Optimization Empowering Segment Anything Model,Xueyu Liu; Xiaoyi Zhang; Meilin Liu; Guangze Shi; Jia Shen; Yujie Wang; Cai Zhao; Ziyuan He; Yongfei Wu; Mingqiang Wei; Yongle Chen,11,6591-6600,True,https://openaccess.thecvf.com/content/CVPR2026/papers/Liu_Attack_for_Defense_Adversarial_Agents_for_Point_Prompt_Optimization_Empowering_CVPR_2026_paper.pdf,,https://openaccess.thecvf.com/content/CVPR2026/html/Liu_Attack_for_Defense_Adversarial_Agents_for_Point_Prompt_Optimization_Empowering_CVPR_2026_paper.html,"Prompt quality plays a critical role in the performance of the Segment Anything Model (SAM), yet existing approaches often rely on heuristic or manually crafted prompts, limiting scalability and generalization. In this paper, we propose Point Prompt Defender, an adversarial reinforcement learning framework that adopts an attack-for-defense paradigm to automatically optimize point prompts. We construct a task-agnostic point prompt environment by representing image patches as nodes in a dual-space graph, where edges encode both physical and semantic distances. Within this environment, an attacker agent learns to activate a subset of prompts that maximally degrade SAM's segmentation performance, while a defender agent learns to suppress these disruptive prompts and restore accuracy. Both agents are trained using Deep Q-Networks with a reward signal based on segmentation quality variation. During inference, only the defender is deployed to refine arbitrary coarse prompt sets, enabling enhanced SAM segmentation performance across diverse tasks without retraining. Extensive experiments show that Point Prompt Defender effectively improves SAM's robustness and generalization, establishing a flexible, interpretable, and plug-and-play framework for prompt-based segmentation.","@InProceedings{Liu_2026_CVPR, author = {Liu, Xueyu and Zhang, Xiaoyi and Liu, Meilin and Shi, Guangze and Shen, Jia and Wang, Yujie and Zhao, Cai and He, Ziyuan and Wu, Yongfei and Wei, Mingqiang and Chen, Yongle}, title = {Attack for Defense: Adversarial Agents for Point Prompt Optimization Empowering Segment Anything Model}, booktitle = {Proceedings of the IEEE/CVF Conference on Computer Vision and Pattern Recognition (CVPR)}, month = {June}, year = {2026}, pages = {6591-6600} }"
Wang_CompetitorFormer_Mitigating_Query_Conflicts_for_3D_Instance_Segmentation_via_Competitive_CVPR_2026_paper,2026,1,Segmentation,Segmentation,22.0,1.0,CompetitorFormer: Mitigating Query Conflicts for 3D Instance Segmentation via Competitive Strategy,Duanchu Wang; Junjie Yang; Haoran Gong; Jing Liu; Di Wang,5,34724-34733,True,https://openaccess.thecvf.com/content/CVPR2026/papers/Wang_CompetitorFormer_Mitigating_Query_Conflicts_for_3D_Instance_Segmentation_via_Competitive_CVPR_2026_paper.pdf,https://openaccess.thecvf.com/content/CVPR2026/supplemental/Wang_CompetitorFormer_Mitigating_Query_CVPR_2026_supplemental.pdf,https://openaccess.thecvf.com/content/CVPR2026/html/Wang_CompetitorFormer_Mitigating_Query_Conflicts_for_3D_Instance_Segmentation_via_Competitive_CVPR_2026_paper.html,"Transformer-based approaches have recently become the dominant paradigm for 3D instance segmentation. These methods typically employ a multi-layer decoder that iteratively refines a set of learnable queries into instance mask predictions. However, we observe that multiple queries often target the same instance simultaneously, leading to fragmented masks for a single object. We define this phenomenon as inter-query competition, which slows convergence and limits segmentation accuracy. To address this problem, we present CompetitorFormer, a novel framework designed for Transformer-based methods. Our method mitigates inter-query competition by explicitly modeling the competitive relationships among queries. Specifically, we introduce a Query Competition Layer before each decoder stage to construct a dynamic competitive landscape, allowing each query to perceive its relative importance. In addition, the proposed Relative Relationship Encoding and Rank Cross-Attention modules enhance both self-attention and cross-attention by prioritizing dominant queries. Extensive experiments show that our approach converges faster and achieves superior performance on the ScanNetV2, ScanNet++V2, ScanNet200, and S3DIS datasets. Code is available at https://github.com/DuanchuWang/CompetitorFormer.","@InProceedings{Wang_2026_CVPR, author = {Wang, Duanchu and Yang, Junjie and Gong, Haoran and Liu, Jing and Wang, Di}, title = {CompetitorFormer: Mitigating Query Conflicts for 3D Instance Segmentation via Competitive Strategy}, booktitle = {Proceedings of the IEEE/CVF Conference on Computer Vision and Pattern Recognition (CVPR)}, month = {June}, year = {2026}, pages = {34724-34733} }"
Xu_Hilbert_Curve-Based_Attention_Enabling_Topology-Preserving_Image_Tensor_Representation_for_Semantic_CVPR_2026_paper,2026,1,Segmentation,Segmentation,21.0,0.905,Hilbert Curve-Based Attention Enabling Topology-Preserving Image Tensor Representation for Semantic Segmentation Network,Linkang Xu; Gang Li; Yue Song; Xiangxin Ji,4,13113-13122,True,https://openaccess.thecvf.com/content/CVPR2026/papers/Xu_Hilbert_Curve-Based_Attention_Enabling_Topology-Preserving_Image_Tensor_Representation_for_Semantic_CVPR_2026_paper.pdf,https://openaccess.thecvf.com/content/CVPR2026/supplemental/Xu_Hilbert_Curve-Based_Attention_CVPR_2026_supplemental.pdf,https://openaccess.thecvf.com/content/CVPR2026/html/Xu_Hilbert_Curve-Based_Attention_Enabling_Topology-Preserving_Image_Tensor_Representation_for_Semantic_CVPR_2026_paper.html,"Drone-based building defect segmentation remains challenging due to complex surface textures and illumination variations. We propose TPSegformer, a topology-preserving segmentation framework that mitigates mis-segmentation in such scenarios. Its decoder incorporates a Hilbert curve-based topology-preserving mechanism to maintain spatial continuity and boundary precision during category layer computation. A lightweight multi-scale fusion module enhances semantic representation, while global context modeling strengthens holistic perception. Experiments on the building defect dataset show that TPSegformer outperforms existing segmentation methods, achieving 80.77% mIoU and 90.22% Acc. On the Dacl10k dataset, it maintains strong generalization, reaching 44.27% mIoU and 60.32% Acc across diverse materials and defect types. The code is available at : https://github.com/mumu-k/TPSegformer","@InProceedings{Xu_2026_CVPR, author = {Xu, Linkang and Li, Gang and Song, Yue and Ji, Xiangxin}, title = {Hilbert Curve-Based Attention Enabling Topology-Preserving Image Tensor Representation for Semantic Segmentation Network}, booktitle = {Proceedings of the IEEE/CVF Conference on Computer Vision and Pattern Recognition (CVPR)}, month = {June}, year = {2026}, pages = {13113-13122} }"
He_Joint_Spectral_Image_Reconstruction_and_Semantic_Segmentation_with_Cooperative_Unfolding_CVPR_2026_paper,2026,1,Segmentation,Segmentation,30.0,0.8,Joint Spectral Image Reconstruction and Semantic Segmentation with Cooperative Unfolding,Zijun He; Ping Wang; Xiaodong Wang; Chang Chen; Xin Yuan,5,6910-6919,True,https://openaccess.thecvf.com/content/CVPR2026/papers/He_Joint_Spectral_Image_Reconstruction_and_Semantic_Segmentation_with_Cooperative_Unfolding_CVPR_2026_paper.pdf,https://openaccess.thecvf.com/content/CVPR2026/supplemental/He_Joint_Spectral_Image_CVPR_2026_supplemental.pdf,https://openaccess.thecvf.com/content/CVPR2026/html/He_Joint_Spectral_Image_Reconstruction_and_Semantic_Segmentation_with_Cooperative_Unfolding_CVPR_2026_paper.html,"Coded Aperture Snapshot Spectral Imaging (CASSI) is an emerging hyperspectral image (HSI) acquisition technique for downstream semantic segmentation. Due to the ill-posedness nature of CASSI systems, typical solutions are compelled to conduct a two-stage reconstruction-then-segmentation pipeline, namely viewing them as two separate tasks. However, we observe that such two tasks are interrelated and mutually reinforcing for representation learning, and thus separating them limits the overall accuracy and efficiency. To this end, we propose the first Cooperative Reconstruction-Segmentation Deep Unfolding Network (CRSDUN) to solve the reconstruction and segmentation tasks in parallel. To make the two mutually reinforcing, we introduce the Cross-Aggregated Super-Token Attention (CASTA) mechanism to enhance the representation interactions between HSI reconstruction and semantic segmentation. Extensive experiments on both synthetic and real-world HSI reconstruction-segmentation datasets demonstrate that our method achieves state-of-the-art in both spectral reconstruction and semantic segmentation. The code is available at \href https://github.com/zjhe02/CRSDUN https://github.com/zjhe02/CRSDUN .","@InProceedings{He_2026_CVPR, author = {He, Zijun and Wang, Ping and Wang, Xiaodong and Chen, Chang and Yuan, Xin}, title = {Joint Spectral Image Reconstruction and Semantic Segmentation with Cooperative Unfolding}, booktitle = {Proceedings of the IEEE/CVF Conference on Computer Vision and Pattern Recognition (CVPR)}, month = {June}, year = {2026}, pages = {6910-6919} }"
Ji_Spectral_Scalpel_Amplifying_Adjacent_Action_Discrepancy_via_Frequency-Selective_Filtering_for_CVPR_2026_paper,2026,1,Segmentation,Segmentation|Human_Pose_Body|Video_Action_Recognition,10.0,0.2,Spectral Scalpel: Amplifying Adjacent Action Discrepancy via Frequency-Selective Filtering for Skeleton-Based Action Segmentation,Haoyu Ji; Bowen Chen; Zhihao Yang; Wenze Huang; Yu Gao; Xueting Liu; Weihong Ren; Zhiyong Wang; Honghai Liu,9,12849-12859,True,https://openaccess.thecvf.com/content/CVPR2026/papers/Ji_Spectral_Scalpel_Amplifying_Adjacent_Action_Discrepancy_via_Frequency-Selective_Filtering_for_CVPR_2026_paper.pdf,https://openaccess.thecvf.com/content/CVPR2026/supplemental/Ji_Spectral_Scalpel_Amplifying_CVPR_2026_supplemental.pdf,https://openaccess.thecvf.com/content/CVPR2026/html/Ji_Spectral_Scalpel_Amplifying_Adjacent_Action_Discrepancy_via_Frequency-Selective_Filtering_for_CVPR_2026_paper.html,"Skeleton-based Temporal Action Segmentation (STAS) seeks to densely segment and classify diverse actions within long, untrimmed skeletal motion sequences. However, existing STAS methodologies face challenges of limited inter-class discriminability and blurred segmentation boundaries, primarily due to insufficient distinction of spatio-temporal patterns between adjacent actions. To address these limitations, we propose Spectral Scalpel, a frequency-selective filtering framework aimed at suppressing shared frequency components between adjacent distinct actions while amplifying their action-specific frequencies, thereby enhancing inter-action discrepancies and sharpening transition boundaries. Specifically, Spectral Scalpel employs adaptive multi-scale spectral filters as scalpels to edit frequency spectra, coupled with a discrepancy loss between adjacent actions serving as the surgical objective. This design amplifies representational disparities between neighboring actions, effectively mitigating boundary localization ambiguities and inter-class confusion. Furthermore, complementing long-term temporal modeling, we introduce a frequency-aware channel mixer to strengthen channel evolution by aggregating spectra across channels. This work presents a novel paradigm for STAS that extends conventional spatio-temporal modeling by incorporating frequency-domain analysis. Extensive experiments on five public datasets demonstrate that Spectral Scalpel achieves state-of-the-art performance. Code is available at https://github.com/HaoyuJi/SpecScalpel.","@InProceedings{Ji_2026_CVPR, author = {Ji, Haoyu and Chen, Bowen and Yang, Zhihao and Huang, Wenze and Gao, Yu and Liu, Xueting and Ren, Weihong and Wang, Zhiyong and Liu, Honghai}, title = {Spectral Scalpel: Amplifying Adjacent Action Discrepancy via Frequency-Selective Filtering for Skeleton-Based Action Segmentation}, booktitle = {Proceedings of the IEEE/CVF Conference on Computer Vision and Pattern Recognition (CVPR)}, month = {June}, year = {2026}, pages = {12849-12859} }"
Huang_SemiGDA_Generative_Dual-distribution_Alignment_for_Semi-Supervised_Medical_Image_Segmentation_CVPR_2026_paper,2026,0,Medical_Bio_RemoteSensing,Medical_Bio_RemoteSensing|Segmentation|Transfer_FewShot_DomainAdaptation,15.0,0.2,SemiGDA: Generative Dual-distribution Alignment for Semi-Supervised Medical Image Segmentation,Kaiwen Huang; Yi Zhou; Yizhe Zhang; Jingxiong Li; Tao Zhou,5,1450-1460,True,https://openaccess.thecvf.com/content/CVPR2026/papers/Huang_SemiGDA_Generative_Dual-distribution_Alignment_for_Semi-Supervised_Medical_Image_Segmentation_CVPR_2026_paper.pdf,https://openaccess.thecvf.com/content/CVPR2026/supplemental/Huang_SemiGDA_Generative_Dual-distribution_CVPR_2026_supplemental.pdf,https://openaccess.thecvf.com/content/CVPR2026/html/Huang_SemiGDA_Generative_Dual-distribution_Alignment_for_Semi-Supervised_Medical_Image_Segmentation_CVPR_2026_paper.html,"Semi-supervised learning addresses label scarcity and high annotation costs in medical image segmentation by exploiting the latent information in unlabeled data to enhance model performance. Traditional discriminative segmentation relies on segmentation masks, neglecting feature-level distribution constraints. This limits robust semantic representation learning and adaptive modeling of unlabeled data in scenarios with few labels. To address these limitations, we propose SemiGDA, a novel Generative Dual-distribution Alignment framework for semi-supervised medical image segmentation. Our SemiGDA overcomes the reliance of discriminative methods on large labeled datasets by aligning feature and semantic distributions to boost semantic learning and scene adaptability. Specifically, we propose a Dual-distribution Alignment Module (DAM), which employs two structurally distinct encoders to model image and mask feature distributions. It enforces their alignment in the latent space via distributional constraints, establishing structured feature consistency. Moreover, we design a Consistency-Driven Skip Adapter (CDSA) strategy, which introduces dual skip adapters (Image and Mask) to fuse multi-scale features via skip connections. Using a consistency loss, CDSA enhances cross-branch semantic alignment and reinforces fine-grained semantic consistency. Experimental results on diverse medical datasets show that our method outperforms other state-of-the-art semi-supervised segmentation methods. Code is released at: https://github.com/taozh2017/SemiGDA.","@InProceedings{Huang_2026_CVPR, author = {Huang, Kaiwen and Zhou, Yi and Zhang, Yizhe and Li, Jingxiong and Zhou, Tao}, title = {SemiGDA: Generative Dual-distribution Alignment for Semi-Supervised Medical Image Segmentation}, booktitle = {Proceedings of the IEEE/CVF Conference on Computer Vision and Pattern Recognition (CVPR)}, month = {June}, year = {2026}, pages = {1450-1460} }"
Wei_MM-OVSeg_Multimodal_Optical-SAR_Fusion_for_Open-Vocabulary_Segmentation_in_Remote_Sensing_CVPR_2026_paper,2026,0,Medical_Bio_RemoteSensing,Medical_Bio_RemoteSensing|Segmentation|Vision_Language_Multimodal,30.0,0.1,MM-OVSeg: Multimodal Optical-SAR Fusion for Open-Vocabulary Segmentation in Remote Sensing,Yimin Wei; Aoran Xiao; Hongruixuan Chen; Junshi Xia; Naoto Yokoya,5,42202-42212,True,https://openaccess.thecvf.com/content/CVPR2026/papers/Wei_MM-OVSeg_Multimodal_Optical-SAR_Fusion_for_Open-Vocabulary_Segmentation_in_Remote_Sensing_CVPR_2026_paper.pdf,https://openaccess.thecvf.com/content/CVPR2026/supplemental/Wei_MM-OVSeg_Multimodal_Optical-SAR_CVPR_2026_supplemental.pdf,https://openaccess.thecvf.com/content/CVPR2026/html/Wei_MM-OVSeg_Multimodal_Optical-SAR_Fusion_for_Open-Vocabulary_Segmentation_in_Remote_Sensing_CVPR_2026_paper.html,"Open-vocabulary segmentation enables pixel-level recognition from an open set of textual categories, allowing generalization beyond fixed classes. Despite great potential in remote sensing, progress in this area remains largely limited to clear-sky optical data and struggles under cloudy or haze-contaminated conditions. We present MM-OVSeg, a multimodal Optical-SAR fusion framework for resilient open-vocabulary segmentation under adverse weather conditions. MM-OVSeg leverages the complementary strengths of the two modalities--optical imagery provides rich spectral semantics, while synthetic aperture radar (SAR) offers cloud-penetrating structural cues. To address the cross-modal domain gap and the limited dense prediction capability of current vision-language models, we propose two key designs: a cross-modal unification process for multi-sensor representation alignment, and a dual-encoder fusion module that integrates hierarchical features from multiple vision foundation models for text-aligned multimodal segmentation. Extensive experiments demonstrate that MM-OVSeg achieves superior robustness and generalization across diverse cloud conditions. The source dataset and code are available at https://github.com/Jimmyxichen/MM-OVSeg.","@InProceedings{Wei_2026_CVPR, author = {Wei, Yimin and Xiao, Aoran and Chen, Hongruixuan and Xia, Junshi and Yokoya, Naoto}, title = {MM-OVSeg: Multimodal Optical-SAR Fusion for Open-Vocabulary Segmentation in Remote Sensing}, booktitle = {Proceedings of the IEEE/CVF Conference on Computer Vision and Pattern Recognition (CVPR)}, month = {June}, year = {2026}, pages = {42202-42212} }"
Huang_Synthetic_Object_Compositions_for_Scalable_and_Accurate_Learning_in_Detection_CVPR_2026_paper,2026,1,Segmentation,Segmentation|Object_Detection,11.0,0.364,"Synthetic Object Compositions for Scalable and Accurate Learning in Detection, Segmentation, and Grounding",Weikai Huang; Jieyu Zhang; Taoyang Jia; Chenhao Zheng; Ziqi Gao; Jae Sung Park; Ranjay Krishna,7,6388-6398,True,https://openaccess.thecvf.com/content/CVPR2026/papers/Huang_Synthetic_Object_Compositions_for_Scalable_and_Accurate_Learning_in_Detection_CVPR_2026_paper.pdf,https://openaccess.thecvf.com/content/CVPR2026/supplemental/Huang_Synthetic_Object_Compositions_CVPR_2026_supplemental.pdf,https://openaccess.thecvf.com/content/CVPR2026/html/Huang_Synthetic_Object_Compositions_for_Scalable_and_Accurate_Learning_in_Detection_CVPR_2026_paper.html,"Visual grouping--operationalized through tasks such as instance segmentation, visual grounding, and object detection--enables applications ranging from robotic perception to photo editing. These fundamental problems in computer vision are powered by large-scale, painstakingly annotated datasets. Despite their impact, these datasets are costly to build, biased in coverage, and difficult to scale. Synthetic datasets offer a promising alternative but struggle with flexibility, accuracy, and compositional diversity. We introduce SOC, an accurate and scalable data synthesis pipeline via a novel object-centric composition strategy. It composes high-quality synthetic object segments into new images using 3D geometric layout augmentation and camera configuration augmentation with generative harmonization and mask-area-weighted blending, yielding accurate and diverse masks, boxes, and referring expressions. Models trained on just 100K of our synthetic images outperform those trained on larger real datasets (GRIT 20M, V3Det 200K) and synthetic pipelines (Copy-Paste, X-Paste, SynGround, SegGen by +24-36%)--achieving +10.9 AP on LVIS and +8.4 NAcc on gRefCOCO. SOC also enables controllable dataset construction for different use cases and boosts performance in both low-data and closed-vocabulary scenarios. Augmenting LVIS and COCO with synthetic object segments delivers strong performance across different real data scales and yields even greater improvements when real data is extremely limited (+6.59 AP on 1% COCO data). Furthermore, this controllability enables targeted data generation for intra-class referring, a diagnostic grounding task we propose that requires fine-grained attribute discrimination.","@InProceedings{Huang_2026_CVPR, author = {Huang, Weikai and Zhang, Jieyu and Jia, Taoyang and Zheng, Chenhao and Gao, Ziqi and Park, Jae Sung and Krishna, Ranjay}, title = {Synthetic Object Compositions for Scalable and Accurate Learning in Detection, Segmentation, and Grounding}, booktitle = {Proceedings of the IEEE/CVF Conference on Computer Vision and Pattern Recognition (CVPR)}, month = {June}, year = {2026}, pages = {6388-6398} }"
Deng_GeoSAM2_Unleashing_the_Power_of_SAM2_for_3D_Part_Segmentation_CVPR_2026_paper,2026,1,Segmentation,Segmentation,22.0,0.682,GeoSAM2: Unleashing the Power of SAM2 for 3D Part Segmentation,Ken Deng; Yunhan Yang; Jingxiang Sun; Xihui Liu; Yebin Liu; Ding Liang; Yan-Pei Cao,7,6367-6376,True,https://openaccess.thecvf.com/content/CVPR2026/papers/Deng_GeoSAM2_Unleashing_the_Power_of_SAM2_for_3D_Part_Segmentation_CVPR_2026_paper.pdf,https://openaccess.thecvf.com/content/CVPR2026/supplemental/Deng_GeoSAM2_Unleashing_the_CVPR_2026_supplemental.pdf,https://openaccess.thecvf.com/content/CVPR2026/html/Deng_GeoSAM2_Unleashing_the_Power_of_SAM2_for_3D_Part_Segmentation_CVPR_2026_paper.html,"We introduce GeoSAM2, a prompt-controllable framework for 3D part segmentation that casts the task as multi-view 2D mask prediction. Given a textureless object, we render normal and point maps from predefined viewpoints and accept simple 2D prompts--clicks or boxes--to guide part selection. These prompts are processed by a shared SAM2 backbone augmented with LoRA and residual geometry fusion, enabling view-specific reasoning while preserving pretrained priors. The predicted masks are back-projected to the object, aggregated across views.Our method enables fine-grained, part-specific control without requiring text prompts, per-shape optimization, or full 3D labels. In contrast to global clustering or scale-based methods, prompts are explicit, spatially grounded, and interpretable. We achieve state-of-the-art class-agnostic performance on PartObjaverse-Tiny and PartNetE, outperforming both slow optimization-based pipelines and fast but coarse feedforward approaches. Our results highlight a new paradigm: aligning the paradigm of 3D segmentation with SAM2, leveraging interactive 2D inputs to unlock controllability and precision in object-level part understanding.","@InProceedings{Deng_2026_CVPR, author = {Deng, Ken and Yang, Yunhan and Sun, Jingxiang and Liu, Xihui and Liu, Yebin and Liang, Ding and Cao, Yan-Pei}, title = {GeoSAM2: Unleashing the Power of SAM2 for 3D Part Segmentation}, booktitle = {Proceedings of the IEEE/CVF Conference on Computer Vision and Pattern Recognition (CVPR)}, month = {June}, year = {2026}, pages = {6367-6376} }"
Yuan_Seeing_Through_the_Noise_Improving_Infrared_Small_Target_Detection_and_CVPR_2026_paper,2026,1,Segmentation,Segmentation,8.0,0.5,Seeing Through the Noise: Improving Infrared Small Target Detection and Segmentation from Noise Suppression Perspective,Maoxun Yuan; Duanni Meng; Ziteng Xi; Tianyi Zhao; Shiji Zhao; Yimian Dai; Xingxing Wei,7,27783-27792,True,https://openaccess.thecvf.com/content/CVPR2026/papers/Yuan_Seeing_Through_the_Noise_Improving_Infrared_Small_Target_Detection_and_CVPR_2026_paper.pdf,,https://openaccess.thecvf.com/content/CVPR2026/html/Yuan_Seeing_Through_the_Noise_Improving_Infrared_Small_Target_Detection_and_CVPR_2026_paper.html,"Infrared small target detection and segmentation (IRSTDS) is a critical yet challenging task in defense and civilian applications, owing to the dim, shapeless appearance of targets and severe background clutter. Recent CNN-based methods have achieved promising target perception results, but they only focus on enhancing feature representation to offset the impact of noise, which results in the increased false alarm problem. In this paper, through analyzing the problem from the frequency domain, we pioneer in improving performance from noise suppression perspective and propose a novel noise-suppression feature pyramid network (NS-FPN), which integrates a low-frequency guided feature purification (LFP) module and a spiral-aware feature sampling (SFS) module into the original FPN structure. The LFP module suppresses the noise features by purifying high-frequency components to achieve feature enhancement devoid of noise interference, while the SFS module further adopts spiral sampling to fuse target-relevant features in feature fusion process. Our NS-FPN is designed to be lightweight yet effective and can be easily plugged into existing IRSTDS frameworks. Extensive experiments on the IRSTD-1k and NUAA-SIRST datasets demonstrate that our method significantly reduces false alarms and achieves superior performance on IRSTDS task.","@InProceedings{Yuan_2026_CVPR, author = {Yuan, Maoxun and Meng, Duanni and Xi, Ziteng and Zhao, Tianyi and Zhao, Shiji and Dai, Yimian and Wei, Xingxing}, title = {Seeing Through the Noise: Improving Infrared Small Target Detection and Segmentation from Noise Suppression Perspective}, booktitle = {Proceedings of the IEEE/CVF Conference on Computer Vision and Pattern Recognition (CVPR)}, month = {June}, year = {2026}, pages = {27783-27792} }"
Lu_SegCompass_Exploring_Interpretable_Alignment_with_Sparse_Autoencoders_for_Enhanced_Reasoning_CVPR_2026_paper,2026,0,LLM_Reasoning_Agent,LLM_Reasoning_Agent|Trustworthy_Security_Privacy|Segmentation,18.0,0.333,SegCompass: Exploring Interpretable Alignment with Sparse Autoencoders for Enhanced Reasoning Segmentation,Zhenyu Lu; Liupeng Li; Jinpeng Wang; Haoqian Kang; Yan Feng; Ke Chen; Yaowei Wang,7,19132-19142,True,https://openaccess.thecvf.com/content/CVPR2026/papers/Lu_SegCompass_Exploring_Interpretable_Alignment_with_Sparse_Autoencoders_for_Enhanced_Reasoning_CVPR_2026_paper.pdf,https://openaccess.thecvf.com/content/CVPR2026/supplemental/Lu_SegCompass_Exploring_Interpretable_CVPR_2026_supplemental.pdf,https://openaccess.thecvf.com/content/CVPR2026/html/Lu_SegCompass_Exploring_Interpretable_Alignment_with_Sparse_Autoencoders_for_Enhanced_Reasoning_CVPR_2026_paper.html,"While large language models provide strong compositional reasoning, existing reasoning segmentation pipelines fail to transparently connect this reasoning to visual perception. Current methods, such as latent query alignment, are end-to-end yet opaque ""black boxes"". Conversely, textual localization readout is merely readable, not truly interpretable, often functioning as an unconstrained post-hoc step. To bridge this interpretability gap, we propose SegCompass, an end-to-end model that leverages a Sparse Autoencoder (SAE) to forge an explicit, interpretable, and differentiable alignment pathway. Given an image-instruction pair, SegCompass first generates a chain-of-thought (CoT) trace. The core of our method is an SAE that maps both the CoT and visual tokens into a shared, high-dimensional sparse concept space. A query codebook selects salient concepts from this space, which are then spatially grounded by a slot mapper into a multi-slot heatmap that guides the final mask decoder. The entire model is trained jointly, unifying reinforcement learning for the reasoning path with standard segmentation supervision. This SAE-driven interface provides a ""white-box"" connection that is significantly more traceable than latent queries and more coherent than textual readouts. Extensive experiments on five challenging benchmarks demonstrate that SegCompass matches or surpasses state-of-the-art performance. Crucially, our visual and quantitative analyses show a strong correlation between the quality of the learned sparse concepts and final mask accuracy, confirming that SegCompass achieves superior results through its enhanced and inspectable alignment. Code is available at https://github.com/ZhenyuLU-Heliodore/SegCompass.","@InProceedings{Lu_2026_CVPR, author = {Lu, Zhenyu and Li, Liupeng and Wang, Jinpeng and Kang, Haoqian and Feng, Yan and Chen, Ke and Wang, Yaowei}, title = {SegCompass: Exploring Interpretable Alignment with Sparse Autoencoders for Enhanced Reasoning Segmentation}, booktitle = {Proceedings of the IEEE/CVF Conference on Computer Vision and Pattern Recognition (CVPR)}, month = {June}, year = {2026}, pages = {19132-19142} }"
Sun_GeoSemba_Reconstructing_State_Space_Model_for_Cross_Paradigm_Representation_in_CVPR_2026_paper,2026,0,Medical_Bio_RemoteSensing,Medical_Bio_RemoteSensing|Segmentation,15.0,0.2,GeoSemba: Reconstructing State Space Model for Cross Paradigm Representation in Medical Image Segmentation,Xutao Sun; Jiarui Li; Junwen Liu; Yonggong Ren,4,29990-29999,True,https://openaccess.thecvf.com/content/CVPR2026/papers/Sun_GeoSemba_Reconstructing_State_Space_Model_for_Cross_Paradigm_Representation_in_CVPR_2026_paper.pdf,https://openaccess.thecvf.com/content/CVPR2026/supplemental/Sun_GeoSemba_Reconstructing_State_CVPR_2026_supplemental.pdf,https://openaccess.thecvf.com/content/CVPR2026/html/Sun_GeoSemba_Reconstructing_State_Space_Model_for_Cross_Paradigm_Representation_in_CVPR_2026_paper.html,"Mamba-based models have emerged as a promising paradigm for medical image segmentation due to their linear-complexity state-space modeling. However, their effectiveness is still limited by the mismatch between anatomical geometry and tissue-specific semantics, as well as by spatially entangled diagnostic cues. To address these limitations, we propose GeoSemba, a Mamba-based segmentation framework that jointly models cross-level geometric-semantic interactions and cross-dimensional spatial-channel dependencies within a single scan. To this end, GeoSemba comprises two complementary components. The Semantic-guided State Refiner (SSR) derives semantically discriminative region representatives and leverages geometry-conditioned inter-region dependencies to enable coherent semantic propagation across structurally related regions. The Cross-dimensional Affinity Refiner (CAR) adopts a coarse-to-fine strategy of macro-perception and micro-focus to selectively enhance informative spatial-channel interactions while suppressing weak and noisy correlations. Extensive experiments on benchmark datasets spanning six medical imaging modalities show that GeoSemba consistently delivers superior segmentation accuracy while maintaining high computational efficiency.","@InProceedings{Sun_2026_CVPR, author = {Sun, Xutao and Li, Jiarui and Liu, Junwen and Ren, Yonggong}, title = {GeoSemba: Reconstructing State Space Model for Cross Paradigm Representation in Medical Image Segmentation}, booktitle = {Proceedings of the IEEE/CVF Conference on Computer Vision and Pattern Recognition (CVPR)}, month = {June}, year = {2026}, pages = {29990-29999} }"
Shen_Fast_Reasoning_Segmentation_for_Images_and_Videos_CVPR_2026_paper,2026,0,LLM_Reasoning_Agent,LLM_Reasoning_Agent|Embodied_AI_Robotics|Segmentation,14.0,0.143,Fast Reasoning Segmentation for Images and Videos,Yiqing Shen; Mathias Unberath,2,34765-34774,True,https://openaccess.thecvf.com/content/CVPR2026/papers/Shen_Fast_Reasoning_Segmentation_for_Images_and_Videos_CVPR_2026_paper.pdf,,https://openaccess.thecvf.com/content/CVPR2026/html/Shen_Fast_Reasoning_Segmentation_for_Images_and_Videos_CVPR_2026_paper.html,"Reasoning segmentation enables open-set object segmentation via implicit text queries, therefore serving as a foundation for embodied agents that should operate autonomously in real-world environments. However, existing methods for reasoning segmentation require multimodal large language models with billions of parameters that exceed the computational capabilities of edge devices that typically deploy the embodied AI systems. Distillation offers a pathway to compress these models while preserving their capabilities. Yet, existing distillation approaches fail to transfer the multi-step reasoning capabilities that reasoning segmentation demands, as they focus on matching output predictions and intermediate features rather than preserving reasoning chains. The emerging paradigm of reasoning over digital twin representations presents an opportunity for more effective distillation by re-framing the problem. Consequently, we propose FastReasonSeg, which employs digital twin representations that decouple perception from reasoning to enable more effective distillation. Our distillation scheme first relies on supervised fine-tuning on teacher-generated reasoning chains. Then it is followed by reinforcement fine-tuning with joint rewards evaluating both segmentation accuracy and reasoning quality alignment. Experiments on two video (JiTBench, RVTBench) and two image benchmarks (ReasonSeg, LLM-Seg40K) demonstrate that our FastReasonSeg achieves state-of-the-art reasoning segmentation performance. Moreover, the distilled 0.6B variant outperforms models with 20 times more parameters while achieving 7.79 FPS throughput with only 2.1GB memory consumption. This efficiency enables deployment in resource-constrained environments to enable real-time reasoning segmentation.","@InProceedings{Shen_2026_CVPR, author = {Shen, Yiqing and Unberath, Mathias}, title = {Fast Reasoning Segmentation for Images and Videos}, booktitle = {Proceedings of the IEEE/CVF Conference on Computer Vision and Pattern Recognition (CVPR)}, month = {June}, year = {2026}, pages = {34765-34774} }"
Price_PromptMoE_A_Segmentation_Refinement_Framework_Leveraging_Mixture_of_Experts_for_CVPR_2026_paper,2026,0,LLM_Reasoning_Agent,LLM_Reasoning_Agent|Segmentation,12.0,0.167,PromptMoE: A Segmentation Refinement Framework Leveraging Mixture of Experts for Improved Prompting,Stephen Price; Danielle L. Cote; Elke A. Rundensteiner,3,6325-6335,True,https://openaccess.thecvf.com/content/CVPR2026/papers/Price_PromptMoE_A_Segmentation_Refinement_Framework_Leveraging_Mixture_of_Experts_for_CVPR_2026_paper.pdf,https://openaccess.thecvf.com/content/CVPR2026/supplemental/Price_PromptMoE_A_Segmentation_CVPR_2026_supplemental.pdf,https://openaccess.thecvf.com/content/CVPR2026/html/Price_PromptMoE_A_Segmentation_Refinement_Framework_Leveraging_Mixture_of_Experts_for_CVPR_2026_paper.html,"High-quality segmentations are critical in vision tasks where boundary accuracy is important (e.g., medical diagnostics, quality control, etc.). Recently, promptable vision models have emerged as effective backbones for segmentation refinement frameworks. However, their performance not only hinges on prompt quality, they also must overcome noisy input masks and semantically ambiguous outputs from promptable models. Existing prompt-based refiners rely on fixed prompt rules, making them brittle to changing failure modes and new tasks or domains. We propose PromptMoE, a model-agnostic MoE-driven prompting refiner effective in segmentation refinement across tasks and domains. PromptMoE features three collaborative modules to refine an initial mask: our MoE-based Image-Informed Prompting framework (IIP) takes an image and coarse mask and produces a set of expert score maps to guide prompt generation, the Dynamic Expert Selector (DES) activates only the most relevant experts and fuses their maps to avoid dense evaluation and signal dilution, and the Prompt-Placement Explorer (PPE) explores the fused guidance map to place high-confidence spatially diverse point prompts. Across five benchmark datasets (BIG, VOC, DAVIS585, ECSSD, MSRA-B), PromptMoE achieves statistically significant gains over SOTA methods CascadePSP, SegRefiner, and SAMRefiner on semantic, instance, and salient tasks, with mean improvements of +6.24 IoU / +8.99 BIoU.","@InProceedings{Price_2026_CVPR, author = {Price, Stephen and Cote, Danielle L. and Rundensteiner, Elke A.}, title = {PromptMoE: A Segmentation Refinement Framework Leveraging Mixture of Experts for Improved Prompting}, booktitle = {Proceedings of the IEEE/CVF Conference on Computer Vision and Pattern Recognition (CVPR)}, month = {June}, year = {2026}, pages = {6325-6335} }"
Xin_SegEarth-R2_Towards_Comprehensive_Language-guided_Segmentation_for_Remote_Sensing_Images_CVPR_2026_paper,2026,0,Medical_Bio_RemoteSensing,Medical_Bio_RemoteSensing|Segmentation,12.0,0.0,SegEarth-R2: Towards Comprehensive Language-guided Segmentation for Remote Sensing Images,Zepeng Xin; Kaiyu Li; Luodi Chen; Wanchen Li; Xiao Yuchen; Hui Qiao; Weizhan Zhang; Deyu Meng; Xiangyong Cao,9,13199-13210,True,https://openaccess.thecvf.com/content/CVPR2026/papers/Xin_SegEarth-R2_Towards_Comprehensive_Language-guided_Segmentation_for_Remote_Sensing_Images_CVPR_2026_paper.pdf,https://openaccess.thecvf.com/content/CVPR2026/supplemental/Xin_SegEarth-R2_Towards_Comprehensive_CVPR_2026_supplemental.pdf,https://openaccess.thecvf.com/content/CVPR2026/html/Xin_SegEarth-R2_Towards_Comprehensive_Language-guided_Segmentation_for_Remote_Sensing_Images_CVPR_2026_paper.html,"Effectively grounding complex language to pixels in remote sensing (RS) images is a critical challenge for applications like disaster response and environmental monitoring. Current models can parse simple, single-target commands but fail when presented with complex geospatial scenarios, e.g., segmenting objects at various granularities, executing multi-target instructions, and interpreting implicit user intent. To drive progress against these failures, we present LaSeRS, the first large-scale dataset built for comprehensive training and evaluation across four critical dimensions of language-guided segmentation: hierarchical granularity, target multiplicity, reasoning requirements, and linguistic variability. By capturing these dimensions, LaSeRS moves beyond simple commands, providing a benchmark for complex geospatial reasoning. This addresses a critical gap: existing datasets oversimplify, leading to sensitivity-prone real-world models. We also propose SegEarth-R2, an MLLM architecture designed for comprehensive language-guided segmentation in RS, which directly confronts these challenges. The model's effectiveness stems from two key improvements: (1) a spatial attention supervision mechanism specifically handles the localization of small objects and their components, and (2) a flexible and efficient segmentation query mechanism that handles both single-target and multi-target scenarios. Experimental results demonstrate that our SegEarth-R2 achieves outstanding performance on LaSeRS and other benchmarks, establishing a powerful baseline for the next generation of geospatial segmentation. All data and code will be released.","@InProceedings{Xin_2026_CVPR, author = {Xin, Zepeng and Li, Kaiyu and Chen, Luodi and Li, Wanchen and Yuchen, Xiao and Qiao, Hui and Zhang, Weizhan and Meng, Deyu and Cao, Xiangyong}, title = {SegEarth-R2: Towards Comprehensive Language-guided Segmentation for Remote Sensing Images}, booktitle = {Proceedings of the IEEE/CVF Conference on Computer Vision and Pattern Recognition (CVPR)}, month = {June}, year = {2026}, pages = {13199-13210} }"
Meng_Making_Training-Free_Diffusion_Segmentors_Scale_with_the_Generative_Power_CVPR_2026_paper,2026,0,Diffusion_Generative,Diffusion_Generative|Segmentation,14.0,0.143,Making Training-Free Diffusion Segmentors Scale with the Generative Power,Benyuan Meng; Qianqian Xu; Zitai Wang; Xiaochun Cao; Longtao Huang; Qingming Huang,6,35861-35871,True,https://openaccess.thecvf.com/content/CVPR2026/papers/Meng_Making_Training-Free_Diffusion_Segmentors_Scale_with_the_Generative_Power_CVPR_2026_paper.pdf,https://openaccess.thecvf.com/content/CVPR2026/supplemental/Meng_Making_Training-Free_Diffusion_CVPR_2026_supplemental.pdf,https://openaccess.thecvf.com/content/CVPR2026/html/Meng_Making_Training-Free_Diffusion_Segmentors_Scale_with_the_Generative_Power_CVPR_2026_paper.html,"As powerful generative models, text-to-image diffusion models have recently been explored for discriminative tasks. A line of research focuses on adapting a pre-trained diffusion model to semantic segmentation without any further training, leading to training-free diffusion segmentors. These methods typically rely on cross-attention maps from the model's attention layers, which are assumed to capture semantic relationships between image pixels and text tokens. Ideally, such approaches should benefit from more powerful diffusion models, i.e., stronger generative capability should lead to better segmentation. However, we observe that existing methods often fail to scale accordingly. To understand this issue, we identify two underlying gaps: (i) Cross-attention is computed across multiple heads and layers, but there exists a discrepancy between these individual attention maps and a unified global representation. (ii) Even when a global map is available, it does not directly translate to accurate semantic correlation for segmentation, due to score imbalances among different text tokens. To bridge these gaps, we propose two techniques: auto aggregation and per-pixel rescaling, which together enable training-free segmentation to better leverage generative capability. We evaluate our approach on standard semantic segmentation benchmarks and further integrate it into a generative technique, demonstrating both improved performance and broad applicability. Codes are at https://github.com/Darkbblue/goca.","@InProceedings{Meng_2026_CVPR, author = {Meng, Benyuan and Xu, Qianqian and Wang, Zitai and Cao, Xiaochun and Huang, Longtao and Huang, Qingming}, title = {Making Training-Free Diffusion Segmentors Scale with the Generative Power}, booktitle = {Proceedings of the IEEE/CVF Conference on Computer Vision and Pattern Recognition (CVPR)}, month = {June}, year = {2026}, pages = {35861-35871} }"
Huang_Hierarchical_Action_Learning_for_Weakly-Supervised_Action_Segmentation_CVPR_2026_paper,2026,1,Segmentation,Segmentation|Transfer_FewShot_DomainAdaptation,10.0,0.0,Hierarchical Action Learning for Weakly-Supervised Action Segmentation,Junxian Huang; Ruichu Cai; Juntao Fang; Hao Zhu; Boyan Xu; Weilin Chen; Zijian Li; Shenghua Gao,8,6054-6064,True,https://openaccess.thecvf.com/content/CVPR2026/papers/Huang_Hierarchical_Action_Learning_for_Weakly-Supervised_Action_Segmentation_CVPR_2026_paper.pdf,https://openaccess.thecvf.com/content/CVPR2026/supplemental/Huang_Hierarchical_Action_Learning_CVPR_2026_supplemental.pdf,https://openaccess.thecvf.com/content/CVPR2026/html/Huang_Hierarchical_Action_Learning_for_Weakly-Supervised_Action_Segmentation_CVPR_2026_paper.html,"Humans perceive actions through key transitions that structure actions across multiple abstraction levels, whereas machines, relying on visual features, tend to over-segment. This highlights the difficulty of enabling hierarchical reasoning in video understanding. Interestingly, we observe that lower-level visual and high-level action latent variables evolve at different rates, with low-level visual variables changing rapidly, while high-level action variables evolve more slowly, making them easier to identify. Building on this insight, we propose the Hierarchical Action Learning (HAL) model for weakly-supervised action segmentation. Our approach introduces a hierarchical causal data generation process, where high-level latent action govern the dynamics of low-level visual features. To model these varying timescales effectively, we introduce deterministic processes to align these latent variables over time. The HAL model employs a hierarchical pyramid transformer to capture both visual features and latent variables, and a sparse transition constraint is applied to enforce the slower dynamics of high-level action variables. This mechanism enhances the identification of these latent variables over time. Under mild assumptions, we prove that these latent action variables are strictly identifiable. Experimental results on several benchmarks show that the HAL model significantly outperforms existing methods for weakly-supervised action segmentation, confirming its practical effectiveness in real-world applications.","@InProceedings{Huang_2026_CVPR, author = {Huang, Junxian and Cai, Ruichu and Fang, Juntao and Zhu, Hao and Xu, Boyan and Chen, Weilin and Li, Zijian and Gao, Shenghua}, title = {Hierarchical Action Learning for Weakly-Supervised Action Segmentation}, booktitle = {Proceedings of the IEEE/CVF Conference on Computer Vision and Pattern Recognition (CVPR)}, month = {June}, year = {2026}, pages = {6054-6064} }"
Zhang_Seeing_Both_Sides_Towards_Bidirectional_Semantic_Alignment_for_Open-Vocabulary_Camouflaged_CVPR_2026_paper,2026,1,Segmentation,Segmentation|LLM_Reasoning_Agent,12.0,0.5,Seeing Both Sides: Towards Bidirectional Semantic Alignment for Open-Vocabulary Camouflaged Object Segmentation,Guohui Zhang; Fuming Sun; Yu Zhao; Yuqiu Kong; Jing Sun; Fasheng Wang,6,27655-27664,True,https://openaccess.thecvf.com/content/CVPR2026/papers/Zhang_Seeing_Both_Sides_Towards_Bidirectional_Semantic_Alignment_for_Open-Vocabulary_Camouflaged_CVPR_2026_paper.pdf,https://openaccess.thecvf.com/content/CVPR2026/supplemental/Zhang_Seeing_Both_Sides_CVPR_2026_supplemental.pdf,https://openaccess.thecvf.com/content/CVPR2026/html/Zhang_Seeing_Both_Sides_Towards_Bidirectional_Semantic_Alignment_for_Open-Vocabulary_Camouflaged_CVPR_2026_paper.html,"Open-Vocabulary Camouflaged Object Segmentation (OVCOS) aims to segment camouflaged objects from unseen categories under textual guidance precisely. However, existing methods often employ a unidirectional interaction strategy, where textual prompts guide the matching of visual features. Such a design neglects the bidirectional interaction between visual and language modalities, making the model vulnerable to the semantic gap between image-level textual semantics and pixel-level segmentation cues, which in turn leads to severe semantic confusion in complex camouflaged scenarios. To address this challenge, we propose BaCLIP, a novel bidirectional semantic alignment framework for OVCOS. At its core lies the Mutual Refinement and Enhancement Module (MREM), which establishes bidirectional cross-attention between visual and textual features, enabling mutual semantic calibration to resolve ambiguity and strengthen cross-modal alignment. Moreover, we introduce an Adaptive Prompt that transforms refined textual embeddings into semantic-aware prompts for Segment Anything Model (SAM), enabling direct textual guidance and improving mask precision. Experimental results on the OVCamo benchmark demonstrate that BaCLIP consistently achieves state-of-the-art performance with a compact architecture, effectively mitigating semantic confusion and advancing the understanding of cross-modal camouflage perception. Our code is released at https://github.com/okmaybach/BaCLIP-CVPR2026.","@InProceedings{Zhang_2026_CVPR, author = {Zhang, Guohui and Sun, Fuming and Zhao, Yu and Kong, Yuqiu and Sun, Jing and Wang, Fasheng}, title = {Seeing Both Sides: Towards Bidirectional Semantic Alignment for Open-Vocabulary Camouflaged Object Segmentation}, booktitle = {Proceedings of the IEEE/CVF Conference on Computer Vision and Pattern Recognition (CVPR)}, month = {June}, year = {2026}, pages = {27655-27664} }"
Choi_Instruction-Guided_Lesion_Segmentation_for_Chest_X-rays_with_Automatically_Generated_Large-Scale_CVPR_2026_paper,2026,0,Medical_Bio_RemoteSensing,Medical_Bio_RemoteSensing|Segmentation,26.0,0.538,Instruction-Guided Lesion Segmentation for Chest X-rays with Automatically Generated Large-Scale Dataset,Geon Choi; Hangyul Yoon; Hyunju Shin; Hyunki Park; Sang Hoon Seo; Eunho Yang; Edward Choi,7,1482-1492,True,https://openaccess.thecvf.com/content/CVPR2026/papers/Choi_Instruction-Guided_Lesion_Segmentation_for_Chest_X-rays_with_Automatically_Generated_Large-Scale_CVPR_2026_paper.pdf,https://openaccess.thecvf.com/content/CVPR2026/supplemental/Choi_Instruction-Guided_Lesion_Segmentation_CVPR_2026_supplemental.pdf,https://openaccess.thecvf.com/content/CVPR2026/html/Choi_Instruction-Guided_Lesion_Segmentation_for_Chest_X-rays_with_Automatically_Generated_Large-Scale_CVPR_2026_paper.html,"The applicability of current lesion segmentation models for chest X-rays (CXRs) has been limited both by a small number of target labels and the reliance on complex, expert-level text inputs, creating a barrier to practical use. To address these limitations, we introduce instruction-guided lesion segmentation (ILS), a medical-domain adaptation of referring image segmentation (RIS) designed to segment diverse lesion types based on simple, user-friendly instructions. Under this task, we construct MIMIC-ILS, the first large-scale instruction-answer dataset for CXR lesion segmentation, using our fully automated multimodal pipeline that generates annotations from CXR images and their corresponding reports. MIMIC-ILS contains 1.1M instruction-answer pairs derived from 192K images and 91K unique segmentation masks, covering seven major lesion types. To empirically demonstrate its utility, we present ROSALIA, a LISA model fine-tuned on the MIMIC-ILS dataset. ROSALIA can segment diverse lesions and provide textual explanations in response to user instructions. The model achieves high accuracy in our newly proposed task, highlighting the effectiveness of our pipeline and the value of MIMIC-ILS as a foundational resource for pixel-level CXR lesion grounding. The dataset and model are available at https://github.com/checkoneee/ROSALIA.","@InProceedings{Choi_2026_CVPR, author = {Choi, Geon and Yoon, Hangyul and Shin, Hyunju and Park, Hyunki and Seo, Sang Hoon and Yang, Eunho and Choi, Edward}, title = {Instruction-Guided Lesion Segmentation for Chest X-rays with Automatically Generated Large-Scale Dataset}, booktitle = {Proceedings of the IEEE/CVF Conference on Computer Vision and Pattern Recognition (CVPR)}, month = {June}, year = {2026}, pages = {1482-1492} }"
Bock_MUFASA_A_Multi-Layer_Framework_for_Slot_Attention_CVPR_2026_paper,2026,1,Segmentation,Segmentation,4.0,0.5,MUFASA: A Multi-Layer Framework for Slot Attention,Sebastian Bock; Leonie Schüßler; Krishnakant Singh; Simone Schaub-Meyer; Stefan Roth,5,27750-27760,True,https://openaccess.thecvf.com/content/CVPR2026/papers/Bock_MUFASA_A_Multi-Layer_Framework_for_Slot_Attention_CVPR_2026_paper.pdf,https://openaccess.thecvf.com/content/CVPR2026/supplemental/Bock_MUFASA_A_Multi-Layer_CVPR_2026_supplemental.pdf,https://openaccess.thecvf.com/content/CVPR2026/html/Bock_MUFASA_A_Multi-Layer_Framework_for_Slot_Attention_CVPR_2026_paper.html,"Unsupervised object-centric learning (OCL) decomposes visual scenes into distinct entities. Slot attention is a popular approach that represents individual objects as latent vectors, called slots. Current methods obtain these slot representations solely from the last layer of a pre-trained vision transformer (ViT), ignoring valuable, semantically rich information encoded across the other layers. To better utilize this latent semantic information, we introduce MUFASA, a lightweight plug-and-play framework for slot-attention-based approaches to unsupervised object segmentation. Our model computes slot attention across multiple feature layers of the ViT encoder, fully leveraging their semantic richness. We propose a fusion strategy to aggregate slots obtained on multiple layers into a unified object-centric representation. Integrating MUFASA into existing OCL methods improves their segmentation results across multiple datasets, setting a new state of the art while simultaneously improving training convergence with only minor inference overhead.","@InProceedings{Bock_2026_CVPR, author = {Bock, Sebastian and Sch\""u{\ss}ler, Leonie and Singh, Krishnakant and Schaub-Meyer, Simone and Roth, Stefan}, title = {MUFASA: A Multi-Layer Framework for Slot Attention}, booktitle = {Proceedings of the IEEE/CVF Conference on Computer Vision and Pattern Recognition (CVPR)}, month = {June}, year = {2026}, pages = {27750-27760} }"
Wu_MVGGT_Multimodal_Visual_Geometry_Grounded_Transformer_for_Multiview_3D_Referring_CVPR_2026_paper,2026,1,Segmentation,Segmentation|Vision_Language_Multimodal,27.0,0.333,MVGGT: Multimodal Visual Geometry Grounded Transformer for Multiview 3D Referring Expression Segmentation,Changli Wu; Haodong Wang; Jiayi Ji; Yutian Yao; Chunsai Du; Jihua Kang; Yanwei Fu; Liujuan Cao,8,16800-16810,True,https://openaccess.thecvf.com/content/CVPR2026/papers/Wu_MVGGT_Multimodal_Visual_Geometry_Grounded_Transformer_for_Multiview_3D_Referring_CVPR_2026_paper.pdf,https://openaccess.thecvf.com/content/CVPR2026/supplemental/Wu_MVGGT_Multimodal_Visual_CVPR_2026_supplemental.zip,https://openaccess.thecvf.com/content/CVPR2026/html/Wu_MVGGT_Multimodal_Visual_Geometry_Grounded_Transformer_for_Multiview_3D_Referring_CVPR_2026_paper.html,"Most existing 3D referring expression segmentation (3DRES) methods rely on dense, high-quality point clouds, while real-world agents such as robots and mobile phones operate with only a few sparse RGB views and strict latency constraints. We introduce Multi-view 3D Referring Expression Segmentation (MV-3DRES), where the model must recover scene structure and segment the referred object directly from sparse multi-view images. Traditional two-stage pipelines, which first reconstruct a point cloud and then perform segmentation, often yield low-quality geometry, produce coarse or degraded target regions, and run slowly. We propose the Multimodal Visual Geometry Grounded Transformer (MVGGT), an efficient end-to-end framework that integrates language information into sparse-view geometric reasoning through a dual-branch design. Training in this setting exposes a critical optimization barrier, termed Foreground Gradient Dilution (FGD), where sparse 3D signals lead to weak supervision. To resolve this, we introduce Per-view No-target Suppression Optimization (PVSO), which provides stronger and more balanced gradients across views, enabling stable and efficient learning. To support consistent evaluation, we build MVRefer, a benchmark that defines standardized settings and metrics for MV-3DRES. Experiments show that MVGGT establishes the first strong baseline and achieves both high accuracy and fast inference, outperforming existing alternatives. The code is available at https://mvggt.github.io/.","@InProceedings{Wu_2026_CVPR, author = {Wu, Changli and Wang, Haodong and Ji, Jiayi and Yao, Yutian and Du, Chunsai and Kang, Jihua and Fu, Yanwei and Cao, Liujuan}, title = {MVGGT: Multimodal Visual Geometry Grounded Transformer for Multiview 3D Referring Expression Segmentation}, booktitle = {Proceedings of the IEEE/CVF Conference on Computer Vision and Pattern Recognition (CVPR)}, month = {June}, year = {2026}, pages = {16800-16810} }"
Han_Image-to-Point_Cloud_Feature_Back-Projection_for_Multimodal_Training_of_3D_Semantic_CVPR_2026_paper,2026,1,Segmentation,Segmentation|3D_Reconstruction|Vision_Language_Multimodal|Autonomous_Driving,20.0,0.25,Image-to-Point Cloud Feature Back-Projection for Multimodal Training of 3D Semantic Segmentation,Jiawei Han; Matteo Poggi; Li Huan; Changshuo Wang; Kaiqi Liu; Wei Li,6,42049-42060,True,https://openaccess.thecvf.com/content/CVPR2026/papers/Han_Image-to-Point_Cloud_Feature_Back-Projection_for_Multimodal_Training_of_3D_Semantic_CVPR_2026_paper.pdf,https://openaccess.thecvf.com/content/CVPR2026/supplemental/Han_Image-to-Point_Cloud_Feature_CVPR_2026_supplemental.pdf,https://openaccess.thecvf.com/content/CVPR2026/html/Han_Image-to-Point_Cloud_Feature_Back-Projection_for_Multimodal_Training_of_3D_Semantic_CVPR_2026_paper.html,"The effective integration and utilization of multimodal data acquired from image cameras and LiDAR is of paramount importance for perception systems. This paper proposes **I**mage-to-**P**oint Cloud **F**eature Back-**P**rojection (**IPFP**), a novel method for training multimodal fusion networks that back-projects aggregated image-feature centers (from non-projection-aligned image pixels) into the point-cloud feature set via the estimated depth map. Consequently, image features and point cloud features reside within the same three-dimensional space, enabling the natural enrichment of image information into the point cloud during the network forward pass. This process can be selectively enabled when desired -- for instance, at training time -- and turned off in the absence of multimodal data -- for example, at testing time if only LiDAR sensors are available. Experimental results demonstrate that **IPFP** can consistently improve state-of-the-art 3D semantic segmentation models, while retaining the ability to process LiDAR-only data at inference.","@InProceedings{Han_2026_CVPR, author = {Han, Jiawei and Poggi, Matteo and Huan, Li and Wang, Changshuo and Liu, Kaiqi and Li, Wei}, title = {Image-to-Point Cloud Feature Back-Projection for Multimodal Training of 3D Semantic Segmentation}, booktitle = {Proceedings of the IEEE/CVF Conference on Computer Vision and Pattern Recognition (CVPR)}, month = {June}, year = {2026}, pages = {42049-42060} }"
Tao_GeoGuide_Hierarchical_Geometric_Guidance_for_Open-Vocabulary_3D_Semantic_Segmentation_CVPR_2026_paper,2026,1,Segmentation,Segmentation,22.0,1.0,GeoGuide: Hierarchical Geometric Guidance for Open-Vocabulary 3D Semantic Segmentation,Xujing Tao; Chuxin Wang; Yubo Ai; Zhixin Cheng; Zhuoyuan Li; Liangsheng Liu; Yujia Chen; Xinjun Li; Qiao Li; Wenfei Yang; Tianzhu Zhang,11,26855-26866,True,https://openaccess.thecvf.com/content/CVPR2026/papers/Tao_GeoGuide_Hierarchical_Geometric_Guidance_for_Open-Vocabulary_3D_Semantic_Segmentation_CVPR_2026_paper.pdf,https://openaccess.thecvf.com/content/CVPR2026/supplemental/Tao_GeoGuide_Hierarchical_Geometric_CVPR_2026_supplemental.pdf,https://openaccess.thecvf.com/content/CVPR2026/html/Tao_GeoGuide_Hierarchical_Geometric_Guidance_for_Open-Vocabulary_3D_Semantic_Segmentation_CVPR_2026_paper.html,"Open-vocabulary 3D semantic segmentation aims to segment arbitrary categories beyond the training set. Existing methods predominantly rely on distilling knowledge from 2D open-vocabulary models. However, aligning 3D features to the 2D representation space restricts intrinsic 3D geometric learning and inherits errors from 2D predictions. To address these limitations, we propose GeoGuide, a novel framework that leverages pretrained 3D models to integrate hierarchical geometry-semantic consistency for open-vocabulary 3D segmentation. Specifically, we introduce an Uncertainty-based Superpoint Distillation module to fuse geometric and semantic features for estimating per-point uncertainty, adaptively weighting 2D features within superpoints to suppress noise while preserving discriminative information to enhance local semantic consistency. Furthermore, our Instance-level Mask Reconstruction module leverages geometric priors to enforce semantic consistency within instances by reconstructing complete instance masks. Additionally, our Inter-Instance Relation Consistency module aligns geometric and semantic similarity matrices to calibrate cross-instance consistency for same-category objects, mitigating viewpoint-induced semantic drift. Extensive experiments on ScanNet v2, Matterport3D, and nuScenes demonstrate the superior performance of GeoGuide.","@InProceedings{Tao_2026_CVPR, author = {Tao, Xujing and Wang, Chuxin and Ai, Yubo and Cheng, Zhixin and Li, Zhuoyuan and Liu, Liangsheng and Chen, Yujia and Li, Xinjun and Li, Qiao and Yang, Wenfei and Zhang, Tianzhu}, title = {GeoGuide: Hierarchical Geometric Guidance for Open-Vocabulary 3D Semantic Segmentation}, booktitle = {Proceedings of the IEEE/CVF Conference on Computer Vision and Pattern Recognition (CVPR)}, month = {June}, year = {2026}, pages = {26855-26866} }"
Zhang_Diffusion-Based_Native_Adversarial_Synthesis_for_Enhanced_Medical_Segmentation_Generalization_CVPR_2026_paper,2026,0,Medical_Bio_RemoteSensing,Medical_Bio_RemoteSensing|Diffusion_Generative|Segmentation,12.0,0.25,Diffusion-Based Native Adversarial Synthesis for Enhanced Medical Segmentation Generalization,Hongyu Zhang; Haipeng Chen; Zhimin Xu; Chengxin Yang; Yingda Lyu,5,1461-1471,True,https://openaccess.thecvf.com/content/CVPR2026/papers/Zhang_Diffusion-Based_Native_Adversarial_Synthesis_for_Enhanced_Medical_Segmentation_Generalization_CVPR_2026_paper.pdf,https://openaccess.thecvf.com/content/CVPR2026/supplemental/Zhang_Diffusion-Based_Native_Adversarial_CVPR_2026_supplemental.pdf,https://openaccess.thecvf.com/content/CVPR2026/html/Zhang_Diffusion-Based_Native_Adversarial_Synthesis_for_Enhanced_Medical_Segmentation_Generalization_CVPR_2026_paper.html,"Diffusion models (DMs) can generate anatomically realistic medical images, offering a compelling route to improving generalization through synthetic augmentation. Yet high visual realism does not necessarily translate into improved downstream utility. This work addresses two key questions in diffusion-driven augmentation. First, what should be synthesized? We show that synthetic adversariality, namely the expected empirical loss induced by synthetic samples, is a key driver of generalization. More importantly, only native adversariality, arising from hard examples supported by the diffusion model distribution, yields consistent gains, whereas artificial adversariality induced by attack-based perturbations is detrimental. Second, how should such samples be synthesized? We propose the Adversariality Miner, a lightweight module that optimizes the initial noise to mine natively adversarial samples without modifying or retraining the diffusion model. Extensive experiments across diverse diffusion backbones and medical benchmarks confirm the effectiveness of our approach, establishing a principled path toward diffusion-driven generalization.","@InProceedings{Zhang_2026_CVPR, author = {Zhang, Hongyu and Chen, Haipeng and Xu, Zhimin and Yang, Chengxin and Lyu, Yingda}, title = {Diffusion-Based Native Adversarial Synthesis for Enhanced Medical Segmentation Generalization}, booktitle = {Proceedings of the IEEE/CVF Conference on Computer Vision and Pattern Recognition (CVPR)}, month = {June}, year = {2026}, pages = {1461-1471} }"
Zhu_RS-SSM_Refining_Forgotten_Specifics_in_State_Space_Model_for_Video_CVPR_2026_paper,2026,1,Segmentation,Segmentation,27.0,0.704,RS-SSM: Refining Forgotten Specifics in State Space Model for Video Semantic Segmentation,Kai Zhu; Zhenyu Cui; Zehua Zang; Jiahuan Zhou,4,10741-10752,True,https://openaccess.thecvf.com/content/CVPR2026/papers/Zhu_RS-SSM_Refining_Forgotten_Specifics_in_State_Space_Model_for_Video_CVPR_2026_paper.pdf,https://openaccess.thecvf.com/content/CVPR2026/supplemental/Zhu_RS-SSM_Refining_Forgotten_CVPR_2026_supplemental.pdf,https://openaccess.thecvf.com/content/CVPR2026/html/Zhu_RS-SSM_Refining_Forgotten_Specifics_in_State_Space_Model_for_Video_CVPR_2026_paper.html,"Recently, state space models have demonstrated efficient video segmentation through linear-complexity state space compression. However, Video Semantic Segmentation (VSS) requires pixel-level spatiotemporal modeling capabilities to maintain temporal consistency in segmentation of semantic objects. While state space models can preserve common semantic information during state space compression, the fixed-size state space inevitably forgets specific information, which limits the models' capability for pixel-level segmentation. To tackle the above issue, we proposed a Refining Specifics State Space Model approach (RS-SSM) for video semantic segmentation, which performs complementary refining of forgotten spatiotemporal specifics. Specifically, a Channel-wise Amplitude Perceptron (CwAP) is designed to extract and align the distribution characteristics of specific information in the state space. Besides, a Forgetting Gate Information Refiner (FGIR) is proposed to adaptively invert and refine the forgetting gate matrix in the state space model based on the specific information distribution. Consequently, our RS-SSM leverages the inverted forgetting gate to complementarily refine the specific information forgotten during state space compression, thereby enhancing the model's capability for spatiotemporal pixel-level segmentation. Extensive experiments on four VSS benchmarks demonstrate that our RS-SSM achieves state-of-the-art performance while maintaining high computational efficiency. The code is available at https://github.com/zhoujiahuan1991/CVPR2026-RS-SSM.","@InProceedings{Zhu_2026_CVPR, author = {Zhu, Kai and Cui, Zhenyu and Zang, Zehua and Zhou, Jiahuan}, title = {RS-SSM: Refining Forgotten Specifics in State Space Model for Video Semantic Segmentation}, booktitle = {Proceedings of the IEEE/CVF Conference on Computer Vision and Pattern Recognition (CVPR)}, month = {June}, year = {2026}, pages = {10741-10752} }"
Seo_Upsample_Anything_A_Simple_and_Hard_to_Beat_Baseline_for_CVPR_2026_paper,2026,1,Segmentation,Segmentation,5.0,0.4,Upsample Anything: A Simple and Hard to Beat Baseline for Feature Upsampling,Minseok Seo; Mark Hamilton; Changick Kim,3,29707-29716,True,https://openaccess.thecvf.com/content/CVPR2026/papers/Seo_Upsample_Anything_A_Simple_and_Hard_to_Beat_Baseline_for_CVPR_2026_paper.pdf,https://openaccess.thecvf.com/content/CVPR2026/supplemental/Seo_Upsample_Anything_A_CVPR_2026_supplemental.pdf,https://openaccess.thecvf.com/content/CVPR2026/html/Seo_Upsample_Anything_A_Simple_and_Hard_to_Beat_Baseline_for_CVPR_2026_paper.html,"We present Upsample Anything, a lightweight test-time optimization (TTO) framework that restores low-resolution features to high-resolution, pixel-wise outputs without any training. Although Vision Foundation Models demonstrate strong generalization across diverse downstream tasks, their representations are typically downsampled by 14x/16x (e.g., ViT), which limits their direct use in pixel-level applications. Existing feature upsampling approaches depend on dataset-specific retraining or heavy implicit optimization, restricting scalability and generalization. Upsample Anything addresses these issues through a simple per-image optimization that learns an anisotropic Gaussian kernel combining spatial and range cues, effectively bridging Gaussian Splatting and Joint Bilateral Upsampling. The learned kernel acts as a universal, edge-aware operator that transfers seamlessly across architectures and modalities, enabling precise high-resolution reconstruction of features, depth, or probability maps. It runs in only ~0.419 \text s per 224x224 image and achieves state-of-the-art performance on semantic segmentation, depth estimation, and both depth and probability map upsampling. Project page: \href https://seominseok0429.github.io/Upsample-Anything/ https://seominseok0429.github.io/Upsample-Anything/","@InProceedings{Seo_2026_CVPR, author = {Seo, Minseok and Hamilton, Mark and Kim, Changick}, title = {Upsample Anything: A Simple and Hard to Beat Baseline for Feature Upsampling}, booktitle = {Proceedings of the IEEE/CVF Conference on Computer Vision and Pattern Recognition (CVPR)}, month = {June}, year = {2026}, pages = {29707-29716} }"
Ye_LangRef3DGS_Natural_Language-Guided_3D_Referential_Segmentation_from_Partial_Observations_via_CVPR_2026_paper,2026,0,Neural_Rendering_NeRF_3DGS,Neural_Rendering_NeRF_3DGS|Segmentation,15.0,0.133,LangRef3DGS: Natural Language-Guided 3D Referential Segmentation from Partial Observations via 3D Gaussian Splatting,Xulun Ye; Qin Zhang; Kun Zhou,3,38595-38605,True,https://openaccess.thecvf.com/content/CVPR2026/papers/Ye_LangRef3DGS_Natural_Language-Guided_3D_Referential_Segmentation_from_Partial_Observations_via_CVPR_2026_paper.pdf,https://openaccess.thecvf.com/content/CVPR2026/supplemental/Ye_LangRef3DGS_Natural_Language-Guided_CVPR_2026_supplemental.pdf,https://openaccess.thecvf.com/content/CVPR2026/html/Ye_LangRef3DGS_Natural_Language-Guided_3D_Referential_Segmentation_from_Partial_Observations_via_CVPR_2026_paper.html,"Language-guided 3D segmentation is crucial for linking 3D perception with semantic understanding, yet it remains vulnerable to the sparse and occluded views common in real-world RGB-D data. To overcome this, we present a real-time framework that leverages 3D Gaussian Splatting (3DGS) to build a semantically continuous and differentiable embedding field from partial observations. Our approach integrates two key components: a Dirichlet Process (DP) for the adaptive discovery of novel object categories, and a gradient low-rank mechanism that enhances class separability by reducing feature redundancy. This combination enables robust open-vocabulary segmentation guided directly by text prompts. Extensive experiments on challenging benchmarks demonstrate that our method achieves strong performance, exhibiting superior accuracy, robustness to partial inputs, and a powerful capacity for novel class discovery.Our code and models are available at https://github.com/Tap12345/LangGS.","@InProceedings{Ye_2026_CVPR, author = {Ye, Xulun and Zhang, Qin and Zhou, Kun}, title = {LangRef3DGS: Natural Language-Guided 3D Referential Segmentation from Partial Observations via 3D Gaussian Splatting}, booktitle = {Proceedings of the IEEE/CVF Conference on Computer Vision and Pattern Recognition (CVPR)}, month = {June}, year = {2026}, pages = {38595-38605} }"
Mahalingam_Computer_Vision_with_a_Superpixelation_Camera_CVPR_2026_paper,2026,1,Segmentation,Segmentation,6.0,0.333,Computer Vision with a Superpixelation Camera,Sasidharan Mahalingam; Rachel Brown; Atul Ingle,3,41773-41783,True,https://openaccess.thecvf.com/content/CVPR2026/papers/Mahalingam_Computer_Vision_with_a_Superpixelation_Camera_CVPR_2026_paper.pdf,https://openaccess.thecvf.com/content/CVPR2026/supplemental/Mahalingam_Computer_Vision_with_CVPR_2026_supplemental.zip,https://openaccess.thecvf.com/content/CVPR2026/html/Mahalingam_Computer_Vision_with_a_Superpixelation_Camera_CVPR_2026_paper.html,"Conventional cameras generate a lot of data that can be challenging to process in resource-constrained applications. Usually, cameras generate data streams on the order of the number of pixels in the image. However, most of this captured data is redundant for many downstream computer vision algorithms. We propose a novel camera design, which we call SuperCam, that adaptively processes captured data by performing superpixel segmentation on the fly. We show that SuperCam performs better than current state-of-the-art superpixel algorithms under memory-constrained situations. We also compare how well SuperCam performs when the compressed data is used for downstream computer vision tasks. Our results demonstrate that the proposed design provides superior output for image segmentation, object detection, and monocular depth estimation in situations where the available memory on the camera is limited. We posit that superpixel segmentation will play a crucial role as more computer vision inference models are deployed in edge devices. SuperCam would allow computer vision engineers to design more efficient systems for these applications.","@InProceedings{Mahalingam_2026_CVPR, author = {Mahalingam, Sasidharan and Brown, Rachel and Ingle, Atul}, title = {Computer Vision with a Superpixelation Camera}, booktitle = {Proceedings of the IEEE/CVF Conference on Computer Vision and Pattern Recognition (CVPR)}, month = {June}, year = {2026}, pages = {41773-41783} }"
Yang_Discover_Segment_and_Select_A_Progressive_Mechanism_for_Zero-shot_Camouflaged_CVPR_2026_paper,2026,1,Segmentation,Segmentation|LLM_Reasoning_Agent,12.0,0.083,"Discover, Segment, and Select: A Progressive Mechanism for Zero-shot Camouflaged Object Segmentation",Yilong Yang; Jianxin Tian; Shengchuan Zhang; Liujuan Cao,4,34745-34754,True,https://openaccess.thecvf.com/content/CVPR2026/papers/Yang_Discover_Segment_and_Select_A_Progressive_Mechanism_for_Zero-shot_Camouflaged_CVPR_2026_paper.pdf,https://openaccess.thecvf.com/content/CVPR2026/supplemental/Yang_Discover_Segment_and_CVPR_2026_supplemental.pdf,https://openaccess.thecvf.com/content/CVPR2026/html/Yang_Discover_Segment_and_Select_A_Progressive_Mechanism_for_Zero-shot_Camouflaged_CVPR_2026_paper.html,"Current zero-shot camouflaged object segmentation methods typically employ a two-stage pipeline (discover-then-segment): using MLLMs to obtain visual prompts, followed by SAM segmentation. However, relying solely on MLLMs for camouflaged object discovery often leads to inaccurate localization, false positives, and missed detections. To address these issues, we propose the Discover-Segment-Select (DSS) mechanism, a three-stage framework that progressively refines the segmentation process. The proposed method contains a Feature-driven Object Discovery (FOD) module that leverages visual features to generate diverse object proposals, a segmentation module that refines these proposals through SAM segmentation, and a Semantic-driven Mask Selection (SMS) module that employs MLLMs to evaluate and select the optimal segmentation mask from multiple candidates. Extensive experiments on four benchmarks demonstrate that our method achieves state-of-the-art performance with lower GPU memory consumption. Code will be released at https://github.com/ynulonger/DSS.git.","@InProceedings{Yang_2026_CVPR, author = {Yang, Yilong and Tian, Jianxin and Zhang, Shengchuan and Cao, Liujuan}, title = {Discover, Segment, and Select: A Progressive Mechanism for Zero-shot Camouflaged Object Segmentation}, booktitle = {Proceedings of the IEEE/CVF Conference on Computer Vision and Pattern Recognition (CVPR)}, month = {June}, year = {2026}, pages = {34745-34754} }"
Wu_Consistent_Instance_Field_for_Dynamic_Scene_Understanding_CVPR_2026_paper,2026,1,Segmentation,Segmentation,5.0,0.6,Consistent Instance Field for Dynamic Scene Understanding,Junyi Wu; Van Nguyen Nguyen; Benjamin Planche; Jiachen Tao; Changchang Sun; Zhongpai Gao; Zhenghao Zhao; Anwesa Choudhuri; Gengyu Zhang; Meng Zheng; Feiran Wang; Terrence Chen; Yan Yan; Ziyan Wu,14,3783-3793,True,https://openaccess.thecvf.com/content/CVPR2026/papers/Wu_Consistent_Instance_Field_for_Dynamic_Scene_Understanding_CVPR_2026_paper.pdf,https://openaccess.thecvf.com/content/CVPR2026/supplemental/Wu_Consistent_Instance_Field_CVPR_2026_supplemental.pdf,https://openaccess.thecvf.com/content/CVPR2026/html/Wu_Consistent_Instance_Field_for_Dynamic_Scene_Understanding_CVPR_2026_paper.html,"We introduce Consistent Instance Field, a continuous and probabilistic spatio-temporal representation for dynamic scene understanding.Unlike prior methods that rely on discrete tracking or view-dependent features, our approach disentangles visibility from persistent object identity by modeling each space-time point with an occupancy probability and a conditional instance distribution. To realize this, we introduce a novel instance-embedded representation based on deformable 3D Gaussians, which jointly encode radiance and semantic information and are learned directly from input RGB images and instance masks through differentiable rasterization.Furthermore, we introduce new mechanisms to calibrate per-Gaussian identities and resample Gaussians toward semantically active regions, ensuring consistent instance representations across space and time. Experiments on HyperNeRF and Neu3D datasets demonstrate that our method significantly outperforms state-of-the-art methods on novel-view panoptic segmentation and open-vocabulary 4D querying tasks.","@InProceedings{Wu_2026_CVPR, author = {Wu, Junyi and Nguyen, Van Nguyen and Planche, Benjamin and Tao, Jiachen and Sun, Changchang and Gao, Zhongpai and Zhao, Zhenghao and Choudhuri, Anwesa and Zhang, Gengyu and Zheng, Meng and Wang, Feiran and Chen, Terrence and Yan, Yan and Wu, Ziyan}, title = {Consistent Instance Field for Dynamic Scene Understanding}, booktitle = {Proceedings of the IEEE/CVF Conference on Computer Vision and Pattern Recognition (CVPR)}, month = {June}, year = {2026}, pages = {3783-3793} }"
Gole_Hyperbolic_Prototype_Learning_with_Uncertainty-Aware_Consistency_for_Continual_Test-Time_Segmentation_CVPR_2026_paper,2026,1,Segmentation,Segmentation,13.0,0.769,Hyperbolic Prototype Learning with Uncertainty-Aware Consistency for Continual Test-Time Segmentation,Siddhant Gole; Akash Pal; Amit More; S Divakar Bhat; Subhasis Chaudhuri; Biplab Banerjee,6,34694-34703,True,https://openaccess.thecvf.com/content/CVPR2026/papers/Gole_Hyperbolic_Prototype_Learning_with_Uncertainty-Aware_Consistency_for_Continual_Test-Time_Segmentation_CVPR_2026_paper.pdf,https://openaccess.thecvf.com/content/CVPR2026/supplemental/Gole_Hyperbolic_Prototype_Learning_CVPR_2026_supplemental.pdf,https://openaccess.thecvf.com/content/CVPR2026/html/Gole_Hyperbolic_Prototype_Learning_with_Uncertainty-Aware_Consistency_for_Continual_Test-Time_Segmentation_CVPR_2026_paper.html,"Continual Test-Time Adaptation (CTTA) for semantic segmentation is vital for deploying vision models in dynamic environments with persistent domain shifts. Existing methods often degrade over time as self-supervised updates amplify early prediction errors. We attribute this fragility to a geometric limitation: Euclidean feature spaces, with polynomial volume growth, lead to distorted semantic representations and crowded, unstable decision boundaries. We propose HyperProtoSeg, a hyperbolic prototypical segmentation network that learns geometrically optimal class prototypes in the Poincare ball. Leveraging the exponential expansion of hyperbolic space, it enforces large and uniform inter-class margins with low distortion, yielding well separated and curvature-stable embeddings. For robust online adaptation, we introduce Hyperbolic Boundary Consistency Adaptation (HBCA), which partitions pixels by cross-view consistency into confident ""core"" and uncertain ""boundary"" sets. HBCA applies geodesic distance minimization for confident regions and a novel Hyperbolic Directional Consistency Loss for uncertain ones, preventing error amplification. Experiments on challenging synthetic- to-real benchmarks (Cityscapes - ACDC, IDD - IDD-AW, SHIFT) show that HyperProtoSeg + HBCA achieves an average improvement of (1.94%,4.02%,1.24%) over state-of-the-art CTTA methods under severe structural shifts.","@InProceedings{Gole_2026_CVPR, author = {Gole, Siddhant and Pal, Akash and More, Amit and Bhat, S Divakar and Chaudhuri, Subhasis and Banerjee, Biplab}, title = {Hyperbolic Prototype Learning with Uncertainty-Aware Consistency for Continual Test-Time Segmentation}, booktitle = {Proceedings of the IEEE/CVF Conference on Computer Vision and Pattern Recognition (CVPR)}, month = {June}, year = {2026}, pages = {34694-34703} }"
Zhuang_Photo-Guided_Tooth_Segmentation_on_3D_Oral_Scan_Model_CVPR_2026_paper,2026,1,Segmentation,Segmentation,12.0,0.75,Photo-Guided Tooth Segmentation on 3D Oral Scan Model,Shaojie Zhuang; Guangshun Wei; Jiangxin He; Yuanfeng Zhou,4,37558-37567,True,https://openaccess.thecvf.com/content/CVPR2026/papers/Zhuang_Photo-Guided_Tooth_Segmentation_on_3D_Oral_Scan_Model_CVPR_2026_paper.pdf,,https://openaccess.thecvf.com/content/CVPR2026/html/Zhuang_Photo-Guided_Tooth_Segmentation_on_3D_Oral_Scan_Model_CVPR_2026_paper.html,"Accurate 3D tooth segmentation is fundamental for digital dentistry, orthodontic analysis, and clinical simulation. Intraoral scan (IOS) models often suffer from incomplete or unreliable texture information, making it difficult to delineate fine boundaries between teeth and gingiva, while 2D intraoral images provide rich semantic and chromatic information that can complement 3D geometry. Thus, we propose a novel Photo-guided 3D Model Tooth Segmentation framework, PMTSeg, that enhances 3D tooth segmentation by integrating texture cues from intraoral photos. Our framework introduces three key components: a Camera Alignment Module (CAM) for accurate image-model registration, a Feature Filtering Gate (FFG) for adaptive multi-view feature selection, and a Consistent Feature Learning (CFL) mechanism for learning texture-geometry correspondence. Our method supports arbitrary numbers and views of intraoral photos. Experiments show significant improvements in distinguishing adjacent teeth and tooth-gingiva boundaries, demonstrating that intraoral photographs serve as an efficient, semantically rich supplement to 3D scans for precise dental segmentation.","@InProceedings{Zhuang_2026_CVPR, author = {Zhuang, Shaojie and Wei, Guangshun and He, Jiangxin and Zhou, Yuanfeng}, title = {Photo-Guided Tooth Segmentation on 3D Oral Scan Model}, booktitle = {Proceedings of the IEEE/CVF Conference on Computer Vision and Pattern Recognition (CVPR)}, month = {June}, year = {2026}, pages = {37558-37567} }"
Liu_Structure-Aware_Representation_Distillation_for_Tiny-Dense_Object_Segmentation_CVPR_2026_paper,2026,1,Segmentation,Segmentation,10.0,0.8,Structure-Aware Representation Distillation for Tiny-Dense Object Segmentation,Xuesong Liu; Anke Xu; Wenbo Cao; Emmett Ientilucci,4,34775-34783,True,https://openaccess.thecvf.com/content/CVPR2026/papers/Liu_Structure-Aware_Representation_Distillation_for_Tiny-Dense_Object_Segmentation_CVPR_2026_paper.pdf,https://openaccess.thecvf.com/content/CVPR2026/supplemental/Liu_Structure-Aware_Representation_Distillation_CVPR_2026_supplemental.pdf,https://openaccess.thecvf.com/content/CVPR2026/html/Liu_Structure-Aware_Representation_Distillation_for_Tiny-Dense_Object_Segmentation_CVPR_2026_paper.html,"Dense scenes containing numerous tiny objects pose a fundamental challenge for segmentation models, where small localization errors can significantly degrade downstream measurements. We present Structure-Aware Representation Distillation (SARD), a teacher-compatible framework that transfers structural knowledge from a large teacher to a compact student via feature-space alignment rather than mask imitation. SARD builds a structure-importance map by integrating boundary salience, geometric complexity, and local feature variation, and uses it to guide a unified representation loss that combines feature consistency with distribution alignment. This encourages the student to allocate capacity to geometrically informative regions while preserving global context. Experiments on Cityscapes, ADE20K, and a challenging rock fragmentation benchmark (RockFrag) show that SARD consistently improves both mIoU and boundary IoU over strong distillation baselines; on RockFrag, SARD improves a Swin-T student over CWD by +4.3 mIoU and +6.7 bIoU. A ResNet-50 student distilled from a Swin-L teacher achieves up to 7.7 times parameter reduction and 9 times higher throughput than the teacher, with no additional inference overhead beyond the student network, demonstrating that structure-aware representation distillation is effective and efficient for tiny-dense segmentation. Code is available at: https://github.com/liuuuuuuxuesong/SARD.","@InProceedings{Liu_2026_CVPR, author = {Liu, Xuesong and Xu, Anke and Cao, Wenbo and Ientilucci, Emmett}, title = {Structure-Aware Representation Distillation for Tiny-Dense Object Segmentation}, booktitle = {Proceedings of the IEEE/CVF Conference on Computer Vision and Pattern Recognition (CVPR)}, month = {June}, year = {2026}, pages = {34775-34783} }"
Li_MARIS_Marine_Open-Vocabulary_Instance_Segmentation_CVPR_2026_paper,2026,1,Segmentation,Segmentation,30.0,0.9,MARIS: Marine Open-Vocabulary Instance Segmentation,Bingyu Li; Feiyu Wang; Da Zhang; Zhiyuan Zhao; Junyu Gao; Xuelong Li,6,24939-24949,True,https://openaccess.thecvf.com/content/CVPR2026/papers/Li_MARIS_Marine_Open-Vocabulary_Instance_Segmentation_CVPR_2026_paper.pdf,https://openaccess.thecvf.com/content/CVPR2026/supplemental/Li_MARIS_Marine_Open-Vocabulary_CVPR_2026_supplemental.pdf,https://openaccess.thecvf.com/content/CVPR2026/html/Li_MARIS_Marine_Open-Vocabulary_Instance_Segmentation_CVPR_2026_paper.html,"Most existing underwater instance segmentation approaches are constrained by close-vocabulary prediction, limiting their ability to recognize novel marine categories. To support evaluation, we introduce **MARIS** (_Marine Open-Vocabulary Instance Segmentation_), the first large-scale fine-grained benchmark for underwater Open-Vocabulary (OV) Instance segmentation (UOVIS), featuring a limited set of seen categories and diverse unseen categories. Although OV instance segmentation has shown promise on natural images, our analysis reveals that transfer to underwater scenes suffers from severe visual degradation (e.g., color attenuation) and semantic misalignment caused by lack underwater class definitions. To address these issues, we propose a unified framework with two complementary components. The Geometric Prior Enhancement Module (**GPEM**) leverages stable part-level and structural cues to maintain object consistency under degraded visual conditions. The Semantic Alignment Injection Mechanism (**SAIM**) enriches language embeddings with domain-specific priors, mitigating semantic ambiguity and improving recognition of unseen categories. Experiments show that our framework consistently outperforms existing OV baselines both In-Domain and Cross-Domain setting on MARIS, establishing a strong foundation for future underwater perception research. The code of this paper can be found in Github.","@InProceedings{Li_2026_CVPR, author = {Li, Bingyu and Wang, Feiyu and Zhang, Da and Zhao, Zhiyuan and Gao, Junyu and Li, Xuelong}, title = {MARIS: Marine Open-Vocabulary Instance Segmentation}, booktitle = {Proceedings of the IEEE/CVF Conference on Computer Vision and Pattern Recognition (CVPR)}, month = {June}, year = {2026}, pages = {24939-24949} }"
Li_Mixture_of_Prototypes_for_Test-time_Adaptive_Segmentation_CVPR_2026_paper,2026,1,Segmentation,Segmentation|Transfer_FewShot_DomainAdaptation,10.0,0.4,Mixture of Prototypes for Test-time Adaptive Segmentation,Guangrui Li; Zhengyu Zhu; Yongxin Ge,3,24990-25000,True,https://openaccess.thecvf.com/content/CVPR2026/papers/Li_Mixture_of_Prototypes_for_Test-time_Adaptive_Segmentation_CVPR_2026_paper.pdf,https://openaccess.thecvf.com/content/CVPR2026/supplemental/Li_Mixture_of_Prototypes_CVPR_2026_supplemental.pdf,https://openaccess.thecvf.com/content/CVPR2026/html/Li_Mixture_of_Prototypes_for_Test-time_Adaptive_Segmentation_CVPR_2026_paper.html,"Test-Time Adaptive Segmentation (TTA-Seg) aims to adapt a trained segmentation model to test data under distribution shift in an unsupervised manner. Existing approaches typically utilize class-wise prototypes to capture and transfer the source distribution, but inevitably neglect the diversity within source samples. In this paper, we propose a new test-time adaptation paradigm based on the mixture-of-experts (MoE), where domain experts are designed to 1) better capture the source distribution, and 2) dynamically adjust their contribution in test case prediction. Specifically, during source training, prototypes are derived as the class-wise average for source pixel features. We then generate multiple experts through clustering these prototypes, providing each class with several experts with enhanced representativeness. At test time, each instance prediction is drawn from all experts' knowledge in an adaptive manner, i.e., a gating network assigns weights according to instance-expert correlations. To optimize the system, we devise a min-max entropy optimization scheme for the gating network but keeping the rest frozen, minimizing the entropy of model prediction but maximizing the entropy in expert selection. Consequently, the model is urged to derive confident predictions with effective utilization of domain experts, hence promoting the adaptation.Experiments on two scenarios, Test-time Adaptation (TTA) and the more challenging continual TTA, demonstrate that our approach achieves the new state-of-the-art performance.","@InProceedings{Li_2026_CVPR, author = {Li, Guangrui and Zhu, Zhengyu and Ge, Yongxin}, title = {Mixture of Prototypes for Test-time Adaptive Segmentation}, booktitle = {Proceedings of the IEEE/CVF Conference on Computer Vision and Pattern Recognition (CVPR)}, month = {June}, year = {2026}, pages = {24990-25000} }"
Tateno_HanDyVQA_A_Video_QA_Benchmark_for_Fine-Grained_Hand-Object_Interaction_Dynamics_CVPR_2026_paper,2026,0,Recognition_Classification,Recognition_Classification|Video_Action_Recognition|Embodied_AI_Robotics|Segmentation|Human_Pose_Body,15.0,0.333,HanDyVQA: A Video QA Benchmark for Fine-Grained Hand-Object Interaction Dynamics,Masatoshi Tateno; Gido Kato; Hirokatsu Kataoka; Yoichi Sato; Takuma Yagi,5,3455-3465,True,https://openaccess.thecvf.com/content/CVPR2026/papers/Tateno_HanDyVQA_A_Video_QA_Benchmark_for_Fine-Grained_Hand-Object_Interaction_Dynamics_CVPR_2026_paper.pdf,https://openaccess.thecvf.com/content/CVPR2026/supplemental/Tateno_HanDyVQA_A_Video_CVPR_2026_supplemental.zip,https://openaccess.thecvf.com/content/CVPR2026/html/Tateno_HanDyVQA_A_Video_QA_Benchmark_for_Fine-Grained_Hand-Object_Interaction_Dynamics_CVPR_2026_paper.html,"Hand-object interaction (HOI) involves dynamics where human manipulations produce spatio-temporal effects on objects. However, existing semantic HOI benchmarks focus on either manipulation or effects at a coarse level, lacking fine-grained spatio-temporal reasoning to capture HOI dynamics. We introduce HanDyVQA, a fine-grained video QA benchmark that comprehensively covers both the manipulation and effect aspects of HOI. HanDyVQA comprises six complementary question types (Action, Process, Objects, Location, State Change, and Object Parts), totaling 11.1K multiple-choice QA pairs. Collected QA pairs require recognizing manipulation styles, hand/object motions, and part-level state changes. HanDyVQA also includes 10.3K segmentation masks for Objects and Object Parts, enabling the evaluation of object/part-level reasoning in video object segmentation. We evaluated recent video foundation models on our benchmark and found that even the best, Gemini-2.5-Pro, achieved only 73% accuracy, well below human performance (97%). Further analysis shows the remaining challenges in spatial relationships, motion, and part-level geometric understanding. We also found that incorporating explicit HOI cues into visual features improves performance, providing insights for future HOI-aware models.","@InProceedings{Tateno_2026_CVPR, author = {Tateno, Masatoshi and Kato, Gido and Kataoka, Hirokatsu and Sato, Yoichi and Yagi, Takuma}, title = {HanDyVQA: A Video QA Benchmark for Fine-Grained Hand-Object Interaction Dynamics}, booktitle = {Proceedings of the IEEE/CVF Conference on Computer Vision and Pattern Recognition (CVPR)}, month = {June}, year = {2026}, pages = {3455-3465} }"
Jin_CoSMo3D_Open-World_Promptable_3D_Semantic_Segmentation_through_LLM-Guided_Canonical_Spatial_CVPR_2026_paper,2026,1,Segmentation,Segmentation|LLM_Reasoning_Agent,22.0,0.455,CoSMo3D: Open-World Promptable 3D Semantic Segmentation through LLM-Guided Canonical Spatial Modeling,Li Jin; Weikai Chen; Yujie Wang; Yingda Yin; Zeyu Hu; Runze Zhang; Keyang Luo; Shengju Qian; Xin Wang; Xueying Qin,10,14325-14334,True,https://openaccess.thecvf.com/content/CVPR2026/papers/Jin_CoSMo3D_Open-World_Promptable_3D_Semantic_Segmentation_through_LLM-Guided_Canonical_Spatial_CVPR_2026_paper.pdf,https://openaccess.thecvf.com/content/CVPR2026/supplemental/Jin_CoSMo3D_Open-World_Promptable_CVPR_2026_supplemental.pdf,https://openaccess.thecvf.com/content/CVPR2026/html/Jin_CoSMo3D_Open-World_Promptable_3D_Semantic_Segmentation_through_LLM-Guided_Canonical_Spatial_CVPR_2026_paper.html,"Open-world promptable 3D semantic segmentation remains brittle as semantics are inferred in the input sensor coordinates. Yet, humans, in contrast, interpret parts via functional roles in a canonical space -- wings extend laterally, handles protrude to the side, and legs support from below. Psychophysical evidence shows that we mentally rotate objects into canonical frames to reveal these roles. To fill this gap, we propose CoSMo3D, which attains canonical space perception by inducing a latent canonical reference frame learned directly from data. By construction, we create a unified canonical dataset through LLM-guided intra- and cross-category alignment, exposing canonical spatial regularities across 200 categories. By induction, we realize canonicality inside the model through a dual-branch architecture with canonical map anchoring and canonical box calibration, collapsing pose variation and symmetry into a stable canonical embedding. This shift from input pose space to canonical representation yields far more stable and transferable part semantics. Experimental results show that CoSMo3D establishes new state of the art in open-world promptable 3D segmentation.","@InProceedings{Jin_2026_CVPR, author = {Jin, Li and Chen, Weikai and Wang, Yujie and Yin, Yingda and Hu, Zeyu and Zhang, Runze and Luo, Keyang and Qian, Shengju and Wang, Xin and Qin, Xueying}, title = {CoSMo3D: Open-World Promptable 3D Semantic Segmentation through LLM-Guided Canonical Spatial Modeling}, booktitle = {Proceedings of the IEEE/CVF Conference on Computer Vision and Pattern Recognition (CVPR)}, month = {June}, year = {2026}, pages = {14325-14334} }"
Rahman_MambaLiteUNet_Cross-Gated_Adaptive_Feature_Fusion_for_Robust_Skin_Lesion_Segmentation_CVPR_2026_paper,2026,0,Medical_Bio_RemoteSensing,Medical_Bio_RemoteSensing|Segmentation,15.0,0.2,MambaLiteUNet: Cross-Gated Adaptive Feature Fusion for Robust Skin Lesion Segmentation,Md Maklachur Rahman; Soon Ki Jung; Tracy Hammond,3,8556-8565,True,https://openaccess.thecvf.com/content/CVPR2026/papers/Rahman_MambaLiteUNet_Cross-Gated_Adaptive_Feature_Fusion_for_Robust_Skin_Lesion_Segmentation_CVPR_2026_paper.pdf,https://openaccess.thecvf.com/content/CVPR2026/supplemental/Rahman_MambaLiteUNet_Cross-Gated_Adaptive_CVPR_2026_supplemental.pdf,https://openaccess.thecvf.com/content/CVPR2026/html/Rahman_MambaLiteUNet_Cross-Gated_Adaptive_Feature_Fusion_for_Robust_Skin_Lesion_Segmentation_CVPR_2026_paper.html,"Recent segmentation models have demonstrated promising efficiency by aggressively reducing parameter counts and computational complexity. However, these models often struggle to accurately delineate fine lesion boundaries and texture patterns essential for early skin cancer diagnosis and treatment planning. In this paper, we propose MambaLiteUNet, a compact yet robust segmentation framework that integrates Mamba state space modeling into a U-Net architecture, along with three key modules: Adaptive Multi-Branch Mamba Feature Fusion (AMF), Local Global Feature Mixing (LGFM), and Cross-Gated Attention (CGA). These modules are designed to enhance local-global feature interaction, preserve spatial details, and improve the quality of skip connections. MambaLiteUNet achieves an average IoU of 87.12% and average Dice score of 93.09% across ISIC2017, ISIC2018, HAM10000, and PH2 benchmarks, outperforming state-of-the-art models. Compared to U-Net, our model improves average IoU and Dice by 7.72 and 4.61 points, respectively, while reducing parameters by 93.6% and GFLOPs by 97.6%. Additionally, in domain generalization with six unseen lesion categories, MambaLiteUNet achieves 77.61% IoU and 87.23% Dice, performing best among all evaluated models. Our extensive experiments demonstrate that MambaLiteUNet achieves a strong balance between accuracy and efficiency, making it a competitive and practical solution for dermatological image segmentation. Our code is publicly available at: https://github.com/maklachur/MambaLiteUNet.","@InProceedings{Rahman_2026_CVPR, author = {Rahman, Md Maklachur and Jung, Soon Ki and Hammond, Tracy}, title = {MambaLiteUNet: Cross-Gated Adaptive Feature Fusion for Robust Skin Lesion Segmentation}, booktitle = {Proceedings of the IEEE/CVF Conference on Computer Vision and Pattern Recognition (CVPR)}, month = {June}, year = {2026}, pages = {8556-8565} }"
Yin_PCA-Seg_Revisiting_Cost_Aggregation_for_Open-Vocabulary_Semantic_and_Part_Segmentation_CVPR_2026_paper,2026,1,Segmentation,Segmentation|Vision_Language_Multimodal,20.0,0.45,PCA-Seg: Revisiting Cost Aggregation for Open-Vocabulary Semantic and Part Segmentation,Jianjian Yin; Tao Chen; Yi Chen; Gensheng Pei; Xiangbo Shu; Yazhou Yao; Fumin Shen,7,27633-27643,True,https://openaccess.thecvf.com/content/CVPR2026/papers/Yin_PCA-Seg_Revisiting_Cost_Aggregation_for_Open-Vocabulary_Semantic_and_Part_Segmentation_CVPR_2026_paper.pdf,,https://openaccess.thecvf.com/content/CVPR2026/html/Yin_PCA-Seg_Revisiting_Cost_Aggregation_for_Open-Vocabulary_Semantic_and_Part_Segmentation_CVPR_2026_paper.html,"Recent advances in vision-language models (VLMs) have garnered substantial attention in open-vocabulary semantic and part segmentation (OSPS). However, existing methods extract image-text alignment cues from cost volumes through a serial structure of spatial and class aggregations, leading to knowledge interference between class-level semantics and spatial context. Therefore, this paper proposes a simple yet effective parallel cost aggregation (PCA-Seg) paradigm to alleviate the above challenge, enabling the model to capture richer vision-language alignment information from cost volumes. Specifically, we design an expert-driven perceptual learning (EPL) module that efficiently integrates semantic and contextual streams. It incorporates a multi-expert parser to extract complementary features from multiple perspectives. In addition, a coefficient mapper is designed to adaptively learn pixel-specific weights for each feature, enabling the integration of complementary knowledge into a unified and robust feature embedding. Furthermore, we propose a feature orthogonalization decoupling (FOD) strategy to mitigate redundancy between the semantic and contextual streams, which allows the EPL module to learn diverse knowledge from orthogonalized features. Extensive experiments on eight benchmarks show that each parallel block in PCA-Seg adds merely 0.35M parameters while achieving state-of-the-art OSPS performance.","@InProceedings{Yin_2026_CVPR, author = {Yin, Jianjian and Chen, Tao and Chen, Yi and Pei, Gensheng and Shu, Xiangbo and Yao, Yazhou and Shen, Fumin}, title = {PCA-Seg: Revisiting Cost Aggregation for Open-Vocabulary Semantic and Part Segmentation}, booktitle = {Proceedings of the IEEE/CVF Conference on Computer Vision and Pattern Recognition (CVPR)}, month = {June}, year = {2026}, pages = {27633-27643} }"
Tao_Geometry-Aware_Cross-Modal_Graph_Alignment_for_Referring_Segmentation_in_3D_Gaussian_CVPR_2026_paper,2026,0,Neural_Rendering_NeRF_3DGS,Neural_Rendering_NeRF_3DGS|Segmentation|Vision_Language_Multimodal,18.0,0.056,Geometry-Aware Cross-Modal Graph Alignment for Referring Segmentation in 3D Gaussian Splatting,Yuwen Tao; Kanglei Zhou; Chang Li; Liyuan Wang,4,20433-20442,True,https://openaccess.thecvf.com/content/CVPR2026/papers/Tao_Geometry-Aware_Cross-Modal_Graph_Alignment_for_Referring_Segmentation_in_3D_Gaussian_CVPR_2026_paper.pdf,,https://openaccess.thecvf.com/content/CVPR2026/html/Tao_Geometry-Aware_Cross-Modal_Graph_Alignment_for_Referring_Segmentation_in_3D_Gaussian_CVPR_2026_paper.html,"Referring 3D segmentation seeks to localize and segment target objects in a 3D scene given a natural-language query, requiring joint reasoning over geometric structures and linguistic cues. Although recent progress using 3D Gaussian Splatting (3DGS) has improved rendering quality, existing methods still struggle to spatially ground textual references due to two fundamental limitations: (1) language encoders provide no explicit positional priors, weakening geometric relation modeling; and (2) cross-modal attention is self-reinforcing, causing spatial errors to propagate through the Gaussian field once misalignment occurs. To address this, we propose GeoCGA, a geometry-aware cross-modal graph alignment framework that bridges linguistic semantics with the 3DGS representation. GeoCGA introduces position-aware prompt expansion to build a semantic-spatial graph capturing relational structure in text, and constructs a Gaussian-based geometric graph encoding 3D topology. A cross-modal alignment module enforces geometric consistency between the two graphs, enabling stable and spatially grounded correspondence across views. GeoCGA consistently outperforms prior state-of-the-art methods, yielding relative mIoU improvements of 20.8% on Ref-LERF, 5.7% on LERF-OVS, and 1.0% on 3D-OVS.","@InProceedings{Tao_2026_CVPR, author = {Tao, Yuwen and Zhou, Kanglei and Li, Chang and Wang, Liyuan}, title = {Geometry-Aware Cross-Modal Graph Alignment for Referring Segmentation in 3D Gaussian Splatting}, booktitle = {Proceedings of the IEEE/CVF Conference on Computer Vision and Pattern Recognition (CVPR)}, month = {June}, year = {2026}, pages = {20433-20442} }"
Hong_VIRST_Video-Instructed_Reasoning_Assistant_for_SpatioTemporal_Segmentation_CVPR_2026_paper,2026,1,Segmentation,Segmentation|Video_Action_Recognition|LLM_Reasoning_Agent|Vision_Language_Multimodal,15.0,0.333,VIRST: Video-Instructed Reasoning Assistant for SpatioTemporal Segmentation,Jihwan Hong; Jaeyoung Do,2,3410-3420,True,https://openaccess.thecvf.com/content/CVPR2026/papers/Hong_VIRST_Video-Instructed_Reasoning_Assistant_for_SpatioTemporal_Segmentation_CVPR_2026_paper.pdf,https://openaccess.thecvf.com/content/CVPR2026/supplemental/Hong_VIRST_Video-Instructed_Reasoning_CVPR_2026_supplemental.pdf,https://openaccess.thecvf.com/content/CVPR2026/html/Hong_VIRST_Video-Instructed_Reasoning_Assistant_for_SpatioTemporal_Segmentation_CVPR_2026_paper.html,"Referring Video Object Segmentation (RVOS) aims to segment target objects in videos based on natural language descriptions. However, fixed keyframe-based approaches that couple a vision language model with a separate propagation module often fail to capture rapidly changing spatiotemporal dynamics and to handle queries requiring multi-step reasoning, leading to sharp performance drops on motion-intensive and reasoning-oriented videos beyond static RVOS benchmarks. To address these limitations, we propose VIRST (Video-Instructed Reasoning Assistant for Spatio-Temporal Segmentation), an end-to-end framework that unifies global video reasoning and pixel-level mask prediction within a single model. VIRST bridges semantic and segmentation representations through the Spatio-Temporal Fusion (STF), which fuses segmentation-aware video features into the vision-language backbone, and employs the Temporal Dynamic Anchor Updater to maintain temporally adjacent anchor frames that provide stable temporal cues under large motion, occlusion, and reappearance. This unified design achieves state-of-the-art results across diverse RVOS benchmarks under realistic and challenging conditions, demonstrating strong generalization to both referring and reasoning oriented settings.","@InProceedings{Hong_2026_CVPR, author = {Hong, Jihwan and Do, Jaeyoung}, title = {VIRST: Video-Instructed Reasoning Assistant for SpatioTemporal Segmentation}, booktitle = {Proceedings of the IEEE/CVF Conference on Computer Vision and Pattern Recognition (CVPR)}, month = {June}, year = {2026}, pages = {3410-3420} }"
Yang_SemVideo_Reconstructs_What_You_Watch_from_Brain_Activity_via_Hierarchical_CVPR_2026_paper,2026,1,Segmentation,Segmentation,3.0,0.0,SemVideo: Reconstructs What You Watch from Brain Activity via Hierarchical Semantic Guidance,Minghan Yang; Lan Yang; Ke Li; Honggang Zhang; Kaiyue Pang; Yi-Zhe Song,6,13658-13669,True,https://openaccess.thecvf.com/content/CVPR2026/papers/Yang_SemVideo_Reconstructs_What_You_Watch_from_Brain_Activity_via_Hierarchical_CVPR_2026_paper.pdf,https://openaccess.thecvf.com/content/CVPR2026/supplemental/Yang_SemVideo_Reconstructs_What_CVPR_2026_supplemental.pdf,https://openaccess.thecvf.com/content/CVPR2026/html/Yang_SemVideo_Reconstructs_What_You_Watch_from_Brain_Activity_via_Hierarchical_CVPR_2026_paper.html,"Reconstructing dynamic visual experiences from brain activity provides a compelling avenue for exploring the neural mechanisms of human visual perception. While recent progress in fMRI-based image reconstruction has been notable, extending this success to video reconstruction remains a significant challenge. Current fMRI-to-video reconstruction approaches consistently encounter two major shortcomings: (i) inconsistent visual representations of salient objects across frames, leading to appearance mismatches; (ii) poor temporal coherence, resulting in motion misalignment or abrupt frame transitions.To address these limitations, we introduce SemVideo, a novel fMRI-to-video reconstruction framework guided by hierarchical semantic information. At the core of SemVideo is SemMiner, a hierarchical guidance module that constructs three levels of semantic cues from the original video stimulus: static anchor descriptions, motion-oriented narratives, and holistic summaries. Leveraging this semantic guidance, SemVideo comprises three key components: a Semantic Alignment Decoder that aligns fMRI signals with CLIP-style embeddings derived from SemMiner, a Motion Adaptation Decoder that reconstructs dynamic motion patterns using a novel tripartite attention fusion architecture, and a Conditional Video Render that leverages hierarchical semantic guidance for video reconstruction. Experiments conducted on the CC2017 and HCP datasets demonstrate that SemVideo achieves superior performance in both semantic alignment and temporal consistency, setting a new state-of-the-art in fMRI-to-video reconstruction.","@InProceedings{Yang_2026_CVPR, author = {Yang, Minghan and Yang, Lan and Li, Ke and Zhang, Honggang and Pang, Kaiyue and Song, Yi-Zhe}, title = {SemVideo: Reconstructs What You Watch from Brain Activity via Hierarchical Semantic Guidance}, booktitle = {Proceedings of the IEEE/CVF Conference on Computer Vision and Pattern Recognition (CVPR)}, month = {June}, year = {2026}, pages = {13658-13669} }"
Juybari_Differentiable_Laplacian_Matrix_Guided_Superpixel_Segmentation_CVPR_2026_paper,2026,1,Segmentation,Segmentation,8.0,1.0,Differentiable Laplacian Matrix Guided Superpixel Segmentation,Jeremy Juybari; Josh Hamilton; Shuvra Das; Chaofan Chen; Andre Khalil; Yifeng Zhu,6,36168-36178,True,https://openaccess.thecvf.com/content/CVPR2026/papers/Juybari_Differentiable_Laplacian_Matrix_Guided_Superpixel_Segmentation_CVPR_2026_paper.pdf,https://openaccess.thecvf.com/content/CVPR2026/supplemental/Juybari_Differentiable_Laplacian_Matrix_CVPR_2026_supplemental.pdf,https://openaccess.thecvf.com/content/CVPR2026/html/Juybari_Differentiable_Laplacian_Matrix_Guided_Superpixel_Segmentation_CVPR_2026_paper.html,"Superpixels partition an image into perceptually coherent regions, reducing the cost of downstream vision tasks. Modern deep learning methods excel at superpixel generation but often yield irregular boundaries and isolated pixels, necessitating non-differentiable post-processing to enforce connectivity. This undermines the end-to-end learning capabilities. We propose a simple, fully differentiable graph-Laplacian loss that encourages spatial regularity and connectivity during training. The loss is model-agnostic and can be seamlessly integrated into the training of existing architectures to improve the quality of superpixels. In addition, we introduce two novel metrics, the average stray pixel count and excess component count, to measure the quality of superpixels. We demonstrate both qualitative and quantitative improvements over state-of-the-art methods with and without enforced connectivity. Our approach represents a significant step toward eliminating non-differentiable post-processing. Project code: https://github.com/jeremyJJB/Differentiable-Laplacian-Matrix-Guided-Superpixel-Segmentation.","@InProceedings{Juybari_2026_CVPR, author = {Juybari, Jeremy and Hamilton, Josh and Das, Shuvra and Chen, Chaofan and Khalil, Andre and Zhu, Yifeng}, title = {Differentiable Laplacian Matrix Guided Superpixel Segmentation}, booktitle = {Proceedings of the IEEE/CVF Conference on Computer Vision and Pattern Recognition (CVPR)}, month = {June}, year = {2026}, pages = {36168-36178} }"
Kim_Learning_Coordinate-based_Convolutional_Kernels_for_Continuous_SE3_Equivariant_and_Efficient_CVPR_2026_paper,2026,0,3D_Reconstruction,3D_Reconstruction|Segmentation,15.0,0.333,Learning Coordinate-based Convolutional Kernels for Continuous SE(3) Equivariant and Efficient Point Cloud Analysis,Jaein Kim; Hee Bin Yoo; Dong-Sig Han; Byoung-Tak Zhang,4,9986-9995,True,https://openaccess.thecvf.com/content/CVPR2026/papers/Kim_Learning_Coordinate-based_Convolutional_Kernels_for_Continuous_SE3_Equivariant_and_Efficient_CVPR_2026_paper.pdf,https://openaccess.thecvf.com/content/CVPR2026/supplemental/Kim_Learning_Coordinate-based_Convolutional_CVPR_2026_supplemental.pdf,https://openaccess.thecvf.com/content/CVPR2026/html/Kim_Learning_Coordinate-based_Convolutional_Kernels_for_Continuous_SE3_Equivariant_and_Efficient_CVPR_2026_paper.html,"A symmetry on rigid motion is one of the salient factors in efficient learning of 3D point cloud problems. Group convolution has been a representative method to extract equivariant features, but its realizations have struggled to retain both rigorous symmetry and scalability simultaneously. We advocate utilizing the intertwiner framework to resolve this trade-off, but previous works on it, which did not achieve complete SE(3) symmetry or scalability to large-scale problems, necessitate a more advanced kernel architecture. We present Equivariant Coordinate-based Kernel Convolution, or ECKConv. It acquires SE(3) equivariance from the kernel domain defined in a double coset space, and its explicit kernel design using coordinate-based networks enhances its learning capability and memory efficiency. The experiments on diverse point cloud tasks, e.g., classification, pose registration, part segmentation, and large-scale semantic segmentation, validate the rigid equivariance, memory scalability, and outstanding performance of ECKConv compared to state-of-the-art equivariant methods.","@InProceedings{Kim_2026_CVPR, author = {Kim, Jaein and Bin Yoo, Hee and Han, Dong-Sig and Zhang, Byoung-Tak}, title = {Learning Coordinate-based Convolutional Kernels for Continuous SE(3) Equivariant and Efficient Point Cloud Analysis}, booktitle = {Proceedings of the IEEE/CVF Conference on Computer Vision and Pattern Recognition (CVPR)}, month = {June}, year = {2026}, pages = {9986-9995} }"
Qian_Simple-ViLMedSAM_Simple_Text_Prompts_Meet_Vision-Language_Models_for_Medical_Image_CVPR_2026_paper,2026,0,Medical_Bio_RemoteSensing,Medical_Bio_RemoteSensing|Vision_Language_Multimodal|LLM_Reasoning_Agent|Segmentation,20.0,0.25,Simple-ViLMedSAM: Simple Text Prompts Meet Vision-Language Models for Medical Image Segmentation,Chengcan Qian; Dong Nie; Geng Chen; Daoqiang Zhang; Xuyun Wen,5,30042-30052,True,https://openaccess.thecvf.com/content/CVPR2026/papers/Qian_Simple-ViLMedSAM_Simple_Text_Prompts_Meet_Vision-Language_Models_for_Medical_Image_CVPR_2026_paper.pdf,https://openaccess.thecvf.com/content/CVPR2026/supplemental/Qian_Simple-ViLMedSAM_Simple_Text_CVPR_2026_supplemental.pdf,https://openaccess.thecvf.com/content/CVPR2026/html/Qian_Simple-ViLMedSAM_Simple_Text_Prompts_Meet_Vision-Language_Models_for_Medical_Image_CVPR_2026_paper.html,"Medical image segmentation is challenging due to limited annotated data, high labeling costs, and substantial image heterogeneity. Although large-scale vision foundation models (e.g., SAM) have shown great potential in this field, existing SAM-based methods typically rely on expert-defined geometric prompts or complex clinical text prompts, which limits their generalizability across diverse medical image segmentation tasks. To overcome these challenges, we propose Simple-ViLMedSAM, a CLIP-SAM integration framework that enables high-accuracy segmentation in zero-shot and few-shot settings using only simple text queries, that is, using only basic anatomical or disease-related text labels. At its core is an Implicit Pos-Prompter (IPP), which generates attribution maps containing implicit positional cues to replace traditional geometric prompts. IPP incorporates a multi-modal information bottleneck and an affinity-based refinement strategy to ensure high-quality guidance from CLIP-SAM interactions. To further enhance segmentation, we introduce a Bidirectional Interaction Decoder (BID) that employs bidirectional cross-attention to align IPP's positional maps with SAM's pixel-level features. By jointly modeling global semantics and local details, BID significantly improves segmentation accuracy. Extensive experiments on four public datasets demonstrate that Simple-ViLMedSAM consistently outperforms existing methods in both zero-shot and few-shot medical image segmentation tasks, using only simple text queries. The code will be publicly available upon acceptance.","@InProceedings{Qian_2026_CVPR, author = {Qian, Chengcan and Nie, Dong and Chen, Geng and Zhang, Daoqiang and Wen, Xuyun}, title = {Simple-ViLMedSAM: Simple Text Prompts Meet Vision-Language Models for Medical Image Segmentation}, booktitle = {Proceedings of the IEEE/CVF Conference on Computer Vision and Pattern Recognition (CVPR)}, month = {June}, year = {2026}, pages = {30042-30052} }"
Zhu_Dual-level_Adapter_Boosting_Prompt-free_Curvilinear_Structure_Segmentation_CVPR_2026_paper,2026,1,Segmentation,Segmentation|LLM_Reasoning_Agent|Medical_Bio_RemoteSensing|Transfer_FewShot_DomainAdaptation,14.0,0.429,Dual-level Adapter Boosting Prompt-free Curvilinear Structure Segmentation,Kai Zhu; Li Chen; Jun Cheng,3,36300-36310,True,https://openaccess.thecvf.com/content/CVPR2026/papers/Zhu_Dual-level_Adapter_Boosting_Prompt-free_Curvilinear_Structure_Segmentation_CVPR_2026_paper.pdf,,https://openaccess.thecvf.com/content/CVPR2026/html/Zhu_Dual-level_Adapter_Boosting_Prompt-free_Curvilinear_Structure_Segmentation_CVPR_2026_paper.html,"Curvilinear structure segmentation is essential in domains such as medical imaging, remote sensing, and materials science. Existing methods often require extensive domain-specific training and lack generalization to novel domains. To overcome these limitations, we propose the Segment Anything Curve Model (SACM) -- a universal, curvilinear segmentation framework built upon the pretrained Segment Anything Model (SAM). SACM introduces a dual-level adapter architecture that enables both fine-grained and domain-adaptive enhancement: block-level internal adapters refine local structural representations, while external adapters facilitate cross-domain feature alignment. Specifically, the internal adapters are embedded within each Transformer block to locally adapt and refine features for thin and intricate curvilinear patterns, while the external adapters operate across blocks to capture global, multi-layer contextual information and facilitate domain adaptation. Furthermore, SACM introduces a feature fusion mechanism that aggregates multi-layer features from all external adapters and fuses them via a Feed-Forward Network (FFN) module, and a dual-stage refinement process in the mask decoder to enhance topology and connectivity. This design enables prompt-free, data-efficient fine-tuning and achieves robust cross-domain generalization when trained with only 18 annotated images. Extensive experiments across twelve diverse curvilinear datasets validate that SACM achieves state-of-the-art performance.","@InProceedings{Zhu_2026_CVPR, author = {Zhu, Kai and Chen, Li and Cheng, Jun}, title = {Dual-level Adapter Boosting Prompt-free Curvilinear Structure Segmentation}, booktitle = {Proceedings of the IEEE/CVF Conference on Computer Vision and Pattern Recognition (CVPR)}, month = {June}, year = {2026}, pages = {36300-36310} }"
Xiong_BEV-CAR_Enhancing_Monocular_Birds_Eye_View_Segmentation_with_Context-Aware_Rasterization_CVPR_2026_paper,2026,0,Autonomous_Driving,Autonomous_Driving|Segmentation,30.0,0.5,BEV-CAR: Enhancing Monocular Bird's Eye View Segmentation with Context-Aware Rasterization,Yixin Xiong; Ke Wang; Tongtong Cheng; Chunhui Liu; Kai Liu,5,39869-39878,True,https://openaccess.thecvf.com/content/CVPR2026/papers/Xiong_BEV-CAR_Enhancing_Monocular_Birds_Eye_View_Segmentation_with_Context-Aware_Rasterization_CVPR_2026_paper.pdf,,https://openaccess.thecvf.com/content/CVPR2026/html/Xiong_BEV-CAR_Enhancing_Monocular_Birds_Eye_View_Segmentation_with_Context-Aware_Rasterization_CVPR_2026_paper.html,"Bird's Eye View (BEV) semantic segmentation is essential for autonomous driving and mobile robotics, yet it still faces significant challenges on accurate segmentation of foreground object and efficient estimating of layout categories obscured by objects. To address these issues, we propose BEV-CAR, a Context-Aware Rasterization method that rasterizes the BEV representation without any coordinate transformations. By optimising each ray and incorporating depth features, BEV-CAR effectively addresses the challenges posed by object occlusions and varying environmental conditions. It ensures robust performance across diverse scenarios, particularly improving the accuracy of foreground object segmentation and layout estimation in occluded areas. And extensive experiments on the nuScenes and Argoverse datasets demonstrate that BEV-CAR achieves state-of-the-art (SOTA) performance. More importantly, the rasterization technique in this paper does not introduce additional computational overhead during the inference process, making it suitable for practical deployment in real-world scenarios. Code is available in https://github.com/BEV-DAR/BEV-DAR.","@InProceedings{Xiong_2026_CVPR, author = {Xiong, Yixin and Wang, Ke and Cheng, Tongtong and Liu, Chunhui and Liu, Kai}, title = {BEV-CAR: Enhancing Monocular Bird's Eye View Segmentation with Context-Aware Rasterization}, booktitle = {Proceedings of the IEEE/CVF Conference on Computer Vision and Pattern Recognition (CVPR)}, month = {June}, year = {2026}, pages = {39869-39878} }"
Zimmermann_Hidden_Monotonicity_Explaining_Deep_Neural_Networks_via_their_DC_Decomposition_CVPR_2026_paper,2026,1,Segmentation,Segmentation|Trustworthy_Security_Privacy,6.0,0.0,Hidden Monotonicity: Explaining Deep Neural Networks via their DC Decomposition,Jakob Paul Zimmermann; Georg Loho,2,24107-24117,True,https://openaccess.thecvf.com/content/CVPR2026/papers/Zimmermann_Hidden_Monotonicity_Explaining_Deep_Neural_Networks_via_their_DC_Decomposition_CVPR_2026_paper.pdf,https://openaccess.thecvf.com/content/CVPR2026/supplemental/Zimmermann_Hidden_Monotonicity_Explaining_CVPR_2026_supplemental.pdf,https://openaccess.thecvf.com/content/CVPR2026/html/Zimmermann_Hidden_Monotonicity_Explaining_Deep_Neural_Networks_via_their_DC_Decomposition_CVPR_2026_paper.html,"It has been demonstrated in various contexts that monotonicity leads to better explainability in neural networks. However, not every function can be well approximated by a monotone neural network.We demonstrate that monotonicity can still be used in two ways to boost explainability. First, we use an adaptation of the decomposition of a trained ReLU network into two monotone and convex parts, thereby overcoming numerical obstacles from an inherent blowup of the weights in this procedure. Our proposed saliency methods -- SplitCAM and SplitLRP --improve onstate of the art results on both VGG16 and Resnet18 networks on ImageNet-S across all Quantus saliency metric categories.Second, we exhibit that training a model as the difference between two monotone neural networks results in a system with strong self-explainability properties.","@InProceedings{Zimmermann_2026_CVPR, author = {Zimmermann, Jakob Paul and Loho, Georg}, title = {Hidden Monotonicity: Explaining Deep Neural Networks via their DC Decomposition}, booktitle = {Proceedings of the IEEE/CVF Conference on Computer Vision and Pattern Recognition (CVPR)}, month = {June}, year = {2026}, pages = {24107-24117} }"
Peng_RoadGIE_Towards_A_Global-Scale_Aerial_Benchmark_for_Generalizable_Interactive_Road_CVPR_2026_paper,2026,0,LLM_Reasoning_Agent,LLM_Reasoning_Agent|Medical_Bio_RemoteSensing|Segmentation,6.0,0.0,RoadGIE: Towards A Global-Scale Aerial Benchmark for Generalizable Interactive Road Extraction,Chenxu Peng; Chenxu Wang; Yimian Dai; Yongxiang Liu; Ming-Ming Cheng; Xiang Li,6,13285-13295,True,https://openaccess.thecvf.com/content/CVPR2026/papers/Peng_RoadGIE_Towards_A_Global-Scale_Aerial_Benchmark_for_Generalizable_Interactive_Road_CVPR_2026_paper.pdf,https://openaccess.thecvf.com/content/CVPR2026/supplemental/Peng_RoadGIE_Towards_A_CVPR_2026_supplemental.pdf,https://openaccess.thecvf.com/content/CVPR2026/html/Peng_RoadGIE_Towards_A_Global-Scale_Aerial_Benchmark_for_Generalizable_Interactive_Road_CVPR_2026_paper.html,"Accurate road segmentation from aerial imagery is fundamental to many geospatial applications. However, existing datasets often suffer from limited scene diversity, low semantic granularity, and poor structural continuity, restricting their generalization across environments. To address these challenges, we introduce WorldRoadSeg-360K, the largest and most diverse road segmentation dataset to date, comprising 366,947 high-resolution images collected from 38 countries and 223 cities across various terrains and continents. WorldRoadSeg-360K serves as a comprehensive benchmark and reveals key challenges in handling diverse and structurally complex scenes. Automated approaches often struggle to preserve road connectivity, while current interactive methods lack efficient, topology-sensitive tools for real-world road editing. To this end, we present RoadGIE, establishing a novel interactive paradigm for road extraction in remote sensing. Unlike prior point- or box-based prompting strategies, RoadGIE supports connectivity-aware prompts, including clicks and scribbles, which inherently align with the topology of road networks. To improve structural consistency and mitigate performance degradation during iterative interactions, RoadGIE integrates an expert-guided prompting strategy and adapts the skeleton-based recall loss for interactive scenarios. Meanwhile, to alleviate user intent ambiguity, RoadGIE introduces a topo-semantic instantiation during training to enhance interaction stability and consistency. RoadGIE achieves state-of-the-art performance in both segmentation accuracy and topological consistency on WorldRoadSeg-360K and other benchmarks, while maintaining efficient operation with only 3.7 million parameters and real-time processing capabilities.","@InProceedings{Peng_2026_CVPR, author = {Peng, Chenxu and Wang, Chenxu and Dai, Yimian and Liu, Yongxiang and Cheng, Ming-Ming and Li, Xiang}, title = {RoadGIE: Towards A Global-Scale Aerial Benchmark for Generalizable Interactive Road Extraction}, booktitle = {Proceedings of the IEEE/CVF Conference on Computer Vision and Pattern Recognition (CVPR)}, month = {June}, year = {2026}, pages = {13285-13295} }"
Qiu_Beyond_Text_Visual_Description_Assembly_by_Probabilistic_Model_for_CLIP-based_CVPR_2026_paper,2026,1,Segmentation,Segmentation|Vision_Language_Multimodal|Transfer_FewShot_DomainAdaptation,20.0,0.3,Beyond Text: Visual Description Assembly by Probabilistic Model for CLIP-based Weakly Supervised Semantic Segmentation,Xianglin Qiu; Jian Wang; Xiaolei Wang; Zhen Zhang; Jimin Xiao,5,6346-6356,True,https://openaccess.thecvf.com/content/CVPR2026/papers/Qiu_Beyond_Text_Visual_Description_Assembly_by_Probabilistic_Model_for_CLIP-based_CVPR_2026_paper.pdf,https://openaccess.thecvf.com/content/CVPR2026/supplemental/Qiu_Beyond_Text_Visual_CVPR_2026_supplemental.pdf,https://openaccess.thecvf.com/content/CVPR2026/html/Qiu_Beyond_Text_Visual_Description_Assembly_by_Probabilistic_Model_for_CLIP-based_CVPR_2026_paper.html,"Contrastive Language-Image Pre-training (CLIP) offers a new paradigm for Weakly Supervised Semantic Segmentation (WSSS) by generating Class Activation Maps (CAMs) from text-image alignment. Existing methods primarily rely on hand-crafted templates or general attribute descriptions generated by a large language model to construct text prototypes for querying visual features. However, these strategies faces two major limitations: the inherent modality gap in CLIP prevents text prototypes achieving tight alignment with visual features; and their static text prototypes cannot adaptively respond to target instances that exhibit diverse visual attributes. To address these challenges, our key insight is to directly construct instance-specific visual description prototype as query, thereby bypassing the suboptimal static text description optimization. To this end, we propose the Visual Description Assembly (VDA) framework. It employs a probabilistic model to map complex CLIP visual features into a structured latent space. This latent space allows us to explicitly disentangle and aggregate varied visual attributes, and then dynamically assemble them into instance-specific visual prototypes. Furthermore, to enhance the robustness of this prototype, we adaptively incorporate the semantically stable text prototype into it as the final query for generating superior CAMs. Experimental results show our method outperforms existing baselines, achieving state-of-the-art performance on WSSS benchmarks.","@InProceedings{Qiu_2026_CVPR, author = {Qiu, Xianglin and Wang, Jian and Wang, Xiaolei and Zhang, Zhen and Xiao, Jimin}, title = {Beyond Text: Visual Description Assembly by Probabilistic Model for CLIP-based Weakly Supervised Semantic Segmentation}, booktitle = {Proceedings of the IEEE/CVF Conference on Computer Vision and Pattern Recognition (CVPR)}, month = {June}, year = {2026}, pages = {6346-6356} }"
Choi_Follow_the_Saliency_Supervised_Saliency_for_Retrieval-augmented_Dense_Video_Captioning_CVPR_2026_paper,2026,1,Segmentation,Segmentation,33.0,0.636,Follow the Saliency: Supervised Saliency for Retrieval-augmented Dense Video Captioning,Seung hee Choi; MinJu Jeon; Hyunwoo Oh; Jihwan Lee; Dong-Jin Kim,5,32808-32817,True,https://openaccess.thecvf.com/content/CVPR2026/papers/Choi_Follow_the_Saliency_Supervised_Saliency_for_Retrieval-augmented_Dense_Video_Captioning_CVPR_2026_paper.pdf,https://openaccess.thecvf.com/content/CVPR2026/supplemental/Choi_Follow_the_Saliency_CVPR_2026_supplemental.pdf,https://openaccess.thecvf.com/content/CVPR2026/html/Choi_Follow_the_Saliency_Supervised_Saliency_for_Retrieval-augmented_Dense_Video_Captioning_CVPR_2026_paper.html,"Existing retrieval-augmented approaches for Dense Video Captioning (DVC) often fail to achieve accurate temporal segmentation aligned with true event boundaries, as they rely on heuristic strategies that overlook ground truth event boundaries.The proposed framework, STaRC, overcomes this limitation by supervising frame-level saliency through a highlight detection module. Note that the highlight detection module is trained on binary labels derived directly from DVC ground truth annotations without the need for additional annotation.We also propose to utilize the saliency scoresas a unified temporal signal that drives retrieval via saliency-guided segmentation and informs caption generation through explicit Saliency Prompts injected into the decoder.By enforcing saliency-constrained segmentation, our method produces temporally coherent segments that align closely with actual event transitions, leading to more accurate retrieval and contextually grounded caption generation. We conduct comprehensive evaluations on the YouCook2 and ViTT benchmarks, where STaRC achieves state-of-the-art performance across most of the metrics.","@InProceedings{Choi_2026_CVPR, author = {Choi, Seung hee and Jeon, MinJu and Oh, Hyunwoo and Lee, Jihwan and Kim, Dong-Jin}, title = {Follow the Saliency: Supervised Saliency for Retrieval-augmented Dense Video Captioning}, booktitle = {Proceedings of the IEEE/CVF Conference on Computer Vision and Pattern Recognition (CVPR)}, month = {June}, year = {2026}, pages = {32808-32817} }"
Lin_MatchMask_Mask-Centric_Generative_Data_Augmentation_for_Label-Scarce_Semantic_Segmentation_CVPR_2026_paper,2026,1,Segmentation,Segmentation,30.0,0.667,MatchMask: Mask-Centric Generative Data Augmentation for Label-Scarce Semantic Segmentation,Yuqi Lin; Hao Zhang; Wenqi Shao; Shiqu Liu; Zhihong Gu; Wenxiao Wang; Xiaofei He; Kaipeng Zhang,8,42126-42136,True,https://openaccess.thecvf.com/content/CVPR2026/papers/Lin_MatchMask_Mask-Centric_Generative_Data_Augmentation_for_Label-Scarce_Semantic_Segmentation_CVPR_2026_paper.pdf,https://openaccess.thecvf.com/content/CVPR2026/supplemental/Lin_MatchMask_Mask-Centric_Generative_CVPR_2026_supplemental.pdf,https://openaccess.thecvf.com/content/CVPR2026/html/Lin_MatchMask_Mask-Centric_Generative_Data_Augmentation_for_Label-Scarce_Semantic_Segmentation_CVPR_2026_paper.html,"Current semantic segmentation models are very data-hungry and require massive costly pixel-wise human annotations. Generative data augmentation, which scales the train set using generative models, provides a potential remedy. In this paper, we propose MatchMask, a novel mask-centric generative data augmentation approach tailored for label-scarce semantic segmentation. By leveraging a limited set of labeled semantic masks, MatchMask generates diverse, realistic, and well-aligned image-mask pairs, thereby enhancing the performance of semantic segmentation models. Specifically, to adapt existing text-to-image models for semantic image synthesis in the few-shot setting, we first propose a Gradient Probe Method to investigate the role of each layer in the diffusion model. On this basis, a lightweight LoRA-style adapter is designed for critical layers to enable efficient adaptation, coupled with a Layer-adaptive Cross-attention Fusion mechanism. Meanwhile, we present a robust relative filtering principle to suppress incorrectly synthesized regions. Moreover, the proposed approach is extended to MatchMask++ in the semi-supervised setting to take advantage of additional unlabeled data. Experimental results on PASCAL VOC, COCO and ADE20K demonstrate that MatchMask remarkably enhances the performance of segmentation models, surpassing prior data augmentation techniques in various benchmarks, e.g., 67.5%->74.3% mIoU on PASCAL VOC.","@InProceedings{Lin_2026_CVPR, author = {Lin, Yuqi and Zhang, Hao and Shao, Wenqi and Liu, Shiqu and Gu, Zhihong and Wang, Wenxiao and He, Xiaofei and Zhang, Kaipeng}, title = {MatchMask: Mask-Centric Generative Data Augmentation for Label-Scarce Semantic Segmentation}, booktitle = {Proceedings of the IEEE/CVF Conference on Computer Vision and Pattern Recognition (CVPR)}, month = {June}, year = {2026}, pages = {42126-42136} }"
Fang_Semi-supervised_Echocardiography_Video_Segmentation_via_Anchor_Semantic_Awareness_and_Continuous_CVPR_2026_paper,2026,0,Video_Action_Recognition,Video_Action_Recognition|Segmentation|Transfer_FewShot_DomainAdaptation,15.0,0.2,Semi-supervised Echocardiography Video Segmentation via Anchor Semantic Awareness and Continuous Pseudo-label Reforging,Yunpeng Fang; Yimu Sun; Jingxing Guo; Huisi Wu; Jing Qin,5,8535-8544,True,https://openaccess.thecvf.com/content/CVPR2026/papers/Fang_Semi-supervised_Echocardiography_Video_Segmentation_via_Anchor_Semantic_Awareness_and_Continuous_CVPR_2026_paper.pdf,https://openaccess.thecvf.com/content/CVPR2026/supplemental/Fang_Semi-supervised_Echocardiography_Video_CVPR_2026_supplemental.pdf,https://openaccess.thecvf.com/content/CVPR2026/html/Fang_Semi-supervised_Echocardiography_Video_Segmentation_via_Anchor_Semantic_Awareness_and_Continuous_CVPR_2026_paper.html,"Automatic and accurate echocardiography video segmentation is essential for efficient and repeatable measurements of key clinical functional indicators for the diagnosis of cardiovascular diseases. However, it is an extremely challenging task to obtain high-quality segmentation results throughout the cardiac cycle owing to (1) the inherent speckle noise in echocardiography videos, (2) the complex dynamic motions of cardiac structures, and (3) the scarcity of annotated data. To comprehensively address these challenges, we propose a novel semi-supervised model, EchoForge, which can achieve accurate and real-time echocardiography video segmentation with very limited annotations. EchoForge introduces an Anchor Semantic Awareness (ASA) module that refines ambiguous regions using learnable anchors and propagates structural prototypes across frames to enhance boundary delineation and temporal consistency. Building upon ASA, a Continuous Pseudo-label Reforging (CPR) module progressively integrates and refines pseudo-labels via channel-wise attention, providing robust supervision. Extensive experiments on the CAMUS and EchoNet-Dynamic benchmarks demonstrate that EchoForge outperforms state-of-the-art (SOTA) methods in accuracy while maintaining real-time efficiency. The code is available at https://github.com/YunPeng-Fang/EchoForge.","@InProceedings{Fang_2026_CVPR, author = {Fang, Yunpeng and Sun, Yimu and Guo, Jingxing and Wu, Huisi and Qin, Jing}, title = {Semi-supervised Echocardiography Video Segmentation via Anchor Semantic Awareness and Continuous Pseudo-label Reforging}, booktitle = {Proceedings of the IEEE/CVF Conference on Computer Vision and Pattern Recognition (CVPR)}, month = {June}, year = {2026}, pages = {8535-8544} }"
Lorenz_DSFlash_Comprehensive_Panoptic_Scene_Graph_Generation_in_Realtime_CVPR_2026_paper,2026,1,Segmentation,Segmentation|Efficiency_Compression|Embodied_AI_Robotics,12.0,0.417,DSFlash: Comprehensive Panoptic Scene Graph Generation in Realtime,Julian Lorenz; Vladyslav Kovganko; Elias Kohout; Mrunmai Phatak; Daniel Kienzle; Rainer Lienhart,6,17388-17398,True,https://openaccess.thecvf.com/content/CVPR2026/papers/Lorenz_DSFlash_Comprehensive_Panoptic_Scene_Graph_Generation_in_Realtime_CVPR_2026_paper.pdf,https://openaccess.thecvf.com/content/CVPR2026/supplemental/Lorenz_DSFlash_Comprehensive_Panoptic_CVPR_2026_supplemental.pdf,https://openaccess.thecvf.com/content/CVPR2026/html/Lorenz_DSFlash_Comprehensive_Panoptic_Scene_Graph_Generation_in_Realtime_CVPR_2026_paper.html,"Scene Graph Generation (SGG) aims to extract a detailed graph structure from an image, a representation that holds significant promise as a robust intermediate step for complex downstream tasks like reasoning for embodied agents. However, practical deployment in real-world applications - especially on resource constrained edge devices - requires speed and resource efficiency, challenges that have received limited attention in existing research. To bridge this gap, we introduce DSFlash, a low-latency model for panoptic scene graph generation designed to overcome these limitations. DSFlash can efficiently process video streams without compromising performance against existing state-of-the-art methods, with smaller DSFlash variants achieving 56 frames per second on a standard RTX 3090 GPU. Crucially, unlike prior approaches that often restrict themselves to salient relationships, DSFlash computes comprehensive scene graphs, offering richer contextual information while maintaining its superior latency. Furthermore, DSFlash is light on resources, requiring less than 24 hours to train on a single, nine-year-old GTX 1080 GPU. This accessibility makes DSFlash particularly well-suited for researchers and practitioners operating with limited computational resources, empowering them to adapt and fine-tune SGG models for specialized applications.","@InProceedings{Lorenz_2026_CVPR, author = {Lorenz, Julian and Kovganko, Vladyslav and Kohout, Elias and Phatak, Mrunmai and Kienzle, Daniel and Lienhart, Rainer}, title = {DSFlash: Comprehensive Panoptic Scene Graph Generation in Realtime}, booktitle = {Proceedings of the IEEE/CVF Conference on Computer Vision and Pattern Recognition (CVPR)}, month = {June}, year = {2026}, pages = {17388-17398} }"
Ren_Training-Free_Open-Vocabulary_Camouflaged_Object_Segmentation_via_Fine-Grained_Object_Binding_and_CVPR_2026_paper,2026,0,LLM_Reasoning_Agent,LLM_Reasoning_Agent|Recognition_Classification|Segmentation,18.0,0.0,Training-Free Open-Vocabulary Camouflaged Object Segmentation via Fine-Grained Object Binding and Adaptive Hybrid Prompt,Peng Ren; Cheng Jiang; Chuande Yang; Fuming Sun; Tian Bai,5,24960-24969,True,https://openaccess.thecvf.com/content/CVPR2026/papers/Ren_Training-Free_Open-Vocabulary_Camouflaged_Object_Segmentation_via_Fine-Grained_Object_Binding_and_CVPR_2026_paper.pdf,,https://openaccess.thecvf.com/content/CVPR2026/html/Ren_Training-Free_Open-Vocabulary_Camouflaged_Object_Segmentation_via_Fine-Grained_Object_Binding_and_CVPR_2026_paper.html,"Vision-Language models (e.g., CLIP) facilitate the development of open-vocabulary camouflaged object segmentation (OVCOS), but existing methods still rely on mask annotations for fully-supervised training. In contrast, the training-free paradigm can rapidly process unseen data, representing a highly promising solution. However, in camouflage scenarios, existing training-free methods utilize sparse textual prompts and ignore the category similarity between visual patches, leading to inadequate object binding capability. To alleviate these issues, we propose a fine-grained object binding and adaptive hybrid prompt framework for training-free OVCOS. The framework first employs multimodal large language models (MLLMs) to explicitly model fine-grained textual descriptions of camouflaged objects and background. Building on this, we construct a semantic probe to decouple object and background features and explicitly model category similarity between visual patches via semantic consistency ranking, thereby achieving accurate object binding. Subsequently, we propose an entropy-guided text embedding adjustment strategy to adjust textual embeddings, aiming to further enhance fine-grained object binding. Finally, we utilize an adaptive hybrid prompt generation strategy to generate hybrid prompts, assisting SAM in accurately segmenting camouflaged objects. Experimental results on the OVCamo benchmark demonstrate that our method achieves excellent performance, significantly surpassing the advanced training-free ResCLIP.","@InProceedings{Ren_2026_CVPR, author = {Ren, Peng and Jiang, Cheng and Yang, Chuande and Sun, Fuming and Bai, Tian}, title = {Training-Free Open-Vocabulary Camouflaged Object Segmentation via Fine-Grained Object Binding and Adaptive Hybrid Prompt}, booktitle = {Proceedings of the IEEE/CVF Conference on Computer Vision and Pattern Recognition (CVPR)}, month = {June}, year = {2026}, pages = {24960-24969} }"
Sen_RAVEN_Radar_Adaptive_Vision_Encoders_for_Efficient_Chirp-wise_Object_Detection_CVPR_2026_paper,2026,0,Object_Detection,Object_Detection|Segmentation,13.0,0.385,RAVEN: Radar Adaptive Vision Encoders for Efficient Chirp-wise Object Detection and Segmentation,Anuvab Sen; Mir Sayeed Mohammad; Saibal Mukhopadhyay,3,17938-17947,True,https://openaccess.thecvf.com/content/CVPR2026/papers/Sen_RAVEN_Radar_Adaptive_Vision_Encoders_for_Efficient_Chirp-wise_Object_Detection_CVPR_2026_paper.pdf,https://openaccess.thecvf.com/content/CVPR2026/supplemental/Sen_RAVEN_Radar_Adaptive_CVPR_2026_supplemental.pdf,https://openaccess.thecvf.com/content/CVPR2026/html/Sen_RAVEN_Radar_Adaptive_Vision_Encoders_for_Efficient_Chirp-wise_Object_Detection_CVPR_2026_paper.html,"We introduce RAVEN, a deep learning architecture for processing frequency-modulated continuous-wave (FMCW) radar data that is designed for high computational efficiency. RAVEN reduces computation by using a learnable antenna mixer module on independent receiver state space encoders (SSM) to compress the virtual MIMO array into a compact set of learned features and by performing per-chirp inference with a calibrated early-exit rule, so the model reaches a decision using only a subset of chirps in a radar frame. These design choices yield up to 170x lower computation and 4x lower end-to-end latency than conventional frame-based radar backbones, while achieving state-of-the-art detection and BEV free-space segmentation performance on automotive radar datasets.","@InProceedings{Sen_2026_CVPR, author = {Sen, Anuvab and Mohammad, Mir Sayeed and Mukhopadhyay, Saibal}, title = {RAVEN: Radar Adaptive Vision Encoders for Efficient Chirp-wise Object Detection and Segmentation}, booktitle = {Proceedings of the IEEE/CVF Conference on Computer Vision and Pattern Recognition (CVPR)}, month = {June}, year = {2026}, pages = {17938-17947} }"
Koleilat_MedCLIPSeg_Probabilistic_Vision-Language_Adaptation_for_Data-Efficient_and_Generalizable_Medical_Image_CVPR_2026_paper,2026,0,Vision_Language_Multimodal,Vision_Language_Multimodal|Medical_Bio_RemoteSensing|Segmentation,25.0,0.28,MedCLIPSeg: Probabilistic Vision-Language Adaptation for Data-Efficient and Generalizable Medical Image Segmentation,Taha Koleilat; Hojat Asgariandehkordi; Omid Nejatimanzari; Berardino Barile; Yiming Xiao; Hassan Rivaz,6,1406-1417,True,https://openaccess.thecvf.com/content/CVPR2026/papers/Koleilat_MedCLIPSeg_Probabilistic_Vision-Language_Adaptation_for_Data-Efficient_and_Generalizable_Medical_Image_CVPR_2026_paper.pdf,https://openaccess.thecvf.com/content/CVPR2026/supplemental/Koleilat_MedCLIPSeg_Probabilistic_Vision-Language_CVPR_2026_supplemental.pdf,https://openaccess.thecvf.com/content/CVPR2026/html/Koleilat_MedCLIPSeg_Probabilistic_Vision-Language_Adaptation_for_Data-Efficient_and_Generalizable_Medical_Image_CVPR_2026_paper.html,"Medical image segmentation remains challenging due to limited annotations for training, ambiguous anatomical features, and domain shifts. While vision-language models such as CLIP offer strong cross-modal representations, their potential for dense, text-guided medical image segmentation remains underexplored. We present MedCLIPSeg, a novel framework that adapts CLIP for robust, data-efficient, and uncertainty-aware medical image segmentation. Our approach leverages patch-level CLIP embeddings through probabilistic cross-modal attention, enabling bidirectional interaction between image and text tokens and explicit modeling of predictive uncertainty. Together with a soft patch-level contrastive loss that encourages more nuanced semantic learning across diverse textual prompts, MedCLIPSeg effectively improves data efficiency and domain generalizability. Extensive experiments across 16 datasets spanning five imaging modalities and six organs demonstrate that MedCLIPSeg outperforms prior methods in accuracy, efficiency, and robustness, while providing interpretable uncertainty maps that highlight local reliability of segmentation results. This work demonstrates the potential of probabilistic vision-language modeling for text-driven medical image segmentation.","@InProceedings{Koleilat_2026_CVPR, author = {Koleilat, Taha and Asgariandehkordi, Hojat and Nejatimanzari, Omid and Barile, Berardino and Xiao, Yiming and Rivaz, Hassan}, title = {MedCLIPSeg: Probabilistic Vision-Language Adaptation for Data-Efficient and Generalizable Medical Image Segmentation}, booktitle = {Proceedings of the IEEE/CVF Conference on Computer Vision and Pattern Recognition (CVPR)}, month = {June}, year = {2026}, pages = {1406-1417} }"
Lin_ELVIS_Enhance_Low-Light_for_Video_Instance_Segmentation_in_the_Dark_CVPR_2026_paper,2026,1,Segmentation,Segmentation|Restoration_Enhancement,25.0,0.28,ELVIS: Enhance Low-Light for Video Instance Segmentation in the Dark,Joanne Lin; Ruirui Lin; Yini Li; David Bull; Nantheera Anantrasirichai,5,25011-25021,True,https://openaccess.thecvf.com/content/CVPR2026/papers/Lin_ELVIS_Enhance_Low-Light_for_Video_Instance_Segmentation_in_the_Dark_CVPR_2026_paper.pdf,https://openaccess.thecvf.com/content/CVPR2026/supplemental/Lin_ELVIS_Enhance_Low-Light_CVPR_2026_supplemental.pdf,https://openaccess.thecvf.com/content/CVPR2026/html/Lin_ELVIS_Enhance_Low-Light_for_Video_Instance_Segmentation_in_the_Dark_CVPR_2026_paper.html,"Video instance segmentation (VIS) for low-light content remains highly challenging for both humans and machines alike, due to noise, blur and other adverse conditions. The lack of large-scale annotated datasets and the limitations of current synthetic pipelines, particularly in modeling temporal degradations, further hinder progress. Moreover, existing VIS methods are not robust to the degradations found in low-light videos and, consequently, perform poorly even after finetuning. In this paper, we introduce ELVIS (Enhance Low-Light for Video Instance Segmentation), a framework that enables domain adaptation of state-of-the-art VIS models to low-light scenarios. ELVIS is comprised of an unsupervised synthetic low-light video pipeline that models both spatial and temporal degradations, a calibration-free degradation profile estimation network (VDP-Net) and an enhancement decoder head that disentangles degradations from content features. ELVIS improves performances by up to +3.7AP on the synthetic low-light YouTube-VIS 2019 dataset and beats two-stage baselines by at least +2.8AP on real low-light videos. Code and dataset available at: https://joannelin168.github.io/research/ELVIS","@InProceedings{Lin_2026_CVPR, author = {Lin, Joanne and Lin, Ruirui and Li, Yini and Bull, David and Anantrasirichai, Nantheera}, title = {ELVIS: Enhance Low-Light for Video Instance Segmentation in the Dark}, booktitle = {Proceedings of the IEEE/CVF Conference on Computer Vision and Pattern Recognition (CVPR)}, month = {June}, year = {2026}, pages = {25011-25021} }"
Wu_SkySense-VITA_Towards_Universal_In-context_Segmentation_of_Multi-modal_Remote_Sensing_Imagery_CVPR_2026_paper,2026,0,Medical_Bio_RemoteSensing,Medical_Bio_RemoteSensing|Vision_Language_Multimodal|Segmentation,21.0,0.429,SkySense-VITA: Towards Universal In-context Segmentation of Multi-modal Remote Sensing Imagery,Kang Wu; Lei Yu; Junwei Luo; Bo Dang; Junjian Zhang; Xiangyuan Cai; Hongwei Hu; Jingdong Chen; Yansheng Li,9,20553-20563,True,https://openaccess.thecvf.com/content/CVPR2026/papers/Wu_SkySense-VITA_Towards_Universal_In-context_Segmentation_of_Multi-modal_Remote_Sensing_Imagery_CVPR_2026_paper.pdf,https://openaccess.thecvf.com/content/CVPR2026/supplemental/Wu_SkySense-VITA_Towards_Universal_CVPR_2026_supplemental.pdf,https://openaccess.thecvf.com/content/CVPR2026/html/Wu_SkySense-VITA_Towards_Universal_In-context_Segmentation_of_Multi-modal_Remote_Sensing_Imagery_CVPR_2026_paper.html,"While recent foundation models for remote sensing segmentation have shown notable progress, they still fall short in processing diverse multi-modal inputs, synergizing complementary prompt types, and leveraging semantic hierarchies. To address these limitations, we introduce SkySense-VITA, a unified in-context segmentation model, which synergistically processes both optical and Synthetic Aperture Radar (SAR) imagery using VIsual, TextuAl, or fused prompts. Based on a novel prompt-and-prediction decoupling strategy, we propose the VITA-Former and VITA-Decoder to decouple multi-modal prompt fusion and prediction process, allowing the model to flexibly support visual-only, textual-only, and fused prompt modes. We train SkySense-VITA with a progressive two-stage strategy: a first stage of Image-Level Alignment Pretraining featuring optical-SAR alignment, and a second stage of Pixel-Level In-context Pretraining using Semantic Granularity Annealing (SGA), a coarse-to-fine curriculum that enables robust hierarchical learning. To support this training, we introduce our new large-scale, multi-modal Sky-VT-300k dataset. Extensive experiments show SkySense-VITA establishes a new state-of-the-art (SOTA) on 18 datasets, with an average performance lead of over 10% mean Intersection over Union (mIoU).","@InProceedings{Wu_2026_CVPR, author = {Wu, Kang and Yu, Lei and Luo, Junwei and Dang, Bo and Zhang, Junjian and Cai, Xiangyuan and Hu, Hongwei and Chen, Jingdong and Li, Yansheng}, title = {SkySense-VITA: Towards Universal In-context Segmentation of Multi-modal Remote Sensing Imagery}, booktitle = {Proceedings of the IEEE/CVF Conference on Computer Vision and Pattern Recognition (CVPR)}, month = {June}, year = {2026}, pages = {20553-20563} }"
Chong_SegGBC_Justifiable_Coarse-to-Fine_Granular-Ball_Computing_for_Enhancing_Clustering_Image_Segmentation_CVPR_2026_paper,2026,1,Segmentation,Segmentation,12.0,1.0,SegGBC: Justifiable Coarse-to-Fine Granular-Ball Computing for Enhancing Clustering Image Segmentation,Qianpeng Chong; Wenyi Zeng; Xiuxuan Shen; Jiajie Li; Qian Yin; Xin Zheng,6,42104-42114,True,https://openaccess.thecvf.com/content/CVPR2026/papers/Chong_SegGBC_Justifiable_Coarse-to-Fine_Granular-Ball_Computing_for_Enhancing_Clustering_Image_Segmentation_CVPR_2026_paper.pdf,,https://openaccess.thecvf.com/content/CVPR2026/html/Chong_SegGBC_Justifiable_Coarse-to-Fine_Granular-Ball_Computing_for_Enhancing_Clustering_Image_Segmentation_CVPR_2026_paper.html,"As an emerging multi-granularity clustering paradigm, granular-ball computing (GBC) hierarchically represents samples through granular-balls (GBs) to capture compact, multi-scale features. Nevertheless, its effective application to clustering-based segmentation methods (CSMs) remains challenging due to two key issues: representing intrinsic uncertainties and defining a justifiable, semantics-aware quality criterion. To address them, the first segmentation framework based on GBC (SegGBC) is proposed to alleviate the single-granularity limitation of existing CSMs. Concretely, we leverage intuitionistic fuzzy sets (IFS) to explicitly quantify image uncertainty: membership and non-membership encode evidence, and the IFS hesitation degree models residual ambiguity. In addition, a semantic compactness metric criterion (SCM_GB) is designed to characterize semantic information by considering the ""stable region"" in conjunction with the overall density of GBs. The proposal of ""stable region"" ensures robust semantics concurrently with high computational efficiency. Extensive experiments demonstrate that the proposed SegGBC achieves promising performance for segmentation. The proposed segmentation GB representation is a plug-and-play front-end, significantly boosting the performance of CSMs by >+3.25% SA and >+3.92% mIoU on standard image and COCO benchmarks. Code is available at supplementary material.","@InProceedings{Chong_2026_CVPR, author = {Chong, Qianpeng and Zeng, Wenyi and Shen, Xiuxuan and Li, Jiajie and Yin, Qian and Zheng, Xin}, title = {SegGBC: Justifiable Coarse-to-Fine Granular-Ball Computing for Enhancing Clustering Image Segmentation}, booktitle = {Proceedings of the IEEE/CVF Conference on Computer Vision and Pattern Recognition (CVPR)}, month = {June}, year = {2026}, pages = {42104-42114} }"
Liang_Long-RVOS_A_Comprehensive_Benchmark_for_Long-term_Referring_Video_Object_Segmentation_CVPR_2026_paper,2026,1,Segmentation,Segmentation,28.0,0.714,Long-RVOS: A Comprehensive Benchmark for Long-term Referring Video Object Segmentation,Tianming Liang; Haichao Jiang; Yuting Yang; Chaolei Tan; Shuai Li; Wei-Shi Zheng; Jian-Fang Hu,7,39497-39507,True,https://openaccess.thecvf.com/content/CVPR2026/papers/Liang_Long-RVOS_A_Comprehensive_Benchmark_for_Long-term_Referring_Video_Object_Segmentation_CVPR_2026_paper.pdf,https://openaccess.thecvf.com/content/CVPR2026/supplemental/Liang_Long-RVOS_A_Comprehensive_CVPR_2026_supplemental.pdf,https://openaccess.thecvf.com/content/CVPR2026/html/Liang_Long-RVOS_A_Comprehensive_Benchmark_for_Long-term_Referring_Video_Object_Segmentation_CVPR_2026_paper.html,"Referring video object segmentation (RVOS) aims to identify, track and segment the objects in a video based on language descriptions, which has received great attention in recent years. However, existing datasets remain focus on short video clips within several seconds, with salient objects visible in most frames. To advance the task towards more practical scenarios, we introduce Long-RVOS, a large-scale benchmark for long-term referring video object segmentation. Long-RVOS contains 2,000+ videos of an average duration exceeding 60 seconds, covering a variety of objects that undergo occlusion, disappearance-reappearance and shot changing. The objects are manually annotated with three different types of descriptions to individually evaluate the understanding of static attributes, motion patterns and spatiotemporal relationships. Moreover, we introduce two new metrics to assess the temporal and spatiotemporal consistency. We benchmark 7 state-of-the-art methods on Long-RVOS to show that current approaches struggle severely with the long-video challenges. We further propose ReferMo, a promising baseline method that integrates motion information to expand the temporal receptive field, and employs a local-to-global architecture to capture both short-term dynamics and long-term dependencies. We hope that Long-RVOS and our baseline can drive future RVOS research towards more realistic and long-form videos. Our dataset and code is available at https://isee-laboratory.github.io/Long-RVOS.","@InProceedings{Liang_2026_CVPR, author = {Liang, Tianming and Jiang, Haichao and Yang, Yuting and Tan, Chaolei and Li, Shuai and Zheng, Wei-Shi and Hu, Jian-Fang}, title = {Long-RVOS: A Comprehensive Benchmark for Long-term Referring Video Object Segmentation}, booktitle = {Proceedings of the IEEE/CVF Conference on Computer Vision and Pattern Recognition (CVPR)}, month = {June}, year = {2026}, pages = {39497-39507} }"
Muhawenayo_PRUE_A_Practical_Recipe_for_Field_Boundary_Segmentation_at_Scale_CVPR_2026_paper,2026,1,Segmentation,Segmentation,15.0,0.8,PRUE: A Practical Recipe for Field Boundary Segmentation at Scale,Gedeon Muhawenayo; Caleb Robinson; Subash Khanal; Zhanpei Fang; Isaac Corley; Alexander Wollam; Tianyi Gao; Leonard Strnad; Ryan Avery; Lyndon Estes; Ana Tárano; Nathan Jacobs; Hannah Kerner,13,6484-6495,True,https://openaccess.thecvf.com/content/CVPR2026/papers/Muhawenayo_PRUE_A_Practical_Recipe_for_Field_Boundary_Segmentation_at_Scale_CVPR_2026_paper.pdf,https://openaccess.thecvf.com/content/CVPR2026/supplemental/Muhawenayo_PRUE_A_Practical_CVPR_2026_supplemental.pdf,https://openaccess.thecvf.com/content/CVPR2026/html/Muhawenayo_PRUE_A_Practical_Recipe_for_Field_Boundary_Segmentation_at_Scale_CVPR_2026_paper.html,"Large-scale maps of field boundaries are essential for agricultural monitoring tasks. Existing deep learning approaches for satellite-based field mapping are sensitive to illumination, spatial scale, and changes in geographic location. We conduct the first systematic evaluation of segmentation and geospatial foundation models (GFMs) for global field boundary delineation using the Fields of The World (FTW) benchmark. We evaluate 18 models under unified experimental settings, showing that a U-Net semantic segmentation model outperforms instance-based and GFM alternatives on a suite of performance and deployment metrics. We propose a new segmentation approach that combines a U-Net backbone, composite loss functions, and targeted data augmentations to enhance performance and robustness under real-world conditions. Our model achieves a 76% IoU and 47% object-F1 on FTW, an increase of 6% and 9% over the previous baseline. Our approach provides a practical framework for reliable, scalable, and reproducible field boundary delineation across model design, training, and inference. We release all models and model-derived field boundary datasets for five countries.","@InProceedings{Muhawenayo_2026_CVPR, author = {Muhawenayo, Gedeon and Robinson, Caleb and Khanal, Subash and Fang, Zhanpei and Corley, Isaac and Wollam, Alexander and Gao, Tianyi and Strnad, Leonard and Avery, Ryan and Estes, Lyndon and T\'arano, Ana and Jacobs, Nathan and Kerner, Hannah}, title = {PRUE: A Practical Recipe for Field Boundary Segmentation at Scale}, booktitle = {Proceedings of the IEEE/CVF Conference on Computer Vision and Pattern Recognition (CVPR)}, month = {June}, year = {2026}, pages = {6484-6495} }"
Palmer_Beyond_Scanpaths_Graph-Based_Gaze_Simulation_in_Dynamic_Scenes_CVPR_2026_paper,2026,1,Segmentation,Segmentation|Trustworthy_Security_Privacy,6.0,0.0,Beyond Scanpaths: Graph-Based Gaze Simulation in Dynamic Scenes,Luke Palmer; Petar Palasek; Hazem Abdelkawy,3,15199-15211,True,https://openaccess.thecvf.com/content/CVPR2026/papers/Palmer_Beyond_Scanpaths_Graph-Based_Gaze_Simulation_in_Dynamic_Scenes_CVPR_2026_paper.pdf,https://openaccess.thecvf.com/content/CVPR2026/supplemental/Palmer_Beyond_Scanpaths_Graph-Based_CVPR_2026_supplemental.zip,https://openaccess.thecvf.com/content/CVPR2026/html/Palmer_Beyond_Scanpaths_Graph-Based_Gaze_Simulation_in_Dynamic_Scenes_CVPR_2026_paper.html,"Accurately modelling human attention is essential for numerous computer vision applications, particularly in the domain of automotive safety. Existing methods typically collapse gaze into saliency maps or scanpaths, treating gaze dynamics only implicitly. We instead formulate gaze modelling as an autoregressive dynamical system and explicitly unroll raw gaze trajectories over time, conditioned on both gaze history and the evolving environment. Driving scenes are represented as gaze-centric graphs processed by the Affinity Relation Transformer (ART), a heterogeneous graph transformer that models interactions between driver gaze, traffic objects, and road structure. We further introduce the Object Density Network (ODN) to predict next-step gaze distributions, capturing the stochastic and object-centric nature of attentional shifts in complex environments. We also release Focus100, a new dataset of raw gaze data from 30 participants viewing egocentric driving footage. Trained directly on raw gaze, without fixation filtering, our unified approach produces more natural gaze trajectories, scanpath dynamics, and saliency maps than existing attention models, offering valuable insights for the temporal modelling of human attention in dynamic environments.","@InProceedings{Palmer_2026_CVPR, author = {Palmer, Luke and Palasek, Petar and Abdelkawy, Hazem}, title = {Beyond Scanpaths: Graph-Based Gaze Simulation in Dynamic Scenes}, booktitle = {Proceedings of the IEEE/CVF Conference on Computer Vision and Pattern Recognition (CVPR)}, month = {June}, year = {2026}, pages = {15199-15211} }"
Du_TSTM_Temporal_Segmentation_for_Task-relevant_Mask_in_Visual_Reinforcement_Learning_CVPR_2026_paper,2026,0,Embodied_AI_Robotics,Embodied_AI_Robotics|Segmentation,10.0,0.0,TSTM: Temporal Segmentation for Task-relevant Mask in Visual Reinforcement Learning Generalization,Weicheng Du; Wenjia Meng; Zhengzhe Zhang; Yilong Yin; Xiankai Lu,5,27999-28009,True,https://openaccess.thecvf.com/content/CVPR2026/papers/Du_TSTM_Temporal_Segmentation_for_Task-relevant_Mask_in_Visual_Reinforcement_Learning_CVPR_2026_paper.pdf,https://openaccess.thecvf.com/content/CVPR2026/supplemental/Du_TSTM_Temporal_Segmentation_CVPR_2026_supplemental.pdf,https://openaccess.thecvf.com/content/CVPR2026/html/Du_TSTM_Temporal_Segmentation_for_Task-relevant_Mask_in_Visual_Reinforcement_Learning_CVPR_2026_paper.html,"Achieving strong policy generalization to unseen environments remains a core challenge in visual reinforcement learning, and segmenting task-relevant regions to mitigate the influence of irrelevant visual cues has emerged as a promising direction. However, existing methods rely solely on the current observation, lack temporal information, and fail to exploit preceding observations, leaving learned policies susceptible to task-irrelevant background variations and ultimately degrading policy performance. In this paper, we propose temporal segmentation for task-relevant mask in visual reinforcement learning, named TSTM, which extracts task-relevant regions from sequential observations by exploiting temporal information, thereby producing more reliable masks and improving policy generalization. TSTM introduces a temporal segmentation network with an encoder-temporal-decoder architecture, where a convolutional LSTM module captures temporal dependencies across observations. To reduce inference overhead, we further develop a lightweight student network as an efficient substitute for the teacher network. The resulting task-relevant masks are encoded by a CNN-based encoder, and invariant representation learning is employed to improve robustness by enforcing consistency between representations of the original and augmented observation sequences. With these task-relevant representations, we train an actor-critic agent to learn a policy with strong generalization capability. Experimental results demonstrate that TSTM achieves superior generalization performance over existing state-of-the-art methods on most visual RL tasks.","@InProceedings{Du_2026_CVPR, author = {Du, Weicheng and Meng, Wenjia and Zhang, Zhengzhe and Yin, Yilong and Lu, Xiankai}, title = {TSTM: Temporal Segmentation for Task-relevant Mask in Visual Reinforcement Learning Generalization}, booktitle = {Proceedings of the IEEE/CVF Conference on Computer Vision and Pattern Recognition (CVPR)}, month = {June}, year = {2026}, pages = {27999-28009} }"
Lee_Robust_Promptable_Video_Object_Segmentation_CVPR_2026_paper,2026,1,Segmentation,Segmentation,20.0,0.75,Robust Promptable Video Object Segmentation,Sohyun Lee; Yeho Gwon; Lukas Hoyer; Konrad Schindler; Christos Sakaridis; Suha Kwak,6,39838-39847,True,https://openaccess.thecvf.com/content/CVPR2026/papers/Lee_Robust_Promptable_Video_Object_Segmentation_CVPR_2026_paper.pdf,,https://openaccess.thecvf.com/content/CVPR2026/html/Lee_Robust_Promptable_Video_Object_Segmentation_CVPR_2026_paper.html,"The performance of promptable video object segmentation (PVOS) models substantially degrades under input corruptions, which prevents PVOS deployment in safety-critical domains. This paper offers the first comprehensive study on robust PVOS (RobustPVOS). We first construct a new, comprehensive benchmark with two real-world evaluation datasets of 351 video clips and more than 2,500 object masks under real-world adverse conditions. At the same time, we generate synthetic training data by applying diverse and temporally varying corruptions to existing VOS datasets. Moreover, we present a new RobustPVOS method, dubbed Memory-object-conditioned Gated-rank Adaptation (MoGA). The key to successfully performing RobustPVOS is two-fold: effectively handling object-specific degradation and ensuring temporal consistency in predictions. MoGA leverages object-specific representations maintained in memory across frames to condition the robustification process, which allows the model to handle each tracked object differently in a temporally consistent way. Extensive experiments on our benchmark validate MoGA's efficacy, showing consistent and significant improvements across diverse corruption types on both synthetic and real-world datasets, establishing a strong baseline for future RobustPVOS research. Our benchmark is publicly available at https://sohyun-l.github.io/RobustPVOS_project_page/.","@InProceedings{Lee_2026_CVPR, author = {Lee, Sohyun and Gwon, Yeho and Hoyer, Lukas and Schindler, Konrad and Sakaridis, Christos and Kwak, Suha}, title = {Robust Promptable Video Object Segmentation}, booktitle = {Proceedings of the IEEE/CVF Conference on Computer Vision and Pattern Recognition (CVPR)}, month = {June}, year = {2026}, pages = {39838-39847} }"
Gao_VGGT-Segmentor_Geometry-Enhanced_Cross-View_Segmentation_CVPR_2026_paper,2026,1,Segmentation,Segmentation|Embodied_AI_Robotics,15.0,0.6,VGGT-Segmentor: Geometry-Enhanced Cross-View Segmentation,Yulu Gao; Bohao Zhang; Zongheng Tang; Jitong Liao; Wenjun Wu; Si Liu,6,21690-21700,True,https://openaccess.thecvf.com/content/CVPR2026/papers/Gao_VGGT-Segmentor_Geometry-Enhanced_Cross-View_Segmentation_CVPR_2026_paper.pdf,https://openaccess.thecvf.com/content/CVPR2026/supplemental/Gao_VGGT-Segmentor_Geometry-Enhanced_Cross-View_CVPR_2026_supplemental.pdf,https://openaccess.thecvf.com/content/CVPR2026/html/Gao_VGGT-Segmentor_Geometry-Enhanced_Cross-View_Segmentation_CVPR_2026_paper.html,"Instance-level object segmentation across disparate egocentric and exocentric views is a fundamental challenge in visual understanding, critical for applications in embodied AI and remote collaboration. This task is exceptionally difficult due to severe changes in scale, perspective, and occlusion, which destabilize direct pixel-level matching. While recent geometry-aware models like VGGT provide a strong foundation for feature alignment, we find they often fail at dense prediction tasks due to significant pixel-level projection drift, even when their internal object-level attention remains consistent. To bridge this gap, we introduce VGGT-Segmentor (VGGT-S), a framework that unifies robust geometric modeling with pixel-accurate semantic segmentation. VGGT-S leverages VGGT's powerful cross-view feature representation and introduces a novel Union Segmentation Head. This head operates in three stages: mask prompt fusion, point-guided prediction, and iterative mask refinement, effectively translating high-level feature alignment into a precise segmentation mask. Furthermore, we propose a single-image self-supervised training strategy that eliminates the need for paired annotations and enables strong generalization. On the Ego-Exo4D benchmark, VGGT-S sets a new state-of-the-art, achieving 67.7% and 68.0% average IoU for Ego-Exo and Exo-Ego tasks, respectively, significantly outperforming prior methods. Notably, our correspondence-free pretrained model surpasses most fully-supervised baselines, demonstrating the effectiveness and scalability of our approach.","@InProceedings{Gao_2026_CVPR, author = {Gao, Yulu and Zhang, Bohao and Tang, Zongheng and Liao, Jitong and Wu, Wenjun and Liu, Si}, title = {VGGT-Segmentor: Geometry-Enhanced Cross-View Segmentation}, booktitle = {Proceedings of the IEEE/CVF Conference on Computer Vision and Pattern Recognition (CVPR)}, month = {June}, year = {2026}, pages = {21690-21700} }"
Hadgi_PatchAlign3D_Local_Feature_Alignment_for_Dense_3D_Shape_Understanding_CVPR_2026_paper,2026,0,3D_Reconstruction,3D_Reconstruction|Segmentation|SelfSupervised_Representation|LLM_Reasoning_Agent,12.0,0.167,PatchAlign3D: Local Feature Alignment for Dense 3D Shape Understanding,Souhail Hadgi; Bingchen Gong; Ramana Sundararaman; Emery Pierson; Lei Li; Peter Wonka; Maks Ovsjanikov,7,3014-3023,True,https://openaccess.thecvf.com/content/CVPR2026/papers/Hadgi_PatchAlign3D_Local_Feature_Alignment_for_Dense_3D_Shape_Understanding_CVPR_2026_paper.pdf,https://openaccess.thecvf.com/content/CVPR2026/supplemental/Hadgi_PatchAlign3D_Local_Feature_CVPR_2026_supplemental.pdf,https://openaccess.thecvf.com/content/CVPR2026/html/Hadgi_PatchAlign3D_Local_Feature_Alignment_for_Dense_3D_Shape_Understanding_CVPR_2026_paper.html,"Current foundation models for 3D shapes excel at global tasks (retrieval, classification) but transfer poorly to local part-level reasoning. Recent approaches leverage vision and language foundation models to directly solve dense tasks through multi-view renderings and text queries. While promising, these pipelines require expensive inference over multiple renderings, depend heavily on large language-model (LLM) prompt engineering for captions, and fail to exploit the inherent 3D geometry of shapes. We address this gap by introducing an encoder-only 3D model that produces language-aligned patch-level features directly from point clouds. Our pre-training approach builds on existing data engines that generate part-annotated 3D shapes by pairing multi-view SAM regions with VLM captioning. Using this data, we train a point cloud transformer encoder in two stages: (1) distillation of dense 2D features from visual encoders such as DINOv2 into 3D patches, and (2) alignment of these patch embeddings with part-level text embeddings through a multi-positive contrastive objective. Our 3D encoder achieves zero-shot 3D part segmentation with fast single-pass inference without any test-time multi-view rendering, while significantly outperforming previous rendering-based and feed-forward approaches across several 3D part segmentation benchmarks.","@InProceedings{Hadgi_2026_CVPR, author = {Hadgi, Souhail and Gong, Bingchen and Sundararaman, Ramana and Pierson, Emery and Li, Lei and Wonka, Peter and Ovsjanikov, Maks}, title = {PatchAlign3D: Local Feature Alignment for Dense 3D Shape Understanding}, booktitle = {Proceedings of the IEEE/CVF Conference on Computer Vision and Pattern Recognition (CVPR)}, month = {June}, year = {2026}, pages = {3014-3023} }"
Liu_VesMamba_3D_Pulmonary_Vessel_Segmentation_from_CT_images_via_Mamba_CVPR_2026_paper,2026,1,Segmentation,Segmentation|Medical_Bio_RemoteSensing,12.0,0.167,VesMamba: 3D Pulmonary Vessel Segmentation from CT images via Mamba with Structural Perception and Scale-aware Filtering,Zhipeng Liu; Guilian Chen; Zheng Jiang; Huisi Wu; Jing Qin,5,1439-1449,True,https://openaccess.thecvf.com/content/CVPR2026/papers/Liu_VesMamba_3D_Pulmonary_Vessel_Segmentation_from_CT_images_via_Mamba_CVPR_2026_paper.pdf,https://openaccess.thecvf.com/content/CVPR2026/supplemental/Liu_VesMamba_3D_Pulmonary_CVPR_2026_supplemental.pdf,https://openaccess.thecvf.com/content/CVPR2026/html/Liu_VesMamba_3D_Pulmonary_Vessel_Segmentation_from_CT_images_via_Mamba_CVPR_2026_paper.html,"Automated 3D pulmonary vessel segmentation from CT images is crucial for improving early screening and assessment of pulmonary vessel related diseases. However, it remains an extremely challenging task due to the complex and tree-like structures of vessels, large scale-variations, and the existence of highly similar tissues in the background. Existing segmentation models either cannot sufficiently capture long-range structural dependencies, which are of great importance in vessel segmentation, or are constrained by insufficient computational resources in clinical settings. In this paper, we propose VesMamba, a novel model for 3D pulmonary vessel segmentation that comprehensively addresses these challenges. Specifically, we first devise a spatial-gated structural perception (SSP) module, which employs Mamba to efficiently capture long-range dependencies. In SSP, we design dynamic spatial attention convolutions (DSAC) for dynamically learning the tree-like 3D vessel structures, providing Mamba with the spatial perception capability to better track the complicated topologies of vessels. Second, we propose an innovative bidirectional scale-aware filter (BSF) module to strengthen the representation capability of the encoder, facilitating our model to focus on vessels of different scales under noise. Moreover, we apply a mask-constrained decoder to further improve segmentation consistency and accuracy, which constrains the inference of adjacent low-layer decoders directly by high-layer masks. Extensive experiments on the public Parse22 and internal Lung79 datasets demonstrate that our method can achieve better performance than SOTAs. Code is available at https://github.com/Lzpbright/VesMamba.","@InProceedings{Liu_2026_CVPR, author = {Liu, Zhipeng and Chen, Guilian and Jiang, Zheng and Wu, Huisi and Qin, Jing}, title = {VesMamba: 3D Pulmonary Vessel Segmentation from CT images via Mamba with Structural Perception and Scale-aware Filtering}, booktitle = {Proceedings of the IEEE/CVF Conference on Computer Vision and Pattern Recognition (CVPR)}, month = {June}, year = {2026}, pages = {1439-1449} }"
Qiu_HySeg_Learning_Generative_Priors_for_Structure-Aware_Remote_Sensing_Segmentation_CVPR_2026_paper,2026,0,Medical_Bio_RemoteSensing,Medical_Bio_RemoteSensing|Segmentation,18.0,0.167,HySeg: Learning Generative Priors for Structure-Aware Remote Sensing Segmentation,Jie Qiu; Xin Li; Fan Yang; Yan Wang; Dong Yu; Changying Wang; Linwei Dai; Yongxiang Chen; Youqin Chen; Jianzhang Chen,10,6410-6420,True,https://openaccess.thecvf.com/content/CVPR2026/papers/Qiu_HySeg_Learning_Generative_Priors_for_Structure-Aware_Remote_Sensing_Segmentation_CVPR_2026_paper.pdf,https://openaccess.thecvf.com/content/CVPR2026/supplemental/Qiu_HySeg_Learning_Generative_CVPR_2026_supplemental.pdf,https://openaccess.thecvf.com/content/CVPR2026/html/Qiu_HySeg_Learning_Generative_Priors_for_Structure-Aware_Remote_Sensing_Segmentation_CVPR_2026_paper.html,"High-resolution remote sensing imagery exhibits complex spatial regularities where topology, continuity, and region adjacency govern semantic organization. However, existing remote sensing image semantic segmentation (RSISS) networks, being predominantly discriminative, estimate strong posteriors from data while lacking generative priors that encode such structural dependencies. This imbalance leads to fragmented boundaries, texture overfitting, and poor cross-dataset generalization. We address this challenge by reformulating RSISS as posterior inference grounded in generative structural priors, introducing HySeg , a hybrid generative-discriminative segmentation paradigm that learns structure-consistent priors through generative modeling and guides posterior inference for remote sensing segmentation. At its core, the MeanStruct module, a MeanFlow-based generative prior learner, models semantic topology as a continuous stochastic field, while the Prior-to-Affinity Projection (P2A) dynamically transforms this field into topology-aware, class-conditional affinities that guide posterior inference in the Dynamic Affinity-driven Segmentation (DAS) head. Our approach is model-agnostic and seamlessly integrates with diverse backbones, consistently improving structural coherence and generalization. Across four challenging RSISS benchmarks, HySeg achieves state-of-the-art performance and advances remote sensing segmentation from appearance-based perception to structural reasoning. Our code is available at https://github.com/HeryJie/HySeg.","@InProceedings{Qiu_2026_CVPR, author = {Qiu, Jie and Li, Xin and Yang, Fan and Wang, Yan and Yu, Dong and Wang, Changying and Dai, Linwei and Chen, Yongxiang and Chen, Youqin and Chen, Jianzhang}, title = {HySeg: Learning Generative Priors for Structure-Aware Remote Sensing Segmentation}, booktitle = {Proceedings of the IEEE/CVF Conference on Computer Vision and Pattern Recognition (CVPR)}, month = {June}, year = {2026}, pages = {6410-6420} }"
Cao_RDF-MIG_A_Robust_Diffusion_Framework_for_Masked_Image_Generation_to_CVPR_2026_paper,2026,1,Segmentation,Segmentation|Medical_Bio_RemoteSensing|Diffusion_Generative|SelfSupervised_Representation,27.0,0.407,RDF-MIG: A Robust Diffusion Framework for Masked Image Generation to Augment Semantic Segmentation and Change Detection,Zian Cao; Wei Wei; Qingshan Gao; Yuanyuan Fu,4,35758-35767,True,https://openaccess.thecvf.com/content/CVPR2026/papers/Cao_RDF-MIG_A_Robust_Diffusion_Framework_for_Masked_Image_Generation_to_CVPR_2026_paper.pdf,https://openaccess.thecvf.com/content/CVPR2026/supplemental/Cao_RDF-MIG_A_Robust_CVPR_2026_supplemental.pdf,https://openaccess.thecvf.com/content/CVPR2026/html/Cao_RDF-MIG_A_Robust_Diffusion_Framework_for_Masked_Image_Generation_to_CVPR_2026_paper.html,"Change detection and semantic segmentation are key techniques for satellite image analysis in remote sensing. However, acquiring high-quality labeled data is costly and time-consuming. Although recent studies have explored generative models to ease data scarcity, a unified framework supporting both tasks is still lacking, and most methods overlook noise accumulation and cannot generate multispectral images. To address this, we propose the robust diffusion framework for masked image generation (RDF-MIG). RDF-MIG generates bi-temporal change-labeled and single-temporal segmentation-labeled images to enhance downstream change detection and semantic segmentation tasks. Furthermore, to address noise accumulation and improve the quality of generated image-mask pairs, we reformulate the diffusion model training objective by proposing the Maximum Correntropy Robust Diffusion (MCRD) loss, and further design an MSE-consistency calibration that analytically aligns small-error gradients with the MSE objective while preserving robustness to outliers. Experiments indicate that the proposed RDF-MIG framework can generate multispectral image-mask pairs to improve downstream performance, while MCRD loss further enhances the quality of the synthesized data.","@InProceedings{Cao_2026_CVPR, author = {Cao, Zian and Wei, Wei and Gao, Qingshan and Fu, Yuanyuan}, title = {RDF-MIG: A Robust Diffusion Framework for Masked Image Generation to Augment Semantic Segmentation and Change Detection}, booktitle = {Proceedings of the IEEE/CVF Conference on Computer Vision and Pattern Recognition (CVPR)}, month = {June}, year = {2026}, pages = {35758-35767} }"
Su_S2AM3D_Scale-controllable_Part_Segmentation_of_3D_Point_Clouds_CVPR_2026_paper,2026,1,Segmentation,Segmentation|3D_Reconstruction,21.0,0.286,S$^2$AM3D: Scale-controllable Part Segmentation of 3D Point Clouds,Han Su; Tianyu Huang; Zichen Wan; Xiaohe Wu; Wangmeng Zuo,5,14357-14366,True,https://openaccess.thecvf.com/content/CVPR2026/papers/Su_S2AM3D_Scale-controllable_Part_Segmentation_of_3D_Point_Clouds_CVPR_2026_paper.pdf,https://openaccess.thecvf.com/content/CVPR2026/supplemental/Su_S2AM3D_Scale-controllable_Part_CVPR_2026_supplemental.pdf,https://openaccess.thecvf.com/content/CVPR2026/html/Su_S2AM3D_Scale-controllable_Part_Segmentation_of_3D_Point_Clouds_CVPR_2026_paper.html,"Part-level point cloud segmentation has recently attracted significant attention in 3D computer vision.Nevertheless, existing research is constrained by two major challenges: native 3D models lack generalization due to data scarcity, while introducing 2D pre-trained knowledge often leads to inconsistent segmentation results across different views.To address these challenges, we propose S^2AM3D, which incorporates 2D segmentation priors with 3D consistent supervision. We design a point-consistent part encoder that aggregates multi-view 2D features through native 3D contrastive learning, producing globally consistent point features. A scale-aware prompt decoder is then proposed to enable real-time adjustment of segmentation granularity via continuous scale signals. Simultaneously, we introduce a large-scale, high-quality part-level point cloud dataset with more than 100k samples, providing ample supervision signals for model training.Extensive experiments demonstrate that S^2AM3D achieves leading performance across multiple evaluation settings, exhibiting exceptional robustness and controllability when handling complex structures and parts with significant size variations.","@InProceedings{Su_2026_CVPR, author = {Su, Han and Huang, Tianyu and Wan, Zichen and Wu, Xiaohe and Zuo, Wangmeng}, title = {S\${\textasciicircum}2\$AM3D: Scale-controllable Part Segmentation of 3D Point Clouds}, booktitle = {Proceedings of the IEEE/CVF Conference on Computer Vision and Pattern Recognition (CVPR)}, month = {June}, year = {2026}, pages = {14357-14366} }"
Hong_CycleBEV_Regularizing_View_Transformation_Networks_via_View_Cycle_Consistency_for_CVPR_2026_paper,2026,1,Segmentation,Segmentation|Autonomous_Driving,24.0,0.125,CycleBEV: Regularizing View Transformation Networks via View Cycle Consistency for Bird's-Eye-View Semantic Segmentation,Jeongbin Hong; Dooseop Choi; Taeg-Hyun An; Kyounghwan An; Kyoung-Wook Min,5,10986-10995,True,https://openaccess.thecvf.com/content/CVPR2026/papers/Hong_CycleBEV_Regularizing_View_Transformation_Networks_via_View_Cycle_Consistency_for_CVPR_2026_paper.pdf,https://openaccess.thecvf.com/content/CVPR2026/supplemental/Hong_CycleBEV_Regularizing_View_CVPR_2026_supplemental.pdf,https://openaccess.thecvf.com/content/CVPR2026/html/Hong_CycleBEV_Regularizing_View_Transformation_Networks_via_View_Cycle_Consistency_for_CVPR_2026_paper.html,"Transforming image features from perspective view (PV) space to bird's-eye-view (BEV) space remains challenging in autonomous driving due to depth ambiguity and occlusion. Although several view transformation (VT) paradigms have been proposed, the challenge still remains. In this paper, we propose a new regularization framework, dubbed CycleBEV, that enhances existing VT models for BEV semantic segmentation. Inspired by cycle consistency, widely used in image distribution modeling, we devise an inverse view transformation (IVT) network that maps BEV segmentation maps back to PV segmentation maps and use it to regularize VT networks during training through cycle consistency losses, enabling them to capture richer semantic and geometric information from input PV images. To further exploit the capacity of the IVT network, we introduce two novel ideas that extend cycle consistency into geometric and representation spaces. We evaluate CycleBEV on four representative VT models covering three major paradigms using the large-scale nuScenes dataset. Experimental results show consistent improvements---with gains of up to 0.74, 4.86, and 3.74 mIoU for drivable area, vehicle, and pedestrian classes, respectively---without increasing inference complexity, since the IVT network is used only during training.","@InProceedings{Hong_2026_CVPR, author = {Hong, Jeongbin and Choi, Dooseop and An, Taeg-Hyun and An, Kyounghwan and Min, Kyoung-Wook}, title = {CycleBEV: Regularizing View Transformation Networks via View Cycle Consistency for Bird's-Eye-View Semantic Segmentation}, booktitle = {Proceedings of the IEEE/CVF Conference on Computer Vision and Pattern Recognition (CVPR)}, month = {June}, year = {2026}, pages = {10986-10995} }"
Huang_Unlocking_3D_Affordance_Segmentation_with_2D_Semantic_Knowledge_CVPR_2026_paper,2026,1,Segmentation,Segmentation|SelfSupervised_Representation|LLM_Reasoning_Agent,13.0,0.308,Unlocking 3D Affordance Segmentation with 2D Semantic Knowledge,Yu Huang; Zelin Peng; Changsong Wen; Xiaokang Yang; Wei Shen,5,6399-6409,True,https://openaccess.thecvf.com/content/CVPR2026/papers/Huang_Unlocking_3D_Affordance_Segmentation_with_2D_Semantic_Knowledge_CVPR_2026_paper.pdf,,https://openaccess.thecvf.com/content/CVPR2026/html/Huang_Unlocking_3D_Affordance_Segmentation_with_2D_Semantic_Knowledge_CVPR_2026_paper.html,"Affordance segmentation aims to decompose 3D objects into parts that serve distinct functional roles, enabling models to reason about object interactions rather than mere recognition. Existing methods, mostly following the paradigm of 3D semantic segmentation or prompt-based frameworks, struggle when geometric cues are weak or ambiguous, as sparse point clouds provide limited functional information. To overcome this limitation, we leverage the rich semantic knowledge embedded in large-scale 2D Vision Foundation Models (VFMs) to guide 3D representation learning through a cross-modal alignment mechanism. Specifically, we propose Cross-Modal Affinity Transfer (CMAT), a pretraining strategy that compels the 3D encoder to align with the semantic structures induced by lifted 2D features. CMAT is driven by a core affinity alignment objective, supported by two auxiliary losses, geometric reconstruction and feature diversity, which together encourage structured and discriminative feature learning. Built upon the CMAT-pretrained backbone, we employ a lightweight affordance segmentor that injects text or visual prompts into the learned 3D space through an efficient cross-attention interface, enabling dense and prompt-aware affordance prediction while preserving the semantic organization established during pretraining. Extensive experiments demonstrate consistent improvements over previous state-of-the-art methods in both accuracy and efficiency.","@InProceedings{Huang_2026_CVPR, author = {Huang, Yu and Peng, Zelin and Wen, Changsong and Yang, Xiaokang and Shen, Wei}, title = {Unlocking 3D Affordance Segmentation with 2D Semantic Knowledge}, booktitle = {Proceedings of the IEEE/CVF Conference on Computer Vision and Pattern Recognition (CVPR)}, month = {June}, year = {2026}, pages = {6399-6409} }"
Liu_ESAM_Efficient_Online_3D_Perception_on_the_Edge_CVPR_2026_paper,2026,0,Efficiency_Compression,Efficiency_Compression|Segmentation|3D_Reconstruction,12.0,0.25,ESAM++: Efficient Online 3D Perception on the Edge,Qin Liu; Lavisha Aggarwal; Saptarashmi Bandyopadhyay; Vikas Bahirwani; Marc Niethammer; Ehsan Adeli; Andrea Colaco,7,39021-39030,True,https://openaccess.thecvf.com/content/CVPR2026/papers/Liu_ESAM_Efficient_Online_3D_Perception_on_the_Edge_CVPR_2026_paper.pdf,https://openaccess.thecvf.com/content/CVPR2026/supplemental/Liu_ESAM_Efficient_Online_CVPR_2026_supplemental.pdf,https://openaccess.thecvf.com/content/CVPR2026/html/Liu_ESAM_Efficient_Online_3D_Perception_on_the_Edge_CVPR_2026_paper.html,"Online 3D scene perception in real time is essential for robotics, AR/VR, and autonomous systems, particularly in edge computing scenarios where computational resources are limited and privacy is crucial. Recent state-of-the-art methods like EmbodiedSAM (ESAM) demonstrate the promise of online 3D perception by leveraging the Segment Anything Model (SAM) for real-time, fine-grained, and generalized 3D instance segmentation. However, ESAM still relies on a computationally expensive 3D sparse UNet for point cloud feature extraction, which accounts for the majority of the 3D inference time, hindering its practicality on resource-constrained devices. In this paper, we propose ESAM++, a lightweight and scalable alternative for online 3D scene perception tailored to edge devices without GPU acceleration. Our method introduces a 3D Sparse Feature Pyramid Network (SFPN) that efficiently captures multi-scale geometric features from streaming 3D point clouds while significantly reducing computational overhead and model size. We evaluate our approach on four challenging segmentation benchmarks, namely ScanNet, ScanNet200, SceneNN, and 3RScan, demonstrating that our model achieves competitive accuracy with up to 3x faster inference with a 2x smaller model size compared to ESAM, enabling practical deployment on edge devices.","@InProceedings{Liu_2026_CVPR, author = {Liu, Qin and Aggarwal, Lavisha and Bandyopadhyay, Saptarashmi and Bahirwani, Vikas and Niethammer, Marc and Adeli, Ehsan and Colaco, Andrea}, title = {ESAM++: Efficient Online 3D Perception on the Edge}, booktitle = {Proceedings of the IEEE/CVF Conference on Computer Vision and Pattern Recognition (CVPR)}, month = {June}, year = {2026}, pages = {39021-39030} }"
Cheng_DeRVOS_Decoupling_Consistent_Trajectory_Generation_and_Multimodal_Understanding_for_Referring_CVPR_2026_paper,2026,0,Vision_Language_Multimodal,Vision_Language_Multimodal|Segmentation,37.0,0.459,DeRVOS: Decoupling Consistent Trajectory Generation and Multimodal Understanding for Referring Video Object Segmentation,Wenxuan Cheng; Ming Dai; Huimin Lu; Wankou Yang,4,24651-24662,True,https://openaccess.thecvf.com/content/CVPR2026/papers/Cheng_DeRVOS_Decoupling_Consistent_Trajectory_Generation_and_Multimodal_Understanding_for_Referring_CVPR_2026_paper.pdf,https://openaccess.thecvf.com/content/CVPR2026/supplemental/Cheng_DeRVOS_Decoupling_Consistent_CVPR_2026_supplemental.pdf,https://openaccess.thecvf.com/content/CVPR2026/html/Cheng_DeRVOS_Decoupling_Consistent_Trajectory_Generation_and_Multimodal_Understanding_for_Referring_CVPR_2026_paper.html,"Referring video object segmentation (RVOS) aims to segment objects within a video according to natural language expressions. Unlike earlier works focusing on static single-object scenarios, recent studies address more complex motion scenes. Previous methods typically adopt a query-based, logically multi-stage pipeline to handle these scenarios. However, this paradigm learns trajectory consistency modeling and multimodal fusion from scratch, which often leads to trajectory inconsistencies and insufficient multimodal understanding. To address these limitations, we propose DeRVOS, a framework that decouples RVOS into two key branches: consistent trajectory generation and multimodal understanding. We extract temporally consistent object representations using a powerful pretrained instance trajectory generation model and perform cross-modal alignment via a unified multimodal encoder, enabling upstream modeling of trajectory consistency and vision-language understanding. This design reduces RVOS to the task of modeling the relationship between referring expressions and instance trajectories. To connect the two branches and enable efficient motion-aware semantic understanding, we introduce the Trajectory Alignment and Implicit Selection (TAIS) module, which progressively performs cross-frame multimodal alignment and motion-guided implicit trajectory selection. Extensive experiments demonstrate that DeRVOS achieves state-of-the-art results on both traditional RVOS benchmarks and the challenging MeViS dataset, surpassing LVLM-based methods by 4.7%.","@InProceedings{Cheng_2026_CVPR, author = {Cheng, Wenxuan and Dai, Ming and Lu, Huimin and Yang, Wankou}, title = {DeRVOS: Decoupling Consistent Trajectory Generation and Multimodal Understanding for Referring Video Object Segmentation}, booktitle = {Proceedings of the IEEE/CVF Conference on Computer Vision and Pattern Recognition (CVPR)}, month = {June}, year = {2026}, pages = {24651-24662} }"
Gao_XSeg_A_Large-scale_X-ray_Contraband_Segmentation_Benchmark_For_Real-World_Security_CVPR_2026_paper,2026,0,Medical_Bio_RemoteSensing,Medical_Bio_RemoteSensing|Segmentation,10.0,0.0,XSeg: A Large-scale X-ray Contraband Segmentation Benchmark For Real-World Security Screening,Hongxia Gao; Yixin Chen; Jiali Wen; Litao Li; Qianyun Liu; Kaijie Zhang,6,24950-24959,True,https://openaccess.thecvf.com/content/CVPR2026/papers/Gao_XSeg_A_Large-scale_X-ray_Contraband_Segmentation_Benchmark_For_Real-World_Security_CVPR_2026_paper.pdf,,https://openaccess.thecvf.com/content/CVPR2026/html/Gao_XSeg_A_Large-scale_X-ray_Contraband_Segmentation_Benchmark_For_Real-World_Security_CVPR_2026_paper.html,"X-ray contraband detection is critical for public safety. However, current methods primarily rely on bounding box annotations, which limit model generalization and performance due to the lack of pixel-level supervision and real-world data. To address these limitations, we introduce XSeg. To the best of our knowledge, XSeg is the largest X-ray contraband segmentation dataset to date, including 98,644 images and 295,932 instance masks, and contains the latest 30 common contraband categories. The images are sourced from public datasets and our synthesized data, filtered through a custom data cleaning pipeline to remove low-quality samples. To enable accurate and efficient annotation and reduce manual labeling effort, we propose Adaptive Point SAM (APSAM), a specialized mask annotation model built upon the Segment Anything Model (SAM). We address SAM's poor cross-domain generalization and limited capability in detecting stacked objects by introducing an Energy-Aware Encoder that enhances the initialization of the mask decoder, significantly improving sensitivity to overlapping items. Additionally, we design an Adaptive Point Generator that allows users to obtain precise mask labels with only a single coarse point prompt. Extensive experiments on XSeg demonstrate the superior performance of APSAM.","@InProceedings{Gao_2026_CVPR, author = {Gao, Hongxia and Chen, Yixin and Wen, Jiali and Li, Litao and Liu, Qianyun and Zhang, Kaijie}, title = {XSeg: A Large-scale X-ray Contraband Segmentation Benchmark For Real-World Security Screening}, booktitle = {Proceedings of the IEEE/CVF Conference on Computer Vision and Pattern Recognition (CVPR)}, month = {June}, year = {2026}, pages = {24950-24959} }"
Uddin_Unsupervised_Multi-Scale_Segmentation_of_3D_Subcellular_World_with_Stable_Diffusion_CVPR_2026_paper,2026,0,Diffusion_Generative,Diffusion_Generative|SelfSupervised_Representation|Segmentation,12.0,0.0,Unsupervised Multi-Scale Segmentation of 3D Subcellular World with Stable Diffusion Foundation Model,Mostofa Rafid Uddin; HM Shadman Tabib; Thanh-Huy Nguyen; Kashish Gandhi; Min Xu,5,22744-22752,True,https://openaccess.thecvf.com/content/CVPR2026/papers/Uddin_Unsupervised_Multi-Scale_Segmentation_of_3D_Subcellular_World_with_Stable_Diffusion_CVPR_2026_paper.pdf,https://openaccess.thecvf.com/content/CVPR2026/supplemental/Uddin_Unsupervised_Multi-Scale_Segmentation_CVPR_2026_supplemental.pdf,https://openaccess.thecvf.com/content/CVPR2026/html/Uddin_Unsupervised_Multi-Scale_Segmentation_of_3D_Subcellular_World_with_Stable_Diffusion_CVPR_2026_paper.html,"We introduce an unsupervised approach for segmenting multiscale subcellular objects in 3D volumetric cryo-electron tomography (cryo-ET) images. To this end, we address key challenges such as lack of annotated data, large data volumes, high heterogeneity of subcellular shapes and sizes, and high inter-domain variability of cellular cryo-ET images across different experiments and contexts. Our method requires users to only select a small number of slabs from a few representative tomograms in the dataset. The core of our method is extracting features for the corresponding slabs, leveraging a Stable Diffusion foundation model pretrained on mostly natural images. The feature extraction is followed by a novel heuristic-based feature aggregation strategy, and adaptive thresholding to segment the aggregated features. The resulting masks are refined with pretrained CellPose to split composite regions, and then utilized as pseudo-ground truth for training supervised deep learning models. We validated our unsupervised foundation-model based pipeline on publicly available cryo-ET benchmark datasets, demonstrating performance that closely approximates expert human annotations. This fully automated, data-driven framework enables the mining of multi-scale subcellular patterns, paving the way for accelerated biological discoveries from large-scale cellular cryo-ET datasets.","@InProceedings{Uddin_2026_CVPR, author = {Uddin, Mostofa Rafid and Tabib, HM Shadman and Nguyen, Thanh-Huy and Gandhi, Kashish and Xu, Min}, title = {Unsupervised Multi-Scale Segmentation of 3D Subcellular World with Stable Diffusion Foundation Model}, booktitle = {Proceedings of the IEEE/CVF Conference on Computer Vision and Pattern Recognition (CVPR)}, month = {June}, year = {2026}, pages = {22744-22752} }"
Kim_Test-Time_Training_for_LiDAR_Semantic_Segmentation_under_Corruption_via_Geometric_CVPR_2026_paper,2026,1,Segmentation,Segmentation|Transfer_FewShot_DomainAdaptation|Autonomous_Driving,20.0,0.1,Test-Time Training for LiDAR Semantic Segmentation under Corruption via Geometric Inlier Discrimination,Hyeonseong Kim; Hyun-Kurl Jang; Kuk-Jin Yoon,3,24206-24216,True,https://openaccess.thecvf.com/content/CVPR2026/papers/Kim_Test-Time_Training_for_LiDAR_Semantic_Segmentation_under_Corruption_via_Geometric_CVPR_2026_paper.pdf,https://openaccess.thecvf.com/content/CVPR2026/supplemental/Kim_Test-Time_Training_for_CVPR_2026_supplemental.pdf,https://openaccess.thecvf.com/content/CVPR2026/html/Kim_Test-Time_Training_for_LiDAR_Semantic_Segmentation_under_Corruption_via_Geometric_CVPR_2026_paper.html,"LiDAR semantic segmentation must remain robust under various sensor and environmental corruptions to be reliable in safety-critical applications. Existing test-time adaptation methods, including approaches based on pseudo-labels and normalization statistics, have shown promising results but can still struggle under severe distribution shifts. To complement these approaches, we propose a geometry-aware test-time training framework that leverages an auxiliary self-supervised objective. Our method is based on geometric inlier discrimination (GeoID), which injects synthetic off-manifold points into the input and trains the model to distinguish geometry-consistent inliers from synthetically displaced outliers, enabling adaptation on unlabeled test data. To further stabilize this process under real corruptions, we introduce bidirectional unreliable point filtering (BiUPF), which uses inlier scores from the source-trained model to filter out unreliable regions on both original and synthetic points, focusing updates on high-confidence samples. Experiments on two large-scale corruption benchmarks, SemanticKITTI-C and nuScenes-C, show that our method consistently outperforms strong test-time adaptation baselines and improves robustness across diverse LiDAR corruptions. Our code is available at https://github.com/hskim617/GeoID.","@InProceedings{Kim_2026_CVPR, author = {Kim, Hyeonseong and Jang, Hyun-Kurl and Yoon, Kuk-Jin}, title = {Test-Time Training for LiDAR Semantic Segmentation under Corruption via Geometric Inlier Discrimination}, booktitle = {Proceedings of the IEEE/CVF Conference on Computer Vision and Pattern Recognition (CVPR)}, month = {June}, year = {2026}, pages = {24206-24216} }"
Mehrotra_H-Sets_Hessian-Guided_Discovery_of_Set-Level_Feature_Interactions_in_Image_Classifiers_CVPR_2026_paper,2026,1,Segmentation,Segmentation|Trustworthy_Security_Privacy,10.0,0.4,H-Sets: Hessian-Guided Discovery of Set-Level Feature Interactions in Image Classifiers,Ayushi Mehrotra; Dipkamal Bhusal; Michael Clifford; Nidhi Rastogi,4,17067-17076,True,https://openaccess.thecvf.com/content/CVPR2026/papers/Mehrotra_H-Sets_Hessian-Guided_Discovery_of_Set-Level_Feature_Interactions_in_Image_Classifiers_CVPR_2026_paper.pdf,https://openaccess.thecvf.com/content/CVPR2026/supplemental/Mehrotra_H-Sets_Hessian-Guided_Discovery_CVPR_2026_supplemental.pdf,https://openaccess.thecvf.com/content/CVPR2026/html/Mehrotra_H-Sets_Hessian-Guided_Discovery_of_Set-Level_Feature_Interactions_in_Image_Classifiers_CVPR_2026_paper.html,"Feature attribution methods explain the predictions of deep neural networks by assigning importance scores to individual input features. However, most existing methods focus solely on marginal effects, overlooking feature interactions, where groups of features jointly influence model output. Such interactions are especially important in image classification tasks, where semantic meaning often arises from pixel interdependencies rather than isolated features. Existing interaction-based methods for images are either coarse (e.g., superpixel-only) or, fail to satisfy core interpretability axioms. In this work, we introduce H-Sets, a novel two-stage framework for discovering and attributing higher-order feature interactions in image classifiers. First, we detect locally interacting pairs via input Hessians and recursively merge them into semantically coherent sets; segmentation from Segment Anything (SAM) is used as a spatial grouping prior but can be replaced by other segmentations. Second, we attribute each set with IDG-Vis, a set-level extension of Integrated Directional Gradients that integrates directional gradients along pixel-space paths and aggregates them with Harsanyi dividends. While Hessians introduce additional compute at the detection stage, this targeted cost consistently yields saliency maps that are sparser and more faithful. Evaluations across VGG, ResNet, DenseNet and MobileNet models on ImageNet and CUB datasets show that H-Sets generate more interpretable and faithful saliency maps compared to existing methods.","@InProceedings{Mehrotra_2026_CVPR, author = {Mehrotra, Ayushi and Bhusal, Dipkamal and Clifford, Michael and Rastogi, Nidhi}, title = {H-Sets: Hessian-Guided Discovery of Set-Level Feature Interactions in Image Classifiers}, booktitle = {Proceedings of the IEEE/CVF Conference on Computer Vision and Pattern Recognition (CVPR)}, month = {June}, year = {2026}, pages = {17067-17076} }"
Chang_Denoise_and_Align_Towards_Source-Free_UDA_for_Robust_Panoramic_Semantic_CVPR_2026_paper,2026,1,Segmentation,Segmentation|Transfer_FewShot_DomainAdaptation|Restoration_Enhancement,20.0,0.25,Denoise and Align: Towards Source-Free UDA for Robust Panoramic Semantic Segmentation,Yaowen Chang; Zhen Cao; Xu Zheng; Xiaoxin Mi; Zhen Dong,5,32226-32235,True,https://openaccess.thecvf.com/content/CVPR2026/papers/Chang_Denoise_and_Align_Towards_Source-Free_UDA_for_Robust_Panoramic_Semantic_CVPR_2026_paper.pdf,https://openaccess.thecvf.com/content/CVPR2026/supplemental/Chang_Denoise_and_Align_CVPR_2026_supplemental.pdf,https://openaccess.thecvf.com/content/CVPR2026/html/Chang_Denoise_and_Align_Towards_Source-Free_UDA_for_Robust_Panoramic_Semantic_CVPR_2026_paper.html,"Panoramic semantic segmentation is pivotal for comprehensive 360deg scene understanding in critical applications like autonomous driving and virtual reality. However, progress in this domain is constrained by two key challenges: the severe geometric distortions inherent in panoramic projections and the prohibitive cost of dense annotation. While Unsupervised Domain Adaptation (UDA) from label-rich pinhole-camera datasets offers a viable alternative, many real-world tasks impose a stricter source-free (SFUDA) constraint where source data is inaccessible for privacy or proprietary reasons. This constraint significantly amplifies the core problems of domain shift, leading to unreliable pseudo-labels and dramatic performance degradation, particularly for minority classes. To overcome these limitations, we propose the DAPASS framework. DAPASS introduces two synergistic modules to robustly transfer knowledge without source data. First, our Panoramic Confidence-Guided Denoising (PCGD) module generates high-fidelity, class-balanced pseudo-labels by enforcing perturbation consistency and incorporating neighborhood-level confidence to filter noise. Second, a Contextual Resolution Adversarial Module (CRAM) explicitly addresses scale variance and distortion by adversarially aligning fine-grained details from high-resolution crops with global semantics from low-resolution contexts. DAPASS achieves state-of-the-art performances on outdoor (Cityscapes-to-DensePASS) and indoor (Stanford2D3D) benchmarks, yielding 55.04% (+2.05%) and 70.38% (+1.54%) mIoU, respectively.","@InProceedings{Chang_2026_CVPR, author = {Chang, Yaowen and Cao, Zhen and Zheng, Xu and Mi, Xiaoxin and Dong, Zhen}, title = {Denoise and Align: Towards Source-Free UDA for Robust Panoramic Semantic Segmentation}, booktitle = {Proceedings of the IEEE/CVF Conference on Computer Vision and Pattern Recognition (CVPR)}, month = {June}, year = {2026}, pages = {32226-32235} }"
Liang_Multimodal_Causality-Driven_Representation_Learning_for_Generalizable_Medical_Image_Segmentation_CVPR_2026_paper,2026,0,Vision_Language_Multimodal,Vision_Language_Multimodal|Medical_Bio_RemoteSensing|Segmentation,23.0,0.087,Multimodal Causality-Driven Representation Learning for Generalizable Medical Image Segmentation,Xusheng Liang; Lihua Zhou; Nianxin Li; Miao Xu; Ziyang Song; Dong Yi; Jinlin Wu; Jiawei Ma; Hongbin Liu; Zhen Lei; Jiebo Luo,11,13670-13679,True,https://openaccess.thecvf.com/content/CVPR2026/papers/Liang_Multimodal_Causality-Driven_Representation_Learning_for_Generalizable_Medical_Image_Segmentation_CVPR_2026_paper.pdf,,https://openaccess.thecvf.com/content/CVPR2026/html/Liang_Multimodal_Causality-Driven_Representation_Learning_for_Generalizable_Medical_Image_Segmentation_CVPR_2026_paper.html,"Vision-Language Models (VLMs), such as CLIP, have demonstrated remarkable zero-shot capabilities in various computer vision tasks. However, their application to medical imaging remains challenging due to the high variability and complexity of medical data. Specifically, medical images often exhibit significant domain shifts caused by various confounders, including equipment differences, procedure artifacts, and imaging modes, which can lead to poor generalization when models are applied to unseen domains. To address this limitation, we propose Multimodal Causal-Driven Representation Learning (MCDRL), a novel framework that integrates causal inference with the VLM to tackle domain generalization in medical image segmentation. MCDRL is implemented in two steps: first, it leverages CLIP's cross-modal capabilities to identify candidate lesion regions and construct a confounder dictionary through text prompts, specifically designed to represent domain-specific variations; second, it trains a causal intervention network that utilizes this dictionary to identify and eliminate the influence of these domain-specific variations while preserving the anatomical structural information critical for segmentation tasks. Extensive experiments demonstrate that MCDRL consistently outperforms competing methods, yielding superior segmentation accuracy and exhibiting robust generalizability.","@InProceedings{Liang_2026_CVPR, author = {Liang, Xusheng and Zhou, Lihua and Li, Nianxin and Xu, Miao and Song, Ziyang and Yi, Dong and Wu, Jinlin and Ma, Jiawei and Liu, Hongbin and Lei, Zhen and Luo, Jiebo}, title = {Multimodal Causality-Driven Representation Learning for Generalizable Medical Image Segmentation}, booktitle = {Proceedings of the IEEE/CVF Conference on Computer Vision and Pattern Recognition (CVPR)}, month = {June}, year = {2026}, pages = {13670-13679} }"
Liu_ClimaOoD_Improving_Anomaly_Segmentation_via_Physically_Realistic_Synthetic_Data_CVPR_2026_paper,2026,1,Segmentation,Segmentation|Autonomous_Driving|Diffusion_Generative|Transfer_FewShot_DomainAdaptation,10.0,0.1,ClimaOoD: Improving Anomaly Segmentation via Physically Realistic Synthetic Data,Yuxing Liu; Zheng Li; Huanhuan Liang; Ji Zhang; Zeyu Sun; Yong Liu,6,17853-17862,True,https://openaccess.thecvf.com/content/CVPR2026/papers/Liu_ClimaOoD_Improving_Anomaly_Segmentation_via_Physically_Realistic_Synthetic_Data_CVPR_2026_paper.pdf,,https://openaccess.thecvf.com/content/CVPR2026/html/Liu_ClimaOoD_Improving_Anomaly_Segmentation_via_Physically_Realistic_Synthetic_Data_CVPR_2026_paper.html,"Anomaly segmentation seeks to detect and localize unknown or out-of-distribution (OoD) objects that fall outside predefined semantic classes--a capability essential for safe autonomous driving. However, the scarcity and limited diversity of anomaly data severely constrain model generalization in open-world environments. Existing approaches mitigate this issue through synthetic data generation, either by copy-pasting external objects into driving scenes or by leveraging text-to-image diffusion models to inpaint anomalous regions. While these methods improve anomaly diversity, they often lack contextual coherence and physical realism, resulting in domain gaps between synthetic and real data. In this paper, we present ClimaDrive, a semantics-guided image-to-image framework for synthesizing semantically coherent, weather-diverse, and physically plausible OoD driving data. ClimaDrive unifies structure-guided multi-weather generation with prompt-driven anomaly inpainting, enabling the creation of visually realistic training data. Based on this framework, we construct ClimaOoD, a large-scale benchmark spanning six representative driving scenarios under both clear and adverse weather conditions.Extensive experiments on four state-of-the-art methods show that training with ClimaOoD leads to robust improvements in anomaly segmentation. Across all methods, AUROC, AP, and FPR95 show notable gains, with FPR95 dropping from 3.97 to 3.52 for RbA on Fishyscapes LAF. These results demonstrate that ClimaOoD enhances model robustness, offering valuable training data for better generalization in open-world anomaly detection.","@InProceedings{Liu_2026_CVPR, author = {Liu, Yuxing and Li, Zheng and Liang, Huanhuan and Zhang, Ji and Sun, Zeyu and Liu, Yong}, title = {ClimaOoD: Improving Anomaly Segmentation via Physically Realistic Synthetic Data}, booktitle = {Proceedings of the IEEE/CVF Conference on Computer Vision and Pattern Recognition (CVPR)}, month = {June}, year = {2026}, pages = {17853-17862} }"
Zhou_Masked_Representation_Modeling_for_Domain-Adaptive_Segmentation_CVPR_2026_paper,2026,1,Segmentation,Segmentation|SelfSupervised_Representation,18.0,0.333,Masked Representation Modeling for Domain-Adaptive Segmentation,Wenlve Zhou; Zhiheng Zhou; Tiantao Xian; Yikui Zhai; Weibin Wu; Biyun MA,6,36999-37009,True,https://openaccess.thecvf.com/content/CVPR2026/papers/Zhou_Masked_Representation_Modeling_for_Domain-Adaptive_Segmentation_CVPR_2026_paper.pdf,https://openaccess.thecvf.com/content/CVPR2026/supplemental/Zhou_Masked_Representation_Modeling_CVPR_2026_supplemental.pdf,https://openaccess.thecvf.com/content/CVPR2026/html/Zhou_Masked_Representation_Modeling_for_Domain-Adaptive_Segmentation_CVPR_2026_paper.html,"Unsupervised domain adaptation (UDA) for semantic segmentation seeks to transfer models from a labeled source domain to an unlabeled target domain. While auxiliary self-supervised tasks such as contrastive learning have enhanced feature discriminability, masked modeling remains underexplored due to architectural constraints and misaligned objectives. We propose Masked Representation Modeling (MRM), an auxiliary task that performs representation masking and reconstruction directly in the latent space. Unlike prior masked modeling methods that reconstruct low-level signals (e.g., pixels or visual tokens), MRM targets high-level semantic features, aligning its objective with segmentation and integrating seamlessly into standard architectures like DeepLab and DAFormer. To support efficient reconstruction, we design a lightweight auxiliary module, Rebuilder, which is jointly trained with the segmentation network but removed during inference, introducing zero test-time overhead. Extensive experiments demonstrate that MRM consistently improves segmentation performance across diverse architectures and UDA benchmarks. When integrated with four representative baselines, MRM achieves an average gain of +2.3 mIoU on GTA -> Cityscapes and +2.8 mIoU on Cityscapes -> Synthia, establishing it as a simple, effective, and generalizable strategy for unsupervised domain-adaptive semantic segmentation.","@InProceedings{Zhou_2026_CVPR, author = {Zhou, Wenlve and Zhou, Zhiheng and Xian, Tiantao and Zhai, Yikui and Wu, Weibin and MA, Biyun}, title = {Masked Representation Modeling for Domain-Adaptive Segmentation}, booktitle = {Proceedings of the IEEE/CVF Conference on Computer Vision and Pattern Recognition (CVPR)}, month = {June}, year = {2026}, pages = {36999-37009} }"
Xu_SemLayer_Semantic-aware_Generative_Segmentation_and_Layer_Construction_for_Abstract_Icons_CVPR_2026_paper,2026,1,Segmentation,Segmentation,6.0,0.5,SemLayer: Semantic-aware Generative Segmentation and Layer Construction for Abstract Icons,Haiyang Xu; Ronghuan Wu; Li-Yi Wei; Nanxuan Zhao; Chenxi Liu; Cuong Nguyen; Zhuowen Tu; Zhaowen Wang,8,42082-42092,True,https://openaccess.thecvf.com/content/CVPR2026/papers/Xu_SemLayer_Semantic-aware_Generative_Segmentation_and_Layer_Construction_for_Abstract_Icons_CVPR_2026_paper.pdf,https://openaccess.thecvf.com/content/CVPR2026/supplemental/Xu_SemLayer_Semantic-aware_Generative_CVPR_2026_supplemental.pdf,https://openaccess.thecvf.com/content/CVPR2026/html/Xu_SemLayer_Semantic-aware_Generative_Segmentation_and_Layer_Construction_for_Abstract_Icons_CVPR_2026_paper.html,"Graphic icons are a cornerstone of modern design workflows, yet they are often distributed as flattened single-path or compound-path graphics, where the original semantic layering is lost. This absence of semantic decomposition hinders downstream tasks such as editing, restyling, and animation. We formalize this problem as semantic layer construction for flattened vector art and introduce SemLayer, a visual generation empowered pipeline that restores editable layered structures. Given an abstract icon, SemLayer first generates a chromatically differentiated representation in which distinct semantic components become visually separable. To recover the complete geometry of each part, including occluded regions, we then perform a semantic completion step that reconstructs coherent object-level shapes. Finally, the recovered parts are assembled into a layered vector representation with inferred occlusion relationships. Extensive qualitative comparisons and quantitative evaluations demonstrate the effectiveness of SemLayer, enabling editing workflows previously inapplicable to flattened vector graphics and establishing semantic layer reconstruction as a practical and valuable task. Project page: https://xxuhaiyang.github.io/SemLayer/","@InProceedings{Xu_2026_CVPR, author = {Xu, Haiyang and Wu, Ronghuan and Wei, Li-Yi and Zhao, Nanxuan and Liu, Chenxi and Nguyen, Cuong and Tu, Zhuowen and Wang, Zhaowen}, title = {SemLayer: Semantic-aware Generative Segmentation and Layer Construction for Abstract Icons}, booktitle = {Proceedings of the IEEE/CVF Conference on Computer Vision and Pattern Recognition (CVPR)}, month = {June}, year = {2026}, pages = {42082-42092} }"
Chen_MARSS_Radar_Semantic_Segmentation_via_Modular_Attention_and_State_Space_CVPR_2026_paper,2026,1,Segmentation,Segmentation,27.0,0.926,MARSS: Radar Semantic Segmentation via Modular Attention and State Space Models,Fengyu Chen; Tiao Tan; Teng Li; Yuantian Quan; Qingmin Liao,5,17959-17968,True,https://openaccess.thecvf.com/content/CVPR2026/papers/Chen_MARSS_Radar_Semantic_Segmentation_via_Modular_Attention_and_State_Space_CVPR_2026_paper.pdf,https://openaccess.thecvf.com/content/CVPR2026/supplemental/Chen_MARSS_Radar_Semantic_CVPR_2026_supplemental.pdf,https://openaccess.thecvf.com/content/CVPR2026/html/Chen_MARSS_Radar_Semantic_Segmentation_via_Modular_Attention_and_State_Space_CVPR_2026_paper.html,"Radar semantic segmentation (RSS) is critical for robust perception in adverse conditions, but poses unique challenges: radar frequency maps are highly anisotropic, multi-scale, sparse and noisy. Conventional CNN or Transformer architectures, designed for camera images, fail to account for these characteristics, leading degraded performance. We propose MARSS (Modular Attention-enhanced Radar Semantic Segmentation), a novel framework that integrates three specialized modules to address radar-specific issues. In the encoder, the RADE module employs lightweight channel self-attention and depthwise convolutions to robustly encode noisy, anisotropic features. In intermediate layers, the RFAF module performs multi-scale feature fusion and region-level attention to isolate salient radar features. The decoder's RADM module combines state space models with axial self-attention to reconstruct segmentation masks with anisotropy and temporality-aware context. These components collectively suppress noise, disentangle range-Doppler features, and enforce spatial-temporal consistency. On the CARRADA dataset, MARSS achieves substantially higher performance than prior RSS methods, especially for small fast-moving targets.","@InProceedings{Chen_2026_CVPR, author = {Chen, Fengyu and Tan, Tiao and Li, Teng and Quan, Yuantian and Liao, Qingmin}, title = {MARSS: Radar Semantic Segmentation via Modular Attention and State Space Models}, booktitle = {Proceedings of the IEEE/CVF Conference on Computer Vision and Pattern Recognition (CVPR)}, month = {June}, year = {2026}, pages = {17959-17968} }"
Liu_High-Precision_Dichotomous_Image_Segmentation_via_Depth_Integrity-Prior_and_Fine-Grained_Patch_CVPR_2026_paper,2026,0,Recognition_Classification,Recognition_Classification|Segmentation,15.0,0.333,High-Precision Dichotomous Image Segmentation via Depth Integrity-Prior and Fine-Grained Patch Strategy,Xianjie Liu; Keren Fu; Qijun Zhao,3,6357-6366,True,https://openaccess.thecvf.com/content/CVPR2026/papers/Liu_High-Precision_Dichotomous_Image_Segmentation_via_Depth_Integrity-Prior_and_Fine-Grained_Patch_CVPR_2026_paper.pdf,,https://openaccess.thecvf.com/content/CVPR2026/html/Liu_High-Precision_Dichotomous_Image_Segmentation_via_Depth_Integrity-Prior_and_Fine-Grained_Patch_CVPR_2026_paper.html,"High-precision dichotomous image segmentation (DIS) is a task of extracting fine-grained objects from high-resolution images.Existing methods trade efficiency for accuracy: non-diffusion methods are fast but suffer from weak semantics and unstable spatial priors, causing false detections; diffusion-based methods offer high accuracy via strong generative priors but are computationally expensive.In depth maps, a complete object appears as a low variance region with a smooth interior and sharp boundaries, whereas the background exhibits a chaotic, high variance pattern due to disconnected surfaces at varying depths. We refer to this as the depth integrity-prior.Inspired by this, and noting that DIS currently lacks depth maps, we leverage pseudo-depth information from monocular depth estimation models to obtain essential semantic understanding, thereby rapidly revealing spatial differences across target objects and the background.To exploit this prior, we propose the Prior-guided Depth Fusion Network (PDFNet), which fuses RGB and pseudo-depth features for depth-aware structure perception. We further introduce a novel depth integrity-prior loss to enforce depth consistency in segmentation and a fine-grained enhancement module with adaptive patch selection to sharpen boundaries.Notably, PDFNet with DAM-v2 achieves SOTA (F^ max _b 0.915 on DIS-VD and 0.915 on DIS-TE) using less than half the params of diffusion-based methods.","@InProceedings{Liu_2026_CVPR, author = {Liu, Xianjie and Fu, Keren and Zhao, Qijun}, title = {High-Precision Dichotomous Image Segmentation via Depth Integrity-Prior and Fine-Grained Patch Strategy}, booktitle = {Proceedings of the IEEE/CVF Conference on Computer Vision and Pattern Recognition (CVPR)}, month = {June}, year = {2026}, pages = {6357-6366} }"
Gong_Saliency-R1_Enforcing_Interpretable_and_Faithful_Vision-language_Reasoning_via_Saliency-map_Alignment_CVPR_2026_paper,2026,1,Segmentation,Segmentation|Vision_Language_Multimodal|Trustworthy_Security_Privacy,27.0,0.333,Saliency-R1: Enforcing Interpretable and Faithful Vision-language Reasoning via Saliency-map Alignment Reward,Shizhan Gong; Minda Hu; Qiyuan Zhang; Chen Ma; Qi Dou,5,24095-24106,True,https://openaccess.thecvf.com/content/CVPR2026/papers/Gong_Saliency-R1_Enforcing_Interpretable_and_Faithful_Vision-language_Reasoning_via_Saliency-map_Alignment_CVPR_2026_paper.pdf,https://openaccess.thecvf.com/content/CVPR2026/supplemental/Gong_Saliency-R1_Enforcing_Interpretable_CVPR_2026_supplemental.pdf,https://openaccess.thecvf.com/content/CVPR2026/html/Gong_Saliency-R1_Enforcing_Interpretable_and_Faithful_Vision-language_Reasoning_via_Saliency-map_Alignment_CVPR_2026_paper.html,"Vision-language models (VLMs) have achieved remarkable success across diverse tasks. However, concerns about their trustworthiness persist, particularly regarding tendencies to lean more on textual cues than visual evidence and the risk of producing ungrounded or fabricated responses. To address these issues, we propose Saliency-R1, a framework for improving the interpretability and faithfulness of VLMs reasoning. Specifically, we introduce a novel saliency map technique that efficiently highlights critical image regions contributing to generated tokens without additional computational overhead. This can further be extended to trace how visual information flows through the reasoning process to the final answers, revealing the alignment between the thinking process and the visual context. We use the overlap between the saliency maps and human-annotated bounding boxes as the reward function, and apply Group Relative Policy Optimization (GRPO) to align the salient parts and critical regions, encouraging models to focus on relevant areas when conduct reasoning. Experiments show Saliency-R1 improves reasoning faithfulness, interpretability, and overall task performance.","@InProceedings{Gong_2026_CVPR, author = {Gong, Shizhan and Hu, Minda and Zhang, Qiyuan and Ma, Chen and Dou, Qi}, title = {Saliency-R1: Enforcing Interpretable and Faithful Vision-language Reasoning via Saliency-map Alignment Reward}, booktitle = {Proceedings of the IEEE/CVF Conference on Computer Vision and Pattern Recognition (CVPR)}, month = {June}, year = {2026}, pages = {24095-24106} }"
Zhao_Open-Vocabulary_Domain_Generalization_in_Urban-Scene_Segmentation_CVPR_2026_paper,2026,1,Segmentation,Segmentation|Transfer_FewShot_DomainAdaptation|Vision_Language_Multimodal,21.0,0.286,Open-Vocabulary Domain Generalization in Urban-Scene Segmentation,Dong Zhao; Qi Zang; Nan Pu; Wenjing Li; Nicu Sebe; Zhun Zhong,6,20388-20398,True,https://openaccess.thecvf.com/content/CVPR2026/papers/Zhao_Open-Vocabulary_Domain_Generalization_in_Urban-Scene_Segmentation_CVPR_2026_paper.pdf,https://openaccess.thecvf.com/content/CVPR2026/supplemental/Zhao_Open-Vocabulary_Domain_Generalization_CVPR_2026_supplemental.pdf,https://openaccess.thecvf.com/content/CVPR2026/html/Zhao_Open-Vocabulary_Domain_Generalization_in_Urban-Scene_Segmentation_CVPR_2026_paper.html,"Domain Generalization in Semantic Segmentation (DG-SS) aims to enable segmentation models to perform robustly in unseen environments. However, conventional DG-SS methods are restricted to a fixed set of known categories, limiting their applicability in open-world scenarios. Recent progress in Vision-Language Models (VLMs) has advanced Open-Vocabulary Semantic Segmentation (OV-SS) by enabling models to recognize a broader range of concepts. Yet, these models remain sensitive to domain shifts and struggle to maintain robustness when deployed in unseen environments, a challenge that is particularly severe in urban-driving scenarios. To bridge this gap, we introduce Open-Vocabulary Domain Generalization in Semantic Segmentation (OVDG-SS), a new setting that jointly addresses unseen domains and unseen categories. We introduce the first benchmark for OVDG-SS in autonomous driving, addressing a previously unexplored problem and covering both synthetic-to-real and real-to-real generalization across diverse unseen domains and unseen categories. In OVDG-SS, we observe that domain shifts often distort text-image correlations in pre-trained VLMs, which hinders the performance of OV-SS models. To tackle this challenge, we propose S^2-Corr, a state-space-driven text-image correlation refinement mechanism that can mitigate domain-induced distortions and produce a more consistent text-image correlation under distribution changes. Extensive experiments on our constructed benchmark demonstrate that the proposed method achieves superior cross-domain performance and efficiency compared to existing OV-SS approaches.","@InProceedings{Zhao_2026_CVPR, author = {Zhao, Dong and Zang, Qi and Pu, Nan and Li, Wenjing and Sebe, Nicu and Zhong, Zhun}, title = {Open-Vocabulary Domain Generalization in Urban-Scene Segmentation}, booktitle = {Proceedings of the IEEE/CVF Conference on Computer Vision and Pattern Recognition (CVPR)}, month = {June}, year = {2026}, pages = {20388-20398} }"
Ji_LaDy_Lagrangian-Dynamic_Informed_Network_for_Skeleton-based_Action_Segmentation_via_Spatial-Temporal_CVPR_2026_paper,2026,1,Segmentation,Segmentation|Human_Pose_Body|Video_Action_Recognition,12.0,0.167,LaDy: Lagrangian-Dynamic Informed Network for Skeleton-based Action Segmentation via Spatial-Temporal Modulation,Haoyu Ji; Xueting Liu; Yu Gao; Wenze Huang; Zhihao Yang; Weihong Ren; Zhiyong Wang; Honghai Liu,8,34449-34459,True,https://openaccess.thecvf.com/content/CVPR2026/papers/Ji_LaDy_Lagrangian-Dynamic_Informed_Network_for_Skeleton-based_Action_Segmentation_via_Spatial-Temporal_CVPR_2026_paper.pdf,https://openaccess.thecvf.com/content/CVPR2026/supplemental/Ji_LaDy_Lagrangian-Dynamic_Informed_CVPR_2026_supplemental.pdf,https://openaccess.thecvf.com/content/CVPR2026/html/Ji_LaDy_Lagrangian-Dynamic_Informed_Network_for_Skeleton-based_Action_Segmentation_via_Spatial-Temporal_CVPR_2026_paper.html,"Skeleton-based Temporal Action Segmentation (STAS) aims to densely parse untrimmed skeletal sequences into frame-level action categories. However, existing methods, while proficient at capturing spatio-temporal kinematics, neglect the underlying physical dynamics that govern human motion. This oversight limits inter-class discriminability between actions with similar kinematics but distinct dynamic intents, and hinders precise boundary localization where dynamic force profiles shift. To address these, we propose the Lagrangian-Dynamic Informed Network (LaDy), a framework integrating principles of Lagrangian dynamics into the segmentation process. Specifically, LaDy first computes generalized coordinates from joint positions and then estimates Lagrangian terms under physical constraints to explicitly synthesize the generalized forces. To further ensure physical coherence, our Energy Consistency Loss enforces the work-energy theorem, aligning kinetic energy change with the work done by the net force. The learned dynamics then drive a Spatio-Temporal Modulation module: Spatially, generalized forces are fused with spatial representations to provide more discriminative semantics. Temporally, salient dynamic signals are constructed for temporal gating, thereby significantly enhancing boundary awareness. Experiments on challenging datasets show that LaDy achieves state-of-the-art performance, validating the integration of physical dynamics for action segmentation. Code is available at https://github.com/HaoyuJi/LaDy.","@InProceedings{Ji_2026_CVPR, author = {Ji, Haoyu and Liu, Xueting and Gao, Yu and Huang, Wenze and Yang, Zhihao and Ren, Weihong and Wang, Zhiyong and Liu, Honghai}, title = {LaDy: Lagrangian-Dynamic Informed Network for Skeleton-based Action Segmentation via Spatial-Temporal Modulation}, booktitle = {Proceedings of the IEEE/CVF Conference on Computer Vision and Pattern Recognition (CVPR)}, month = {June}, year = {2026}, pages = {34449-34459} }"
Ibn_Sultan_WalkGPT_Grounded_Vision-Language_Conversation_with_Depth-Aware_Segmentation_for_Pedestrian_Navigation_CVPR_2026_paper,2026,0,Embodied_AI_Robotics,Embodied_AI_Robotics|Human_Pose_Body|Segmentation|Vision_Language_Multimodal|LLM_Reasoning_Agent,12.0,0.0,WalkGPT: Grounded Vision-Language Conversation with Depth-Aware Segmentation for Pedestrian Navigation,Rafi Ibn Sultan; Hui Zhu; Xiangyu Zhou; Chengyin Li; Prashant Khanduri; Marco Brocanelli; Dongxiao Zhu,7,40085-40095,True,https://openaccess.thecvf.com/content/CVPR2026/papers/Ibn_Sultan_WalkGPT_Grounded_Vision-Language_Conversation_with_Depth-Aware_Segmentation_for_Pedestrian_Navigation_CVPR_2026_paper.pdf,https://openaccess.thecvf.com/content/CVPR2026/supplemental/Ibn_Sultan_WalkGPT_Grounded_Vision-Language_CVPR_2026_supplemental.pdf,https://openaccess.thecvf.com/content/CVPR2026/html/Ibn_Sultan_WalkGPT_Grounded_Vision-Language_Conversation_with_Depth-Aware_Segmentation_for_Pedestrian_Navigation_CVPR_2026_paper.html,"Ensuring accessible pedestrian navigation requires reasoning about both semantic and spatial aspects of complex urban scenes, a challenge that existing Large Vision-Language Models (LVLMs) struggle to meet. Although these models can describe visual content, their lack of explicit grounding leads to object hallucinations and unreliable depth reasoning, limiting their usefulness for accessibility guidance. We introduce WalkGPT, a pixel-grounded LVLM for the new task of Grounded Navigation Guide, unifying language reasoning and segmentation within a single architecture for depth-aware accessibility guidance. Given a pedestrian-view image and a navigation query, WalkGPT generates a conversational response with segmentation masks that delineate accessible and harmful features along with relative depth estimation. The model incorporates a Multi-Scale Query Projector (MSQP) that shapes the final image tokens by aggregating them along text tokens across spatial hierarchies, and a Calibrated Text Projector (CTP), guided by a Region Alignment Loss, that maps language embeddings into segmentation-aware representations. These components enable fine-grained grounding and depth inference without user-provided cues or anchor points, allowing the model to generate complete and realistic navigation guidance. We also introduce PAVE, a large-scale benchmark of 41k pedestrian-view images paired with accessibility-aware questions and depth-grounded answers. Experiments show that WalkGPT achieves strong grounded reasoning and segmentation performance. The source code and dataset are available on the project website.","@InProceedings{Ibn_Sultan_2026_CVPR, author = {Ibn Sultan, Rafi and Zhu, Hui and Zhou, Xiangyu and Li, Chengyin and Khanduri, Prashant and Brocanelli, Marco and Zhu, Dongxiao}, title = {WalkGPT: Grounded Vision-Language Conversation with Depth-Aware Segmentation for Pedestrian Navigation}, booktitle = {Proceedings of the IEEE/CVF Conference on Computer Vision and Pattern Recognition (CVPR)}, month = {June}, year = {2026}, pages = {40085-40095} }"
Lv_Generalizable_Knowledge_Distillation_from_Vision_Foundation_Models_for_Semantic_Segmentation_CVPR_2026_paper,2026,1,Segmentation,Segmentation|Efficiency_Compression|SelfSupervised_Representation,20.0,0.25,Generalizable Knowledge Distillation from Vision Foundation Models for Semantic Segmentation,Chonghua Lv; Dong Zhao; Shuang Wang; Dou Quan; Ning Huyan; Nicu Sebe; Zhun Zhong,7,26656-26666,True,https://openaccess.thecvf.com/content/CVPR2026/papers/Lv_Generalizable_Knowledge_Distillation_from_Vision_Foundation_Models_for_Semantic_Segmentation_CVPR_2026_paper.pdf,https://openaccess.thecvf.com/content/CVPR2026/supplemental/Lv_Generalizable_Knowledge_Distillation_CVPR_2026_supplemental.pdf,https://openaccess.thecvf.com/content/CVPR2026/html/Lv_Generalizable_Knowledge_Distillation_from_Vision_Foundation_Models_for_Semantic_Segmentation_CVPR_2026_paper.html,"Knowledge distillation (KD) has been widely applied in semantic segmentation to compress large models, but conventional approaches primarily preserve in-domain accuracy while neglecting out-of-domain generalization, which is essential under distribution shifts. This limitation becomes more severe with the emergence of vision foundation models (VFMs): although VFMs exhibit strong robustness on unseen data, distilling them with conventional KD often compromises this ability. We propose Generalizable Knowledge Distillation (GKD), a multi-stage framework that explicitly enhances generalization. GKD decouples representation learning from task learning. In the first stage, the student acquires domain-agnostic representations through selective feature distillation, and in the second stage, these representations are frozen for task adaptation, thereby mitigating overfitting to visible domains. To further support transfer, we introduce a query-based soft distillation mechanism, where student features act as queries to teacher representations to selectively retrieve transferable spatial knowledge from VFMs. Extensive experiments on five domain generalization benchmarks demonstrate that GKD consistently outperforms existing KD methods, achieving average gains of +1.9% in foundation-to-foundation (F2F) and +10.6% in foundation-to-local (F2L) distillation. The code will be available at https://github.com/Younger-hua/GKD.","@InProceedings{Lv_2026_CVPR, author = {Lv, Chonghua and Zhao, Dong and Wang, Shuang and Quan, Dou and Huyan, Ning and Sebe, Nicu and Zhong, Zhun}, title = {Generalizable Knowledge Distillation from Vision Foundation Models for Semantic Segmentation}, booktitle = {Proceedings of the IEEE/CVF Conference on Computer Vision and Pattern Recognition (CVPR)}, month = {June}, year = {2026}, pages = {26656-26666} }"
Chen_EvObj_Learning_Evolving_Object-centric_Representations_for_3D_Instance_Segmentation_without_CVPR_2026_paper,2026,1,Segmentation,Segmentation,22.0,0.864,EvObj: Learning Evolving Object-centric Representations for 3D Instance Segmentation without Scene Supervision,Jiahao Chen; Zihui Zhang; Yafei Yang; Jinxi Li; Shenxing Wei; Zhixuan Sun; Bo Yang,7,39817-39826,True,https://openaccess.thecvf.com/content/CVPR2026/papers/Chen_EvObj_Learning_Evolving_Object-centric_Representations_for_3D_Instance_Segmentation_without_CVPR_2026_paper.pdf,https://openaccess.thecvf.com/content/CVPR2026/supplemental/Chen_EvObj_Learning_Evolving_CVPR_2026_supplemental.pdf,https://openaccess.thecvf.com/content/CVPR2026/html/Chen_EvObj_Learning_Evolving_Object-centric_Representations_for_3D_Instance_Segmentation_without_CVPR_2026_paper.html,"We introduce EvObj for unsupervised 3D instance segmentation that bridges the geometric domain gap between synthetic pretraining data and real-world point clouds. Current methods suffer from structural discrepancies when transferring object priors from synthetic datasets (e.g., ShapeNet) to real scans (e.g., ScanNet), particularly due to morphological variations and occlusion artifacts. To address this, EvObj integrates two innovative modules: (1) An object discerning module that dynamically refines object candidates, enabling continuous adaptation of object priors to target domains; and (2) An object completion module that reconstructs partial geometries after discovering objects. We conduct extensive experiments on both real-world and synthetic datasets, demonstrating superior 3D object segmentation performance over all baselines while achieving state-of-the-art results.","@InProceedings{Chen_2026_CVPR, author = {Chen, Jiahao and Zhang, Zihui and Yang, Yafei and Li, Jinxi and Wei, Shenxing and Sun, Zhixuan and Yang, Bo}, title = {EvObj: Learning Evolving Object-centric Representations for 3D Instance Segmentation without Scene Supervision}, booktitle = {Proceedings of the IEEE/CVF Conference on Computer Vision and Pattern Recognition (CVPR)}, month = {June}, year = {2026}, pages = {39817-39826} }"
Wen_CAR-SAM_Cross-Attention_Reconstruction_for_Post-Training_Quantization_of_the_Segment_Anything_CVPR_2026_paper,2026,0,Efficiency_Compression,Efficiency_Compression|Segmentation,22.0,0.455,CAR-SAM: Cross-Attention Reconstruction for Post-Training Quantization of the Segment Anything Model,Houji Wen; Jiangyong Yu; Dawei Yang; Jun Li,4,33632-33641,True,https://openaccess.thecvf.com/content/CVPR2026/papers/Wen_CAR-SAM_Cross-Attention_Reconstruction_for_Post-Training_Quantization_of_the_Segment_Anything_CVPR_2026_paper.pdf,https://openaccess.thecvf.com/content/CVPR2026/supplemental/Wen_CAR-SAM_Cross-Attention_Reconstruction_CVPR_2026_supplemental.pdf,https://openaccess.thecvf.com/content/CVPR2026/html/Wen_CAR-SAM_Cross-Attention_Reconstruction_for_Post-Training_Quantization_of_the_Segment_Anything_CVPR_2026_paper.html,"Segment Anything Models (SAMs) are extensively used in computer vision for universal image segmentation, but deploying them on resource-constrained devices is challenging due to their high computational and memory demands. Post-Training Quantization (PTQ) is a widely used technique for model compression and acceleration. However, existing PTQ methods fail to consider the cross-attention architecture in the SAM decoder. This degradation primarily stems from the unique challenges posed by SAMs: (1) Attention dissipation, where the attention information in the decoder, which is crucial for representing segmentation masks, collapses into a diffuse and non-semantic form under low-bit quantization; and (2) Reconstruction oscillation, where bidirectional coupling within the two-way transformer introduces cross-branch error interference and destabilizes convergence. To tackle these issues, we propose CAR-SAM, a unified quantization framework tailored for SAMs. Firstly, to mitigate attention dissipation, we introduce MatMul-Aware Compensation (MAC) mechanism that transfers activation-induced quantization errors from MatMul to preceding linear weights. Secondly, to mitigate oscillation in decoder optimization, we develop a Joint Cross-Attention Reconstruction (JCAR) strategy that jointly reconstructs coupled attention branches, suppressing oscillatory behavior and promoting stable convergence. Extensive experiments show that CAR-SAM robustly quantizes SAM models down to 4-bit precision, surpassing existing methods by 14.6% and 6.6% mAP on SAM-B and SAM-L respectively.","@InProceedings{Wen_2026_CVPR, author = {Wen, Houji and Yu, Jiangyong and Yang, Dawei and Li, Jun}, title = {CAR-SAM: Cross-Attention Reconstruction for Post-Training Quantization of the Segment Anything Model}, booktitle = {Proceedings of the IEEE/CVF Conference on Computer Vision and Pattern Recognition (CVPR)}, month = {June}, year = {2026}, pages = {33632-33641} }"
Hojjat_ThinkingViT_Matryoshka_Thinking_Vision_Transformer_for_Elastic_Inference_CVPR_2026_paper,2026,1,Segmentation,Segmentation,5.0,0.6,ThinkingViT: Matryoshka Thinking Vision Transformer for Elastic Inference,Ali Hojjat; Janek Haberer; Sören Pirk; Olaf Landsiedel,4,41923-41933,True,https://openaccess.thecvf.com/content/CVPR2026/papers/Hojjat_ThinkingViT_Matryoshka_Thinking_Vision_Transformer_for_Elastic_Inference_CVPR_2026_paper.pdf,https://openaccess.thecvf.com/content/CVPR2026/supplemental/Hojjat_ThinkingViT_Matryoshka_Thinking_CVPR_2026_supplemental.pdf,https://openaccess.thecvf.com/content/CVPR2026/html/Hojjat_ThinkingViT_Matryoshka_Thinking_Vision_Transformer_for_Elastic_Inference_CVPR_2026_paper.html,"ViTs deliver SOTA performance, yet their fixed computational budget prevents scalable deployment across heterogeneous hardware. Recent Matryoshka-style Transformer architectures mitigate this by embedding nested subnetworks within a single model to enable scalable inference. However, these models allocate the same amount of compute to all inputs, regardless of their complexity, which leads to inefficiencies. To address this, we introduce ThinkingViT, a nested ViT architecture that employs progressive thinking stages to dynamically adjust inference computation based on input difficulty. ThinkingViT first activates a small subset of the most important attention heads to produce an initial prediction. If the prediction confidence exceeds a predefined threshold, inference terminates early. Otherwise, within the same backbone, it activates a larger subset of attention heads and conducts a new forward pass. This process continues iteratively until the model reaches the predefined confidence level or exhausts its maximum capacity. To boost the performance of subsequent rounds, we introduce a Token Recycling approach that fuses the input embeddings with the embeddings from the previous stage. Experiments show that ThinkingViT surpasses nested baselines by up to 2.0 percentage points (p.p.) in accuracy at the same throughput and by up to 2.9 p.p. at equal GMACs on ImageNet-1K. We show that the backbone-preserving design of ThinkingViT allows it to serve as a plug-in upgrade for ViTs in downstream tasks such as semantic segmentation. We also demonstrate that ThinkingViT transfers effectively to other architectures such as Swin Transformers.","@InProceedings{Hojjat_2026_CVPR, author = {Hojjat, Ali and Haberer, Janek and Pirk, S\""oren and Landsiedel, Olaf}, title = {ThinkingViT: Matryoshka Thinking Vision Transformer for Elastic Inference}, booktitle = {Proceedings of the IEEE/CVF Conference on Computer Vision and Pattern Recognition (CVPR)}, month = {June}, year = {2026}, pages = {41923-41933} }"
Wang_Uncertainty-Aware_Modality_Fusion_for_Unaligned_RGB-T_Salient_Object_Detection_CVPR_2026_paper,2026,0,Object_Detection,Object_Detection|Segmentation,16.0,0.25,Uncertainty-Aware Modality Fusion for Unaligned RGB-T Salient Object Detection,Mianzhao Wang; Fan Shi; Xu Cheng; Chen Jia; Shengyong Chen,5,41489-41498,True,https://openaccess.thecvf.com/content/CVPR2026/papers/Wang_Uncertainty-Aware_Modality_Fusion_for_Unaligned_RGB-T_Salient_Object_Detection_CVPR_2026_paper.pdf,https://openaccess.thecvf.com/content/CVPR2026/supplemental/Wang_Uncertainty-Aware_Modality_Fusion_CVPR_2026_supplemental.pdf,https://openaccess.thecvf.com/content/CVPR2026/html/Wang_Uncertainty-Aware_Modality_Fusion_for_Unaligned_RGB-T_Salient_Object_Detection_CVPR_2026_paper.html,"Unaligned RGB-T salient object detection (SOD) remains challenging due to severe cross-modal spatial discrepancies and unreliable feature fusion. Existing methods often assume perfect alignment or rely on geometric registration, which is computationally demanding and sensitive to cross-modal inconsistencies. To address these limitations, we propose an uncertainty-aware modality fusion network (UMFNet) that reformulates RGB-T SOD as an uncertainty-aware representation learning problem. Specifically, the proposed uncertainty alignment module (UAM) models pixel-wise features as Gaussian latent distributions to estimate local uncertainty and identify cross-modal consistency regions within the feature space, thereby achieving implicit alignment without explicit registration. Furthermore, the confidence-guided global modulation (CGM) mechanism leverages confidence maps derived from uncertainty estimation to adaptively regulate the fusion of RGB and thermal features, enhancing salient cues in reliable regions while suppressing noisy or inconsistent information. Extensive experiments on five unaligned and three aligned RGB-T SOD benchmarks demonstrate that UMFNet achieves state-of-the-art performance across diverse alignment conditions.","@InProceedings{Wang_2026_CVPR, author = {Wang, Mianzhao and Shi, Fan and Cheng, Xu and Jia, Chen and Chen, Shengyong}, title = {Uncertainty-Aware Modality Fusion for Unaligned RGB-T Salient Object Detection}, booktitle = {Proceedings of the IEEE/CVF Conference on Computer Vision and Pattern Recognition (CVPR)}, month = {June}, year = {2026}, pages = {41489-41498} }"
Guarino_Better_than_Average_Spatially-Aware_Aggregation_of_Segmentation_Uncertainty_Improves_Downstream_CVPR_2026_paper,2026,1,Segmentation,Segmentation|Transfer_FewShot_DomainAdaptation,10.0,0.4,Better than Average: Spatially-Aware Aggregation of Segmentation Uncertainty Improves Downstream Performance,Vanessa Emanuela Guarino; Claudia Winklmayr; Jannik Franzen; Josef Lorenz Rumberger; Manuel Pfeuffer; Sonja Greven; Klaus Maier-Hein; Dagmar Kainmueller; Christoph Karg; Carsten T. Lüth,10,13145-13156,True,https://openaccess.thecvf.com/content/CVPR2026/papers/Guarino_Better_than_Average_Spatially-Aware_Aggregation_of_Segmentation_Uncertainty_Improves_Downstream_CVPR_2026_paper.pdf,https://openaccess.thecvf.com/content/CVPR2026/supplemental/Guarino_Better_than_Average_CVPR_2026_supplemental.pdf,https://openaccess.thecvf.com/content/CVPR2026/html/Guarino_Better_than_Average_Spatially-Aware_Aggregation_of_Segmentation_Uncertainty_Improves_Downstream_CVPR_2026_paper.html,"Uncertainty Quantification (UQ) is crucial for ensuring the reliability of automated image segmentations in safety-critical domains like biomedical image analysis or autonomous driving. In segmentation, UQ generates pixel-wise uncertainty scores that must be aggregated into image-level scores for downstream tasks like Out-of-Distribution (OoD) or failure detection. Despite routine use of aggregation strategies, their properties and impact on downstream task performance have not yet been comprehensively studied. Global Average is the default choice, yet it does not account for spatial and structural features of segmentation uncertainty. Alternatives like patch-, class- and threshold-based strategies exist, but lack systematic comparison, leading to inconsistent reporting and unclear best practices. We address this gap by (1) formally analyzing properties, limitations, and pitfalls of common strategies; (2) proposing novel strategies that incorporate spatial uncertainty structure and (3) benchmarking their performance on OoD and failure detection across ten datasets that vary in image geometry and structure. We find that aggregators leveraging spatial structure yield stronger performance in both downstream tasks studied. However, the performance of individual aggregators depends heavily on dataset characteristics, so we (4) propose a meta-aggregator that integrates multiple aggregators and performs robustly across datasets.","@InProceedings{Guarino_2026_CVPR, author = {Guarino, Vanessa Emanuela and Winklmayr, Claudia and Franzen, Jannik and Rumberger, Josef Lorenz and Pfeuffer, Manuel and Greven, Sonja and Maier-Hein, Klaus and Kainmueller, Dagmar and Karg, Christoph and L\""uth, Carsten T.}, title = {Better than Average: Spatially-Aware Aggregation of Segmentation Uncertainty Improves Downstream Performance}, booktitle = {Proceedings of the IEEE/CVF Conference on Computer Vision and Pattern Recognition (CVPR)}, month = {June}, year = {2026}, pages = {13145-13156} }"
Zhu_OneSparse_A_Unified_Framework_for_Sparse_Activation_Layers_in_Vision_CVPR_2026_paper,2026,1,Segmentation,Segmentation,5.0,0.2,OneSparse: A Unified Framework for Sparse Activation Layers in Vision Models,Xingkui Zhu; Dingkang Liang; Cheng Chen; Daoxin Zhang; lv Hanxiang; Zhe Xu; Yao Hu; Xiang Bai,8,12084-12094,True,https://openaccess.thecvf.com/content/CVPR2026/papers/Zhu_OneSparse_A_Unified_Framework_for_Sparse_Activation_Layers_in_Vision_CVPR_2026_paper.pdf,https://openaccess.thecvf.com/content/CVPR2026/supplemental/Zhu_OneSparse_A_Unified_CVPR_2026_supplemental.pdf,https://openaccess.thecvf.com/content/CVPR2026/html/Zhu_OneSparse_A_Unified_Framework_for_Sparse_Activation_Layers_in_Vision_CVPR_2026_paper.html,"Sparse activation layers, primarily Mixture-of-Experts (MoE) and memory-based modules, have become a central approach for scaling large models and are gaining traction in vision tasks. Despite conceptual similarities, these paradigms have evolved independently, hindering systematic comparison and the development of modules that exploit their complementary strengths. To bridge this gap, we propose OneSparse, a unified framework that reformulates MoE and memory modules under a common abstraction. This enables their systematic comparison and integration, revealing a continuous design space. Guided by this abstraction, we design the Nexus Layer, which features two key innovations: a unified routing mechanism that combines the efficiency of memory retrieval with MoE's load balancing to ensure stable and scalable token assignment, and an adaptive processing strategy where memory modules sketch coarse representations while expert modules refine critical regions. Extensive experiments on image classification, object detection, and semantic segmentation demonstrate that our Nexus Layer establishes a new performance--efficiency frontier, surpassing representative sparse baselines across convolutional and Transformer architectures. These results validate the power of the OneSparse framework to unify and integrate complementary sparse paradigms and underscore the potential of hybrid sparse modeling in vision.","@InProceedings{Zhu_2026_CVPR, author = {Zhu, Xingkui and Liang, Dingkang and Chen, Cheng and Zhang, Daoxin and Hanxiang, lv and Xu, Zhe and Hu, Yao and Bai, Xiang}, title = {OneSparse: A Unified Framework for Sparse Activation Layers in Vision Models}, booktitle = {Proceedings of the IEEE/CVF Conference on Computer Vision and Pattern Recognition (CVPR)}, month = {June}, year = {2026}, pages = {12084-12094} }"
Daruna_GeoSURGE_Geo-localization_using_Semantic_Fusion_with_Hierarchy_of_Geographic_Embeddings_CVPR_2026_paper,2026,1,Segmentation,Segmentation,5.0,1.0,GeoSURGE: Geo-localization using Semantic Fusion with Hierarchy of Geographic Embeddings,Angel Daruna; Nicholas Meegan; Han-Pang Chiu; Supun Samarasekera; Rakesh Kumar,5,41396-41405,True,https://openaccess.thecvf.com/content/CVPR2026/papers/Daruna_GeoSURGE_Geo-localization_using_Semantic_Fusion_with_Hierarchy_of_Geographic_Embeddings_CVPR_2026_paper.pdf,https://openaccess.thecvf.com/content/CVPR2026/supplemental/Daruna_GeoSURGE_Geo-localization_using_CVPR_2026_supplemental.pdf,https://openaccess.thecvf.com/content/CVPR2026/html/Daruna_GeoSURGE_Geo-localization_using_Semantic_Fusion_with_Hierarchy_of_Geographic_Embeddings_CVPR_2026_paper.html,"Worldwide visual geo-localization aims to determine the geographic location of an image anywhere on Earth using only its visual content. Despite recent progress, learning expressive representations of geographic space remains challenging due to the inherently low-dimensional nature of geographic coordinates. We formulate global geo-localization as aligning the visual representation of a query image with a learned geographic representation. Our approach explicitly models the world as a hierarchy of learned geographic embeddings, enabling a distributed and multi-scale representation of geographic space. In addition, we introduce a semantic fusion module that efficiently integrates appearance features with semantic segmentation through latent cross-attention, producing a more robust visual representation for localization. Experiments on five widely used geo-localization benchmarks demonstrate that our method achieves new state-of-the-art results on 22 of 25 reported metrics. Ablation studies show that these improvements are primarily driven by the proposed geographic representation and semantic fusion mechanism.","@InProceedings{Daruna_2026_CVPR, author = {Daruna, Angel and Meegan, Nicholas and Chiu, Han-Pang and Samarasekera, Supun and Kumar, Rakesh}, title = {GeoSURGE: Geo-localization using Semantic Fusion with Hierarchy of Geographic Embeddings}, booktitle = {Proceedings of the IEEE/CVF Conference on Computer Vision and Pattern Recognition (CVPR)}, month = {June}, year = {2026}, pages = {41396-41405} }"
Zhang_The_Power_of_Prior_Training-Free_Open-Vocabulary_Semantic_Segmentation_with_LLaVA_CVPR_2026_paper,2026,1,Segmentation,Segmentation|LLM_Reasoning_Agent,20.0,0.3,The Power of Prior: Training-Free Open-Vocabulary Semantic Segmentation with LLaVA,Bingfeng Zhang; Siyue Yu; Hui Li; Jiahua Lin; Wenwu Wang; Jimin Xiao,6,6336-6345,True,https://openaccess.thecvf.com/content/CVPR2026/papers/Zhang_The_Power_of_Prior_Training-Free_Open-Vocabulary_Semantic_Segmentation_with_LLaVA_CVPR_2026_paper.pdf,https://openaccess.thecvf.com/content/CVPR2026/supplemental/Zhang_The_Power_of_CVPR_2026_supplemental.pdf,https://openaccess.thecvf.com/content/CVPR2026/html/Zhang_The_Power_of_Prior_Training-Free_Open-Vocabulary_Semantic_Segmentation_with_LLaVA_CVPR_2026_paper.html,"Multimodal Large Language Models (MLLMs) like LLaVA have demonstrated remarkable capabilities in multi-modal understanding and generation. This success motivates us to investigate whether the inherent prior knowledge embedded within such MLLMs contains sufficient spatial awareness for dense prediction tasks, without requiring any task-specific fine-tuning. Thus, in this paper, we explore the utilization of LLaVA for training-free open-vocabulary semantic segmentation. We discover that certain layers within the LLM part of LLaVA can generate localized features corresponding to given object classes. Building on this intrinsic capability, we design three modules: A question-answer pipeline to identify target classes in the image, a text-visual response module to extract initial reliable pixel-level activations for the target class, and a visual generation module to produce reliable refined prompts, which further serve as guidance for SAM to generate the predictions. Our LLaVA-based approach achieves new state-of-the-art performance on ""Thing"" category datasets, e.g., PASCAL VOC 2012 and COCO-object. Moreover, our method does not require explicit background class names, demonstrating its exceptional potential for handling open-world scenarios. Code is available at https://github.com/zbf1991/FSeg-LLaVA.","@InProceedings{Zhang_2026_CVPR, author = {Zhang, Bingfeng and Yu, Siyue and Li, Hui and Lin, Jiahua and Wang, Wenwu and Xiao, Jimin}, title = {The Power of Prior: Training-Free Open-Vocabulary Semantic Segmentation with LLaVA}, booktitle = {Proceedings of the IEEE/CVF Conference on Computer Vision and Pattern Recognition (CVPR)}, month = {June}, year = {2026}, pages = {6336-6345} }"
Li_MORE-STEM_Long-Short_MemOry_REcall_and_Spatio-TEmporal_Consistency_Model_for_Query-Driven_CVPR_2026_paper,2026,0,3D_Reconstruction,3D_Reconstruction|Diffusion_Generative|Segmentation|Video_Action_Recognition,15.0,0.0,MORE-STEM: Long-Short MemOry REcall and Spatio-TEmporal Consistency Model for Query-Driven 3D/4D Point Cloud Segmentation,Chade Li; Haida Feng; Pengju Zhang; Yihong Wu,4,31462-31471,True,https://openaccess.thecvf.com/content/CVPR2026/papers/Li_MORE-STEM_Long-Short_MemOry_REcall_and_Spatio-TEmporal_Consistency_Model_for_Query-Driven_CVPR_2026_paper.pdf,https://openaccess.thecvf.com/content/CVPR2026/supplemental/Li_MORE-STEM_Long-Short_MemOry_CVPR_2026_supplemental.pdf,https://openaccess.thecvf.com/content/CVPR2026/html/Li_MORE-STEM_Long-Short_MemOry_REcall_and_Spatio-TEmporal_Consistency_Model_for_Query-Driven_CVPR_2026_paper.html,"Current query-driven 3D understanding methods are constrained to static point clouds, limiting their ability to reason about dynamic scenes. To bridge this gap, we propose MORE-STEM, a unified framework for Long-Short MemOry REcall and Spatio-TEmporal Consistency Model in Query-Driven 3D/4D Point Cloud Segmentation. The framework first introduces a Cross-Frame Text-Visual Alignment module that establishes fine-grained, time-aware correspondences between linguistic queries and dynamic 3D features. Building on this, a Spatio-Temporal Consistency Model module enforces motion-aware coherence across consecutive frames, ensuring stable and temporally consistent segmentation. A Long-Short Memory Recall module further enhances cross-scene reasoning through hierarchical memory that balances long-term semantic recall and short-term adaptation. We also construct a new outdoor benchmark for both 3D and 4D instruction segmentation with temporally aligned, motion-centric text annotations. Experiments demonstrate that MORE-STEM achieves state-of-the-art performance across multiple 3D and 4D understanding tasks.","@InProceedings{Li_2026_CVPR, author = {Li, Chade and Feng, Haida and Zhang, Pengju and Wu, Yihong}, title = {MORE-STEM: Long-Short MemOry REcall and Spatio-TEmporal Consistency Model for Query-Driven 3D/4D Point Cloud Segmentation}, booktitle = {Proceedings of the IEEE/CVF Conference on Computer Vision and Pattern Recognition (CVPR)}, month = {June}, year = {2026}, pages = {31462-31471} }"
Norouzi_VidEoMT_Your_ViT_is_Secretly_Also_a_Video_Segmentation_Model_CVPR_2026_paper,2026,0,Video_Action_Recognition,Video_Action_Recognition|Segmentation,16.0,0.25,VidEoMT: Your ViT is Secretly Also a Video Segmentation Model,Narges Norouzi; Idil Esen Zulfikar; Niccolò Cavagnero; Tommie Kerssies; Bastian Leibe; Gijs Dubbelman; Daan de Geus,7,35177-35186,True,https://openaccess.thecvf.com/content/CVPR2026/papers/Norouzi_VidEoMT_Your_ViT_is_Secretly_Also_a_Video_Segmentation_Model_CVPR_2026_paper.pdf,https://openaccess.thecvf.com/content/CVPR2026/supplemental/Norouzi_VidEoMT_Your_ViT_CVPR_2026_supplemental.pdf,https://openaccess.thecvf.com/content/CVPR2026/html/Norouzi_VidEoMT_Your_ViT_is_Secretly_Also_a_Video_Segmentation_Model_CVPR_2026_paper.html,"Existing online video segmentation models typically combine a per-frame segmenter with complex specialized tracking modules. While effective, these modules introduce significant architectural complexity and computational overhead. Recent studies suggest that plain Vision Transformer (ViT) encoders, when scaled with sufficient capacity and large-scale pre-training, can conduct accurate image segmentation without requiring specialized modules. Motivated by this observation, we propose the Video Encoder-only Mask Transformer (VidEoMT), a simple encoder-only video segmentation model that eliminates the need for dedicated tracking modules. To enable temporal modeling in an encoder-only ViT, VidEoMT introduces a lightweight query propagation mechanism that carries information across frames by reusing queries from the previous frame. To balance this with adaptability to new content, it employs a query fusion strategy that combines the propagated queries with a set of temporally-agnostic learned queries. As a result, VidEoMT attains the benefits of a tracker without added complexity, achieving competitive accuracy while being 5x-10x faster, running at up to 160 FPS with a ViT-L backbone. Code: \href https://www.tue-mps.org/videomt/ https://www.tue-mps.org/videomt/ .","@InProceedings{Norouzi_2026_CVPR, author = {Norouzi, Narges and Zulfikar, Idil Esen and Cavagnero, Niccol\`o and Kerssies, Tommie and Leibe, Bastian and Dubbelman, Gijs and de Geus, Daan}, title = {VidEoMT: Your ViT is Secretly Also a Video Segmentation Model}, booktitle = {Proceedings of the IEEE/CVF Conference on Computer Vision and Pattern Recognition (CVPR)}, month = {June}, year = {2026}, pages = {35177-35186} }"
Yang_Live_Interactive_Training_for_Video_Segmentation_CVPR_2026_paper,2026,0,Video_Action_Recognition,Video_Action_Recognition|Segmentation,16.0,0.25,Live Interactive Training for Video Segmentation,Xinyu Yang; Haozheng Yu; Yihong Sun; Bharath Hariharan; Jennifer J. Sun,5,39827-39837,True,https://openaccess.thecvf.com/content/CVPR2026/papers/Yang_Live_Interactive_Training_for_Video_Segmentation_CVPR_2026_paper.pdf,https://openaccess.thecvf.com/content/CVPR2026/supplemental/Yang_Live_Interactive_Training_CVPR_2026_supplemental.pdf,https://openaccess.thecvf.com/content/CVPR2026/html/Yang_Live_Interactive_Training_for_Video_Segmentation_CVPR_2026_paper.html,"Interactive video segmentation often requires many user interventions for robust performance in challenging scenarios (e.g., occlusions, object separations, camouflage, etc.).Yet, even state-of-the-art models like SAM2 use corrections only for immediate fixes without learning from this feedback, leading to inefficient, repetitive user effort. To address this, we introduce Live Interactive Training (LIT), a novel framework for prompt-based visual systems where models also learn online from human corrections at inference time. Our primary instantiation, LIT-LoRA, implements this by continually updating a lightweight LoRA module on-the-fly. When a user provides a correction, this module is rapidly trained on that feedback, allowing the vision system to improve performance on subsequent frames of the same video. Leveraging the core principles of LIT, our LIT-LoRA implementation achieves an average 18-34% reduction in total corrections on challenging video segmentation benchmarks, with a negligible training overhead of 0.5s per correction. We further demonstrate its generality by successfully adapting it to other segmentation models and extending it to CLIP-based fine-grained image classification. Our work highlights the promise of live adaptation to transform interactive tools and significantly reduce redundant human effort in complex visual tasks.","@InProceedings{Yang_2026_CVPR, author = {Yang, Xinyu and Yu, Haozheng and Sun, Yihong and Hariharan, Bharath and Sun, Jennifer J.}, title = {Live Interactive Training for Video Segmentation}, booktitle = {Proceedings of the IEEE/CVF Conference on Computer Vision and Pattern Recognition (CVPR)}, month = {June}, year = {2026}, pages = {39827-39837} }"
Gao_RoSAMDepth_Robust_Self-supervised_Depth_Estimation_Leveraging_Segment_Anything_Model_CVPR_2026_paper,2026,0,LowLevel_Flow_Depth_Matching,LowLevel_Flow_Depth_Matching|SelfSupervised_Representation|Segmentation,15.0,0.2,RoSAMDepth: Robust Self-supervised Depth Estimation Leveraging Segment Anything Model,Xuanang Gao; Zhiwei Ning; Gengming Zhang; Jiaxi Cao; Runze Yang; Zhonglong Zheng; Jie Yang; Rong Xiao; Wei Liu,9,34138-34147,True,https://openaccess.thecvf.com/content/CVPR2026/papers/Gao_RoSAMDepth_Robust_Self-supervised_Depth_Estimation_Leveraging_Segment_Anything_Model_CVPR_2026_paper.pdf,https://openaccess.thecvf.com/content/CVPR2026/supplemental/Gao_RoSAMDepth_Robust_Self-supervised_CVPR_2026_supplemental.pdf,https://openaccess.thecvf.com/content/CVPR2026/html/Gao_RoSAMDepth_Robust_Self-supervised_Depth_Estimation_Leveraging_Segment_Anything_Model_CVPR_2026_paper.html,"Robust depth estimation aims to maintain high-quality depths across diverse conditions. However, most existing methods estimate depth without taking into account the object-level information. As a result, the predicted depth may easily deviate within objects and become blurred under adverse conditions. To overcome this weakness, we propose RoSAMDepth, a novel framework that can assist robust self-supervised depth estimation in leveraging rich and diverse object-level priors from the Segment Anything Model (SAM). We focus on incorporating object-level information across three key aspects: a segment-guided representation contrasting method that injects object-level awareness into the feature representation space; an adaptive regional outlier masking strategy combined with a regional Gaussian likelihood loss that enforces regional depth smoothness; and an object-level reliability estimation strategy that mitigates the influence of unreliable supervision. Extensive experiments across multiple datasets and diverse weather conditions demonstrate that our method produces sharper, more accurate depth predictions, consistently outperforming state-of-the-art methods.","@InProceedings{Gao_2026_CVPR, author = {Gao, Xuanang and Ning, Zhiwei and Zhang, Gengming and Cao, Jiaxi and Yang, Runze and Zheng, Zhonglong and Yang, Jie and Xiao, Rong and Liu, Wei}, title = {RoSAMDepth: Robust Self-supervised Depth Estimation Leveraging Segment Anything Model}, booktitle = {Proceedings of the IEEE/CVF Conference on Computer Vision and Pattern Recognition (CVPR)}, month = {June}, year = {2026}, pages = {34138-34147} }"
Jeong_IVAAN_Instance-level_Vision-Language_Alignment_via_Attribute-Guided_Text_Prompts_Generation_for_CVPR_2026_paper,2026,0,Vision_Language_Multimodal,Vision_Language_Multimodal|Segmentation|LLM_Reasoning_Agent,15.0,0.533,IVAAN: Instance-level Vision-Language Alignment via Attribute-Guided Text Prompts Generation for Nuclei Analysis,Jaehoon Jeong; Yi Hu; Soopil Kim; Jongseong Jang; Soonyoung Lee; Sang Hyun Park,6,29305-29314,True,https://openaccess.thecvf.com/content/CVPR2026/papers/Jeong_IVAAN_Instance-level_Vision-Language_Alignment_via_Attribute-Guided_Text_Prompts_Generation_for_CVPR_2026_paper.pdf,https://openaccess.thecvf.com/content/CVPR2026/supplemental/Jeong_IVAAN_Instance-level_Vision-Language_CVPR_2026_supplemental.pdf,https://openaccess.thecvf.com/content/CVPR2026/html/Jeong_IVAAN_Instance-level_Vision-Language_Alignment_via_Attribute-Guided_Text_Prompts_Generation_for_CVPR_2026_paper.html,"Nuclei instance segmentation and classification are fundamental but remain challenging in pathology due to severe class imbalance and organ- and stain-induced variability. While vision-language approaches can inject explicit semantic cues that reduce spurious contextual bias under imbalance, the absence of instance level textual annotations has limited their utility for nucleus-level analysis. We introduce an instance-level vision-language framework that derives attribute-guided textual descriptions from ground-truth masks. We then align visual representations with these semantic text anchors via contrastive learning, coupling morphology with semantics at the instance level. To capture intra-class variations while maintaining organ-consistent class semantics, we learn multiple class-specific tokens that act as prototypes representing diverse submodes within a class, summarizing morphologically similar nuclei. Our approach improves both segmentation and classification without manual text labels, indicating that language-guided instance alignment combined with prototype-based semantic feedback yields more discriminative and generalizable nuclei representations.","@InProceedings{Jeong_2026_CVPR, author = {Jeong, Jaehoon and Hu, Yi and Kim, Soopil and Jang, Jongseong and Lee, Soonyoung and Park, Sang Hyun}, title = {IVAAN: Instance-level Vision-Language Alignment via Attribute-Guided Text Prompts Generation for Nuclei Analysis}, booktitle = {Proceedings of the IEEE/CVF Conference on Computer Vision and Pattern Recognition (CVPR)}, month = {June}, year = {2026}, pages = {29305-29314} }"
Kombol_SPAR_Single-Pass_Any-Resolution_ViT_for_Open-vocabulary_Segmentation_CVPR_2026_paper,2026,1,Segmentation,Segmentation,25.0,0.84,SPAR: Single-Pass Any-Resolution ViT for Open-vocabulary Segmentation,Naomi Kombol; Ivan Martinović; Siniša Šegvić; Giorgos Tolias,4,27579-27589,True,https://openaccess.thecvf.com/content/CVPR2026/papers/Kombol_SPAR_Single-Pass_Any-Resolution_ViT_for_Open-vocabulary_Segmentation_CVPR_2026_paper.pdf,https://openaccess.thecvf.com/content/CVPR2026/supplemental/Kombol_SPAR_Single-Pass_Any-Resolution_CVPR_2026_supplemental.pdf,https://openaccess.thecvf.com/content/CVPR2026/html/Kombol_SPAR_Single-Pass_Any-Resolution_ViT_for_Open-vocabulary_Segmentation_CVPR_2026_paper.html,"Foundational Vision Transformers (ViTs) have limited effectiveness in tasks requiring fine-grained spatial understanding, due to their fixed pre-training resolution and inherently coarse patch-level representations. These challenges are especially pronounced in dense prediction scenarios, such as open-vocabulary segmentation with ViT-based vision-language models, where high-resolution inputs are essential for accurate pixel-level reasoning. Existing approaches typically process large-resolution images using a sliding-window strategy at the pre-training resolution. While this improves accuracy through finer strides, it comes at a significant computational cost. We introduce SPAR: Single-Pass Any-Resolution ViT, a resolution-agnostic dense feature extractor designed for efficient high-resolution inference. We distill the spatial reasoning capabilities of a finely-strided, sliding-window teacher into a single-pass student using a feature regression loss, without requiring architectural changes or pixel-level supervision. Applied to open-vocabulary segmentation, SPAR improves single-pass baselines by up to 10.5 mIoU and even surpasses the teacher, demonstrating effectiveness in efficient, high-resolution reasoning. Code: https://github.com/naomikombol/SPAR","@InProceedings{Kombol_2026_CVPR, author = {Kombol, Naomi and Martinovi\'c, Ivan and \v{S}egvi\'c, Sini\v{s}a and Tolias, Giorgos}, title = {SPAR: Single-Pass Any-Resolution ViT for Open-vocabulary Segmentation}, booktitle = {Proceedings of the IEEE/CVF Conference on Computer Vision and Pattern Recognition (CVPR)}, month = {June}, year = {2026}, pages = {27579-27589} }"
Guo_Generalizable_Co-Salient_Object_Detection_via_Mixed_Content-Style_Modulation_CVPR_2026_paper,2026,1,Segmentation,Segmentation|Object_Detection,15.0,0.2,Generalizable Co-Salient Object Detection via Mixed Content-Style Modulation,Guanting Guo; Shenglong Hu; Kaihua Zhang; Guangcan Liu; Min Xia,5,32173-32183,True,https://openaccess.thecvf.com/content/CVPR2026/papers/Guo_Generalizable_Co-Salient_Object_Detection_via_Mixed_Content-Style_Modulation_CVPR_2026_paper.pdf,,https://openaccess.thecvf.com/content/CVPR2026/html/Guo_Generalizable_Co-Salient_Object_Detection_via_Mixed_Content-Style_Modulation_CVPR_2026_paper.html,"This paper presents a generalizable CoSOD framework via mixed content-style modulation, termed CoMCS, to enhance the robustness of the model to unseen domains. The CoMCS, consisting of a mixed content modulator (MCM), a mixed style modulator (MSM), and a collaborative semantic contrast module (SCM), effectively extracts scene structure priors as well as augments the source domain styles to bridge the domain gap between the source and the unseen domains. Specifically, the CoMCS first utilizes the CLIP model to extract conceptual knowledge associated with the semantic classes in the whole scene, resulting in multi-class semantic embeddings that are domain-invariant. Subsequently, the MCM models the semantic relationships between the prototypes of co-salient objects and the multi-class semantic embeddings through the cross-attention mechanism, effectively capturing domain-invariant scene structure priors that aid in reducing scene distribution shift in unseen domains. Meanwhile, to alleviate domain perturbations encountered during testing, the MSM addresses the uncertainty associated with domain shifts by synthesizing feature statistics, such as mean and standard deviation, during training to simulate new stylistic characteristics, thus achieving data augmentation within the source domain. Finally, to reduce the ambiguity of the co-salient object representations within test data from unseen domains, the SCM employs a uniform loss function to ensure that the learned prototypes are uniformly distributed within the hyperspherical space, further enhancing the domain generalization capabilities of the framework. Besides, to further verify the generalization ability of the CoMCS to unseen domains, we construct an unseen-domain benchmark dataset (UND) that selects a variety of image groups with unseen classes from CoCA, CoSOD3k, CoSal2015. Extensive evaluations on the four benchmark datasets demonstrate favorable performance of our CoMCS to a variety of state-of-the-art methods.","@InProceedings{Guo_2026_CVPR, author = {Guo, Guanting and Hu, Shenglong and Zhang, Kaihua and Liu, Guangcan and Xia, Min}, title = {Generalizable Co-Salient Object Detection via Mixed Content-Style Modulation}, booktitle = {Proceedings of the IEEE/CVF Conference on Computer Vision and Pattern Recognition (CVPR)}, month = {June}, year = {2026}, pages = {32173-32183} }"
Zhou_SHAPE_Structure-aware_Hierarchical_Unsupervised_Domain_Adaptation_with_Plausibility_Evaluation_for_CVPR_2026_paper,2026,0,Medical_Bio_RemoteSensing,Medical_Bio_RemoteSensing|Transfer_FewShot_DomainAdaptation|Segmentation,20.0,0.25,SHAPE: Structure-aware Hierarchical Unsupervised Domain Adaptation with Plausibility Evaluation for Medical Image Segmentation,Linkuan Zhou; Yinghao Xia; Yufei Shen; Xiangyu Li; Wenjie Du; Cong Cong; Leyi Wei; Ran Su; Qiangguo Jin,9,30000-30010,True,https://openaccess.thecvf.com/content/CVPR2026/papers/Zhou_SHAPE_Structure-aware_Hierarchical_Unsupervised_Domain_Adaptation_with_Plausibility_Evaluation_for_CVPR_2026_paper.pdf,,https://openaccess.thecvf.com/content/CVPR2026/html/Zhou_SHAPE_Structure-aware_Hierarchical_Unsupervised_Domain_Adaptation_with_Plausibility_Evaluation_for_CVPR_2026_paper.html,"Unsupervised Domain Adaptation (UDA) is essential for deploying medical segmentation models across diverse clinical environments. Existing methods are fundamentally limited, suffering from semantically unaware feature alignment that results in poor distributional fidelity and from pseudo-label validation that disregards global anatomical constraints, thus failing to prevent the formation of globally implausible structures. To address these issues, we propose SHAPE (Structure-aware Hierarchical Unsupervised Domain Adaptation with Plausibility Evaluation), a framework that reframes adaptation towards global anatomical plausibility. Built on a DINOv3 foundation, its Hierarchical Feature Modulation (HFM) module first generates features with both high fidelity and class-awareness. This shifts the core challenge to robustly validating pseudo-labels. To augment conventional pixel-level validation, we introduce Hypergraph Plausibility Estimation (HPE), which leverages hypergraphs to assess the global anatomical plausibility that standard graphs cannot capture.This is complemented by Structural Anomaly Pruning (SAP) to purge remaining artifacts via cross-view stability.SHAPE significantly outperforms prior methods on cardiac and abdominal cross-modality benchmarks, achieving state-of-the-art average Dice scores of 90.08% (MRI - CT) and 78.51% (CT - MRI) on cardiac data, and 87.48% (MRI - CT) and 86.89% (CT - MRI) on abdominal data.","@InProceedings{Zhou_2026_CVPR, author = {Zhou, Linkuan and Xia, Yinghao and Shen, Yufei and Li, Xiangyu and Du, Wenjie and Cong, Cong and Wei, Leyi and Su, Ran and Jin, Qiangguo}, title = {SHAPE: Structure-aware Hierarchical Unsupervised Domain Adaptation with Plausibility Evaluation for Medical Image Segmentation}, booktitle = {Proceedings of the IEEE/CVF Conference on Computer Vision and Pattern Recognition (CVPR)}, month = {June}, year = {2026}, pages = {30000-30010} }"
Chen_D-Convexity_A_Unified_Differentiable_Convex_Shape_Prior_via_Quasi-Concavity_for_CVPR_2026_paper,2026,1,Segmentation,Segmentation,12.0,1.0,D-Convexity: A Unified Differentiable Convex Shape Prior via Quasi-Concavity for Data-driven Image Segmentation,Shengzhe Chen; Hao Yan,2,34755-34764,True,https://openaccess.thecvf.com/content/CVPR2026/papers/Chen_D-Convexity_A_Unified_Differentiable_Convex_Shape_Prior_via_Quasi-Concavity_for_CVPR_2026_paper.pdf,https://openaccess.thecvf.com/content/CVPR2026/supplemental/Chen_D-Convexity_A_Unified_CVPR_2026_supplemental.pdf,https://openaccess.thecvf.com/content/CVPR2026/html/Chen_D-Convexity_A_Unified_Differentiable_Convex_Shape_Prior_via_Quasi-Concavity_for_CVPR_2026_paper.html,"Convexity is a fundamental geometric prior that underlies many natural and man-made structures, yet remains challenging to impose effectively in end-to-end trainable segmentation networks. We revisit convexity from a functional perspective and propose a unified, threshold-free convexity prior based on the quasi-concavity of the network's output mask function u. Instead of constraining a single binary segmentation, we require all super-level sets of u to be convex, transforming global shape constraints into local, differentiable inequalities on u and its derivatives. From this principle, we derive zero, first, and second-order characterizations, yielding respectively a local midpoint convexification algorithm, a gradient-based condition linked to supporting hyperplanes, and a sufficient second-order inequality expressed as a quadratic form on the tangent plane. The first and second-order formulations produce a compact convolutional loss that can be densely applied across the image without thresholding. Our quasi-concavity losses integrate seamlessly with modern segmentation networks via the proposed convex gradient projection module (CGPM). They consistently enforce convexity and improve shape regularity across multiple datasets, outperforming networks tailored for retinal segmentation and surpassing previous shape-aware methods. Remarkably, our analysis unifies a wide spectrum of previous convex shape models, from discrete 1-0-1 line constraints and graph-cuts convexity formulations to curvature or signed distance Laplacian based level-set priors, within a single continuous and differentiable framework.","@InProceedings{Chen_2026_CVPR, author = {Chen, Shengzhe and Yan, Hao}, title = {D-Convexity: A Unified Differentiable Convex Shape Prior via Quasi-Concavity for Data-driven Image Segmentation}, booktitle = {Proceedings of the IEEE/CVF Conference on Computer Vision and Pattern Recognition (CVPR)}, month = {June}, year = {2026}, pages = {34755-34764} }"
Wasmuht_The_SA-FARI_Dataset_Segment_Anything_in_Footage_of_Animals_for_CVPR_2026_paper,2026,0,Tracking_MOT,Tracking_MOT|Segmentation,9.0,0.111,The SA-FARI Dataset: Segment Anything in Footage of Animals for Recognition and Identification,Dante Wasmuht; Otto Brookes; Maximilian Schall; Pablo Palencia; Christopher Beirne; Tilo Burghardt; Majid Mirmehdi; Hjalmar Kühl; Mimi Arandjelovic; Sam Pottie; Peter Bermant; Brandon Asheim; Yi Jin Toh; Adam Elzinga; Jason Allan Holmberg; Andrew Whitworth; Eleanor Flatt; Laura Gustafson; Chaitanya Ryali; Yuan-Ting Hu; Baishan Guo; Andrew Westbury; Kate Saenko; Didac Suris,24,21679-21689,True,https://openaccess.thecvf.com/content/CVPR2026/papers/Wasmuht_The_SA-FARI_Dataset_Segment_Anything_in_Footage_of_Animals_for_CVPR_2026_paper.pdf,https://openaccess.thecvf.com/content/CVPR2026/supplemental/Wasmuht_The_SA-FARI_Dataset_CVPR_2026_supplemental.pdf,https://openaccess.thecvf.com/content/CVPR2026/html/Wasmuht_The_SA-FARI_Dataset_Segment_Anything_in_Footage_of_Animals_for_CVPR_2026_paper.html,"Automated video analysis is critical for wildlife conservation. A foundational task in this domain is multi-animal tracking (MAT), which underpins applications such as individual re-identification and behavior recognition. However, existing datasets are limited in scale, constrained to a few species, or lack sufficient temporal and geographical diversity - leaving no suitable benchmark for training general-purpose MAT models applicable to wild animals. To address this, we introduce SA-FARI, the largest open-source MAT dataset for wild animals. It comprises 11,609 camera trap videos collected over 10 years (2014-2024) from 741 locations across 4 continents, spanning 99 species categories. Each video is exhaustively annotated culminating in 46 hours of densely annotated footage containing 16,224 masklet identities and 942,702 individual bounding boxes, segmentation masks, and species labels. Alongside the task-specific annotations, we publish anonymized camera trap locations for each video. Finally, we present comprehensive benchmarks on SA-FARI using state-of-the-art vision-language models for detection and tracking, including SAM 3, evaluated with both species-specific and generic animal prompts. We also compare against vision only methods developed specifically for wildlife analysis. SA-FARI is the first large-scale dataset to combine high species diversity, multi-region coverage, and high-quality spatio-temporal annotations, offering a new foundation for advancing multi-animal tracking in the wild. The dataset is available at conservationxlabs.com/SA-FARI.","@InProceedings{Wasmuht_2026_CVPR, author = {Wasmuht, Dante and Brookes, Otto and Schall, Maximilian and Palencia, Pablo and Beirne, Christopher and Burghardt, Tilo and Mirmehdi, Majid and K\""uhl, Hjalmar and Arandjelovic, Mimi and Pottie, Sam and Bermant, Peter and Asheim, Brandon and Toh, Yi Jin and Elzinga, Adam and Holmberg, Jason Allan and Whitworth, Andrew and Flatt, Eleanor and Gustafson, Laura and Ryali, Chaitanya and Hu, Yuan-Ting and Guo, Baishan and Westbury, Andrew and Saenko, Kate and Suris, Didac}, title = {The SA-FARI Dataset: Segment Anything in Footage of Animals for Recognition and Identification}, booktitle = {Proceedings of the IEEE/CVF Conference on Computer Vision and Pattern Recognition (CVPR)}, month = {June}, year = {2026}, pages = {21679-21689} }"
Kang_PMRNet_Physics-informed_Multi-scale_Refinement_Network_for_Medical_Image_Segmentation_CVPR_2026_paper,2026,0,Medical_Bio_RemoteSensing,Medical_Bio_RemoteSensing|Segmentation,15.0,0.467,PMRNet: Physics-informed Multi-scale Refinement Network for Medical Image Segmentation,Boce Kang,1,15659-15668,True,https://openaccess.thecvf.com/content/CVPR2026/papers/Kang_PMRNet_Physics-informed_Multi-scale_Refinement_Network_for_Medical_Image_Segmentation_CVPR_2026_paper.pdf,,https://openaccess.thecvf.com/content/CVPR2026/html/Kang_PMRNet_Physics-informed_Multi-scale_Refinement_Network_for_Medical_Image_Segmentation_CVPR_2026_paper.html,"Medical image segmentation demands both high accuracy and computational efficiency, yet existing methods face a critical trade-off: CNNs lack global context while transformers incur prohibitive costs for deployment on resource-constrained devices. To address this challenge, we propose a Physics-informed Multi-scale Refinement Network (PMRNet), integrating symplectic geometry, renormalization group theory, and entropy diffusion to guide feature learning. PMRNet features three innovations: (1) a physics-informed encoder with Enhanced Symplectic Convolution for boundary detection and Renormalization Group-inspired Downsampling for information preservation; (2) a Pseudo-Global Receptive Field module achieving near-global context with linear complexity through entropy-driven diffusion; and (3) a boundary-aware decoder for precise delineation. With only 0.87M parameters and 3.43 GFLOPs, PMRNet achieves 87.25% IoU and 92.56% Dice on the challenging Clinic dataset, outperforming state-of-the-art (SOTA) models with even 100x more parameters across 12 medical imaging datasets while maintaining computational efficiency. Code is available at https://github.com/KangBoce/PMRNet.","@InProceedings{Kang_2026_CVPR, author = {Kang, Boce}, title = {PMRNet: Physics-informed Multi-scale Refinement Network for Medical Image Segmentation}, booktitle = {Proceedings of the IEEE/CVF Conference on Computer Vision and Pattern Recognition (CVPR)}, month = {June}, year = {2026}, pages = {15659-15668} }"
San_Cheng_NeuroSeg_Meets_DINOv3_Transferring_2D_Self-Supervised_Visual_Priors_to_3D_CVPR_2026_paper,2026,0,SelfSupervised_Representation,SelfSupervised_Representation|Segmentation,18.0,0.556,NeuroSeg Meets DINOv3: Transferring 2D Self-Supervised Visual Priors to 3D Neuron Segmentation via DINOv3 Initialization,Yik San Cheng; Runkai Zhao; Weidong Cai,3,30053-30064,True,https://openaccess.thecvf.com/content/CVPR2026/papers/San_Cheng_NeuroSeg_Meets_DINOv3_Transferring_2D_Self-Supervised_Visual_Priors_to_3D_CVPR_2026_paper.pdf,https://openaccess.thecvf.com/content/CVPR2026/supplemental/San_Cheng_NeuroSeg_Meets_DINOv3_CVPR_2026_supplemental.pdf,https://openaccess.thecvf.com/content/CVPR2026/html/San_Cheng_NeuroSeg_Meets_DINOv3_Transferring_2D_Self-Supervised_Visual_Priors_to_3D_CVPR_2026_paper.html,"2D visual foundation models, such as DINOv3, a self-supervised model trained on large-scale natural images, have demonstrated strong zero-shot generalization, capturing rich global context and fine-grained structural cues. However, an analogous 3D foundation model for downstream volumetric neuroimaging remains lacking, largely due to the challenges of 3D image acquisition and the scarcity of high-quality annotations. To address this gap, we propose to adapt the 2D visual representations learned by DINOv3 to a 3D biomedical segmentation model, enabling more data-efficient and morphologically faithful neuronal reconstruction. Specifically, we design an inflation-based adaptation strategy that inflates 2D filters into 3D operators, preserving semantic priors from DINOv3 while adapting to 3D neuronal volume patches. In addition, we introduce a topology-aware skeleton loss to explicitly enforce structural fidelity of graph-based neuronal arbor reconstruction. Extensive experiments on four neuronal imaging datasets, including two from BigNeuron and two public datasets, NeuroFly and CWMBS, demonstrate consistent improvements in reconstruction accuracy over SoTA methods, with average gains of 2.9% in Entire Structure Average, 2.8% in Different Structure Average, and 3.8% in Percentage of Different Structure.","@InProceedings{Cheng_2026_CVPR, author = {Cheng, Yik San and Zhao, Runkai and Cai, Weidong}, title = {NeuroSeg Meets DINOv3: Transferring 2D Self-Supervised Visual Priors to 3D Neuron Segmentation via DINOv3 Initialization}, booktitle = {Proceedings of the IEEE/CVF Conference on Computer Vision and Pattern Recognition (CVPR)}, month = {June}, year = {2026}, pages = {30053-30064} }"
Cuttano_INSID3_Training-Free_In-Context_Segmentation_with_DINOv3_CVPR_2026_paper,2026,1,Segmentation,Segmentation|SelfSupervised_Representation,12.0,0.25,INSID3: Training-Free In-Context Segmentation with DINOv3,Claudia Cuttano; Gabriele Trivigno; Christoph Reich; Daniel Cremers; Carlo Masone; Stefan Roth,6,21638-21648,True,https://openaccess.thecvf.com/content/CVPR2026/papers/Cuttano_INSID3_Training-Free_In-Context_Segmentation_with_DINOv3_CVPR_2026_paper.pdf,https://openaccess.thecvf.com/content/CVPR2026/supplemental/Cuttano_INSID3_Training-Free_In-Context_CVPR_2026_supplemental.pdf,https://openaccess.thecvf.com/content/CVPR2026/html/Cuttano_INSID3_Training-Free_In-Context_Segmentation_with_DINOv3_CVPR_2026_paper.html,"In-context segmentation (ICS) aims to segment arbitrary concepts, e.g., objects, parts, or personalized instances, given one annotated visual examples. Existing work relies on (i) fine-tuning vision foundation models (VFMs), which improves in-domain results but harms generalization, or (ii) combines multiple frozen VFMs, which preserves generalization but yields architectural complexity and fixed segmentation granularities. We revisit ICS from a minimalist perspective and ask: Can a single self-supervised backbone support both semantic matching and segmentation, without any supervision or auxiliary models? We show that scaled-up dense self-supervised features from DINOv3 exhibit strong spatial structure and semantic correspondence. We introduce INSID3, a training-free approach that segments concepts at varying granularities only from frozen DINOv3 features, given an in-context example. INSID3 achieves state-of-the-art results across one-shot semantic, part, and personalized segmentation, outperforming previous work by +7.5 % mIoU, while using 3x fewer parameters and without any mask or category-level supervision.","@InProceedings{Cuttano_2026_CVPR, author = {Cuttano, Claudia and Trivigno, Gabriele and Reich, Christoph and Cremers, Daniel and Masone, Carlo and Roth, Stefan}, title = {INSID3: Training-Free In-Context Segmentation with DINOv3}, booktitle = {Proceedings of the IEEE/CVF Conference on Computer Vision and Pattern Recognition (CVPR)}, month = {June}, year = {2026}, pages = {21638-21648} }"
Li_ArtPro_Self-Supervised_Articulated_Object_Reconstruction_with_Adaptive_Integration_of_Mobility_CVPR_2026_paper,2026,0,SelfSupervised_Representation,SelfSupervised_Representation|Segmentation|Embodied_AI_Robotics,15.0,0.533,ArtPro: Self-Supervised Articulated Object Reconstruction with Adaptive Integration of Mobility Proposals,Xuelu Li; Zhaonan Wang; Xiaogang Wang; Lei Wu; Manyi Li; Changhe Tu,6,13897-13907,True,https://openaccess.thecvf.com/content/CVPR2026/papers/Li_ArtPro_Self-Supervised_Articulated_Object_Reconstruction_with_Adaptive_Integration_of_Mobility_CVPR_2026_paper.pdf,https://openaccess.thecvf.com/content/CVPR2026/supplemental/Li_ArtPro_Self-Supervised_Articulated_CVPR_2026_supplemental.pdf,https://openaccess.thecvf.com/content/CVPR2026/html/Li_ArtPro_Self-Supervised_Articulated_Object_Reconstruction_with_Adaptive_Integration_of_Mobility_CVPR_2026_paper.html,"Reconstructing articulated objects into high-fidelity digital twins is crucial for applications such as robotic manipulation and interactive simulation. Recent self-supervised methods using differentiable rendering frameworks like 3D Gaussian Splatting remain highly sensitive to the initial part segmentation. Their reliance on heuristic clustering or pre-trained models often causes optimization to converge to local minima, especially for complex multi-part objects.To address these limitations, we propose ArtPro, a novel self-supervised framework that introduces adaptive integration of mobility proposals. Our approach begins with an over-segmentation initialization guided by geometry features and motion priors, generating part proposals with plausible motion hypotheses. During optimization, we dynamically merge these proposals by analyzing motion consistency among spatial neighbors, while a collision-aware motion pruning mechanism prevents erroneous kinematic estimation. Extensive experiments on both synthetic and real-world objects demonstrate that ArtPro achieves robust reconstruction of complex multi-part objects, significantly outperforming existing methods in accuracy and stability.","@InProceedings{Li_2026_CVPR, author = {Li, Xuelu and Wang, Zhaonan and Wang, Xiaogang and Wu, Lei and Li, Manyi and Tu, Changhe}, title = {ArtPro: Self-Supervised Articulated Object Reconstruction with Adaptive Integration of Mobility Proposals}, booktitle = {Proceedings of the IEEE/CVF Conference on Computer Vision and Pattern Recognition (CVPR)}, month = {June}, year = {2026}, pages = {13897-13907} }"
Araslanov_Featurising_Pixels_from_Dynamic_3D_Scenes_with_Linear_In-Context_Learners_CVPR_2026_paper,2026,1,Segmentation,Segmentation|Video_Action_Recognition,10.0,0.3,Featurising Pixels from Dynamic 3D Scenes with Linear In-Context Learners,Nikita Araslanov; Martin Sundermeyer; Hidenobu Matsuki; David Joseph Tan; Federico Tombari,5,21443-21452,True,https://openaccess.thecvf.com/content/CVPR2026/papers/Araslanov_Featurising_Pixels_from_Dynamic_3D_Scenes_with_Linear_In-Context_Learners_CVPR_2026_paper.pdf,https://openaccess.thecvf.com/content/CVPR2026/supplemental/Araslanov_Featurising_Pixels_from_CVPR_2026_supplemental.zip,https://openaccess.thecvf.com/content/CVPR2026/html/Araslanov_Featurising_Pixels_from_Dynamic_3D_Scenes_with_Linear_In-Context_Learners_CVPR_2026_paper.html,"One of the most exciting applications of vision models involve pixel-level reasoning. Despite the abundance of vision foundation models, we still lack representations that effectively embed spatio-temporal properties of visual scenes at the pixel level. Existing frameworks either train on image-based pretext tasks, which do not account for dynamic elements, or on video sequences for action-level reasoning, which does not scale to dense pixel-level prediction. We present a framework that learns pixel-accurate feature descriptors from videos, LILA. The core element of our training framework is linear in-context learning. LILA leverages spatio-temporal cue maps--depth and motion--estimated with off-the-shelf networks. Despite the noisy nature of those cues, LILA trains effectively on uncurated video datasets, embedding semantic and geometric properties in a temporally consistent manner. We demonstrate compelling empirical benefits of the learned representation across a diverse suite of vision tasks: video object segmentation, surface normal estimation and semantic segmentation.","@InProceedings{Araslanov_2026_CVPR, author = {Araslanov, Nikita and Sundermeyer, Martin and Matsuki, Hidenobu and Tan, David Joseph and Tombari, Federico}, title = {Featurising Pixels from Dynamic 3D Scenes with Linear In-Context Learners}, booktitle = {Proceedings of the IEEE/CVF Conference on Computer Vision and Pattern Recognition (CVPR)}, month = {June}, year = {2026}, pages = {21443-21452} }"
Magazine_MedLIME_A_Distribution-Aligned_and_Evidence-Supported_Framework_for_Medical_Saliency_Explanations_CVPR_2026_paper,2026,1,Segmentation,Segmentation|Trustworthy_Security_Privacy|Medical_Bio_RemoteSensing,18.0,0.389,MedLIME: A Distribution-Aligned and Evidence-Supported Framework for Medical Saliency Explanations,Raghav Magazine; Xingjian Li; Min Xu,3,38926-38935,True,https://openaccess.thecvf.com/content/CVPR2026/papers/Magazine_MedLIME_A_Distribution-Aligned_and_Evidence-Supported_Framework_for_Medical_Saliency_Explanations_CVPR_2026_paper.pdf,https://openaccess.thecvf.com/content/CVPR2026/supplemental/Magazine_MedLIME_A_Distribution-Aligned_CVPR_2026_supplemental.pdf,https://openaccess.thecvf.com/content/CVPR2026/html/Magazine_MedLIME_A_Distribution-Aligned_and_Evidence-Supported_Framework_for_Medical_Saliency_Explanations_CVPR_2026_paper.html,"Saliency-based explainability methods are widely used to interpret deep learning models in medical imaging, yet many existing approaches rely on white box access of models, which is not always possible due to privacy concerns. In this work, we introduce **MedLIME**, a novel, model-agnostic explanation framework designed to enhance the robustness and fidelity of saliency maps for medical imaging abnormality localization. Building upon the Local Interpretable Model-agnostic Explanations (LIME) paradigm, MedLIME integrates three key components: (1) **Generative Masking** (GM), (2) **Supervised Test-Time Adaptation** (STT) and (3) a **Evidence-based Regularization** (EBR) to improve the saliency map generation accuracy of LIME. Extensive experiments on multiple medical datasets, across three model architectures demonstrate that MedLIME consistently outperforms gradient-based and perturbation-based baselines in abnormality localization as measured by AUPRC. Our results highlight that incorporating generative reconstruction, adaptive perturbation and data-driven regularization improves the reliability and interpretability of medical imaging models.","@InProceedings{Magazine_2026_CVPR, author = {Magazine, Raghav and Li, Xingjian and Xu, Min}, title = {MedLIME: A Distribution-Aligned and Evidence-Supported Framework for Medical Saliency Explanations}, booktitle = {Proceedings of the IEEE/CVF Conference on Computer Vision and Pattern Recognition (CVPR)}, month = {June}, year = {2026}, pages = {38926-38935} }"
Li_SAGE_Style-Adaptive_Generalization_for_Privacy-Constrained_Semantic_Segmentation_Across_Domains_CVPR_2026_paper,2026,1,Segmentation,Segmentation|Trustworthy_Security_Privacy,20.0,0.1,SAGE: Style-Adaptive Generalization for Privacy-Constrained Semantic Segmentation Across Domains,Qingmei Li; Yang Zhang; Peifeng Zhang; Haohuan Fu; Juepeng Zheng,5,13134-13144,True,https://openaccess.thecvf.com/content/CVPR2026/papers/Li_SAGE_Style-Adaptive_Generalization_for_Privacy-Constrained_Semantic_Segmentation_Across_Domains_CVPR_2026_paper.pdf,https://openaccess.thecvf.com/content/CVPR2026/supplemental/Li_SAGE_Style-Adaptive_Generalization_CVPR_2026_supplemental.pdf,https://openaccess.thecvf.com/content/CVPR2026/html/Li_SAGE_Style-Adaptive_Generalization_for_Privacy-Constrained_Semantic_Segmentation_Across_Domains_CVPR_2026_paper.html,"Domain generalization for semantic segmentation aims to mitigate the degradation in model performance caused by domain shifts. However, in many real-world scenarios, we are unable to access the model parameters and architectural details due to privacy concerns and security constraints. Traditional fine-tuning or adaptation is hindered, leading to the demand for input-level strategies that can enhance generalization without modifying model weights. To this end, we propose a Style-Adaptive GEneralization framework (SAGE), which improves the generalization of frozen models under privacy constraints. SAGE learns to synthesize visual prompts that implicitly align feature distributions across styles instead of directly fine-tuning the backbone. Specifically, we first utilize style transfer to construct a diverse style representation of the source domain, thereby learning a set of style characteristics that can cover a wide range of visual features. Then, the model adaptively fuses these style cues according to the visual context of each input, forming a dynamic prompt that harmonizes the image appearance without touching the interior of the model. Through this closed-loop design, SAGE effectively bridges the gap between frozen model invariance and the diversity of unseen domains. Extensive experiments on five benchmark datasets demonstrate that SAGE achieves competitive or superior performance compared to state-of-the-art methods under privacy constraints and outperforms full fine-tuning baselines in all settings.","@InProceedings{Li_2026_CVPR, author = {Li, Qingmei and Zhang, Yang and Zhang, Peifeng and Fu, Haohuan and Zheng, Juepeng}, title = {SAGE: Style-Adaptive Generalization for Privacy-Constrained Semantic Segmentation Across Domains}, booktitle = {Proceedings of the IEEE/CVF Conference on Computer Vision and Pattern Recognition (CVPR)}, month = {June}, year = {2026}, pages = {13134-13144} }"
Ma_Selective_Regularized_and_Calibrated_Harnessing_Vision_Foundation_Models_for_Cross-Domain_CVPR_2026_paper,2026,1,Segmentation,Segmentation|SelfSupervised_Representation|Transfer_FewShot_DomainAdaptation,19.0,0.158,"Selective, Regularized, and Calibrated: Harnessing Vision Foundation Models for Cross-Domain Few-Shot Semantic Segmentation",Junyuan Ma; Xunzhi Xiang; Wenbin Li; Qi Fan; Yang Gao,5,12385-12395,True,https://openaccess.thecvf.com/content/CVPR2026/papers/Ma_Selective_Regularized_and_Calibrated_Harnessing_Vision_Foundation_Models_for_Cross-Domain_CVPR_2026_paper.pdf,https://openaccess.thecvf.com/content/CVPR2026/supplemental/Ma_Selective_Regularized_and_CVPR_2026_supplemental.pdf,https://openaccess.thecvf.com/content/CVPR2026/html/Ma_Selective_Regularized_and_Calibrated_Harnessing_Vision_Foundation_Models_for_Cross-Domain_CVPR_2026_paper.html,"Vision foundation models (VFMs) have achieved strong performance across various vision tasks. However, it still remains challenging to apply VFMs for cross-domain few-shot segmentation (CD-FSS), which segments objects of novel classes under domain shifts using only a few labeled exemplars. The challenge is mainly driven by two factors: (1) limited labeled exemplars per novel class relative to the scale of VFM pre-training, making the model prone to overfitting during retraining, and (2) target-domain shifts underrepresented during pre-training, inducing cross-domain inconsistency and layerwise sensitivity. To address these issues, we propose Hierarchical Exemplar Representation Adaptation (HERA), a three-stage select-regularize-calibrate VFM-based segmentation framework that learns effectively from limited labels and adapts to novel domains without source-data retraining. We first design Hierarchical Layer Selection (HLS) to adaptively identify the most informative VFM layer using a data-dependent Exemplar Transfer Risk (ETR) computed for each candidate layer. Then, Prior-Guided Regularization (PGR) regularizes interactions on the selected representation, yielding well-structured local signals for the subsequent stage. Furthermore, Pixelwise Adaptive Calibration (PAC) combines the selected representation with the refined interaction maps to calibrate pixelwise predictions, producing consistent masks. Together, these stages form a hierarchical select-regularize-calibrate pipeline that guides frozen VFM features in new domains while fine-tuning less than 2.7% of parameters at test time. Extensive experiments show that HERA surpasses the state-of-the-art by more than 4.1 mIoU across multiple CD-FSS benchmarks.","@InProceedings{Ma_2026_CVPR, author = {Ma, Junyuan and Xiang, Xunzhi and Li, Wenbin and Fan, Qi and Gao, Yang}, title = {Selective, Regularized, and Calibrated: Harnessing Vision Foundation Models for Cross-Domain Few-Shot Semantic Segmentation}, booktitle = {Proceedings of the IEEE/CVF Conference on Computer Vision and Pattern Recognition (CVPR)}, month = {June}, year = {2026}, pages = {12385-12395} }"
Zhang_Annotation-Efficient_Coreset_Selection_for_Context-dependent_Segmentation_CVPR_2026_paper,2026,1,Segmentation,Segmentation,6.0,0.333,Annotation-Efficient Coreset Selection for Context-dependent Segmentation,Jin Zhang; Zhe Cao; Biwen Yang; Ruiheng Zhang,4,20410-20420,True,https://openaccess.thecvf.com/content/CVPR2026/papers/Zhang_Annotation-Efficient_Coreset_Selection_for_Context-dependent_Segmentation_CVPR_2026_paper.pdf,,https://openaccess.thecvf.com/content/CVPR2026/html/Zhang_Annotation-Efficient_Coreset_Selection_for_Context-dependent_Segmentation_CVPR_2026_paper.html,"Context-dependent (CD) tasks demand the model to have advanced visual understanding ability, such as recognizing camouflaged objects and medical lesions. Current CD methods rely heavily on pixel-level annotated training sets, neglecting issues from redundant samples and the high annotation costs. In this paper, we address the pruning needs of CD datasets, focusing on selecting the most valuable samples for labeling and training using weak annotations. To achieve this, we decompose CD coreset selection into two steps: sample evaluation and coreset selection, proposing corresponding solutions: points-based optimal transport and a maximum distance entropy strategy. Specifically, we formulate sample evaluation as an optimal transport problem between foreground and background distributions, designing a foreground destruction-reconstruction process based on points to compute transport costs and score samples. For samples of varying importance, our selection strategy balances coreset coverage and diversity. We validate our method on six CD tasks, achieving 1% accuracy loss relative to full training under a 40% pruning rate.","@InProceedings{Zhang_2026_CVPR, author = {Zhang, Jin and Cao, Zhe and Yang, Biwen and Zhang, Ruiheng}, title = {Annotation-Efficient Coreset Selection for Context-dependent Segmentation}, booktitle = {Proceedings of the IEEE/CVF Conference on Computer Vision and Pattern Recognition (CVPR)}, month = {June}, year = {2026}, pages = {20410-20420} }"
Li_REL-SF4PASS_Panoramic_Semantic_Segmentation_with_REL_Depth_Representation_and_Spherical_CVPR_2026_paper,2026,1,Segmentation,Segmentation,20.0,0.9,REL-SF4PASS: Panoramic Semantic Segmentation with REL Depth Representation and Spherical Fusion,Xuewei Li; Xinghan Bao; Zhimin Chen; Xi Li,4,27676-27685,True,https://openaccess.thecvf.com/content/CVPR2026/papers/Li_REL-SF4PASS_Panoramic_Semantic_Segmentation_with_REL_Depth_Representation_and_Spherical_CVPR_2026_paper.pdf,https://openaccess.thecvf.com/content/CVPR2026/supplemental/Li_REL-SF4PASS_Panoramic_Semantic_CVPR_2026_supplemental.pdf,https://openaccess.thecvf.com/content/CVPR2026/html/Li_REL-SF4PASS_Panoramic_Semantic_Segmentation_with_REL_Depth_Representation_and_Spherical_CVPR_2026_paper.html,"As an important and challenging problem in computer vision, Panoramic Semantic Segmentation (PASS) aims to provide complete scene perception based on an ultra-wide angle of view. Most PASS methods often focus on spherical geometry with RGB input or use the depth information in original or HHA format, which does not make full use of panoramic image geometry. To address these shortcomings, we propose REL-SF4PASS with our REL depth representation based on cylindrical coordinate and Spherical-dynamic Multi-Modal Fusion (SMMF). REL is made up of Rectified Depth, Elevation-Gained Vertical Inclination Angle, and Lateral Orientation Angle, which fully represent 3D space in cylindrical coordinate style and the surface normal direction. SMMF aims to ensure the diversity of fusion for different panoramic image regions and reduce the breakage of cylinder side surface expansion in ERP projection, using different fusion strategies to match different regions. Experimental results show that REL-SF4PASS considerably improves performance and robustness on popular benchmarks (e.g., Stanford2D3D Panoramic datasets). It gains 2.35% average mIoU improvement on all 3 folds and reduces the performance variance by approximately 70% when facing 3D disturbance.","@InProceedings{Li_2026_CVPR, author = {Li, Xuewei and Bao, Xinghan and Chen, Zhimin and Li, Xi}, title = {REL-SF4PASS: Panoramic Semantic Segmentation with REL Depth Representation and Spherical Fusion}, booktitle = {Proceedings of the IEEE/CVF Conference on Computer Vision and Pattern Recognition (CVPR)}, month = {June}, year = {2026}, pages = {27676-27685} }"
Zhang_Towards_Streaming_Referring_Video_Segmentation_via_Large_Language_Model_CVPR_2026_paper,2026,0,Video_Action_Recognition,Video_Action_Recognition|LLM_Reasoning_Agent|Segmentation,16.0,0.062,Towards Streaming Referring Video Segmentation via Large Language Model,Wenkang Zhang; Kaicheng Yang; Xiang An; Qiang Li; Ziyong Feng; Wankou Yang; Jiankang Deng,7,24598-24607,True,https://openaccess.thecvf.com/content/CVPR2026/papers/Zhang_Towards_Streaming_Referring_Video_Segmentation_via_Large_Language_Model_CVPR_2026_paper.pdf,https://openaccess.thecvf.com/content/CVPR2026/supplemental/Zhang_Towards_Streaming_Referring_CVPR_2026_supplemental.pdf,https://openaccess.thecvf.com/content/CVPR2026/html/Zhang_Towards_Streaming_Referring_Video_Segmentation_via_Large_Language_Model_CVPR_2026_paper.html,"Current referring video segmentation methods typically operate in an offline manner, where sparse frames are first selected for image-level referring segmentation, and the resulting masks are then propagated across the video. Although video sampling captures global context, its isolated processing steps not only complicate optimization but also restrict applicability to real-world streaming scenarios. In this paper, we propose a simple but efficient MLLM-based framework StreamingRVOS, which can extend image-level segmentation to video-level via a streaming pipeline without introducing extra parameters. Specifically, we employ a Semantic Embedding Recycling (SER) method to propagate temporal context across frames, enabling the model to perceive semantic representation in the video. Then, we propose an Online Mask Consistency Perception (OMCP) strategy to adaptively invoke the MLLM to re-perceive the current scene and regenerate the semantic embedding. We conduct extensive experiments on multiple downstream datasets to prove the effectiveness of StreamingRVOS. Compared to previous methods, our method achieves excellent performance in referring video segmentation (1B variant improves upon Sa2VA by 19.2 on the MeViS dataset), while operating at an average speed of 7 FPS under streaming inference on 1 xA800 GPU.","@InProceedings{Zhang_2026_CVPR, author = {Zhang, Wenkang and Yang, Kaicheng and An, Xiang and Li, Qiang and Feng, Ziyong and Yang, Wankou and Deng, Jiankang}, title = {Towards Streaming Referring Video Segmentation via Large Language Model}, booktitle = {Proceedings of the IEEE/CVF Conference on Computer Vision and Pattern Recognition (CVPR)}, month = {June}, year = {2026}, pages = {24598-24607} }"
Kim_Seeing_Through_Touch_Tactile-Driven_Visual_Localization_of_Material_Regions_CVPR_2026_paper,2026,0,LowLevel_Flow_Depth_Matching,LowLevel_Flow_Depth_Matching|Segmentation,12.0,0.417,Seeing Through Touch: Tactile-Driven Visual Localization of Material Regions,Seongyu Kim; Seungwoo Lee; Hyeonggon Ryu; Joon Son Chung; Arda Senocak,5,8717-8726,True,https://openaccess.thecvf.com/content/CVPR2026/papers/Kim_Seeing_Through_Touch_Tactile-Driven_Visual_Localization_of_Material_Regions_CVPR_2026_paper.pdf,https://openaccess.thecvf.com/content/CVPR2026/supplemental/Kim_Seeing_Through_Touch_CVPR_2026_supplemental.pdf,https://openaccess.thecvf.com/content/CVPR2026/html/Kim_Seeing_Through_Touch_Tactile-Driven_Visual_Localization_of_Material_Regions_CVPR_2026_paper.html,"We address the problem of tactile localization, where the goal is to identify image regions that share the same material properties as a tactile input. Existing visuo-tactile methods rely on global alignment and thus fail to capture the fine-grained local correspondences required for this task. The challenge is amplified by existing datasets, which predominantly contain close-up, low-diversity images. We propose a model that learns local visuo-tactile alignment via dense cross-modal feature interactions, producing tactile saliency maps for touch-conditioned material segmentation. To overcome dataset constraints, we introduce: (i) in-the-wild multi-material scene images that expand visual diversity, and (ii) a material-diversity pairing strategy that aligns each tactile sample with visually varied yet tactilely consistent images, improving contextual localization and robustness to weak signals. We also construct two new tactile-grounded material segmentation datasets for quantitative evaluation. Experiments on both new and existing benchmarks show that our approach substantially outperforms prior visuo-tactile methods in tactile localization.","@InProceedings{Kim_2026_CVPR, author = {Kim, Seongyu and Lee, Seungwoo and Ryu, Hyeonggon and Chung, Joon Son and Senocak, Arda}, title = {Seeing Through Touch: Tactile-Driven Visual Localization of Material Regions}, booktitle = {Proceedings of the IEEE/CVF Conference on Computer Vision and Pattern Recognition (CVPR)}, month = {June}, year = {2026}, pages = {8717-8726} }"
Liu_M4-SAM_Multi-Modal_Mixture-of-Experts_with_Memory-Augmented_SAM_for_RGB-D_Video_Salient_CVPR_2026_paper,2026,0,Object_Detection,Object_Detection|Segmentation|Vision_Language_Multimodal,16.0,0.0,M4-SAM: Multi-Modal Mixture-of-Experts with Memory-Augmented SAM for RGB-D Video Salient Object Detection,Jiyuan Liu; Jia Lin; Xiaofei Zhou; Runmin Cong; Deyang Liu; Zhi Liu,6,24970-24979,True,https://openaccess.thecvf.com/content/CVPR2026/papers/Liu_M4-SAM_Multi-Modal_Mixture-of-Experts_with_Memory-Augmented_SAM_for_RGB-D_Video_Salient_CVPR_2026_paper.pdf,,https://openaccess.thecvf.com/content/CVPR2026/html/Liu_M4-SAM_Multi-Modal_Mixture-of-Experts_with_Memory-Augmented_SAM_for_RGB-D_Video_Salient_CVPR_2026_paper.html,"The Segment Anything Model 2 (SAM2) has emerged as a foundation model for universal segmentation. Owing to its generalizable visual representations, SAM2 has been successfully applied to various downstream tasks. However, extending SAM2 to the RGB-D video salient object detection (RGB-D VSOD) task encounters three challenges including limited spatial modeling of linear LoRA, insufficient employment of SAM's multi-scale features, and dependence of initialization on explicit prompts. To address the issues, we present Multi-Modal Mixture-of-Experts with Memory-Augmented SAM (M4-SAM), which equips SAM2 with modality-related PEFT, hierarchical feature fusion, and prompt-free memory initialization. Firstly, we inject Modality-Aware MoE-LoRA, which employs convolutional experts to encode local spatial priors and introduces a modality dispatcher for efficient multi-modal fine-tuning, into SAM2's encoder. Secondly, we deploy Gated Multi-Level Feature Fusion, which hierarchically aggregates multi-scale encoder features with an adaptive gating mechanism, to balance spatial details and semantic context. Finally, to conduct zero-shot VSOD without manual prompts, we utilize a Pseudo-Guided Initialization, where a coarse mask is regarded as a pseudo prior and used to bootstrap the memory bank. Extensive experiments demonstrate that M4-SAM achieves the state-of-the-art performance across all evaluation metrics on three public RGB-D VSOD datasets.","@InProceedings{Liu_2026_CVPR, author = {Liu, Jiyuan and Lin, Jia and Zhou, Xiaofei and Cong, Runmin and Liu, Deyang and Liu, Zhi}, title = {M4-SAM: Multi-Modal Mixture-of-Experts with Memory-Augmented SAM for RGB-D Video Salient Object Detection}, booktitle = {Proceedings of the IEEE/CVF Conference on Computer Vision and Pattern Recognition (CVPR)}, month = {June}, year = {2026}, pages = {24970-24979} }"
Xie_ReLaGS_Relational_Language_Gaussian_Splatting_CVPR_2026_paper,2026,0,Neural_Rendering_NeRF_3DGS,Neural_Rendering_NeRF_3DGS|Segmentation,9.0,0.222,ReLaGS: Relational Language Gaussian Splatting,Yaxu Xie; Abdalla Arafa; Alireza Javanmardi; Christen Millerdurai; Jia Cheng Hu; Shaoxiang Wang; Alain Pagani; Didier Stricker,8,23826-23836,True,https://openaccess.thecvf.com/content/CVPR2026/papers/Xie_ReLaGS_Relational_Language_Gaussian_Splatting_CVPR_2026_paper.pdf,https://openaccess.thecvf.com/content/CVPR2026/supplemental/Xie_ReLaGS_Relational_Language_CVPR_2026_supplemental.pdf,https://openaccess.thecvf.com/content/CVPR2026/html/Xie_ReLaGS_Relational_Language_Gaussian_Splatting_CVPR_2026_paper.html,"Achieving unified 3D perception and reasoning across tasks such as segmentation, retrieval, and relation understanding remains challenging, as existing methods are either object-centric or rely on costly training for inter-object reasoning. We present a novel framework that constructs a hierarchical language-distilled Gaussian scene and its 3D semantic scene graph without scene-specific training. A Gaussian pruning mechanism refines scene geometry, while a robust multi-view language alignment strategy aggregates noisy 2D features into accurate 3D object embeddings. On top of this hierarchy, we build an open-vocabulary 3D scene graph with Vision Language-derived annotations and Graph Neural Network-based relational reasoning. Our approach enables efficient and scalable open-vocabulary 3D reasoning by jointly modeling hierarchical semantics and inter/intra-object relationships, validated across tasks including open-vocabulary segmentation, scene graph generation, and relation-guided retrieval. Project page: https://dfki-av.github.io/ReLaGS/","@InProceedings{Xie_2026_CVPR, author = {Xie, Yaxu and Arafa, Abdalla and Javanmardi, Alireza and Millerdurai, Christen and Hu, Jia Cheng and Wang, Shaoxiang and Pagani, Alain and Stricker, Didier}, title = {ReLaGS: Relational Language Gaussian Splatting}, booktitle = {Proceedings of the IEEE/CVF Conference on Computer Vision and Pattern Recognition (CVPR)}, month = {June}, year = {2026}, pages = {23826-23836} }"
Huang_CROWn_A_Unified_Framework_for_Anti-Aliased_Downsampling_and_Phase-Calibrated_Fusion_CVPR_2026_paper,2026,0,Medical_Bio_RemoteSensing,Medical_Bio_RemoteSensing|Segmentation,18.0,0.444,CROWn: A Unified Framework for Anti-Aliased Downsampling and Phase-Calibrated Fusion in 3D Medical Segmentation,Xingru Huang; Shuanghua Ye; Zhao Huang; Wenwen Tang; Huiyu Zhou; Zhiwen Zheng; Jin Liu; Xiaoshuai Zhang,8,8514-8524,True,https://openaccess.thecvf.com/content/CVPR2026/papers/Huang_CROWn_A_Unified_Framework_for_Anti-Aliased_Downsampling_and_Phase-Calibrated_Fusion_CVPR_2026_paper.pdf,https://openaccess.thecvf.com/content/CVPR2026/supplemental/Huang_CROWn_A_Unified_CVPR_2026_supplemental.pdf,https://openaccess.thecvf.com/content/CVPR2026/html/Huang_CROWn_A_Unified_Framework_for_Anti-Aliased_Downsampling_and_Phase-Calibrated_Fusion_CVPR_2026_paper.html,"Precise 3D medical image segmentation is a clinical cornerstone for diagnosis, therapy planning, and longitudinal monitoring. However, routine acquisition with anisotropic voxel spacing and heterogeneous reconstruction induces downsampling aliasing and cross-scale misalignment that blur boundaries, fragment topology, and undermine reliability. Existing U-shaped CNN or Transformer designs neither control alias injection at decimation nor explicitly align high-resolution evidence before decoder fusion, leading to unstable interfaces under device and protocol variability. We introduce the Coset-fibRated micrO-local co-attention Network (CROWn), a general segmentation framework that couples sampling theory with representation learning to jointly suppress aliasing and calibrate cross-scale fusion. CROWn comprises two complementary components. The Microlocal Polyphase Co-Attentive Decimator (\muPCAD) performs axis-aware polyphase analysis with pooled-subband co-attention and explicit anti-alias low-pass, routing boundary-relevant high-frequency evidence while attenuating spurious phase components during downsampling. The Octaphase Coset Fibration (OCF) anti-aliases high-resolution skips, restructures them via 3D space-to-depth into cosets, and applies phase attention with edge-gated modulation to deliver compact, phase-aligned, boundary-aware features to the decoder. Extensive evaluations across 15 publicly available datasets spanning CT, MRI, and OCT demonstrate CROWn's state-of-the-art performance against 17 recent leading methods, improves overlap and topological consistency, consistently reduces boundary errors, while maintaining controlled training and inference cost. The code is publicly available at https://github.com/IMOP-lab/CROWn.","@InProceedings{Huang_2026_CVPR, author = {Huang, Xingru and Ye, Shuanghua and Huang, Zhao and Tang, Wenwen and Zhou, Huiyu and Zheng, Zhiwen and Liu, Jin and Zhang, Xiaoshuai}, title = {CROWn: A Unified Framework for Anti-Aliased Downsampling and Phase-Calibrated Fusion in 3D Medical Segmentation}, booktitle = {Proceedings of the IEEE/CVF Conference on Computer Vision and Pattern Recognition (CVPR)}, month = {June}, year = {2026}, pages = {8514-8524} }"
Lee_Looking_Beyond_the_Window_Global-Local_Aligned_CLIP_for_Training-free_Open-Vocabulary_CVPR_2026_paper,2026,1,Segmentation,Segmentation|Vision_Language_Multimodal,25.0,0.52,Looking Beyond the Window: Global-Local Aligned CLIP for Training-free Open-Vocabulary Semantic Segmentation,ByeongCheol Lee; Hyun Seok Seong; Sangeek Hyun; Gilhan Park; WonJun Moon; Jae-Pil Heo,6,27686-27696,True,https://openaccess.thecvf.com/content/CVPR2026/papers/Lee_Looking_Beyond_the_Window_Global-Local_Aligned_CLIP_for_Training-free_Open-Vocabulary_CVPR_2026_paper.pdf,https://openaccess.thecvf.com/content/CVPR2026/supplemental/Lee_Looking_Beyond_the_CVPR_2026_supplemental.pdf,https://openaccess.thecvf.com/content/CVPR2026/html/Lee_Looking_Beyond_the_Window_Global-Local_Aligned_CLIP_for_Training-free_Open-Vocabulary_CVPR_2026_paper.html,"A sliding-window inference strategy is commonly adopted in recent training-free open-vocabulary semantic segmentation methods to overcome limitation of the CLIP in processing high-resolution images. However, this approach introduces a new challenge: each window is processed independently, leading to semantic discrepancy across windows. To address this issue, we propose Global-Local Aligned CLIP (GLA-CLIP), a framework that facilitates comprehensive information exchange across windows. Rather than limiting attention to tokens within individual windows, GLA-CLIP extends key-value tokens to incorporate contextual cues from all windows. Nevertheless, we observe a window bias: outer-window tokens are less likely to be attended, since query features are produced through interactions within the inner window patches, thereby lacking semantic grounding beyond their local context. To mitigate this, we introduce a proxy anchor, constructed by aggregating tokens highly similar to the given query from all windows, which provides a unified semantic reference for measuring similarity across both inner- and outer-window patches. Furthermore, we propose a dynamic normalization scheme that adjusts attention strength according to object scale by dynamically scaling and thresholding the attention map to cope with small-object scenarios. Moreover, GLA-CLIP can be equipped on existing methods and broad their receptive field. Extensive experiments validate the effectiveness of GLA-CLIP in enhancing training-free open-vocabulary semantic segmentation performance. Codes are available at github.com/2btlFe/GLA-CLIP","@InProceedings{Lee_2026_CVPR, author = {Lee, ByeongCheol and Seong, Hyun Seok and Hyun, Sangeek and Park, Gilhan and Moon, WonJun and Heo, Jae-Pil}, title = {Looking Beyond the Window: Global-Local Aligned CLIP for Training-free Open-Vocabulary Semantic Segmentation}, booktitle = {Proceedings of the IEEE/CVF Conference on Computer Vision and Pattern Recognition (CVPR)}, month = {June}, year = {2026}, pages = {27686-27696} }"
Polamreddy_CG-Reasoner_Centroid-Guided_Positional_Reasoning_Segmentation_for_Medical_Imaging_with_a_CVPR_2026_paper,2026,0,Medical_Bio_RemoteSensing,Medical_Bio_RemoteSensing|LLM_Reasoning_Agent|Segmentation,24.0,0.5,CG-Reasoner: Centroid-Guided Positional Reasoning Segmentation for Medical Imaging with a Robust Visual-Text Consistency Metric,Lakshmikar Reddy Polamreddy; Ming Ma,2,1472-1481,True,https://openaccess.thecvf.com/content/CVPR2026/papers/Polamreddy_CG-Reasoner_Centroid-Guided_Positional_Reasoning_Segmentation_for_Medical_Imaging_with_a_CVPR_2026_paper.pdf,https://openaccess.thecvf.com/content/CVPR2026/supplemental/Polamreddy_CG-Reasoner_Centroid-Guided_Positional_CVPR_2026_supplemental.pdf,https://openaccess.thecvf.com/content/CVPR2026/html/Polamreddy_CG-Reasoner_Centroid-Guided_Positional_Reasoning_Segmentation_for_Medical_Imaging_with_a_CVPR_2026_paper.html,"Accurate and interpretable medical image segmentation remains a major challenge, as existing deep learning models primarily optimize pixel-level accuracy while overlooking positional reasoning--an essential component for automated report generation and clinical interpretability. We introduce CG-Reasoner, a novel centroid-guided cross-modal framework that jointly performs medical image segmentation and positional reasoning. CG-Reasoner integrates a multimodal large language model (LLM), a newly designed light-weight encoder-decoder architecture, and a Text2Centroid module that predicts lesion centroids from reasoning embeddings--enabling the model to produce both accurate segmentation masks and spatially coherent, clinically meaningful reasoning explanations. Furthermore, we propose PRScore (Positional-Reasoning Score), a robust evaluation metric that jointly measures the spatial and semantic alignment between generated reasoning text and segmentation masks. Experiments on six medical datasets across different imaging modalities demonstrate that CG-Reasoner achieves state-of-the-art performance, offering precise segmentation, spatially coherent reasoning, and clinically interpretable visual-textual explanations within a unified framework. The source code is available at https://github.com/lpmm2025/CG-Reasoner.","@InProceedings{Polamreddy_2026_CVPR, author = {Polamreddy, Lakshmikar Reddy and Ma, Ming}, title = {CG-Reasoner: Centroid-Guided Positional Reasoning Segmentation for Medical Imaging with a Robust Visual-Text Consistency Metric}, booktitle = {Proceedings of the IEEE/CVF Conference on Computer Vision and Pattern Recognition (CVPR)}, month = {June}, year = {2026}, pages = {1472-1481} }"
Chan_CHIRP_dataset_towards_long-term_individual-level_behavioral_monitoring_of_bird_populations_CVPR_2026_paper,2026,0,Tracking_MOT,Tracking_MOT|Segmentation,11.0,0.364,"CHIRP dataset: towards long-term, individual-level, behavioral monitoring of bird populations in the wild",Alex Hoi Hang Chan; Neha Singhal; Onur Kocahan; Andrea Meltzer; Saverio Lubrano; Miyako H. Warrington; Michael Griesser; Fumihiro Kano; Hemal Naik,9,18428-18439,True,https://openaccess.thecvf.com/content/CVPR2026/papers/Chan_CHIRP_dataset_towards_long-term_individual-level_behavioral_monitoring_of_bird_populations_CVPR_2026_paper.pdf,https://openaccess.thecvf.com/content/CVPR2026/supplemental/Chan_CHIRP_dataset_towards_CVPR_2026_supplemental.zip,https://openaccess.thecvf.com/content/CVPR2026/html/Chan_CHIRP_dataset_towards_long-term_individual-level_behavioral_monitoring_of_bird_populations_CVPR_2026_paper.html,"Long-term behavioral monitoring of individual animals is crucial for studying behavioral changes that occurs over different time scales, especially for conservation and evolutionary biology. Computer vision methods have proven to benefit biodiversity monitoring, but automated behavior monitoring in wild populations remains challenging. This stems from the lack of datasets that cover a range of computer vision tasks necessary to extract biologically meaningful measurements of individual animals. Here, we introduce such a dataset (CHIRP) with a new method (CORVID) for individual re-identification of wild birds. The CHIRP (Combining beHaviour, Individual Re-identification and Postures) dataset is curated from a long-term population of wild Siberian jays studied in Swedish Lapland, supporting re-identification (re-id), action recognition, 2D keypoint estimation, object detection, and instance segmentation. In addition to traditional task-specific benchmarking, we introduce application-specific benchmarking with biologically relevant metrics (feeding rates, co-occurrence rates) to evaluate the performance of models in real-world use cases. Finally, we present CORVID COlouR-based Video reID), a novel pipeline for individual identification of birds based on the segmentation and classification of colored leg rings, a widespread approach for visual identification of individual birds. CORVID offers a probability-based id tracking method by matching the detected combination of color rings with a database. We use application-specific benchmarking to show that CORVID outperforms state of the art re-id methods. We hope this work offers the community a blueprint for curating real-world datasets from ethically approved biological studies to bridge the gap between computer vision research and biological applications.","@InProceedings{Chan_2026_CVPR, author = {Chan, Alex Hoi Hang and Singhal, Neha and Kocahan, Onur and Meltzer, Andrea and Lubrano, Saverio and Warrington, Miyako H. and Griesser, Michael and Kano, Fumihiro and Naik, Hemal}, title = {CHIRP dataset: towards long-term, individual-level, behavioral monitoring of bird populations in the wild}, booktitle = {Proceedings of the IEEE/CVF Conference on Computer Vision and Pattern Recognition (CVPR)}, month = {June}, year = {2026}, pages = {18428-18439} }"
Zheng_Seeing_Beyond_Extrapolative_Domain_Adaptive_Panoramic_Segmentation_CVPR_2026_paper,2026,1,Segmentation,Segmentation|Transfer_FewShot_DomainAdaptation,13.0,0.0,Seeing Beyond: Extrapolative Domain Adaptive Panoramic Segmentation,Yuanfan Zheng; Kunyu Peng; Xu Zheng; Kailun Yang,4,42115-42125,True,https://openaccess.thecvf.com/content/CVPR2026/papers/Zheng_Seeing_Beyond_Extrapolative_Domain_Adaptive_Panoramic_Segmentation_CVPR_2026_paper.pdf,https://openaccess.thecvf.com/content/CVPR2026/supplemental/Zheng_Seeing_Beyond_Extrapolative_CVPR_2026_supplemental.pdf,https://openaccess.thecvf.com/content/CVPR2026/html/Zheng_Seeing_Beyond_Extrapolative_Domain_Adaptive_Panoramic_Segmentation_CVPR_2026_paper.html,"Cross-domain panoramic semantic segmentation has attracted growing interest as it enables comprehensive 360^ \circ scene understanding for real-world applications. However, it remains particularly challenging due to severe geometric Field of View (FoV) distortions and inconsistent open-set semantics across domains. In this work, we formulate an open-set domain adaptation setting, and propose Extrapolative Domain Adaptive Panoramic Segmentation (EDA-PSeg) framework that trains on local perspective views and tests on full 360^ \circ panoramic images, explicitly tackling both geometric FoV shifts across domains and semantic uncertainty arising from previously unseen classes. To this end, we propose the Euler-Margin Attention (EMA), which introduces an angular margin to enhance viewpoint-invariant semantic representation, while performing amplitude and phase modulation to improve generalization toward unseen classes. Additionally, we design the Graph Matching Adapter (GMA), which builds high-order graph relations to align shared semantics across FoV shifts while effectively separating novel categories through structural adaptation. Extensive experiments on four benchmark datasets under camera-shift, weather-condition, and open-set scenarios demonstrate that EDA-PSeg achieves state-of-the-art performance, robust generalization to diverse viewing geometries, and resilience under varying environmental conditions. The code is available at https://github.com/zyfone/EDA-PSeg.","@InProceedings{Zheng_2026_CVPR, author = {Zheng, Yuanfan and Peng, Kunyu and Zheng, Xu and Yang, Kailun}, title = {Seeing Beyond: Extrapolative Domain Adaptive Panoramic Segmentation}, booktitle = {Proceedings of the IEEE/CVF Conference on Computer Vision and Pattern Recognition (CVPR)}, month = {June}, year = {2026}, pages = {42115-42125} }"
Song_PointGS_Semantic-Consistent_Unsupervised_3D_Point_Cloud_Segmentation_with_3D_Gaussian_CVPR_2026_paper,2026,0,3D_Reconstruction,3D_Reconstruction|Neural_Rendering_NeRF_3DGS|Segmentation,18.0,0.333,PointGS: Semantic-Consistent Unsupervised 3D Point Cloud Segmentation with 3D Gaussian Splatting,Yixiao Song; Qingyong Li; Wen Wang; Zhicheng Yan,4,33343-33352,True,https://openaccess.thecvf.com/content/CVPR2026/papers/Song_PointGS_Semantic-Consistent_Unsupervised_3D_Point_Cloud_Segmentation_with_3D_Gaussian_CVPR_2026_paper.pdf,https://openaccess.thecvf.com/content/CVPR2026/supplemental/Song_PointGS_Semantic-Consistent_Unsupervised_CVPR_2026_supplemental.pdf,https://openaccess.thecvf.com/content/CVPR2026/html/Song_PointGS_Semantic-Consistent_Unsupervised_3D_Point_Cloud_Segmentation_with_3D_Gaussian_CVPR_2026_paper.html,"Unsupervised point cloud segmentation is critical for embodied artificial intelligence and autonomous driving, as it mitigates the prohibitive cost of dense point-level annotations required by fully supervised methods. While integrating 2D pre-trained models such as the Segment Anything Model (SAM) to supplement semantic information is a natural choice, yet this approach faces a fundamental mismatch between discrete 3D points and continuous 2D images. This mismatch leads to inevitable projection overlap and complex modality alignment, resulting in compromised semantic consistency across 2D-3D transfer. To address these limitations, this paper proposes PointGS, a simple yet effective pipeline for unsupervised 3D point cloud segmentation. PointGS leverages 3D Gaussian Splatting as a unified intermediate representation to bridge the discrete-continuous domain gap. Input sparse point clouds are first reconstructed into dense 3D Gaussian spaces via multi-view observations, filling spatial gaps and encoding occlusion relationships to eliminate projection-induced semantic conflation. Multi-view dense images are rendered from the Gaussian space, with 2D semantic masks extracted via SAM, and semantics are distilled to 3D Gaussian primitives through contrastive learning to ensure consistent semantic assignments across different views. The Gaussian space is aligned with the original point cloud via two-step registration, and point semantics are assigned through nearest-neighbor search on labeled Gaussians. Experiments demonstrate that PointGS outperforms state-of-the-art unsupervised methods, achieving +0.9% mIoU on ScanNet-V2 and +2.8% mIoU on S3DIS.","@InProceedings{Song_2026_CVPR, author = {Song, Yixiao and Li, Qingyong and Wang, Wen and Yan, Zhicheng}, title = {PointGS: Semantic-Consistent Unsupervised 3D Point Cloud Segmentation with 3D Gaussian Splatting}, booktitle = {Proceedings of the IEEE/CVF Conference on Computer Vision and Pattern Recognition (CVPR)}, month = {June}, year = {2026}, pages = {33343-33352} }"
Valverde_Towards_High-Quality_Image_Segmentation_Improving_Topology_Accuracy_by_Penalizing_Neighbor_CVPR_2026_paper,2026,1,Segmentation,Segmentation,13.0,1.0,Towards High-Quality Image Segmentation: Improving Topology Accuracy by Penalizing Neighbor Pixels,Juan Miguel Valverde; Dim P. Papadopoulos; Rasmus Larsen; Anders Bjorholm Dahl,4,13123-13133,True,https://openaccess.thecvf.com/content/CVPR2026/papers/Valverde_Towards_High-Quality_Image_Segmentation_Improving_Topology_Accuracy_by_Penalizing_Neighbor_CVPR_2026_paper.pdf,https://openaccess.thecvf.com/content/CVPR2026/supplemental/Valverde_Towards_High-Quality_Image_CVPR_2026_supplemental.pdf,https://openaccess.thecvf.com/content/CVPR2026/html/Valverde_Towards_High-Quality_Image_Segmentation_Improving_Topology_Accuracy_by_Penalizing_Neighbor_CVPR_2026_paper.html,"Standard deep learning models for image segmentation cannot guarantee topology accuracy, failing to preserve the correct number of connected components or structures. This, in turn, affects the quality of the segmentations and compromises the reliability of the subsequent quantification analyses. Previous works have proposed to enhance topology accuracy with specialized frameworks, architectures, and loss functions. However, these methods are often cumbersome to integrate into existing training pipelines, they are computationally very expensive, or they are restricted to structures with tubular morphology. We present SCNP, an efficient method that improves topology accuracy by penalizing the logits with their poorest-classified neighbor, forcing the model to improve the prediction at the pixels' neighbors before allowing it to improve the pixels themselves. We show the effectiveness of SCNP across 13 datasets, covering different structure morphologies and image modalities, and integrate it into three frameworks for semantic and instance segmentation. Additionally, we show that SCNP can be integrated into several loss functions, making them improve topology accuracy. Our code can be found at https://jmlipman.github.io/SCNP-SameClassNeighborPenalization.","@InProceedings{Valverde_2026_CVPR, author = {Valverde, Juan Miguel and Papadopoulos, Dim P. and Larsen, Rasmus and Dahl, Anders Bjorholm}, title = {Towards High-Quality Image Segmentation: Improving Topology Accuracy by Penalizing Neighbor Pixels}, booktitle = {Proceedings of the IEEE/CVF Conference on Computer Vision and Pattern Recognition (CVPR)}, month = {June}, year = {2026}, pages = {13123-13133} }"
Zhou_SAMTok_Representing_Any_Mask_with_Two_Words_CVPR_2026_paper,2026,0,LLM_Reasoning_Agent,LLM_Reasoning_Agent|Segmentation,9.0,0.0,SAMTok: Representing Any Mask with Two Words,Yikang Zhou; Tao Zhang; Dengxian Gong; Yuanzheng Wu; Ye Tian; Haochen Wang; Haobo Yuan; Jiacong Wang; Lu Qi; Hao Fei; Shunping Ji; Anran Wang; Zhuochen Wang; Yujing Wang; Cheng Chen; Xiangtai Li,16,37852-37863,True,https://openaccess.thecvf.com/content/CVPR2026/papers/Zhou_SAMTok_Representing_Any_Mask_with_Two_Words_CVPR_2026_paper.pdf,https://openaccess.thecvf.com/content/CVPR2026/supplemental/Zhou_SAMTok_Representing_Any_CVPR_2026_supplemental.pdf,https://openaccess.thecvf.com/content/CVPR2026/html/Zhou_SAMTok_Representing_Any_Mask_with_Two_Words_CVPR_2026_paper.html,"Pixel-wise capabilities are essential for building interactive intelligent systems. However, pixel-wise multi-modal LLMs (MLLMs) remain difficult to scale due to complex region-level encoders, specialized segmentation decoders, and incompatible training objectives. To address these challenges, we present SAMTok, a discrete mask tokenizer that converts any region mask into two special tokens and reconstructs the mask from these tokens with high fidelity. By treating masks as a new language, SAMTok enables base MLLMs (such as the QwenVL series) to learn pixel-wise capabilities through standard next-token prediction and simple reinforcement learning, without architectural modifications and specialized loss design. SAMTok builds on SAM2 and is trained on 209M diverse masks using a mask encoder and residual vector quantizer to produce discrete, compact, and information-rich tokens. With 5M SAMTok-formatted mask understanding and generation data samples, QwenVL-SAMTok attains state-of-the-art or comparable results on region captioning, region VQA, grounded conversation, referring segmentation, scene graph parsing, and multi-round interactive segmentation. We further introduce a textual answer-matching reward that enables efficient reinforcement learning for mask generation, delivering substantial improvements on GRES and GCG benchmarks. Our results demonstrate a scalable and straightforward paradigm for equipping MLLMs with strong pixel-wise capabilities.","@InProceedings{Zhou_2026_CVPR, author = {Zhou, Yikang and Zhang, Tao and Gong, Dengxian and Wu, Yuanzheng and Tian, Ye and Wang, Haochen and Yuan, Haobo and Wang, Jiacong and Qi, Lu and Fei, Hao and Ji, Shunping and Wang, Anran and Wang, Zhuochen and Wang, Yujing and Chen, Cheng and Li, Xiangtai}, title = {SAMTok: Representing Any Mask with Two Words}, booktitle = {Proceedings of the IEEE/CVF Conference on Computer Vision and Pattern Recognition (CVPR)}, month = {June}, year = {2026}, pages = {37852-37863} }"
Lang_Best_Segmentation_Buddies_for_Image-Shape_Correspondence_CVPR_2026_paper,2026,0,LowLevel_Flow_Depth_Matching,LowLevel_Flow_Depth_Matching|Segmentation,18.0,0.333,Best Segmentation Buddies for Image-Shape Correspondence,Itai Lang; Dongwei Lyu; Dale Decatur; Rana Hanocka,4,20499-20510,True,https://openaccess.thecvf.com/content/CVPR2026/papers/Lang_Best_Segmentation_Buddies_for_Image-Shape_Correspondence_CVPR_2026_paper.pdf,https://openaccess.thecvf.com/content/CVPR2026/supplemental/Lang_Best_Segmentation_Buddies_CVPR_2026_supplemental.pdf,https://openaccess.thecvf.com/content/CVPR2026/html/Lang_Best_Segmentation_Buddies_for_Image-Shape_Correspondence_CVPR_2026_paper.html,"Finding correspondences is a fundamental and extensively researched problem in computer vision and graphics. In this work, we examine the underexplored task of estimating segmentation-to-segmentation correspondence between images in the wild and untextured 3D shapes. This task is highly challenging due to substantial differences in appearance, geometry, and viewpoint. Our approach bridges the cross-modality gap by linking pixels in the image segment to vertices in the corresponding semantic part of the 3D shape. To achieve this, we first distill deep visual features from a 2D vision model onto the 3D shape surface, allowing for the computation of feature similarity between image pixels and shape vertices. Then, we identify Best Segmentation Buddies, vertices whose most similar image pixel lies within the image segmentation region, enabling the reliable discovery of vertices in semantically corresponding shape parts. Finally, we leverage distilled 3D features from the 2D image segmentation model to segment the shape directly in 3D, bootstrapping the correspondence process. We demonstrate the generality and robustness of our approach across a wide range of image-shape pairs, showcasing accurate and semantically meaningful correspondences. Our project page is at https://threedle.github.io/bsb/.","@InProceedings{Lang_2026_CVPR, author = {Lang, Itai and Lyu, Dongwei and Decatur, Dale and Hanocka, Rana}, title = {Best Segmentation Buddies for Image-Shape Correspondence}, booktitle = {Proceedings of the IEEE/CVF Conference on Computer Vision and Pattern Recognition (CVPR)}, month = {June}, year = {2026}, pages = {20499-20510} }"
Liu_Better_Stronger_Faster_Tackling_the_Trilemma_in_MLLM-based_Segmentation_with_CVPR_2026_paper,2026,0,LLM_Reasoning_Agent,LLM_Reasoning_Agent|Segmentation,21.0,0.429,"Better, Stronger, Faster: Tackling the Trilemma in MLLM-based Segmentation with Simultaneous Textual Mask Prediction",Jiazhen Liu; Mingkuan Feng; Long Chen,3,33121-33130,True,https://openaccess.thecvf.com/content/CVPR2026/papers/Liu_Better_Stronger_Faster_Tackling_the_Trilemma_in_MLLM-based_Segmentation_with_CVPR_2026_paper.pdf,https://openaccess.thecvf.com/content/CVPR2026/supplemental/Liu_Better_Stronger_Faster_CVPR_2026_supplemental.zip,https://openaccess.thecvf.com/content/CVPR2026/html/Liu_Better_Stronger_Faster_Tackling_the_Trilemma_in_MLLM-based_Segmentation_with_CVPR_2026_paper.html,"Integrating segmentation into Multimodal Large Language Models (MLLMs) presents a core trilemma: simultaneously preserving dialogue ability, achieving high segmentation performance, and ensuring fast inference. Prevailing paradigms are forced into a compromise. Embedding prediction methods introduce a conflicting pixel-level objective that degrades the MLLM's general dialogue abilities. The alternative, next-token prediction, reframes segmentation as an autoregressive task, which preserves dialogue but forces a trade-off between poor segmentation performance with sparse outputs or prohibitive inference speeds with rich ones. We resolve this trilemma with all-mask prediction, a novel paradigm that decouples autoregressive dialogue generation from non-autoregressive mask prediction. We present STAMP: Simultaneous Textual All-Mask Prediction, an MLLM that embodies this paradigm. After generating a textual response, STAMP predicts an entire segmentation mask in a single forward pass by treating it as a parallel ""fill-in-the-blank"" task over image patches. This design maintains the MLLM's dialogue ability by avoiding conflicting objectives, enables high segmentation performance by leveraging rich, bidirectional spatial context for all mask tokens, and achieves exceptional speed. Extensive experiments show that STAMP significantly outperforms state-of-the-art methods across multiple segmentation benchmarks, providing a solution that excels in dialogue, segmentation, and speed without compromise.","@InProceedings{Liu_2026_CVPR, author = {Liu, Jiazhen and Feng, Mingkuan and Chen, Long}, title = {Better, Stronger, Faster: Tackling the Trilemma in MLLM-based Segmentation with Simultaneous Textual Mask Prediction}, booktitle = {Proceedings of the IEEE/CVF Conference on Computer Vision and Pattern Recognition (CVPR)}, month = {June}, year = {2026}, pages = {33121-33130} }"
Cao_CrossEarth-Gate_Fisher-Guided_Adaptive_Tuning_Engine_for_Efficient_Adaptation_of_Cross-Domain_CVPR_2026_paper,2026,1,Segmentation,Segmentation|Medical_Bio_RemoteSensing,20.0,0.4,CrossEarth-Gate: Fisher-Guided Adaptive Tuning Engine for Efficient Adaptation of Cross-Domain Remote Sensing Semantic Segmentation,Shilei Cao; Ziyang Gong; Hehai Lin; Yang Liu; Jiashun Cheng; Xiaoxing Hu; Haoyuan Liang; Guowen Li; Chengwei Qin; Hong Cheng; Xue Yang; Juepeng Zheng; Haohuan Fu,13,13222-13233,True,https://openaccess.thecvf.com/content/CVPR2026/papers/Cao_CrossEarth-Gate_Fisher-Guided_Adaptive_Tuning_Engine_for_Efficient_Adaptation_of_Cross-Domain_CVPR_2026_paper.pdf,https://openaccess.thecvf.com/content/CVPR2026/supplemental/Cao_CrossEarth-Gate_Fisher-Guided_Adaptive_CVPR_2026_supplemental.pdf,https://openaccess.thecvf.com/content/CVPR2026/html/Cao_CrossEarth-Gate_Fisher-Guided_Adaptive_Tuning_Engine_for_Efficient_Adaptation_of_Cross-Domain_CVPR_2026_paper.html,"In Remote Sensing (RS), Parameter-Efficient Fine-Tuning (PEFT) has emerged as a key approach to activate the generalizable representation ability of foundation models for downstream tasks. However, existing specialized PEFT methods often fail when applied to large-scale Earth observation tasks, as they are unable to fully handle the multifaceted and unpredictable domain gaps (e.g., spatial, semantic, and frequency shifts) inherent in RS data. To overcome this, we propose CrossEarth-Gate, which introduces two primary contributions. First, we establish a comprehensive RS module toolbox to address multifaceted domain gaps, comprising spatial, semantic, and frequency modules. Second, we develop a Fisher-guided adaptive selection mechanism that operates on this toolbox. This selection is guided by Fisher Information to quantify each module's importance by measuring its contribution to the task-specific gradient flow. It dynamically activates only the most critical modules at the appropriate layers, guiding the gradient flow to maximize adaptation effectiveness and efficiency. Comprehensive experiments validate the efficacy and generalizability of our method, where CrossEarth-Gate achieves state-of-the-art performance on 16 out of 18 cross-domain benchmarks for RS semantic segmentation.","@InProceedings{Cao_2026_CVPR, author = {Cao, Shilei and Gong, Ziyang and Lin, Hehai and Liu, Yang and Cheng, Jiashun and Hu, Xiaoxing and Liang, Haoyuan and Li, Guowen and Qin, Chengwei and Cheng, Hong and Yang, Xue and Zheng, Juepeng and Fu, Haohuan}, title = {CrossEarth-Gate: Fisher-Guided Adaptive Tuning Engine for Efficient Adaptation of Cross-Domain Remote Sensing Semantic Segmentation}, booktitle = {Proceedings of the IEEE/CVF Conference on Computer Vision and Pattern Recognition (CVPR)}, month = {June}, year = {2026}, pages = {13222-13233} }"
Subhani_ReSAM_Refine_Requery_and_Reinforce_Self-Prompting_Point-Supervised_Segmentation_for_Remote_CVPR_2026_paper,2026,0,Medical_Bio_RemoteSensing,Medical_Bio_RemoteSensing|Segmentation|LLM_Reasoning_Agent,15.0,0.067,"ReSAM: Refine, Requery, and Reinforce: Self-Prompting Point-Supervised Segmentation for Remote Sensing Images",Muhammad Naseer Subhani,1,3805-3814,True,https://openaccess.thecvf.com/content/CVPR2026/papers/Subhani_ReSAM_Refine_Requery_and_Reinforce_Self-Prompting_Point-Supervised_Segmentation_for_Remote_CVPR_2026_paper.pdf,https://openaccess.thecvf.com/content/CVPR2026/supplemental/Subhani_ReSAM_Refine_Requery_CVPR_2026_supplemental.pdf,https://openaccess.thecvf.com/content/CVPR2026/html/Subhani_ReSAM_Refine_Requery_and_Reinforce_Self-Prompting_Point-Supervised_Segmentation_for_Remote_CVPR_2026_paper.html,"Interactive segmentation models such as the Segment Anything Model (SAM) have demonstrated remarkable generalization on natural images, but they perform suboptimally on remote sensing imagery (RSI) due to severe domain shifts and the scarcity of dense annotations. To address this limitation, we propose a point-supervised, self-prompting framework that adapts SAM to RSI using only sparse point annotations. Our method employs a Refine-Requery-Reinforce loop, in which coarse pseudo-masks are generated from initial points (Refine), improved with self-constructed box prompts (Requery), and embeddings are aligned with Soft Semantic Alignment (SSA) to mitigate error propagation. (Reinforce). Without relying on full-mask supervision, our approach progressively enhances SAM's segmentation quality and domain robustness through self-guided prompt adaptation. We evaluate our proposed method on three RSI benchmark datasets, WHU, HRSID, and NWPU VHR-10, demonstrating that it consistently outperforms pretrained SAM and recent point-supervised segmentation methods. Compared to the fully supervised model, our approach reduces the performance gap to 1.3% (WHU), 4.9% (HRSID), and 8.5% (NWPU) while relying only on 1-point annotations. Our results demonstrate that self-prompting and semantic alignment provide an efficient path towards scalable, point-level adaptation of foundation segmentation models for remote sensing applications.","@InProceedings{Subhani_2026_CVPR, author = {Subhani, Muhammad Naseer}, title = {ReSAM: Refine, Requery, and Reinforce: Self-Prompting Point-Supervised Segmentation for Remote Sensing Images}, booktitle = {Proceedings of the IEEE/CVF Conference on Computer Vision and Pattern Recognition (CVPR)}, month = {June}, year = {2026}, pages = {3805-3814} }"
Sargsyan_FlowDIS_Language-Guided_Dichotomous_Image_Segmentation_with_Flow_Matching_CVPR_2026_paper,2026,1,Segmentation,Segmentation|Diffusion_Generative,12.0,0.167,FlowDIS: Language-Guided Dichotomous Image Segmentation with Flow Matching,Andranik Sargsyan; Shant Navasardyan,2,42039-42048,True,https://openaccess.thecvf.com/content/CVPR2026/papers/Sargsyan_FlowDIS_Language-Guided_Dichotomous_Image_Segmentation_with_Flow_Matching_CVPR_2026_paper.pdf,https://openaccess.thecvf.com/content/CVPR2026/supplemental/Sargsyan_FlowDIS_Language-Guided_Dichotomous_CVPR_2026_supplemental.pdf,https://openaccess.thecvf.com/content/CVPR2026/html/Sargsyan_FlowDIS_Language-Guided_Dichotomous_Image_Segmentation_with_Flow_Matching_CVPR_2026_paper.html,"Accurate image segmentation is essential for modern computer vision applications such as image editing, autonomous driving, and medical image analysis. In recent years, Dichotomous Image Segmentation (DIS) has become a standard task for training and evaluating highly accurate segmentation models. Existing DIS approaches often fail to preserve fine-grained details or fully capture the semantic structure of the foreground. To address these challenges, we present FlowDIS, a novel dichotomous image segmentation method built on the flow matching framework, which learns a time-dependent vector field to transport the image distribution to the corresponding mask distribution, optionally conditioned on a text prompt. Moreover, with our Position-Aware Instance Pairing (PAIP) training strategy, FlowDIS offers strong controllability through text prompts, enabling precise, pixel-level object segmentation. Extensive experiments demonstrate that our method significantly outperforms state-of-the-art approaches both with and without language guidance. Compared with the best prior DIS method, FlowDIS achieves a 5.5% higher F_beta^omega measure and 43% lower MAE (M) on the DIS-TE test set. The code is available at: https://github.com/Picsart-AI-Research/FlowDIS.","@InProceedings{Sargsyan_2026_CVPR, author = {Sargsyan, Andranik and Navasardyan, Shant}, title = {FlowDIS: Language-Guided Dichotomous Image Segmentation with Flow Matching}, booktitle = {Proceedings of the IEEE/CVF Conference on Computer Vision and Pattern Recognition (CVPR)}, month = {June}, year = {2026}, pages = {42039-42048} }"
Hong_From_Infusion_to_Assimilation_Distillation_for_Medical_Image_Segmentation_CVPR_2026_paper,2026,0,Medical_Bio_RemoteSensing,Medical_Bio_RemoteSensing|Segmentation,15.0,0.333,From Infusion to Assimilation Distillation for Medical Image Segmentation,Jiankang Hong; Ye Luo; Yinan Liu; Junsong Yuan,4,20985-20995,True,https://openaccess.thecvf.com/content/CVPR2026/papers/Hong_From_Infusion_to_Assimilation_Distillation_for_Medical_Image_Segmentation_CVPR_2026_paper.pdf,,https://openaccess.thecvf.com/content/CVPR2026/html/Hong_From_Infusion_to_Assimilation_Distillation_for_Medical_Image_Segmentation_CVPR_2026_paper.html,"Although foundation models (e.g. SAM) perform remarkably in medical image segmentation, its high computational complexity limits deployment. Knowledge distillation (KD) allows lightweight models to inherit the representational capabilities of large models, thereby mitigating this issue. Existing KD methods enhance student performance, but due to teacher-student different feature advantages, they neglect to internalize and integrate student's semantic information adaptively after knowledge transfer, causing poor knowledge assimilation and limiting gains and generalization. To address this limitation, we propose a novel medical image segmentation framework, which is infusion to assimilation distillation (IAD). In Knowledge Infusion Stage (KIS), to semantically align teacher-student prediction distributions, soft-label distillation is combined with class-weighted prototype alignment strategy. In Knowledge Assimilation Stage (KAS), to promote adaptively semantic assimilation, a contrastive semantic self-optimization strategy refines student predictions through positive and negative sample pairs and imposes reverse constraints on encoder features to enhance semantic consistency. IAD achieves DICE gains of 4.32% on Synapse, 1.85% on ACDC, and 2.42% on Polyp datasets, and delivers an average 4.16% generalization gain on ISIC2018, PH2, BUSI, and STU datasets, outperforming mainstream KD methods. Code is available at https://github.com/hjklearn/IAD.","@InProceedings{Hong_2026_CVPR, author = {Hong, Jiankang and Luo, Ye and Liu, Yinan and Yuan, Junsong}, title = {From Infusion to Assimilation Distillation for Medical Image Segmentation}, booktitle = {Proceedings of the IEEE/CVF Conference on Computer Vision and Pattern Recognition (CVPR)}, month = {June}, year = {2026}, pages = {20985-20995} }"
Sahoo_Conversational_Image_Segmentation_Grounding_Abstract_Concepts_with_Scalable_Supervision_CVPR_2026_paper,2026,1,Segmentation,Segmentation,12.0,0.667,Conversational Image Segmentation: Grounding Abstract Concepts with Scalable Supervision,Aadarsh Sahoo; Georgia Gkioxari,2,39476-39485,True,https://openaccess.thecvf.com/content/CVPR2026/papers/Sahoo_Conversational_Image_Segmentation_Grounding_Abstract_Concepts_with_Scalable_Supervision_CVPR_2026_paper.pdf,https://openaccess.thecvf.com/content/CVPR2026/supplemental/Sahoo_Conversational_Image_Segmentation_CVPR_2026_supplemental.pdf,https://openaccess.thecvf.com/content/CVPR2026/html/Sahoo_Conversational_Image_Segmentation_Grounding_Abstract_Concepts_with_Scalable_Supervision_CVPR_2026_paper.html,"Conversational image segmentation grounds abstract, intent-driven concepts into pixel-accurate masks. Prior work on referring image grounding focuses on categorical and spatial queries (e.g., ""left-most apple"") and overlooks functional and physical reasoning (e.g., ""where can I safely store the knife?""). We address this gap and introduce Conversational Image Segmentation (CIS) and ConvSeg, a benchmark spanning entities, spatial relations, intent, affordances, functions, safety, and physical reasoning. We also present ConvSeg-Net, which fuses strong segmentation priors with language understanding, and an AI-powered data engine that generates prompt-mask pairs without human supervision. We show that current language-guided segmentation models are inadequate for CIS, while ConvSeg-Net trained on our data engine achieves significant gains on ConvSeg and maintains strong performance on existing language-guided segmentation benchmarks. Project webpage: https://glab-caltech.github.io/converseg","@InProceedings{Sahoo_2026_CVPR, author = {Sahoo, Aadarsh and Gkioxari, Georgia}, title = {Conversational Image Segmentation: Grounding Abstract Concepts with Scalable Supervision}, booktitle = {Proceedings of the IEEE/CVF Conference on Computer Vision and Pattern Recognition (CVPR)}, month = {June}, year = {2026}, pages = {39476-39485} }"
Wang_SAMosaic3D_Modular_Scene_Assembly_for_Real-Time_3D_Segment_Anything_CVPR_2026_paper,2026,1,Segmentation,Segmentation|Embodied_AI_Robotics,15.0,0.6,SAMosaic3D: Modular Scene Assembly for Real-Time 3D Segment Anything,Peng Wang; Yongcai Wang; Wang Chen; Hualong Cao; Kang Yang; Chunxu Li; Jie Wen; Deying Li,8,17894-17904,True,https://openaccess.thecvf.com/content/CVPR2026/papers/Wang_SAMosaic3D_Modular_Scene_Assembly_for_Real-Time_3D_Segment_Anything_CVPR_2026_paper.pdf,,https://openaccess.thecvf.com/content/CVPR2026/html/Wang_SAMosaic3D_Modular_Scene_Assembly_for_Real-Time_3D_Segment_Anything_CVPR_2026_paper.html,"Online 3D instance segmentation is a critical capability for embodied agents navigating in dynamic environments. However, a fundamental challenge remains in adapting powerful 2D foundation models, like SAM, to 3D online segmentation. Naively lifting SAM's 2D masks to 3D results in severe spatial fragmentation, where a single object is shattered into multiple disconnected parts, especially under occlusion. Subsequent attempts to link these fragments over time via conventional 3D IoU-based tracking prove highly fragile: they struggle to handle occlusions or topological changes, ultimately causing catastrophic identity drift. Departing from such post-processing approaches, we reframe online segmentation as a learnable composition problem. We introduce SAMosaic3D, a differentiable framework that treats SAM-derived masks as ""mosaic tiles"" and learns to assemble them into temporally consistent 3D instances. SAMosaic3D comprises two key components: Fragment-to-Instance Adaptive Assembly that aggregates fragments through soft-gated attention, and Instance-to-Scene Online Merging that employs cascaded semantic-geometric matching to preserve object identities through learned short-term association and geometric verification for long-term re-identification. Evaluations on ScanNet, ScanNet200, SceneNN and 3RScan datasets demonstrate state-of-the-art performance and zero-shot cross-dataset generalization. Extensive ablation studies validate the effectiveness of the designed modules.","@InProceedings{Wang_2026_CVPR, author = {Wang, Peng and Wang, Yongcai and Chen, Wang and Cao, Hualong and Yang, Kang and Li, Chunxu and Wen, Jie and Li, Deying}, title = {SAMosaic3D: Modular Scene Assembly for Real-Time 3D Segment Anything}, booktitle = {Proceedings of the IEEE/CVF Conference on Computer Vision and Pattern Recognition (CVPR)}, month = {June}, year = {2026}, pages = {17894-17904} }"
Huang_DIMOS_Disentangling_Instance-level_Moving_Object_Segmentation_CVPR_2026_paper,2026,1,Segmentation,Segmentation|Vision_Language_Multimodal,11.0,0.091,DIMOS: Disentangling Instance-level Moving Object Segmentation,Hongxiang Huang; Hongwei Ren; Xiaopeng Lin; Yulong Huang; Zeke Xie; Bojun Cheng,6,39806-39816,True,https://openaccess.thecvf.com/content/CVPR2026/papers/Huang_DIMOS_Disentangling_Instance-level_Moving_Object_Segmentation_CVPR_2026_paper.pdf,https://openaccess.thecvf.com/content/CVPR2026/supplemental/Huang_DIMOS_Disentangling_Instance-level_CVPR_2026_supplemental.pdf,https://openaccess.thecvf.com/content/CVPR2026/html/Huang_DIMOS_Disentangling_Instance-level_Moving_Object_Segmentation_CVPR_2026_paper.html,"Moving instance segmentation (MIS) attracts increasing attention due to its broad applications in traffic surveillance, autonomous driving, and animal tracking. Event cameras record asynchronous brightness changes, providing high temporal resolution and dynamic range, which makes them highly sensitive to motion information. By fusing event and image features, motion cues from events can complement spatial details from images, enhancing the performance of MIS. However, current multimodal MIS methods still struggle to segment small moving instances, as event cameras often yield sparse features under limited resolution. Moreover, event features entangle appearance attributes with motion cues, which further restricts effective cross-modal fusion. To address these challenges, we first propose a dual-disentangling feature extraction framework that separates and extracts appearance and motion information within both image and event modalities, thereby improving feature density. Subsequently, a multi-granularity cross-modal alignment is introduced to align distributionally and semantically consistent features across modalities, enabling more effective fusion with rich spatial and temporal details. The experiment results demonstrate that our method achieves state-of-the-art performance in multimodal MIS, especially for small instances under challenging conditions such as fast motion and low-light settings.","@InProceedings{Huang_2026_CVPR, author = {Huang, Hongxiang and Ren, Hongwei and Lin, Xiaopeng and Huang, Yulong and Xie, Zeke and Cheng, Bojun}, title = {DIMOS: Disentangling Instance-level Moving Object Segmentation}, booktitle = {Proceedings of the IEEE/CVF Conference on Computer Vision and Pattern Recognition (CVPR)}, month = {June}, year = {2026}, pages = {39806-39816} }"
Yang_Test-Time_Multi-Prompt_Adaptation_for_Open-Vocabulary_Remote_Sensing_Image_Segmentation_CVPR_2026_paper,2026,0,Medical_Bio_RemoteSensing,Medical_Bio_RemoteSensing|LLM_Reasoning_Agent|Segmentation,18.0,0.167,Test-Time Multi-Prompt Adaptation for Open-Vocabulary Remote Sensing Image Segmentation,Ting Yang; Qilong Wang; Qibin Hou; Qinghua Hu,4,10699-10709,True,https://openaccess.thecvf.com/content/CVPR2026/papers/Yang_Test-Time_Multi-Prompt_Adaptation_for_Open-Vocabulary_Remote_Sensing_Image_Segmentation_CVPR_2026_paper.pdf,https://openaccess.thecvf.com/content/CVPR2026/supplemental/Yang_Test-Time_Multi-Prompt_Adaptation_CVPR_2026_supplemental.pdf,https://openaccess.thecvf.com/content/CVPR2026/html/Yang_Test-Time_Multi-Prompt_Adaptation_for_Open-Vocabulary_Remote_Sensing_Image_Segmentation_CVPR_2026_paper.html,"The rise of vision-language models (VLMs) has driven the initial exploration of open-vocabulary remote sensing image semantic segmentation (OVRSIS), enabling recognition of unseen categories in complex Earth observation scenes. However, existing methods primarily focus on enhancing visual representations of domain-specific remote sensing images, while overlooking the effect of textual information. In this paper, we argue that there exists a crucial issue of textual ambiguity in OVRSIS task, limiting final segmentation performance. Therefore, we propose a plug-and-play yet effective Test-time Multi-Prompt Adaptation (TMPA) method to mitigate textual ambiguity in OVRSIS. Specifically, TMPA first generates diverse, context-aware descriptions for each category instead of the naive class name by executing a large language model with a task-driven prompt, which can effectively avoid some textual ambiguity, i.e., background class has different meanings in various tasks. Furthermore, TMPA develops a visual-guided test-time adaptation strategy for the generated multi-prompts, which adaptively refines the prompt representations of each category with high-confidence visual features for the uncertain predictions with high entropy, making TMPA better applicable to different scenarios. Particularly, a pixel-level loss with entropy minimization is proposed to optimize the text prompt with a bias during inference, where prompt bias is constructed based on a weighted combination of high-confidence visual features. Our TMPA can be flexibly integrated into existing methods for boosting their performance. Extensive experiments are conducted on 17 remote sensing datasets, and the results show our TMPA can significantly improve its counterparts, while achieving state-of-the-art performance.","@InProceedings{Yang_2026_CVPR, author = {Yang, Ting and Wang, Qilong and Hou, Qibin and Hu, Qinghua}, title = {Test-Time Multi-Prompt Adaptation for Open-Vocabulary Remote Sensing Image Segmentation}, booktitle = {Proceedings of the IEEE/CVF Conference on Computer Vision and Pattern Recognition (CVPR)}, month = {June}, year = {2026}, pages = {10699-10709} }"
Phung_UniVerse_A_Unified_Modulation_Framework_for_Segmentation-Free_Disentangled_Multi-Concept_Personalization_CVPR_2026_paper,2026,0,Diffusion_Generative,Diffusion_Generative|Segmentation,15.0,0.2,"UniVerse: A Unified Modulation Framework for Segmentation-Free, Disentangled Multi-Concept Personalization",Quynh Phung; Sandesh Ghimire; Minsi Hu; Chung-Chi Tsai; Jia-Bin Huang,5,22007-22016,True,https://openaccess.thecvf.com/content/CVPR2026/papers/Phung_UniVerse_A_Unified_Modulation_Framework_for_Segmentation-Free_Disentangled_Multi-Concept_Personalization_CVPR_2026_paper.pdf,https://openaccess.thecvf.com/content/CVPR2026/supplemental/Phung_UniVerse_A_Unified_CVPR_2026_supplemental.zip,https://openaccess.thecvf.com/content/CVPR2026/html/Phung_UniVerse_A_Unified_Modulation_Framework_for_Segmentation-Free_Disentangled_Multi-Concept_Personalization_CVPR_2026_paper.html,"Personalized visual understanding has advanced significantly, yet existing approaches struggle to localize and extract specific concepts when input images contain multiple objects. Many prior methods rely heavily on segmentation-based supervision or exhibit poor compositional generalization, limiting their ability to accurately disentangle and manipulate individual concepts. In this work, we propose UniVerse, a Unified Modulation Framework for segmentation-free, disentangled multi-concept personalization in diffusion transformers. Our method allows for composable and decomposable concept extraction, enabling fine-grained localization and representation of target objects without explicit segmentation masks. UniVerse learns to decompose complex scenes into concept-specific representations and then compose them in a unified manner, enabling robust personalization across diverse visual contexts. Through extensive experiments on multiple benchmarks, we demonstrate that UniVerse significantly outperforms state-of-the-art baselines in both localization accuracy and visual fidelity. Qualitative and quantitative results show that our approach can precisely extract target concepts in cluttered scenes, paving the way for more flexible, interpretable, and personalized visual generation and understanding.","@InProceedings{Phung_2026_CVPR, author = {Phung, Quynh and Ghimire, Sandesh and Hu, Minsi and Tsai, Chung-Chi and Huang, Jia-Bin}, title = {UniVerse: A Unified Modulation Framework for Segmentation-Free, Disentangled Multi-Concept Personalization}, booktitle = {Proceedings of the IEEE/CVF Conference on Computer Vision and Pattern Recognition (CVPR)}, month = {June}, year = {2026}, pages = {22007-22016} }"
He_GeoMotion_Rethinking_Motion_Segmentation_via_Latent_4D_Geometry_CVPR_2026_paper,2026,0,LowLevel_Flow_Depth_Matching,LowLevel_Flow_Depth_Matching|Segmentation,12.0,0.0,GeoMotion: Rethinking Motion Segmentation via Latent 4D Geometry,Xiankang He; Peile Lin; Ying Cui; Dongyan Guo; Chunhua Shen; Xiaoqin Zhang,6,28145-28155,True,https://openaccess.thecvf.com/content/CVPR2026/papers/He_GeoMotion_Rethinking_Motion_Segmentation_via_Latent_4D_Geometry_CVPR_2026_paper.pdf,https://openaccess.thecvf.com/content/CVPR2026/supplemental/He_GeoMotion_Rethinking_Motion_CVPR_2026_supplemental.pdf,https://openaccess.thecvf.com/content/CVPR2026/html/He_GeoMotion_Rethinking_Motion_Segmentation_via_Latent_4D_Geometry_CVPR_2026_paper.html,"Motion segmentation in dynamic scenes is highly challenging, as conventional methods heavily rely on estimating camera poses and point correspondences from inherently noisy motion cues. Existing statistical inference or iterative optimization techniques that struggle to mitigate the cumulative errors in multi-stage pipelines often lead to limited performance or high computational cost. In contrast, we propose a fully learning-based approach that directly infers moving objects from latent feature representations via attention mechanisms, thus enabling end-to-end feed-forward motion segmentation. Our key insight is to bypass explicit correspondence estimation and instead let the model learn to implicitly disentangle object and camera motion. Supported by recent advances in 4D scene geometry reconstruction (e.g., \pi^3), the proposed method leverages reliable camera poses and rich spatial-temporal priors, which ensure stable training and robust inference for the model. Extensive experiments demonstrate that by eliminating complex pre-processing and iterative refinement, our approach achieves state-of-the-art motion segmentation performance with high efficiency. The code is available at:https://github.com/zjutcvg/GeoMotion.","@InProceedings{He_2026_CVPR, author = {He, Xiankang and Lin, Peile and Cui, Ying and Guo, Dongyan and Shen, Chunhua and Zhang, Xiaoqin}, title = {GeoMotion: Rethinking Motion Segmentation via Latent 4D Geometry}, booktitle = {Proceedings of the IEEE/CVF Conference on Computer Vision and Pattern Recognition (CVPR)}, month = {June}, year = {2026}, pages = {28145-28155} }"
Bhurtel_RMAE-ProGRess_Advancing_Semantic_Segmentation_in_Unstructured_Environments_CVPR_2026_paper,2026,1,Segmentation,Segmentation,27.0,0.889,RMAE-ProGRess: Advancing Semantic Segmentation in Unstructured Environments,Manish Bhurtel; Danda B. Rawat,2,20511-20520,True,https://openaccess.thecvf.com/content/CVPR2026/papers/Bhurtel_RMAE-ProGRess_Advancing_Semantic_Segmentation_in_Unstructured_Environments_CVPR_2026_paper.pdf,https://openaccess.thecvf.com/content/CVPR2026/supplemental/Bhurtel_RMAE-ProGRess_Advancing_Semantic_CVPR_2026_supplemental.pdf,https://openaccess.thecvf.com/content/CVPR2026/html/Bhurtel_RMAE-ProGRess_Advancing_Semantic_Segmentation_in_Unstructured_Environments_CVPR_2026_paper.html,"Semantic segmentation in unstructured environments presents unique challenges due to irregular terrain, occlusions, and complex spatial layouts. While structured settings (e.g., urban scenes) have been widely studied, segmentation in unstructured settings remains relatively underexplored, both in terms of standardized benchmarking and architectural design. In this work, we propose a encoder-decoder based semantic segmentation architecture that integrates a Reduced Masked Autoencoder (RMAE) as the encoder, a Feature-to-Pyramid (F2P) neck, and a novel decoder called ProGRess. The ProGRess decoder introduces Progressive Leapwise Fusion (PLF) for top-down multi-scale fusion of non-contiguous feature maps, a Lightweight Channel Attention gate with Residuals (LCAR) module, and a Bottleneck Feature Fusion (BFF) block for compact refinement. We establish comprehensive baselines by benchmarking state-of-the-art CNN and transformer-based models on challenging unstructured environment datasets viz. RELLIS-3D, it's coarse-grained variant, and RUGD. Our architecture achieves the state-of-the-art performance with 57.41% mIoU on RELLIS-3D, 45.63% mIoU on RUGD, 78.95% mIoU on RELLIS-3DC datasets while maintaining competitive parameter-count and vRAM usage.","@InProceedings{Bhurtel_2026_CVPR, author = {Bhurtel, Manish and Rawat, Danda B.}, title = {RMAE-ProGRess: Advancing Semantic Segmentation in Unstructured Environments}, booktitle = {Proceedings of the IEEE/CVF Conference on Computer Vision and Pattern Recognition (CVPR)}, month = {June}, year = {2026}, pages = {20511-20520} }"
Lim_VideoMaMa_Mask-Guided_Video_Matting_via_Generative_Prior_CVPR_2026_paper,2026,1,Segmentation,Segmentation,22.0,0.727,VideoMaMa: Mask-Guided Video Matting via Generative Prior,Sangbeom Lim; Seoung Wug Oh; Jiahui Huang; Heeji Yoon; Seungryong Kim; Joon-Young Lee,6,3845-3855,True,https://openaccess.thecvf.com/content/CVPR2026/papers/Lim_VideoMaMa_Mask-Guided_Video_Matting_via_Generative_Prior_CVPR_2026_paper.pdf,https://openaccess.thecvf.com/content/CVPR2026/supplemental/Lim_VideoMaMa_Mask-Guided_Video_CVPR_2026_supplemental.pdf,https://openaccess.thecvf.com/content/CVPR2026/html/Lim_VideoMaMa_Mask-Guided_Video_Matting_via_Generative_Prior_CVPR_2026_paper.html,"Generalizing video matting models to real-world videos remains a significant challenge due to the scarcity of labeled data. To address this, we present Video Mask-to-Matte Model VideoMaMa that converts coarse segmentation masks into pixel accurate alpha mattes, by leveraging pretrained video diffusion models. VideoMaMa demonstrates strong zero-shot generalization to real-world footage, even though it is trained solely on synthetic data. Building on this capability, we develop a scalable pseudo-labeling pipeline for large-scale video matting and construct the Matting Anything in Video MA-V dataset, which offers high-quality matting annotations for more than 50K real-world videos spanning diverse scenes and motions. To validate the effectiveness of this dataset, we fine-tune the SAM2 model on MAV to obtain SAM2-Matte, which outperforms the same model trained on existing matting datasets in terms of robustness on in-the-wild videos.These findings emphasize the importance of large-scale pseudo-labeled video matting and showcase how generative priors and accessible segmentation cues can drive scalable progress in video matting research.","@InProceedings{Lim_2026_CVPR, author = {Lim, Sangbeom and Oh, Seoung Wug and Huang, Jiahui and Yoon, Heeji and Kim, Seungryong and Lee, Joon-Young}, title = {VideoMaMa: Mask-Guided Video Matting via Generative Prior}, booktitle = {Proceedings of the IEEE/CVF Conference on Computer Vision and Pattern Recognition (CVPR)}, month = {June}, year = {2026}, pages = {3845-3855} }"
Lee_PR-MaGIC_Prompt_Refinement_Via_Mask_Decoder_Gradient_Flow_For_In-Context_CVPR_2026_paper,2026,1,Segmentation,Segmentation|LLM_Reasoning_Agent,14.0,0.143,PR-MaGIC: Prompt Refinement Via Mask Decoder Gradient Flow For In-Context Segmentation,Minjae Lee; Sungwoo Hur; Soojin Hwang; Won Hwa Kim,4,21659-21668,True,https://openaccess.thecvf.com/content/CVPR2026/papers/Lee_PR-MaGIC_Prompt_Refinement_Via_Mask_Decoder_Gradient_Flow_For_In-Context_CVPR_2026_paper.pdf,https://openaccess.thecvf.com/content/CVPR2026/supplemental/Lee_PR-MaGIC_Prompt_Refinement_CVPR_2026_supplemental.pdf,https://openaccess.thecvf.com/content/CVPR2026/html/Lee_PR-MaGIC_Prompt_Refinement_Via_Mask_Decoder_Gradient_Flow_For_In-Context_CVPR_2026_paper.html,"Visual Foundation Models (VFMs) such as the Segment Anything Model (SAM) have significantly advanced broad use of image segmentation. However, SAM and its variants necessitate substantial manual effort for prompt generation and additional training for specific applications. Recent approaches address these limitations by integrating SAM into in-context (one/few shot) segmentation, enabling auto-prompting through semantic alignment between query and support images. Despite these efforts, they still generate sub-optimal prompts that degrade segmentation quality due to visual inconsistencies between support and query images. To tackle this limitation, we introduce PR-MaGIC (Prompt Refinement via Mask Decoder Gradient Flow for In-Context Segmentation), a training-free test-time framework that refines prompts via gradient flow derived from SAM's mask decoder. PR-MaGIC seamlessly integrates into in-context segmentation frameworks, being theoretically grounded yet practically stabilized through a simple top-1 selection strategy that ensures robust performance across samples. Extensive evaluations demonstrate that PR-MaGIC consistently improves segmentation quality across various benchmarks, effectively mitigating inadequate prompts without requiring additional training or architectural modifications.","@InProceedings{Lee_2026_CVPR, author = {Lee, Minjae and Hur, Sungwoo and Hwang, Soojin and Kim, Won Hwa}, title = {PR-MaGIC: Prompt Refinement Via Mask Decoder Gradient Flow For In-Context Segmentation}, booktitle = {Proceedings of the IEEE/CVF Conference on Computer Vision and Pattern Recognition (CVPR)}, month = {June}, year = {2026}, pages = {21659-21668} }"
Ke_PixDLM_A_Dual-Path_Multimodal_Language_Model_for_UAV_Reasoning_Segmentation_CVPR_2026_paper,2026,0,Embodied_AI_Robotics,Embodied_AI_Robotics|Segmentation|LLM_Reasoning_Agent|Vision_Language_Multimodal,12.0,0.0,PixDLM: A Dual-Path Multimodal Language Model for UAV Reasoning Segmentation,Shuyan Ke; Yifan Mei; Changli Wu; Yonghan Zheng; Jiayi Ji; Liujuan Cao; Rongrong Ji,7,26165-26175,True,https://openaccess.thecvf.com/content/CVPR2026/papers/Ke_PixDLM_A_Dual-Path_Multimodal_Language_Model_for_UAV_Reasoning_Segmentation_CVPR_2026_paper.pdf,https://openaccess.thecvf.com/content/CVPR2026/supplemental/Ke_PixDLM_A_Dual-Path_CVPR_2026_supplemental.pdf,https://openaccess.thecvf.com/content/CVPR2026/html/Ke_PixDLM_A_Dual-Path_Multimodal_Language_Model_for_UAV_Reasoning_Segmentation_CVPR_2026_paper.html,"Reasoning segmentation has recently expanded from ground-level scenes to remote-sensing imagery, yet UAV data poses distinct challenges, including oblique viewpoints, ultra-high resolutions, and extreme scale variations. To address these issues, we formally define the UAV Reasoning Segmentation task and organize its semantic requirements into three dimensions: Spatial, Attribute, and Scene-level reasoning. Based on this formulation, we construct DRSeg, a large-scale benchmark for UAV reasoning segmentation, containing 10k high-resolution aerial images paired with Chain-of-Thought QA supervision across all three reasoning types. As a benchmark companion, we introduce PixDLM, a simple yet effective pixel-level multimodal language model that serves as a unified baseline for this task. Experiments on DRSeg establish strong baseline results and highlight the unique challenges of UAV reasoning segmentation, providing a solid foundation for future research. All datasets, models, and code are available at https://github.com/XIEFOX/PixDLM.","@InProceedings{Ke_2026_CVPR, author = {Ke, Shuyan and Mei, Yifan and Wu, Changli and Zheng, Yonghan and Ji, Jiayi and Cao, Liujuan and Ji, Rongrong}, title = {PixDLM: A Dual-Path Multimodal Language Model for UAV Reasoning Segmentation}, booktitle = {Proceedings of the IEEE/CVF Conference on Computer Vision and Pattern Recognition (CVPR)}, month = {June}, year = {2026}, pages = {26165-26175} }"
Liu_Divide_Conquer_and_Aggregate_Asymmetric_Experts_for_Class-Imbalanced_Semi-Supervised_Medical_CVPR_2026_paper,2026,0,Medical_Bio_RemoteSensing,Medical_Bio_RemoteSensing|Segmentation|Transfer_FewShot_DomainAdaptation,12.0,0.167,"Divide, Conquer, and Aggregate: Asymmetric Experts for Class-Imbalanced Semi-Supervised Medical Image Segmentation",Yajun Liu,1,8503-8513,True,https://openaccess.thecvf.com/content/CVPR2026/papers/Liu_Divide_Conquer_and_Aggregate_Asymmetric_Experts_for_Class-Imbalanced_Semi-Supervised_Medical_CVPR_2026_paper.pdf,https://openaccess.thecvf.com/content/CVPR2026/supplemental/Liu_Divide_Conquer_and_CVPR_2026_supplemental.pdf,https://openaccess.thecvf.com/content/CVPR2026/html/Liu_Divide_Conquer_and_Aggregate_Asymmetric_Experts_for_Class-Imbalanced_Semi-Supervised_Medical_CVPR_2026_paper.html,"Semi-supervised medical image segmentation (SSMIS) aims to alleviate annotation scarcity, but general methods, often developed on few-class datasets, suffer performance degradation in class-imbalanced multi-organ scenarios. Existing class-imbalanced SSMIS methods also struggle, as their single-decoder architecture is forced to handle vastly different scales with shared parameters. This process is easily dominated by majority classes, fundamentally limiting tail-class segmentation capability. To address this, we propose a ""Divide, Conquer, and Aggregate"" (DCA) framework, featuring a unified encoder, three expert decoders, and an aggregation decoder. First, we Divide by applying a Logarithmic Gap Analysis to statically partition foreground classes into stable Head, Medium, and Tail sets, which aligns with anatomical priors. Then, we Conquer by training the three architecturally asymmetric experts independently using a label-split strategy. This fundamentally alleviates the burden on a single decoder. The experts' predictions on unlabeled data are fused via logit stitching to generate high-quality pseudo-labels. Finally, we Aggregate using an aggregation decoder with a Dynamic Feature Aggregation Module (DFAM), which dynamically fuses priors from all three experts to achieve unbiased predictions and fully leverage unlabeled data. Experiments demonstrate that our DCA framework significantly outperforms state-of-the-art general and class-imbalanced SSMIS methods.","@InProceedings{Liu_2026_CVPR, author = {Liu, Yajun}, title = {Divide, Conquer, and Aggregate: Asymmetric Experts for Class-Imbalanced Semi-Supervised Medical Image Segmentation}, booktitle = {Proceedings of the IEEE/CVF Conference on Computer Vision and Pattern Recognition (CVPR)}, month = {June}, year = {2026}, pages = {8503-8513} }"
Jiang_Refer-Agent_A_Collaborative_Multi-Agent_System_with_Reasoning_and_Reflection_for_CVPR_2026_paper,2026,0,LLM_Reasoning_Agent,LLM_Reasoning_Agent|Segmentation,36.0,0.444,Refer-Agent: A Collaborative Multi-Agent System with Reasoning and Reflection for Referring Video Object Segmentation,Haichao Jiang; Tianming Liang; Wei-Shi Zheng; Jian-Fang Hu,4,39508-39517,True,https://openaccess.thecvf.com/content/CVPR2026/papers/Jiang_Refer-Agent_A_Collaborative_Multi-Agent_System_with_Reasoning_and_Reflection_for_CVPR_2026_paper.pdf,https://openaccess.thecvf.com/content/CVPR2026/supplemental/Jiang_Refer-Agent_A_Collaborative_CVPR_2026_supplemental.pdf,https://openaccess.thecvf.com/content/CVPR2026/html/Jiang_Refer-Agent_A_Collaborative_Multi-Agent_System_with_Reasoning_and_Reflection_for_CVPR_2026_paper.html,"Referring Video Object Segmentation (RVOS) aims to segment objects in videos based on textual queries. Current methods mainly rely on large-scale supervised fine-tuning (SFT) of Multi-modal Large Language Models (MLLMs). However, this paradigm suffers from heavy data dependence and limited scalability against the rapid evolution of MLLMs. Although recent zero-shot approaches offer a flexible alternative, their performance remains significantly behind SFT-based methods, due to the straightforward workflow designs. To address these limitations, we propose Refer-Agent, a collaborative multi-agent system with alternating reasoning-reflection mechanisms. This system decomposes RVOS into step-by-step reasoning process. During reasoning, we introduce a Coarse-to-Fine frame selection strategy to ensure the frame diversity and textual relevance, along with a Dynamic Focus Layout that adaptively adjusts the agent's visual focus.Furthermore, we propose a Chain-of-Reflection mechanism, which employs a Questioner-Responder pair to generate a self-reflection chain, enabling the system to verify intermediate results and generates feedback for next-round reasoning refinement. Extensive experiments on five challenging benchmarks demonstrate that Refer-Agent significantly outperforms state-of-the-art methods, including both SFT-based models and zero-shot approaches.Moreover, Refer-Agent is flexible and enables fast integration of new MLLMs without any additional fine-tuning costs. Code will be released.","@InProceedings{Jiang_2026_CVPR, author = {Jiang, Haichao and Liang, Tianming and Zheng, Wei-Shi and Hu, Jian-Fang}, title = {Refer-Agent: A Collaborative Multi-Agent System with Reasoning and Reflection for Referring Video Object Segmentation}, booktitle = {Proceedings of the IEEE/CVF Conference on Computer Vision and Pattern Recognition (CVPR)}, month = {June}, year = {2026}, pages = {39508-39517} }"
Wang_Heuristic_Self-Paced_Learning_for_Domain_Adaptive_Semantic_Segmentation_under_Adverse_CVPR_2026_paper,2026,1,Segmentation,Segmentation,25.0,0.88,Heuristic Self-Paced Learning for Domain Adaptive Semantic Segmentation under Adverse Conditions,Shiqin Wang; Haoyang Chen; Huaizhou Huang; Yinkan He; Dongfang Sun; Xiaoqing Chen; Xingyu Liu; Zheng Wang; Kaiyan Zhao,9,3815-3824,True,https://openaccess.thecvf.com/content/CVPR2026/papers/Wang_Heuristic_Self-Paced_Learning_for_Domain_Adaptive_Semantic_Segmentation_under_Adverse_CVPR_2026_paper.pdf,,https://openaccess.thecvf.com/content/CVPR2026/html/Wang_Heuristic_Self-Paced_Learning_for_Domain_Adaptive_Semantic_Segmentation_under_Adverse_CVPR_2026_paper.html,"The learning order of semantic classes significantly impacts unsupervised domain adaptation for semantic segmentation, especially under adverse weather conditions. Most existing curricula rely on handcrafted heuristics (e.g., fixed uncertainty metrics) and follow a static schedule, which fails to adapt to a model's evolving, high-dimensional training dynamics, leading to category bias. Inspired by Reinforcement Learning, we cast curriculum learning as a sequential decision problem and propose an autonomous class scheduler. This scheduler consists of two components: (i) a high-dimensional state encoder that maps the model's training status into a latent space and distills key features indicative of progress, and (ii) a category-fair policy-gradient objective that ensures balanced improvement across classes. Coupled with mixed source-target supervision, the learned class rankings direct the network's focus to the most informative classes at each stage, enabling more adaptive and dynamic learning. It is worth noting that our method achieves state-of-the-art performance on three widely used benchmarks (e.g., ACDC, Dark Zurich, and Nighttime Driving) and shows generalization ability in synthetic-to-real semantic segmentation.","@InProceedings{Wang_2026_CVPR, author = {Wang, Shiqin and Chen, Haoyang and Huang, Huaizhou and He, Yinkan and Sun, Dongfang and Chen, Xiaoqing and Liu, Xingyu and Wang, Zheng and Zhao, Kaiyan}, title = {Heuristic Self-Paced Learning for Domain Adaptive Semantic Segmentation under Adverse Conditions}, booktitle = {Proceedings of the IEEE/CVF Conference on Computer Vision and Pattern Recognition (CVPR)}, month = {June}, year = {2026}, pages = {3815-3824} }"
Yang_Hugging_Visual_Prompt_and_Segmentation_Tokens_Consistency_Learning_for_Fine-Grained_CVPR_2026_paper,2026,0,LLM_Reasoning_Agent,LLM_Reasoning_Agent|Recognition_Classification|Segmentation,32.0,0.438,Hugging Visual Prompt and Segmentation Tokens: Consistency Learning for Fine-Grained Visual Understanding in MLLMs,Jing Yang; Sen Yang; Boqiang Duan; Ming Dai; Wei Zhang; Xiao Tan; Kunbin Chen; Wei He; Jingdong Wang; Hanli Wang,10,5175-5186,True,https://openaccess.thecvf.com/content/CVPR2026/papers/Yang_Hugging_Visual_Prompt_and_Segmentation_Tokens_Consistency_Learning_for_Fine-Grained_CVPR_2026_paper.pdf,https://openaccess.thecvf.com/content/CVPR2026/supplemental/Yang_Hugging_Visual_Prompt_CVPR_2026_supplemental.pdf,https://openaccess.thecvf.com/content/CVPR2026/html/Yang_Hugging_Visual_Prompt_and_Segmentation_Tokens_Consistency_Learning_for_Fine-Grained_CVPR_2026_paper.html,"Recently, multimodal large language models (MLLMs) have achieved remarkable success in general multimodal tasks. Increasing attention has been given to leveraging MLLMs for fine-grained visual understanding, such as region-level captioning and pixel-level grounding. However, most existing approaches are task-specific. While some recent unified approaches attempt to handle both types simultaneously, they still fall short of deeply exploring the underlying associations across tasks. To bridge this gap, we propose FCLM, a large multimodal model designed to jointly support fine-grained visual understanding through consistency learning. The central premise is that pixel-level captioning and grounding are mutually beneficial and complementary, each enhancing the other in achieving a fine-grained understanding of visual content. Specifically, FCLM analyzes the representation features - visual prompt and segmentation tokens - required for the two types of visual tasks, and achieves advanced reasoning and perception through a newly-designed consistency learning loss and a two-stage training framework. Moreover, a hybrid region extractor is designed to enhance visual prompt embeddings, yielding semantically discriminative representations for detailed captioning. Furthermore, a novel detailed localized referring expression segmentation (DL-RES) task is introduced to evaluate the model's ability to localize targets from detailed textual descriptions. Extensive experiments on seven visual understanding tasks demonstrate the superior performance and strong generalization of FCLM.","@InProceedings{Yang_2026_CVPR, author = {Yang, Jing and Yang, Sen and Duan, Boqiang and Dai, Ming and Zhang, Wei and Tan, Xiao and Chen, Kunbin and He, Wei and Wang, Jingdong and Wang, Hanli}, title = {Hugging Visual Prompt and Segmentation Tokens: Consistency Learning for Fine-Grained Visual Understanding in MLLMs}, booktitle = {Proceedings of the IEEE/CVF Conference on Computer Vision and Pattern Recognition (CVPR)}, month = {June}, year = {2026}, pages = {5175-5186} }"
Park_Concept-Aware_LoRA_for_Domain-Aligned_Segmentation_Dataset_Generation_CVPR_2026_paper,2026,1,Segmentation,Segmentation|Transfer_FewShot_DomainAdaptation,15.0,0.6,Concept-Aware LoRA for Domain-Aligned Segmentation Dataset Generation,Minho Park; Sunghyun Park; Jungsoo Lee; Hyojin Park; Kyuwoong Hwang; Fatih Porikli; Jaegul Choo; Sungha Choi,8,39858-39868,True,https://openaccess.thecvf.com/content/CVPR2026/papers/Park_Concept-Aware_LoRA_for_Domain-Aligned_Segmentation_Dataset_Generation_CVPR_2026_paper.pdf,https://openaccess.thecvf.com/content/CVPR2026/supplemental/Park_Concept-Aware_LoRA_for_CVPR_2026_supplemental.pdf,https://openaccess.thecvf.com/content/CVPR2026/html/Park_Concept-Aware_LoRA_for_Domain-Aligned_Segmentation_Dataset_Generation_CVPR_2026_paper.html,"This paper addresses the challenge of data scarcity in semantic segmentation by generating datasets through text-to-image (T2I) generation models, reducing image acquisition and labeling costs. Segmentation dataset generation faces two key challenges: 1) aligning generated samples with the target domain and 2) producing informative samples beyond the training data. Fine-tuning T2I models can help generate samples aligned with the target domain. However, it often overfits and memorizes training data, limiting their ability to generate diverse and well-aligned samples. To overcome these issues, we propose Concept-Aware LoRA (CA-LoRA), a novel fine-tuning approach that selectively identifies and updates only the weights associated with necessary concepts (e.g., style or viewpoint) for domain alignment while preserving the pretrained knowledge of the T2I model to produce informative samples. We demonstrate its effectiveness in generating datasets for urban-scene segmentation, outperforming baseline and state-of-the-art methods in in-domain (few-shot and fully-supervised) settings, as well as in domain generalization tasks, especially under challenging conditions such as adverse weather and varying illumination, further highlighting its superiority.","@InProceedings{Park_2026_CVPR, author = {Park, Minho and Park, Sunghyun and Lee, Jungsoo and Park, Hyojin and Hwang, Kyuwoong and Porikli, Fatih and Choo, Jaegul and Choi, Sungha}, title = {Concept-Aware LoRA for Domain-Aligned Segmentation Dataset Generation}, booktitle = {Proceedings of the IEEE/CVF Conference on Computer Vision and Pattern Recognition (CVPR)}, month = {June}, year = {2026}, pages = {39858-39868} }"
Qu_AG-VAS_Anchor-Guided_Zero-Shot_Visual_Anomaly_Segmentation_with_Large_Multimodal_Models_CVPR_2026_paper,2026,0,Vision_Language_Multimodal,Vision_Language_Multimodal|LLM_Reasoning_Agent|Segmentation,22.0,0.455,AG-VAS: Anchor-Guided Zero-Shot Visual Anomaly Segmentation with Large Multimodal Models,Zhen Qu; Xian Tao; Xiaoyi Bao; Dingrong Wang; ShiChen Qu; Zhengtao Zhang; Xingang Wang,7,14126-14136,True,https://openaccess.thecvf.com/content/CVPR2026/papers/Qu_AG-VAS_Anchor-Guided_Zero-Shot_Visual_Anomaly_Segmentation_with_Large_Multimodal_Models_CVPR_2026_paper.pdf,https://openaccess.thecvf.com/content/CVPR2026/supplemental/Qu_AG-VAS_Anchor-Guided_Zero-Shot_CVPR_2026_supplemental.pdf,https://openaccess.thecvf.com/content/CVPR2026/html/Qu_AG-VAS_Anchor-Guided_Zero-Shot_Visual_Anomaly_Segmentation_with_Large_Multimodal_Models_CVPR_2026_paper.html,"Large multimodal models (LMMs) exhibit strong task generalization capabilities, offering new opportunities for zero-shot visual anomaly segmentation (ZSAS). However, existing LMM-based segmentation approaches still face fundamental limitations: anomaly concepts are inherently abstract and context-dependent, lacking stable visual prototypes, and the weak alignment between high-level semantic embeddings and pixel-level spatial features hinders precise anomaly localization. To address these challenges, we present AG-VAS (Anchor-Guided Visual Anomaly Segmentation), a new framework that expands the LMM vocabulary with three learnable semantic anchor tokens--[SEG], [NOR], and [ANO], establishing a unified anchor-guided segmentation paradigm. Specifically, [SEG] serves as an absolute semantic anchor that translates abstract anomaly semantics into explicit, spatially grounded visual entities (e.g., holes or scratches), while [NOR] and [ANO] act as relative anchors that model the contextual contrast between normal and abnormal patterns across categories. To further enhance cross-modal alignment, we introduce a Semantic-Pixel Alignment Module (SPAM) that aligns language-level semantic embeddings with high-resolution visual features, along with an Anchor-Guided Mask Decoder (AGMD) that performs anchor-conditioned mask prediction for precise anomaly localization. In addition, we curate Anomaly-Instruct20K, a large-scale instruction dataset that organizes anomaly knowledge into structured descriptions of appearance, shape, and spatial attributes, facilitating effective learning and integration of the proposed semantic anchors. Extensive experiments on six industrial and medical benchmarks demonstrate that AG-VAS achieves consistent state-of-the-art performance in the zero-shot setting.","@InProceedings{Qu_2026_CVPR, author = {Qu, Zhen and Tao, Xian and Bao, Xiaoyi and Wang, Dingrong and Qu, ShiChen and Zhang, Zhengtao and Wang, Xingang}, title = {AG-VAS: Anchor-Guided Zero-Shot Visual Anomaly Segmentation with Large Multimodal Models}, booktitle = {Proceedings of the IEEE/CVF Conference on Computer Vision and Pattern Recognition (CVPR)}, month = {June}, year = {2026}, pages = {14126-14136} }"
Yang_Leveraging_Class_Distributions_in_CLIP_for_Weakly_Supervised_Semantic_Segmentation_CVPR_2026_paper,2026,1,Segmentation,Segmentation|Vision_Language_Multimodal,24.0,0.5,Leveraging Class Distributions in CLIP for Weakly Supervised Semantic Segmentation,Ziqian Yang; Xinqiao Zhao; Xiaolei Wang; Quan Zhang; Jimin Xiao,5,34714-34723,True,https://openaccess.thecvf.com/content/CVPR2026/papers/Yang_Leveraging_Class_Distributions_in_CLIP_for_Weakly_Supervised_Semantic_Segmentation_CVPR_2026_paper.pdf,https://openaccess.thecvf.com/content/CVPR2026/supplemental/Yang_Leveraging_Class_Distributions_CVPR_2026_supplemental.pdf,https://openaccess.thecvf.com/content/CVPR2026/html/Yang_Leveraging_Class_Distributions_in_CLIP_for_Weakly_Supervised_Semantic_Segmentation_CVPR_2026_paper.html,"Image-level Weakly Supervised Semantic Segmentation (WSSS) typically leverages Class Activation Maps (CAMs) for pixel-wise localization. However, existing CLIP-based methods often yield under-activated CAMs, primarily due to the inaccurate semantic relationships in the affinity-based refinement. In this work, we propose a novel framework, CD-CLIP (Class Distribution based CLIP), which addresses this issue by introducing a Class Distribution Aware (CDA) module. The CDA module captures richer semantic relationships by modeling patch-wise distributions across all classes using Jensen-Shannon divergence, thereby enhancing the completeness of CAMs. While this significantly improves the coverage of the foreground class, the over-activation at class boundaries might also exist due to the comprehensive integration of relationships between inter target classes. To mitigate this adverse effect on segmentation supervision, we introduce a Super-class Boundary Exploration (SBE) module, which leverages structural knowledge of DINO to generate boundary-aware super-class prototype CAMs. By employing the boundary-enhanced loss, our SBE module effectively provides accurate boundary supervision for the final segmentation. Our proposed CD-CLIP framework achieves state-of-the-art performance on both PASCAL VOC and MS COCO benchmarks. Code will be released.","@InProceedings{Yang_2026_CVPR, author = {Yang, Ziqian and Zhao, Xinqiao and Wang, Xiaolei and Zhang, Quan and Xiao, Jimin}, title = {Leveraging Class Distributions in CLIP for Weakly Supervised Semantic Segmentation}, booktitle = {Proceedings of the IEEE/CVF Conference on Computer Vision and Pattern Recognition (CVPR)}, month = {June}, year = {2026}, pages = {34714-34723} }"
Zheng_Polyphony_Diffusion-based_Dual-Hand_Action_Segmentation_with_Alternating_Vision_Transformer_and_CVPR_2026_paper,2026,1,Segmentation,Segmentation,12.0,0.667,Polyphony: Diffusion-based Dual-Hand Action Segmentation with Alternating Vision Transformer and Semantic Conditioning,Hao Zheng; Hu Wang; Tiantian Zheng; Prajjwal Bhattarai; Tuka Alhanai,5,20098-20107,True,https://openaccess.thecvf.com/content/CVPR2026/papers/Zheng_Polyphony_Diffusion-based_Dual-Hand_Action_Segmentation_with_Alternating_Vision_Transformer_and_CVPR_2026_paper.pdf,https://openaccess.thecvf.com/content/CVPR2026/supplemental/Zheng_Polyphony_Diffusion-based_Dual-Hand_CVPR_2026_supplemental.pdf,https://openaccess.thecvf.com/content/CVPR2026/html/Zheng_Polyphony_Diffusion-based_Dual-Hand_Action_Segmentation_with_Alternating_Vision_Transformer_and_CVPR_2026_paper.html,"Dual-hand action segmentation, densely predicting actions for both hands from untrimmed videos, is essential for understanding complex bimanual activities. However, it poses several unique challenges: complex inter-hand dependencies, visual asymmetry between hands, representation conflicts where the dominant hand monopolizes gradients, and semantic ambiguity in fine-grained actions. We propose Polyphony, a three-stage method to address these challenges through: (1) an Alternating Dual-Hand Vision Transformer that alternates training between left- and right-hand mini-batches to ensure balanced gradient contributions from both hands while sharing a spatio-temporal encoder; (2) Semantic Feature Conditioning that aligns visual features with structured, compositional action descriptions to enhance discrimination of semantically similar actions; and (3) Diffusion-Based Segmentation with cross-hand feature fusion for inter-hand coordination and adaptive loss weighting for balancing performance. Polyphony achieves state-of-the-art on both dual-hand datasets (HA-ViD, ATTACH) with improvements up to 16.8 points, and on the single-stream Breakfast dataset (82.5%), outperforming the prior best method that uses a 12x larger backbone. Notably, our unified model with a single shared backbone surpasses baselines requiring separate per-hand models. Code is at https://github.com/x-labs-xyz/Polyphony-Dual-hand-Action-Segmentation.","@InProceedings{Zheng_2026_CVPR, author = {Zheng, Hao and Wang, Hu and Zheng, Tiantian and Bhattarai, Prajjwal and Alhanai, Tuka}, title = {Polyphony: Diffusion-based Dual-Hand Action Segmentation with Alternating Vision Transformer and Semantic Conditioning}, booktitle = {Proceedings of the IEEE/CVF Conference on Computer Vision and Pattern Recognition (CVPR)}, month = {June}, year = {2026}, pages = {20098-20107} }"
Huang_SAQN_Semantic-based_Adaptive_Query_Network_for_3D_Referring_Expression_Segmentation_CVPR_2026_paper,2026,1,Segmentation,Segmentation|3D_Reconstruction|Vision_Language_Multimodal,20.0,0.55,SAQN: Semantic-based Adaptive Query Network for 3D Referring Expression Segmentation,Jiale Huang; Shangfei Wang,2,38627-38636,True,https://openaccess.thecvf.com/content/CVPR2026/papers/Huang_SAQN_Semantic-based_Adaptive_Query_Network_for_3D_Referring_Expression_Segmentation_CVPR_2026_paper.pdf,,https://openaccess.thecvf.com/content/CVPR2026/html/Huang_SAQN_Semantic-based_Adaptive_Query_Network_for_3D_Referring_Expression_Segmentation_CVPR_2026_paper.html,"3D Referring Expression Segmentation (3D-RES) aims to segment objects in point clouds according to language descriptions. Unlike common practices in 2D that utilize learnable query embeddings, recent 3D-RES methods typically generate queries directly from 3D points. However, this direct coupling of queries to raw point clouds introduces new challenges: an impractically large number of queries derived from massive point cloud data and a reliance on non-deterministic sampling algorithms. In this paper, we propose a Semantic-based Adaptive Query Network (SAQN), which introduces a novel query strategy for 3D-RES. Instead of generating queries from points, SAQN employs a learnable query vector for each semantic class. This approach drastically reduces the number of queries while maintaining the advantage of avoiding Hungarian matching through implicit class alignment. Additionally, to address potential cross-object ambiguity within semantic classes, we introduce supplementary queries that are adaptively fused with each class query to disambiguate and enrich representations. Comprehensive experiments show that SAQN achieves state-of-the-art performance while reducing the number of queries.","@InProceedings{Huang_2026_CVPR, author = {Huang, Jiale and Wang, Shangfei}, title = {SAQN: Semantic-based Adaptive Query Network for 3D Referring Expression Segmentation}, booktitle = {Proceedings of the IEEE/CVF Conference on Computer Vision and Pattern Recognition (CVPR)}, month = {June}, year = {2026}, pages = {38627-38636} }"
Qing_S2C2Seg_Semantic-Spatial_Consistency_and_Category_Optimization_for_Open-Vocabulary_Segmentation_CVPR_2026_paper,2026,1,Segmentation,Segmentation|Vision_Language_Multimodal,20.0,0.55,S2C2Seg: Semantic-Spatial Consistency and Category Optimization for Open-Vocabulary Segmentation,Yuhao Qing; Yueying Wang; Chaoyang Chen; Weidong Zhang; Jie Wen; Xin Xu,6,6293-6303,True,https://openaccess.thecvf.com/content/CVPR2026/papers/Qing_S2C2Seg_Semantic-Spatial_Consistency_and_Category_Optimization_for_Open-Vocabulary_Segmentation_CVPR_2026_paper.pdf,,https://openaccess.thecvf.com/content/CVPR2026/html/Qing_S2C2Seg_Semantic-Spatial_Consistency_and_Category_Optimization_for_Open-Vocabulary_Segmentation_CVPR_2026_paper.html,"Open-vocabulary semantic segmentation extends pixel-level recognition to arbitrary text-described categories. Despite strong global semantic understanding, vision-language models such as CLIP exhibit limited spatial precision and semantic ambiguity across large vocabularies, constraining their effectiveness for dense prediction. We present S2C2Seg, a training-free framework that integrates with existing methods through Category Subset Selection (CSS) and Consistent Semantic Guidance (CSG). CSS employs three complementary scoring functions to filter category candidates: CLIP-based global semantic similarity, spatial presence from dense prediction models, and multi-view consistency via alignment and conditional entropy. This joint exploitation of semantic, spatial, and consistency cues reduces category redundancy and semantic ambiguity. CSG adaptively fuses CLIP global features with local spatial predictions through category-specific confidence weighting, applying stronger regularization to high-similarity categories for correcting prediction biases while preserving spatial precision for low-confidence categories. Extensive experiments across eight benchmarks demonstrate broad applicability: when integrated with SCLIP, ProxyCLIP, and CorrCLIP, S2C2Seg achieves consistent improvements of 3.4 to 9.7 percentage points in mIoU, establishing a new state-of-the-art of 51.2% average mIoU.","@InProceedings{Qing_2026_CVPR, author = {Qing, Yuhao and Wang, Yueying and Chen, Chaoyang and Zhang, Weidong and Wen, Jie and Xu, Xin}, title = {S2C2Seg: Semantic-Spatial Consistency and Category Optimization for Open-Vocabulary Segmentation}, booktitle = {Proceedings of the IEEE/CVF Conference on Computer Vision and Pattern Recognition (CVPR)}, month = {June}, year = {2026}, pages = {6293-6303} }"
Bo_Focus_on_Background_Exploring_SAMs_Potential_in_Few-shot_Medical_Image_CVPR_2026_paper,2026,0,Medical_Bio_RemoteSensing,Medical_Bio_RemoteSensing|Transfer_FewShot_DomainAdaptation|Segmentation|LLM_Reasoning_Agent,20.0,0.25,Focus on Background: Exploring SAM's Potential in Few-shot Medical Image Segmentation with Background-centric Prompting,Yuntian Bo; Yazhou Zhu; Piotr Koniusz; Haofeng Zhang,4,30032-30041,True,https://openaccess.thecvf.com/content/CVPR2026/papers/Bo_Focus_on_Background_Exploring_SAMs_Potential_in_Few-shot_Medical_Image_CVPR_2026_paper.pdf,https://openaccess.thecvf.com/content/CVPR2026/supplemental/Bo_Focus_on_Background_CVPR_2026_supplemental.pdf,https://openaccess.thecvf.com/content/CVPR2026/html/Bo_Focus_on_Background_Exploring_SAMs_Potential_in_Few-shot_Medical_Image_CVPR_2026_paper.html,"Conventional few-shot medical image segmentation (FSMIS) approaches face performance bottlenecks that hinder broader clinical applicability. Although the Segment Anything Model (SAM) exhibits strong category-agnostic segmentation capabilities, its direct application to medical images often leads to over-segmentation due to ambiguous anatomical boundaries. In this paper, we reformulate SAM-based FSMIS as a prompt localization task and propose FoB (Focus on Background), a background-centric prompt generator that provides accurate background prompts to constrain SAM's over-segmentation. Specifically, FoB bridges the gap between segmentation and prompt localization by category-agnostic generation of support background prompts and localizing them directly in the query image. To address the challenge of prompt localization for novel categories, FoB models rich contextual information to capture foreground-background spatial dependencies. Moreover, inspired by the inherent structural patterns of background prompts in medical images, FoB models this structure as a constraint to progressively refine background prompt predictions. Experiments on three diverse medical image datasets demonstrate that FoB outperforms other baselines by large margins, achieving state-of-the-art performance on FSMIS, and exhibiting strong cross-domain generalization.","@InProceedings{Bo_2026_CVPR, author = {Bo, Yuntian and Zhu, Yazhou and Koniusz, Piotr and Zhang, Haofeng}, title = {Focus on Background: Exploring SAM's Potential in Few-shot Medical Image Segmentation with Background-centric Prompting}, booktitle = {Proceedings of the IEEE/CVF Conference on Computer Vision and Pattern Recognition (CVPR)}, month = {June}, year = {2026}, pages = {30032-30041} }"
Pei_PEARL_Geometry_Aligns_Semantics_for_Training-Free_Open-Vocabulary_Semantic_Segmentation_CVPR_2026_paper,2026,1,Segmentation,Segmentation,20.0,0.8,PEARL: Geometry Aligns Semantics for Training-Free Open-Vocabulary Semantic Segmentation,Gensheng Pei; Xiruo Jiang; Xinhao Cai; Tao Chen; Yazhou Yao; Byeungwoo Jeon,6,17927-17937,True,https://openaccess.thecvf.com/content/CVPR2026/papers/Pei_PEARL_Geometry_Aligns_Semantics_for_Training-Free_Open-Vocabulary_Semantic_Segmentation_CVPR_2026_paper.pdf,https://openaccess.thecvf.com/content/CVPR2026/supplemental/Pei_PEARL_Geometry_Aligns_CVPR_2026_supplemental.pdf,https://openaccess.thecvf.com/content/CVPR2026/html/Pei_PEARL_Geometry_Aligns_Semantics_for_Training-Free_Open-Vocabulary_Semantic_Segmentation_CVPR_2026_paper.html,"Training-free open-vocabulary semantic segmentation (OVSS) promises rapid adaptation to new label sets without retraining. Yet, many methods rely on heavy post-processing or handle text and vision in isolation, leaving cross-modal geometry underutilized. Others introduce auxiliary vision backbones or multi-model pipelines, which increase complexity and latency while compromising design simplicity.We present PEARL, \underline P rocrust\underline e s \underline a lignment with text-awa\underline r e \underline L aplacian propagation, a compact two-step inference that follows an align-then-propagate principle. The Procrustes alignment step performs an orthogonal projection inside the last self-attention block, rotating keys toward the query subspace via a stable polar iteration. The text-aware Laplacian propagation then refines per-pixel logits on a small grid through a confidence-weighted, text-guided graph solve: text provides both a data-trust signal and neighbor gating, while image gradients preserve boundaries. In this work, our method is fully training-free, plug-and-play, and uses only fixed constants, adding minimal latency with a small per-head projection and a few conjugate-gradient steps. Our approach, PEARL, sets a new state-of-the-art in training-free OVSS without extra data or auxiliary backbones across standard benchmarks, achieving superior performance under both with-background and without-background protocols.","@InProceedings{Pei_2026_CVPR, author = {Pei, Gensheng and Jiang, Xiruo and Cai, Xinhao and Chen, Tao and Yao, Yazhou and Jeon, Byeungwoo}, title = {PEARL: Geometry Aligns Semantics for Training-Free Open-Vocabulary Semantic Segmentation}, booktitle = {Proceedings of the IEEE/CVF Conference on Computer Vision and Pattern Recognition (CVPR)}, month = {June}, year = {2026}, pages = {17927-17937} }"
Zhang_Geometric-Aware_Hypergraph_Reasoning_for_Novel_Class_Discovery_in_Point_Cloud_CVPR_2026_paper,2026,0,3D_Reconstruction,3D_Reconstruction|Segmentation|Transfer_FewShot_DomainAdaptation,18.0,0.167,Geometric-Aware Hypergraph Reasoning for Novel Class Discovery in Point Cloud Segmentation,Zihao Zhang; Aming Wu; Yang Li; Yahong Han; Jialie Shen,5,10006-10015,True,https://openaccess.thecvf.com/content/CVPR2026/papers/Zhang_Geometric-Aware_Hypergraph_Reasoning_for_Novel_Class_Discovery_in_Point_Cloud_CVPR_2026_paper.pdf,,https://openaccess.thecvf.com/content/CVPR2026/html/Zhang_Geometric-Aware_Hypergraph_Reasoning_for_Novel_Class_Discovery_in_Point_Cloud_CVPR_2026_paper.html,"Novel Class Discovery in Point Cloud Segmentation is recently proposed, aiming to leverage knowledge from known classes to automatically segment unlabeled classes within point clouds. The core of this task lies in leveraging the geometric and semantic knowledge of multiple known classes to achieve semantic understanding and segmentation of novel classes.However, existing methods overlook the high-order associations between known and novel classes, relying solely on binary associations for class assignment and novel class reasoning, which leads to less precise semantic segmentation.To address these issues, we introduce a hypergraph structure to model high-order associations among classes, enabling collaborative reasoning from known classes to novel classes, extending beyond traditional binary relations.Additionally, existing methods focus excessively on extracting semantic information when processing point cloud data, neglecting the importance of geometric features. To address this, we introduce Geometric-Aware Prototypes, enhancing the model's ability to capture geometric spatial information.By propagating geometric information through hyperedges, our method enhances the understanding of spatial distributions across classes, improving segmentation accuracy.Significant performance improvements achieved on the SemanticKITTI and SemanticPOSS datasets demonstrate the superiority of our method.","@InProceedings{Zhang_2026_CVPR, author = {Zhang, Zihao and Wu, Aming and Li, Yang and Han, Yahong and Shen, Jialie}, title = {Geometric-Aware Hypergraph Reasoning for Novel Class Discovery in Point Cloud Segmentation}, booktitle = {Proceedings of the IEEE/CVF Conference on Computer Vision and Pattern Recognition (CVPR)}, month = {June}, year = {2026}, pages = {10006-10015} }"
Yang_Discriminative_Perception_via_Anchored_Description_for_Reasoning_Segmentation_CVPR_2026_paper,2026,1,Segmentation,Segmentation|LLM_Reasoning_Agent,10.0,0.1,Discriminative Perception via Anchored Description for Reasoning Segmentation,Tao Yang; Qing Zhou; Yanliang Li; Qi Wang,4,13189-13198,True,https://openaccess.thecvf.com/content/CVPR2026/papers/Yang_Discriminative_Perception_via_Anchored_Description_for_Reasoning_Segmentation_CVPR_2026_paper.pdf,https://openaccess.thecvf.com/content/CVPR2026/supplemental/Yang_Discriminative_Perception_via_CVPR_2026_supplemental.pdf,https://openaccess.thecvf.com/content/CVPR2026/html/Yang_Discriminative_Perception_via_Anchored_Description_for_Reasoning_Segmentation_CVPR_2026_paper.html,"Reasoning segmentation increasingly employs reinforcement learning to generate explanatory reasoning chains that guide Multimodal Large Language Models. While these geometric rewards are primarily confined to guiding the final localization, they are incapable of discriminating whether the reasoning process remains anchored on the referred region or strays into irrelevant context. Lacking this discriminative guidance, the model's reasoning often devolves into unfocused and verbose chains that ultimately fail to disambiguate and perceive the target in complex scenes. This suggests a need to complement the RL objective with Discriminative Perception, an ability to actively distinguish a target from its context. To realize this, we propose DPAD to compel the model to generate a descriptive caption of the referred object, which is then used to explicitly discriminate by contrasting the caption's semantic relevance to the referred object against the wider context. By optimizing for this discriminative capability, the model is forced to focus on the unique attributes of the target, leading to a more converged and efficient reasoning chain. The descriptive caption also serves as an interpretability rationale that aligns with the segmentation. Experiments on the benchmarks confirm the validity of our approach, delivering substantial performance gains, with the cIoU on ReasonSeg increasing by 3.09% and the reasoning chain length decreasing by approximately 42%. Code is available at https://github.com/mrazhou/DPAD.","@InProceedings{Yang_2026_CVPR, author = {Yang, Tao and Zhou, Qing and Li, Yanliang and Wang, Qi}, title = {Discriminative Perception via Anchored Description for Reasoning Segmentation}, booktitle = {Proceedings of the IEEE/CVF Conference on Computer Vision and Pattern Recognition (CVPR)}, month = {June}, year = {2026}, pages = {13189-13198} }"
Esfeh_Spectral_Conformal_Risk_Control_Distribution-Free_Tail_Guarantees_via_Bayesian_Quadrature_CVPR_2026_paper,2026,1,Segmentation,Segmentation,5.0,0.4,Spectral Conformal Risk Control: Distribution-Free Tail Guarantees via Bayesian Quadrature,Mohammad Mahdi Kazemi Esfeh; Qi Yan; Yongxing Zhang; Zahra Gholami; Renjie Liao; Purang Abolmaesumi,6,12977-12986,True,https://openaccess.thecvf.com/content/CVPR2026/papers/Esfeh_Spectral_Conformal_Risk_Control_Distribution-Free_Tail_Guarantees_via_Bayesian_Quadrature_CVPR_2026_paper.pdf,https://openaccess.thecvf.com/content/CVPR2026/supplemental/Esfeh_Spectral_Conformal_Risk_CVPR_2026_supplemental.pdf,https://openaccess.thecvf.com/content/CVPR2026/html/Esfeh_Spectral_Conformal_Risk_Control_Distribution-Free_Tail_Guarantees_via_Bayesian_Quadrature_CVPR_2026_paper.html,"Modern vision systems are deployed in settings where occasional catastrophic failures matter more than average accuracy--for example in medical imaging, autonomous driving, and safety monitoring. While conformal prediction gives distribution-free uncertainty guarantees, most existing methods only control mean error and are hard to tune toward rare but high-cost mistakes. We propose Bayesian-Quadrature Spectral Risk Control (BQ-SRC), a general framework for controlling tail-focused risks (such as conditional value at risk (CVaR)-style objectives) in a distribution-free way. BQ-SRC views conformal prediction through a Bayesian-quadrature lens and replaces mean-risk control with a flexible family of risk-averse criteria, while keeping the same black-box access to a trained model. A binomial testing scheme reduces the Monte Carlo conservatism of prior approaches, leading to tighter sets without sacrificing guarantees. We evaluate BQ-SRC across diverse vision tasks, including synthetic regression, closed-set and zero-shot image classification, multilabel classification, and semantic segmentation. Across these settings, BQ-SRC consistently maintains finite-sample risk guarantees and often yields smaller or otherwise more informative prediction sets than existing conformal and risk-controlling baselines, sometimes trading a modest amount of efficiency for stronger tail-risk control. The code will be publicly available at https://github.com/MohammadMahdiKazemi/BQ_SRC.","@InProceedings{Esfeh_2026_CVPR, author = {Esfeh, Mohammad Mahdi Kazemi and Yan, Qi and Zhang, Yongxing and Gholami, Zahra and Liao, Renjie and Abolmaesumi, Purang}, title = {Spectral Conformal Risk Control: Distribution-Free Tail Guarantees via Bayesian Quadrature}, booktitle = {Proceedings of the IEEE/CVF Conference on Computer Vision and Pattern Recognition (CVPR)}, month = {June}, year = {2026}, pages = {12977-12986} }"
Li_SD-FSMIS_Adapting_Stable_Diffusion_for_Few-Shot_Medical_Image_Segmentation_CVPR_2026_paper,2026,0,Diffusion_Generative,Diffusion_Generative|Medical_Bio_RemoteSensing|Segmentation|Transfer_FewShot_DomainAdaptation,20.0,0.1,SD-FSMIS: Adapting Stable Diffusion for Few-Shot Medical Image Segmentation,Meihua Li; Yang Zhang; Weizhao He; Hu Qu; Yisong Li,5,29979-29989,True,https://openaccess.thecvf.com/content/CVPR2026/papers/Li_SD-FSMIS_Adapting_Stable_Diffusion_for_Few-Shot_Medical_Image_Segmentation_CVPR_2026_paper.pdf,https://openaccess.thecvf.com/content/CVPR2026/supplemental/Li_SD-FSMIS_Adapting_Stable_CVPR_2026_supplemental.pdf,https://openaccess.thecvf.com/content/CVPR2026/html/Li_SD-FSMIS_Adapting_Stable_Diffusion_for_Few-Shot_Medical_Image_Segmentation_CVPR_2026_paper.html,"Few-Shot Medical Image Segmentation (FSMIS) aims to segment novel object classes in medical images using only minimal annotated examples, addressing the critical challenges of data scarcity and domain shifts prevalent in medical imaging. While Diffusion Models (DM) excel in visual tasks, their potential for FSMIS remains largely unexplored. We propose that the rich visual priors learned by large-scale DMs offer a powerful foundation for a more robust and data-efficient segmentation approach. In this paper, we introduce SD-FSMIS, a novel framework designed to effectively adapt the powerful pre-trained Stable Diffusion (SD) model for the FSMIS task. Our approach repurposes its conditional generative architecture by introducing two key components: a Support-Query Interaction (SQI) and a Visual-to-Textual Condition Translator (VTCT). Specifically, SQI provides a straightforward yet powerful means of adapting SD to the FSMIS paradigm. The VTCT module translates visual cues from the support set into an implicit textual embedding that guides the diffusion model, enabling precise conditioning of the generation process. Extensive experiments demonstrate that SD-FSMIS achieves competitive results compared to state-of-the-art methods in standard settings. Surprisingly, it also demonstrated excellent generalization ability in more challenging cross-domain scenarios. These findings highlight the immense potential of adapting large-scale generative models to advance data-efficient and robust medical image segmentation.","@InProceedings{Li_2026_CVPR, author = {Li, Meihua and Zhang, Yang and He, Weizhao and Qu, Hu and Li, Yisong}, title = {SD-FSMIS: Adapting Stable Diffusion for Few-Shot Medical Image Segmentation}, booktitle = {Proceedings of the IEEE/CVF Conference on Computer Vision and Pattern Recognition (CVPR)}, month = {June}, year = {2026}, pages = {29979-29989} }"
He_UniPart_Part-Level_3D_Generation_with_Unified_3D_Geom-Seg_Latents_CVPR_2026_paper,2026,0,Diffusion_Generative,Diffusion_Generative|Segmentation,13.0,0.077,UniPart: Part-Level 3D Generation with Unified 3D Geom-Seg Latents,Xufan He; Yushuang Wu; Xiaoyang Guo; Chongjie Ye; Jiaqing Zhou; Tianlei Hu; Xiaoguang Han; Dong Du,8,34227-34236,True,https://openaccess.thecvf.com/content/CVPR2026/papers/He_UniPart_Part-Level_3D_Generation_with_Unified_3D_Geom-Seg_Latents_CVPR_2026_paper.pdf,https://openaccess.thecvf.com/content/CVPR2026/supplemental/He_UniPart_Part-Level_3D_CVPR_2026_supplemental.pdf,https://openaccess.thecvf.com/content/CVPR2026/html/He_UniPart_Part-Level_3D_Generation_with_Unified_3D_Geom-Seg_Latents_CVPR_2026_paper.html,"Part-level 3D generation is essential for applications requiring decomposable and structured 3D synthesis. However, existing methods either rely on implicit part segmentation with limited granularity control or depend on strong external segmenters trained on large annotated datasets. In this work, we observe that part awareness emerges naturally during whole-object geometry learning and propose Geom-Seg VecSet, a unified geometry-segmentation latent representation that jointly encodes object geometry and part-level structure. Building on this representation, we introduce UniPart, a two-stage latent diffusion framework for image-guided part-level 3D generation. The first stage performs joint geometry generation and latent part segmentation, while the second stage conditions part-level diffusion on both whole-object and part-specific latents. A dual-space generation scheme further enhances geometric fidelity by predicting part latents in both global and canonical spaces. Extensive experiments demonstrate that UniPart, achieves superior segmentation controllability and part-level geometric quality compared with existing approaches.","@InProceedings{He_2026_CVPR, author = {He, Xufan and Wu, Yushuang and Guo, Xiaoyang and Ye, Chongjie and Zhou, Jiaqing and Hu, Tianlei and Han, Xiaoguang and Du, Dong}, title = {UniPart: Part-Level 3D Generation with Unified 3D Geom-Seg Latents}, booktitle = {Proceedings of the IEEE/CVF Conference on Computer Vision and Pattern Recognition (CVPR)}, month = {June}, year = {2026}, pages = {34227-34236} }"
Shi_Bayesian_Decomposition_and_Semantic_Completion_for_Few-shot_Semantic_Segmentation_CVPR_2026_paper,2026,1,Segmentation,Segmentation|Transfer_FewShot_DomainAdaptation,24.0,0.5,Bayesian Decomposition and Semantic Completion for Few-shot Semantic Segmentation,Guangchen Shi; Yirui Wu; Wei Zhu; Tao Wang; Hao Zhang; Bo Li; Tong Lu,7,12354-12363,True,https://openaccess.thecvf.com/content/CVPR2026/papers/Shi_Bayesian_Decomposition_and_Semantic_Completion_for_Few-shot_Semantic_Segmentation_CVPR_2026_paper.pdf,,https://openaccess.thecvf.com/content/CVPR2026/html/Shi_Bayesian_Decomposition_and_Semantic_Completion_for_Few-shot_Semantic_Segmentation_CVPR_2026_paper.html,"Few-shot Semantic Segmentation (FSS) aims to segment objects of novel categories given only a handful of labeled examples. However, existing methods often rely on complex category-specific modeling, resulting in high computational cost and limited generalization under low-data regimes. To address these challenges, we propose a Bayesian Probabilistic Network (BPNet) that reformulates FSS as a composition of three interpretable components: a prior, a likelihood, and a class-consistency term. Specifically, an efficient Segment Anything Model (SAM) is employed to generate fragmented prior regions for the query image, while both the likelihood and the consistency terms are estimated by a lightweight Class-Agnostic Localization Model (CALM). CALM simultaneously predicts the class consistency between support-query pairs through a binary classification head and estimates the likelihood by localizing the target region in the support image. By evaluating SAM-generated regions in parallel, CALM can efficiently identify the core region, thereby transforming the segmentation problem into a simple binary classification task. Furthermore, to mitigate the semantic incompleteness of SAM proposals, we introduce an attention-based Semantic Completion Module (SCM), which leverages local and global context cues to integrate fragmented regions into semantically complete masks. Extensive experiments demonstrate that BPNet achieves state-of-the-art performance while maintaining high efficiency.","@InProceedings{Shi_2026_CVPR, author = {Shi, Guangchen and Wu, Yirui and Zhu, Wei and Wang, Tao and Zhang, Hao and Li, Bo and Lu, Tong}, title = {Bayesian Decomposition and Semantic Completion for Few-shot Semantic Segmentation}, booktitle = {Proceedings of the IEEE/CVF Conference on Computer Vision and Pattern Recognition (CVPR)}, month = {June}, year = {2026}, pages = {12354-12363} }"
Mai_From_Softmax_to_Dirichlet_Evidential_Learning_for_Semi-supervised_Semantic_Segmentation_CVPR_2026_paper,2026,1,Segmentation,Segmentation|Transfer_FewShot_DomainAdaptation,30.0,0.6,From Softmax to Dirichlet: Evidential Learning for Semi-supervised Semantic Segmentation,Huayu Mai; Rui Sun; Yujia Chen; Wangkai Li; Bingzhou Wang; Aibing Li; Zhangyu He; Yuan Wang,8,27697-27707,True,https://openaccess.thecvf.com/content/CVPR2026/papers/Mai_From_Softmax_to_Dirichlet_Evidential_Learning_for_Semi-supervised_Semantic_Segmentation_CVPR_2026_paper.pdf,https://openaccess.thecvf.com/content/CVPR2026/supplemental/Mai_From_Softmax_to_CVPR_2026_supplemental.pdf,https://openaccess.thecvf.com/content/CVPR2026/html/Mai_From_Softmax_to_Dirichlet_Evidential_Learning_for_Semi-supervised_Semantic_Segmentation_CVPR_2026_paper.html,"The critical challenge of semi-supervised semantic segmentation lies in how to fully exploit a large volume of unlabeled data to improve the model's generalization performance for robust segmentation. However, existing softmax scores-based filtering methods tend to be affected by the overconfidence issue in neural networks, leading to the inclusion of incorrect pseudo-labels that negatively impact the training process. In this paper, we propose a novel evidential learning framework to explicitly model the prediction uncertainty for reliable pseudo-label selection. By modeling the distribution of class probabilities using Dirichlet distributions, we obtain principled and improved uncertainty estimates from a distributional perspective. Furthermore, we propose HESS (Hyper-ESS), decoupling the modeling of exclusive and collective evidence for comprehensive evidence perception, to yield more accurate uncertainty estimates. Extensive experiments on three challenging benchmarks demonstrate that integrating HESS into existing semi-supervised semantic segmentation frameworks consistently improves performance, benefiting from more reliable pseudo-label selection. Our work sheds light on the potential of evidential learning in semi-supervised semantic segmentation and opens up new avenues for future research.","@InProceedings{Mai_2026_CVPR, author = {Mai, Huayu and Sun, Rui and Chen, Yujia and Li, Wangkai and Wang, Bingzhou and Li, Aibing and He, Zhangyu and Wang, Yuan}, title = {From Softmax to Dirichlet: Evidential Learning for Semi-supervised Semantic Segmentation}, booktitle = {Proceedings of the IEEE/CVF Conference on Computer Vision and Pattern Recognition (CVPR)}, month = {June}, year = {2026}, pages = {27697-27707} }"
