paper_id,year,is_primary,primary_topic,all_topics,topic_score,confidence,title,authors,n_authors,pages,has_abstract,pdf_url,supp_url,detail_url,abstract,bibtex
Bassole_HybridDriveVLA_Vision-Language-Action_Model_with_Visual_CoT_reasoning_and_ToT_Evaluation_CVPR_2026_paper,2026,0,LLM_Reasoning_Agent,LLM_Reasoning_Agent|Embodied_AI_Robotics|Autonomous_Driving|Vision_Language_Multimodal,24.0,0.25,HybridDriveVLA: Vision-Language-Action Model with Visual CoT reasoning and ToT Evaluation for Autonomous Driving,Yipene Cedric Francois Bassole; Sungwoo Kim; Jiwoo Jung; Yunsick Sung,4,32421-32430,True,https://openaccess.thecvf.com/content/CVPR2026/papers/Bassole_HybridDriveVLA_Vision-Language-Action_Model_with_Visual_CoT_reasoning_and_ToT_Evaluation_CVPR_2026_paper.pdf,https://openaccess.thecvf.com/content/CVPR2026/supplemental/Bassole_HybridDriveVLA_Vision-Language-Action_Model_CVPR_2026_supplemental.zip,https://openaccess.thecvf.com/content/CVPR2026/html/Bassole_HybridDriveVLA_Vision-Language-Action_Model_with_Visual_CoT_reasoning_and_ToT_Evaluation_CVPR_2026_paper.html,"Vision-Language-Action (VLA) models are emerging as an important technology in autonomous driving, recognized for their sophisticated reasoning and interpretability. However, traditional VLA models often rely on image-to-text with Chain-of-Thought (CoT) reasoning, which converts sequential visual scenes into textual symbols, thereby under-utilizing spatial context in visual information. Existing autonomous driving systems using VLA models predict only a single sequence of waypoints as a trajectory considering a given command and multiple aspects. However, we suggest evaluating each sequence of waypoints to reveal the importance of the corresponding aspect. We introduce HybridDriveVLA, a VLA model that integrates visual Chain-of-Thought (V-Cot) reasoning and a proposed Tree-of-Thought (ToT)-inspired waypoint evaluation (ToT-evaluation). V-Cot reasoning anticipates future scenes, which serve as goals for ToT-evaluation. The ToT-evaluation generates and scores waypoints based each on safety, progress, and comfort aspects. The highest cumulated score of the waypoints based on the three aspects is optimal. To the best of our knowledge, we are the first to propose a unified method integrating both a CoT and a ToT approach in a VLA model. Experimental results demonstrated that HybridDriveVLA achieved strong performance on comfort, progress, and safety metrics with and average collision rate of 0.17% on the nuScenes benchmark, outperforming traditional VLA models.","@InProceedings{Bassole_2026_CVPR, author = {Bassole, Yipene Cedric Francois and Kim, Sungwoo and Jung, Jiwoo and Sung, Yunsick}, title = {HybridDriveVLA: Vision-Language-Action Model with Visual CoT reasoning and ToT Evaluation for Autonomous Driving}, booktitle = {Proceedings of the IEEE/CVF Conference on Computer Vision and Pattern Recognition (CVPR)}, month = {June}, year = {2026}, pages = {32421-32430} }"
Zhu_Dr.Occ_Depth-_and_Region-Guided_3D_Occupancy_from_Surround-View_Cameras_for_CVPR_2026_paper,2026,1,Autonomous_Driving,Autonomous_Driving,16.0,0.812,Dr.Occ: Depth- and Region-Guided 3D Occupancy from Surround-View Cameras for Autonomous Driving,Xubo Zhu; Haoyang Zhang; Fei He; Rui Wu; Yanhu Shan; Wen Yang; Huai Yu,7,28610-28619,True,https://openaccess.thecvf.com/content/CVPR2026/papers/Zhu_Dr.Occ_Depth-_and_Region-Guided_3D_Occupancy_from_Surround-View_Cameras_for_CVPR_2026_paper.pdf,https://openaccess.thecvf.com/content/CVPR2026/supplemental/Zhu_Dr.Occ_Depth-_and_CVPR_2026_supplemental.pdf,https://openaccess.thecvf.com/content/CVPR2026/html/Zhu_Dr.Occ_Depth-_and_Region-Guided_3D_Occupancy_from_Surround-View_Cameras_for_CVPR_2026_paper.html,"3D semantic occupancy prediction is crucial for autonomous driving perception, offering comprehensive geometric scene understanding and semantic recognition. However, existing methods struggle with geometric misalignment in view transformation due to lack of pixel-level accurate depth estimation, and severe spatial class imbalance where semantic categories exhibit strong spatial anisotropy. To address these challenges, we propose Dr.Occ, a depth- and region-guided occupancy prediction framework. Specifically, we introduce a depth-guided 2D-to-3D View Transformer (D-VFormer) that effectively leverages high-quality dense depth cues from MoGe-2 to construct reliable geometric priors, thereby enabling precise geometric alignment of voxel features. Moreover, inspired by the Mixture-of-Experts (MoE) framework, we propose a region-guided Expert Transformer (R/R-EFormer) that adaptively allocates region-specific experts to focus on different spatial regions, effectively addressing spatial semantic variations. Thus, the two components make complementary contributions: depth guidance ensures geometric alignment, while region experts enhance semantic learning. Experiments on the Occ3D--nuScenes benchmark demonstrate that Dr.Occ improves the strong baseline BEVDet4D by 7.43% mIoU and 3.09% IoU under the full vision-only setting.","@InProceedings{Zhu_2026_CVPR, author = {Zhu, Xubo and Zhang, Haoyang and He, Fei and Wu, Rui and Shan, Yanhu and Yang, Wen and Yu, Huai}, title = {Dr.Occ: Depth- and Region-Guided 3D Occupancy from Surround-View Cameras for Autonomous Driving}, booktitle = {Proceedings of the IEEE/CVF Conference on Computer Vision and Pattern Recognition (CVPR)}, month = {June}, year = {2026}, pages = {28610-28619} }"
Tang_CausalVAD_De-confounding_End-to-End_Autonomous_Driving_via_Causal_Intervention_CVPR_2026_paper,2026,1,Autonomous_Driving,Autonomous_Driving|Trustworthy_Security_Privacy,21.0,0.429,CausalVAD: De-confounding End-to-End Autonomous Driving via Causal Intervention,Jiacheng Tang; Zhiyuan Zhou; Zhuolin He; Jia Zhang; Kai Zhang; Jian Pu,6,32124-32133,True,https://openaccess.thecvf.com/content/CVPR2026/papers/Tang_CausalVAD_De-confounding_End-to-End_Autonomous_Driving_via_Causal_Intervention_CVPR_2026_paper.pdf,https://openaccess.thecvf.com/content/CVPR2026/supplemental/Tang_CausalVAD_De-confounding_End-to-End_CVPR_2026_supplemental.pdf,https://openaccess.thecvf.com/content/CVPR2026/html/Tang_CausalVAD_De-confounding_End-to-End_Autonomous_Driving_via_Causal_Intervention_CVPR_2026_paper.html,"Planning-oriented end-to-end driving models show great promise, yet they fundamentally learn statistical correlations instead of true causal relationships. This vulnerability leads to causal confusion, where models exploit dataset biases as shortcuts, critically harming their reliability and safety in complex scenarios. To address this, we introduce CausalVAD, a de-confounding training framework that leverages causal intervention. At its core, we design the sparse causal intervention scheme (SCIS), a lightweight, plug-and-play module to instantiate the backdoor adjustment theory in neural networks. SCIS constructs a dictionary of prototypes representing latent driving contexts. It then uses this dictionary to intervene on the model's sparse vectorized queries. This step actively eliminates spurious associations induced by confounders, thereby eliminating spurious factors from the representations for downstream tasks. Extensive experiments on benchmarks like nuScenes show CausalVAD achieves state-of-the-art planning accuracy and safety. Furthermore, our method demonstrates superior robustness against both data bias and noisy scenarios configured to induce causal confusion.","@InProceedings{Tang_2026_CVPR, author = {Tang, Jiacheng and Zhou, Zhiyuan and He, Zhuolin and Zhang, Jia and Zhang, Kai and Pu, Jian}, title = {CausalVAD: De-confounding End-to-End Autonomous Driving via Causal Intervention}, booktitle = {Proceedings of the IEEE/CVF Conference on Computer Vision and Pattern Recognition (CVPR)}, month = {June}, year = {2026}, pages = {32124-32133} }"
Prutsch_SHARP_Short-Window_Streaming_for_Accurate_and_Robust_Prediction_in_Motion_CVPR_2026_paper,2026,1,Autonomous_Driving,Autonomous_Driving,17.0,0.647,SHARP: Short-Window Streaming for Accurate and Robust Prediction in Motion Forecasting,Alexander Prutsch; Christian Fruhwirth-Reisinger; David Schinagl; Horst Possegger,4,32103-32112,True,https://openaccess.thecvf.com/content/CVPR2026/papers/Prutsch_SHARP_Short-Window_Streaming_for_Accurate_and_Robust_Prediction_in_Motion_CVPR_2026_paper.pdf,https://openaccess.thecvf.com/content/CVPR2026/supplemental/Prutsch_SHARP_Short-Window_Streaming_CVPR_2026_supplemental.pdf,https://openaccess.thecvf.com/content/CVPR2026/html/Prutsch_SHARP_Short-Window_Streaming_for_Accurate_and_Robust_Prediction_in_Motion_CVPR_2026_paper.html,"In dynamic traffic environments, motion forecasting models must be able to accurately estimate future trajectories continuously. Streaming-based methods are a promising solution, but despite recent advances, their performance often degrades when exposed to heterogeneous observation lengths. To address this, we propose a novel streaming-based motion forecasting framework that explicitly focuses on evolving scenes. Our method incrementally processes incoming observation windows and leverages an instance-aware context streaming to maintain and update latent agent representations across inference steps. A dual training objective further enables consistent forecasting accuracy across diverse observation horizons. Extensive experiments on Argoverse 2, nuScenes, and Argoverse 1 demonstrate the robustness of our approach under evolving scene conditions and also on the single-agent benchmarks. Our model achieves state-of-the-art performance in streaming inference on the Argoverse 2 multi-agent benchmark, while maintaining minimal latency, highlighting its suitability for real-world deployment.","@InProceedings{Prutsch_2026_CVPR, author = {Prutsch, Alexander and Fruhwirth-Reisinger, Christian and Schinagl, David and Possegger, Horst}, title = {SHARP: Short-Window Streaming for Accurate and Robust Prediction in Motion Forecasting}, booktitle = {Proceedings of the IEEE/CVF Conference on Computer Vision and Pattern Recognition (CVPR)}, month = {June}, year = {2026}, pages = {32103-32112} }"
Zhang_Generalized-CVO_Fast_and_Correspondence-Free_Local_Point_Cloud_Registration_with_Second_CVPR_2026_paper,2026,0,3D_Reconstruction,3D_Reconstruction|LowLevel_Flow_Depth_Matching|Autonomous_Driving,15.0,0.0,Generalized-CVO: Fast and Correspondence-Free Local Point Cloud Registration with Second Order Riemannian Optimization,Ray Zhang; Marcus Greiff; Thomas Lew; John Subosits,4,2948-2958,True,https://openaccess.thecvf.com/content/CVPR2026/papers/Zhang_Generalized-CVO_Fast_and_Correspondence-Free_Local_Point_Cloud_Registration_with_Second_CVPR_2026_paper.pdf,https://openaccess.thecvf.com/content/CVPR2026/supplemental/Zhang_Generalized-CVO_Fast_and_CVPR_2026_supplemental.pdf,https://openaccess.thecvf.com/content/CVPR2026/html/Zhang_Generalized-CVO_Fast_and_Correspondence-Free_Local_Point_Cloud_Registration_with_Second_CVPR_2026_paper.html,"We propose a fast and correspondence-free local point cloud registration method that leverages geometric surface structure and reproducing kernel Hilbert space (RKHS) embeddings. The method represents point clouds as continuous functions with point-wise anisotropic kernels that encode local geometry. This formulation improves alignment along surface normals while relaxing alignment along tangential directions. To solve the resulting registration problem, we propose a second-order on-manifold optimization scheme with approximate Riemannian Hessians, achieving a speedup of up to 10x over the first-order solvers used in prior correspondence-free RKHS-based methods. We demonstrate improved frame-to-frame LiDAR and RGB-D tracking accuracy across diverse indoor and outdoor datasets. On a LiDAR tracking registration task in the driving domain, we achieve a reduction of >55% in both translational and rotational drift in challenging feature-sparse environments. On object registration benchmarks, we show improved robustness over ICP-based methods and further gains when refining global initialization, particularly under moderate misalignment.","@InProceedings{Zhang_2026_CVPR, author = {Zhang, Ray and Greiff, Marcus and Lew, Thomas and Subosits, John}, title = {Generalized-CVO: Fast and Correspondence-Free Local Point Cloud Registration with Second Order Riemannian Optimization}, booktitle = {Proceedings of the IEEE/CVF Conference on Computer Vision and Pattern Recognition (CVPR)}, month = {June}, year = {2026}, pages = {2948-2958} }"
Li_SGDrive_Scene-to-Goal_Hierarchical_World_Cognition_for_Autonomous_Driving_CVPR_2026_paper,2026,1,Autonomous_Driving,Autonomous_Driving|Vision_Language_Multimodal,24.0,0.5,SGDrive: Scene-to-Goal Hierarchical World Cognition for Autonomous Driving,Jingyu Li; Junjie Wu; Dongnan Hu; Xiangkai Huang; Bin Sun; Zhihui Hao; Xianpeng Lang; Xiatian Zhu; Li Zhang,9,4032-4042,True,https://openaccess.thecvf.com/content/CVPR2026/papers/Li_SGDrive_Scene-to-Goal_Hierarchical_World_Cognition_for_Autonomous_Driving_CVPR_2026_paper.pdf,https://openaccess.thecvf.com/content/CVPR2026/supplemental/Li_SGDrive_Scene-to-Goal_Hierarchical_CVPR_2026_supplemental.pdf,https://openaccess.thecvf.com/content/CVPR2026/html/Li_SGDrive_Scene-to-Goal_Hierarchical_World_Cognition_for_Autonomous_Driving_CVPR_2026_paper.html,"Recent end-to-end autonomous driving approaches have leveraged Vision-Language Models (VLMs) to enhance planning capabilities in complex driving scenarios. However, VLMs are inherently trained as generalist models, lacking specialized understanding of driving-specific reasoning in 3D space and time. When applied to autonomous driving, these models struggle to establish structured spatial-temporal representations that capture geometric relationships, scene context, and motion patterns critical for safe trajectory planning.To address these limitations, we propose SGDrive, a novel framework that explicitly structures the VLM's representation learning around driving-specific knowledge hierarchies. Built upon a pre-trained VLM backbone, SGDrive decomposes driving understanding into a scene-agent-goal hierarchy that mirrors human driving cognition: drivers first perceive the overall environment (scene context), then attend to safety-critical agents and their behaviors, and finally formulate short-term goals before executing actions. This hierarchical decomposition provides the structured spatial-temporal representation that generalist VLMs lack, integrating multi-level information into a compact yet comprehensive format for trajectory planning.Extensive experiments on the NAVSIM benchmark demonstrate that SGDrive achieves state-of-the-art performance among camera-only methods, validating the effectiveness of hierarchical knowledge structuring for adapting generalist VLMs to autonomous driving.","@InProceedings{Li_2026_CVPR, author = {Li, Jingyu and Wu, Junjie and Hu, Dongnan and Huang, Xiangkai and Sun, Bin and Hao, Zhihui and Lang, Xianpeng and Zhu, Xiatian and Zhang, Li}, title = {SGDrive: Scene-to-Goal Hierarchical World Cognition for Autonomous Driving}, booktitle = {Proceedings of the IEEE/CVF Conference on Computer Vision and Pattern Recognition (CVPR)}, month = {June}, year = {2026}, pages = {4032-4042} }"
Pan_PanDA_Unsupervised_Domain_Adaptation_for_Multimodal_3D_Panoptic_Segmentation_in_CVPR_2026_paper,2026,0,Segmentation,Segmentation|Autonomous_Driving|Vision_Language_Multimodal,33.0,0.545,PanDA: Unsupervised Domain Adaptation for Multimodal 3D Panoptic Segmentation in Autonomous Driving,Yining Pan; Shijie Li; Yuchen Wu; Xulei Yang; Na Zhao,5,33057-33067,True,https://openaccess.thecvf.com/content/CVPR2026/papers/Pan_PanDA_Unsupervised_Domain_Adaptation_for_Multimodal_3D_Panoptic_Segmentation_in_CVPR_2026_paper.pdf,https://openaccess.thecvf.com/content/CVPR2026/supplemental/Pan_PanDA_Unsupervised_Domain_CVPR_2026_supplemental.pdf,https://openaccess.thecvf.com/content/CVPR2026/html/Pan_PanDA_Unsupervised_Domain_Adaptation_for_Multimodal_3D_Panoptic_Segmentation_in_CVPR_2026_paper.html,"This paper presents the first study on Unsupervised Domain Adaptation (UDA) for multimodal 3D panoptic segmentation (mm-3DPS), aiming to improve generalization under domain shifts commonly encountered in real-world autonomous driving. A straightforward solution is to employ a pseudo-labeling strategy, which is widely used in UDA to generate supervision for unlabeled target data, combined with an mm-3DPS backbone. However, existing supervised mm-3DPS methods rely heavily on strong cross-modal complementarity between LiDAR and RGB inputs, making them fragile under domain shifts where one modality degrades (e.g., poor lighting or adverse weather). Moreover, conventional pseudo-labeling typically retains only high-confidence regions, leading to fragmented masks and incomplete object supervision, which are issues particularly detrimental to panoptic segmentation. To address these challenges, we propose PanDA, the first UDA framework specifically designed for multimodal 3D panoptic segmentation. To improve robustness against single-sensor degradation, we introduce an asymmetric multimodal augmentation that selectively drops regions to simulate domain shifts and improve robust representation learning. To enhance pseudo-label completeness and reliability, we further develop a dual-expert pseudo-label refinement module that extracts domain-invariant priors from both 2D and 3D modalities. Extensive experiments across diverse domain shifts, spanning time, weather, location, and sensor variations, significantly surpass state-of-the-art UDA baselines for 3D semantic segmentation.","@InProceedings{Pan_2026_CVPR, author = {Pan, Yining and Li, Shijie and Wu, Yuchen and Yang, Xulei and Zhao, Na}, title = {PanDA: Unsupervised Domain Adaptation for Multimodal 3D Panoptic Segmentation in Autonomous Driving}, booktitle = {Proceedings of the IEEE/CVF Conference on Computer Vision and Pattern Recognition (CVPR)}, month = {June}, year = {2026}, pages = {33057-33067} }"
Mao_The_Blind_Spot_of_Adaptation_Quantifying_and_Mitigating_Forgetting_in_CVPR_2026_paper,2026,0,Transfer_FewShot_DomainAdaptation,Transfer_FewShot_DomainAdaptation|Vision_Language_Multimodal|Autonomous_Driving,11.0,0.182,The Blind Spot of Adaptation: Quantifying and Mitigating Forgetting in Fine-tuned Driving Models,Runhao Mao; Hanshi Wang; Yixiang Yang; Qianli Ma; Jingmeng Zhou; Zhipeng Zhang,6,10621-10631,True,https://openaccess.thecvf.com/content/CVPR2026/papers/Mao_The_Blind_Spot_of_Adaptation_Quantifying_and_Mitigating_Forgetting_in_CVPR_2026_paper.pdf,https://openaccess.thecvf.com/content/CVPR2026/supplemental/Mao_The_Blind_Spot_CVPR_2026_supplemental.pdf,https://openaccess.thecvf.com/content/CVPR2026/html/Mao_The_Blind_Spot_of_Adaptation_Quantifying_and_Mitigating_Forgetting_in_CVPR_2026_paper.html,"The integration of Vision-Language Models (VLMs) into autonomous driving promises to solve long-tail scenarios, but this paradigm faces the critical and unaddressed challenge of catastrophic forgetting. The very fine-tuning process used to adapt these models to driving-specific data simultaneously erodes their invaluable pre-trained world knowledge, creating a self-defeating paradox that undermines the core reason for their use. This paper provides the first systematic investigation into this phenomenon. We introduce a new large-scale dataset of 180K scenes, which enables the first-ever benchmark specifically designed to quantify catastrophic forgetting in autonomous driving. Our analysis reveals that existing methods suffer from significant knowledge degradation. To address this, we propose the Drive Expert Adapter (DEA), a novel framework that circumvents this trade-off by shifting adaptation from the weight space to the prompt space. DEA dynamically routes inference through different knowledge experts based on scene-specific cues, enhancing driving-task performance without corrupting the model's foundational parameters. Extensive experiments demonstrate that our approach not only achieves state-of-the-art results on driving tasks but also effectively mitigates catastrophic forgetting, preserving the essential generalization capabilities that make VLMs a transformative force for autonomous systems. Dataset and code will be released.","@InProceedings{Mao_2026_CVPR, author = {Mao, Runhao and Wang, Hanshi and Yang, Yixiang and Ma, Qianli and Zhou, Jingmeng and Zhang, Zhipeng}, title = {The Blind Spot of Adaptation: Quantifying and Mitigating Forgetting in Fine-tuned Driving Models}, booktitle = {Proceedings of the IEEE/CVF Conference on Computer Vision and Pattern Recognition (CVPR)}, month = {June}, year = {2026}, pages = {10621-10631} }"
Lilja_QueryOcc_Query-based_Self-Supervision_for_3D_Semantic_Occupancy_CVPR_2026_paper,2026,0,SelfSupervised_Representation,SelfSupervised_Representation|Autonomous_Driving|3D_Reconstruction,12.0,0.25,QueryOcc: Query-based Self-Supervision for 3D Semantic Occupancy,Adam Lilja; Ji Lan; Junsheng Fu; Lars Hammarstrand,4,21399-21408,True,https://openaccess.thecvf.com/content/CVPR2026/papers/Lilja_QueryOcc_Query-based_Self-Supervision_for_3D_Semantic_Occupancy_CVPR_2026_paper.pdf,https://openaccess.thecvf.com/content/CVPR2026/supplemental/Lilja_QueryOcc_Query-based_Self-Supervision_CVPR_2026_supplemental.zip,https://openaccess.thecvf.com/content/CVPR2026/html/Lilja_QueryOcc_Query-based_Self-Supervision_for_3D_Semantic_Occupancy_CVPR_2026_paper.html,"Learning 3D scene geometry and semantics from images is a core challenge in computer vision and a key capability for autonomous driving. Since large-scale 3D annotation is prohibitively expensive, recent work explores self-supervised learning directly from sensor data without manual labels. Existing approaches either rely on 2D rendering consistency, where 3D structure emerges only implicitly, or on discretized voxel grids from accumulated lidar point clouds, limiting spatial precision and scalability. We introduce QueryOcc, a query-based self-supervised framework that learns continuous 3D semantic occupancy directly through independent 4D spatio-temporal queries sampled across adjacent frames. The framework supports supervision from either pseudo-point clouds derived from vision foundation models or raw lidar data. To enable long-range supervision and reasoning under constant memory, we introduce a contractive scene representation that preserves near-field detail while smoothly compressing distant regions.QueryOcc surpasses previous camera-based methods by 26% in semantic RayIoU on the self-supervised Occ3D-nuScenes benchmark while running at 11.6 FPS, demonstrating that direct 4D query supervision enables strong self-supervised occupancy learning.","@InProceedings{Lilja_2026_CVPR, author = {Lilja, Adam and Lan, Ji and Fu, Junsheng and Hammarstrand, Lars}, title = {QueryOcc: Query-based Self-Supervision for 3D Semantic Occupancy}, booktitle = {Proceedings of the IEEE/CVF Conference on Computer Vision and Pattern Recognition (CVPR)}, month = {June}, year = {2026}, pages = {21399-21408} }"
Ni_Structure-to-Intensity_Diffusion_for_Adverse-Weather_LiDAR_Generation_CVPR_2026_paper,2026,1,Autonomous_Driving,Autonomous_Driving|3D_Reconstruction|Restoration_Enhancement,15.0,0.4,Structure-to-Intensity Diffusion for Adverse-Weather LiDAR Generation,Peiyang Ni; Longyu Yang; Lu Zhang; Kuniaki Saito; Yap-Peng Tan; Fumin Shen; Heng Tao Shen; Xiaofeng Zhu; Ping Hu,9,35904-35914,True,https://openaccess.thecvf.com/content/CVPR2026/papers/Ni_Structure-to-Intensity_Diffusion_for_Adverse-Weather_LiDAR_Generation_CVPR_2026_paper.pdf,https://openaccess.thecvf.com/content/CVPR2026/supplemental/Ni_Structure-to-Intensity_Diffusion_for_CVPR_2026_supplemental.pdf,https://openaccess.thecvf.com/content/CVPR2026/html/Ni_Structure-to-Intensity_Diffusion_for_Adverse-Weather_LiDAR_Generation_CVPR_2026_paper.html,"Adverse-weather LiDAR point cloud generation is challenged by complex weather-induced degradations. These degradations affect geometry and reflectance in fundamentally different ways, making joint modeling difficult and ambiguous, especially when diverse real-world training data is limited. To address this, we propose Structure-to-Intensity Diffusion (SiD), a diffusion-based framework that explicitly factorizes the denoising process at each time step: it first reconstructs the geometric structure, then conditions reflectance intensity denoising on the estimated structure. This structure-conditioned design decomposes the joint distribution, reduces modeling ambiguity, and leads to point clouds that are both geometrically coherent and radiometrically realistic. To mitigate data scarcity, we introduce Real-Prior Weather Simulation (RPWS), a degradation module that leverages real-world sensor statistics to synthesize physically plausible adverse-weather point clouds from clear scans. Extensive experiments demonstrate that, with similar model complexity, our approach outperforms the previous state-of-the-art in generating adverse-weather LiDAR scans with both structural and radiometric properties more closely aligned with real-world data.","@InProceedings{Ni_2026_CVPR, author = {Ni, Peiyang and Yang, Longyu and Zhang, Lu and Saito, Kuniaki and Tan, Yap-Peng and Shen, Fumin and Shen, Heng Tao and Zhu, Xiaofeng and Hu, Ping}, title = {Structure-to-Intensity Diffusion for Adverse-Weather LiDAR Generation}, booktitle = {Proceedings of the IEEE/CVF Conference on Computer Vision and Pattern Recognition (CVPR)}, month = {June}, year = {2026}, pages = {35904-35914} }"
Borhan_Reliable_Policy_Transfer_for_Safety-Aware_End-to-End_Driving_with_Deep_Reinforcement_CVPR_2026_paper,2026,1,Autonomous_Driving,Autonomous_Driving|Trustworthy_Security_Privacy|Embodied_AI_Robotics,14.0,0.286,Reliable Policy Transfer for Safety-Aware End-to-End Driving with Deep Reinforcement Learning,Uddin Md. Borhan; Arif Raza; Zhiliang Lin; Lu Wang; Jianqiang Li; Jie Chen,6,32134-32143,True,https://openaccess.thecvf.com/content/CVPR2026/papers/Borhan_Reliable_Policy_Transfer_for_Safety-Aware_End-to-End_Driving_with_Deep_Reinforcement_CVPR_2026_paper.pdf,https://openaccess.thecvf.com/content/CVPR2026/supplemental/Borhan_Reliable_Policy_Transfer_CVPR_2026_supplemental.zip,https://openaccess.thecvf.com/content/CVPR2026/html/Borhan_Reliable_Policy_Transfer_for_Safety-Aware_End-to-End_Driving_with_Deep_Reinforcement_CVPR_2026_paper.html,"End-to-End (E2E) Reinforcement Learning (RL) for autonomous driving still struggles with safety and generalization under distribution shift, as perception-heavy encoders, sparse rewards, and ad hoc uncertainty handling yield brittle closed-loop behavior. This work introduces a unified Deep RL (DRL) framework built around a control-layer reliability interface where the same uncertainty signal informs relational attention, gates policy entropy, and regularizes transfer alignment. An ego-centric relational graph encodes agent influence via uncertainty-weighted attention over kinematics, lane geometry, and semantics, producing a compact control state. A multi-objective differentiable reward shapes safety, progress, and comfort with an uncertainty term. Aleatoric and epistemic uncertainty, captured through per-edge heteroscedastic variance and a critic ensemble, modulate policy entropy for risk-aware exploration. A causal-semantic transfer objective aligns actions, attention, and uncertainty statistics across domains with meta-learned initialization for few-shot adaptation. In closed-loop urban driving across varied towns, traffic, and weather, the framework improves success rate, reduces infractions, and achieves higher time-to-conflict combined with lower lateral deviation over strong baselines.","@InProceedings{Borhan_2026_CVPR, author = {Borhan, Uddin Md. and Raza, Arif and Lin, Zhiliang and Wang, Lu and Li, Jianqiang and Chen, Jie}, title = {Reliable Policy Transfer for Safety-Aware End-to-End Driving with Deep Reinforcement Learning}, booktitle = {Proceedings of the IEEE/CVF Conference on Computer Vision and Pattern Recognition (CVPR)}, month = {June}, year = {2026}, pages = {32134-32143} }"
Skuddis_BEV-SLD_Self-Supervised_Scene_Landmark_Detection_for_Global_Localization_with_LiDAR_CVPR_2026_paper,2026,1,Autonomous_Driving,Autonomous_Driving,39.0,0.692,BEV-SLD: Self-Supervised Scene Landmark Detection for Global Localization with LiDAR Bird's-Eye View Images,David Skuddis; Vincent Ress; Wei Zhang; Vincent Ofosu Nyako; Norbert Haala,5,31400-31409,True,https://openaccess.thecvf.com/content/CVPR2026/papers/Skuddis_BEV-SLD_Self-Supervised_Scene_Landmark_Detection_for_Global_Localization_with_LiDAR_CVPR_2026_paper.pdf,https://openaccess.thecvf.com/content/CVPR2026/supplemental/Skuddis_BEV-SLD_Self-Supervised_Scene_CVPR_2026_supplemental.pdf,https://openaccess.thecvf.com/content/CVPR2026/html/Skuddis_BEV-SLD_Self-Supervised_Scene_Landmark_Detection_for_Global_Localization_with_LiDAR_CVPR_2026_paper.html,"We present BEV-SLD, a LiDAR global localization method building on the Scene Landmark Detection (SLD) concept. Unlike scene-agnostic pipelines, our self-supervised approach leverages bird's-eye-view (BEV) images to discover scene-specific patterns at a prescribed spatial density and treat them as landmarks. A consistency loss aligns learnable global landmark coordinates with per-frame heatmaps, yielding consistent landmark detections across the scene. Across campus, industrial, and forest environments, BEV-SLD delivers robust localization and achieves strong performance compared to state-of-the-art methods.","@InProceedings{Skuddis_2026_CVPR, author = {Skuddis, David and Ress, Vincent and Zhang, Wei and Nyako, Vincent Ofosu and Haala, Norbert}, title = {BEV-SLD: Self-Supervised Scene Landmark Detection for Global Localization with LiDAR Bird's-Eye View Images}, booktitle = {Proceedings of the IEEE/CVF Conference on Computer Vision and Pattern Recognition (CVPR)}, month = {June}, year = {2026}, pages = {31400-31409} }"
Sun_LiDAR_Prompted_Spatio-Temporal_Multi-View_Stereo_for_Autonomous_Driving_CVPR_2026_paper,2026,1,Autonomous_Driving,Autonomous_Driving|3D_Reconstruction,30.0,0.5,LiDAR Prompted Spatio-Temporal Multi-View Stereo for Autonomous Driving,Qihao Sun; Jiarun Liu; Ziqian Ni; Jianyun Xu; Sheng Yang; Tao Xie; Lijun Zhao; Ruifeng Li,8,14567-14577,True,https://openaccess.thecvf.com/content/CVPR2026/papers/Sun_LiDAR_Prompted_Spatio-Temporal_Multi-View_Stereo_for_Autonomous_Driving_CVPR_2026_paper.pdf,https://openaccess.thecvf.com/content/CVPR2026/supplemental/Sun_LiDAR_Prompted_Spatio-Temporal_CVPR_2026_supplemental.pdf,https://openaccess.thecvf.com/content/CVPR2026/html/Sun_LiDAR_Prompted_Spatio-Temporal_Multi-View_Stereo_for_Autonomous_Driving_CVPR_2026_paper.html,"Accurate metric depth is critical for autonomous driving perception and simulation, yet current approaches struggle to achieve high metric accuracy, multi-view and temporal consistency, and cross-domain generalization. To address these challenges, we present DriveMVS, a novel multi-view stereo framework that reconciles these competing objectives through two key insights: (1) Sparse but metrically accurate LiDAR observations can serve as geometric prompts to anchor depth estimation in absolute scale, and (2) deep fusion of diverse cues is essential for resolving ambiguities and enhancing robustness, while a spatio-temporal decoder ensures consistency across frames. Built upon these principles, DriveMVS embeds the LiDAR prompt in two ways: as a hard geometric prior that anchors the cost volume, and as soft feature-wise guidance fused by a triple-cue combiner. Regarding temporal consistency, DriveMVS employs a spatio-temporal decoder that jointly leverages geometric cues from the MVS cost volume and temporal context from neighboring frames. Experiments show that DriveMVS achieves state-of-the-art performance on multiple benchmarks, excelling in metric accuracy, temporal stability, and zero-shot cross-domain transfer, demonstrating its practical value for scalable, reliable autonomous driving systems. Code: https://github.com/Akina2001/DriveMVS.git.","@InProceedings{Sun_2026_CVPR, author = {Sun, Qihao and Liu, Jiarun and Ni, Ziqian and Xu, Jianyun and Yang, Sheng and Xie, Tao and Zhao, Lijun and Li, Ruifeng}, title = {LiDAR Prompted Spatio-Temporal Multi-View Stereo for Autonomous Driving}, booktitle = {Proceedings of the IEEE/CVF Conference on Computer Vision and Pattern Recognition (CVPR)}, month = {June}, year = {2026}, pages = {14567-14577} }"
Kirby_Driving_on_Registers_CVPR_2026_paper,2026,1,Autonomous_Driving,Autonomous_Driving,9.0,0.444,Driving on Registers,Ellington Kirby; Alexandre Boulch; Yihong Xu; Yuan Yin; Gilles Puy; Éloi Zablocki; Andrei Bursuc; Spyros Gidaris; Renaud Marlet; Florent Bartoccioni; Anh-Quan Cao; Nermin Samet; Tuan-Hung VU; Matthieu Cord,14,32058-32069,True,https://openaccess.thecvf.com/content/CVPR2026/papers/Kirby_Driving_on_Registers_CVPR_2026_paper.pdf,https://openaccess.thecvf.com/content/CVPR2026/supplemental/Kirby_Driving_on_Registers_CVPR_2026_supplemental.pdf,https://openaccess.thecvf.com/content/CVPR2026/html/Kirby_Driving_on_Registers_CVPR_2026_paper.html,"We present DrivoR, a simple transformer-based architecture for end-to-end autonomous driving. Our approach builds on pretrained Vision Transformers (ViTs) and introduces camera-aware register tokens that compress multi-camera features into a compact scene representation, significantly reducing downstream computation without sacrificing accuracy. These tokens drive two lightweight transformer decoders that generate and then score candidate trajectories. The scoring decoder learns to mimic an oracle and predicts interpretable sub-scores e.g., safety or efficiency, enabling behavior-conditioned driving at inference. Despite its minimal design, DrivoR outperforms or matches strong baselines across NAVSIM-v1/v2, and closed-loop HUGSIM benchmarks. Our results show that a pure-transformer architecture, combined with targeted token compression, is sufficient for accurate, efficient, and adaptive end-to-end driving. Code and checkpoints are available via the project page.","@InProceedings{Kirby_2026_CVPR, author = {Kirby, Ellington and Boulch, Alexandre and Xu, Yihong and Yin, Yuan and Puy, Gilles and Zablocki, \'Eloi and Bursuc, Andrei and Gidaris, Spyros and Marlet, Renaud and Bartoccioni, Florent and Cao, Anh-Quan and Samet, Nermin and VU, Tuan-Hung and Cord, Matthieu}, title = {Driving on Registers}, booktitle = {Proceedings of the IEEE/CVF Conference on Computer Vision and Pattern Recognition (CVPR)}, month = {June}, year = {2026}, pages = {32058-32069} }"
Behari_Task-Driven_Implicit_Representations_for_Automated_Design_of_LiDAR_Systems_CVPR_2026_paper,2026,1,Autonomous_Driving,Autonomous_Driving,21.0,0.714,Task-Driven Implicit Representations for Automated Design of LiDAR Systems,Nikhil Behari; Aaron Young; Tzofi Klinghoffer; Akshat Dave; Ramesh Raskar,5,24248-24257,True,https://openaccess.thecvf.com/content/CVPR2026/papers/Behari_Task-Driven_Implicit_Representations_for_Automated_Design_of_LiDAR_Systems_CVPR_2026_paper.pdf,https://openaccess.thecvf.com/content/CVPR2026/supplemental/Behari_Task-Driven_Implicit_Representations_CVPR_2026_supplemental.pdf,https://openaccess.thecvf.com/content/CVPR2026/html/Behari_Task-Driven_Implicit_Representations_for_Automated_Design_of_LiDAR_Systems_CVPR_2026_paper.html,"Imaging system design is a complex, time-consuming, and largely manual process; LiDAR design, ubiquitous in mobile devices, autonomous vehicles, and aerial imaging platforms, adds further complexity through unique spatial and temporal sampling requirements. In this work, we propose a framework for automated, task-driven LiDAR system design under arbitrary constraints. To achieve this, we represent LiDAR configurations in a continuous six-dimensional design space and learn task-specific implicit densities in this space via flow-based generative modeling. We then synthesize new LiDAR systems by modeling sensors as parametric distributions in 6D space and fitting these distributions to our learned implicit density using expectation-maximization, enabling efficient, constraint-aware LiDAR system design. We validate our method on diverse tasks in 3D vision, enabling automated LiDAR system design across real-world-inspired applications in face scanning, robotic tracking, and object detection.","@InProceedings{Behari_2026_CVPR, author = {Behari, Nikhil and Young, Aaron and Klinghoffer, Tzofi and Dave, Akshat and Raskar, Ramesh}, title = {Task-Driven Implicit Representations for Automated Design of LiDAR Systems}, booktitle = {Proceedings of the IEEE/CVF Conference on Computer Vision and Pattern Recognition (CVPR)}, month = {June}, year = {2026}, pages = {24248-24257} }"
Xu_Efficient_Equivariant_Transformer_for_Self-Driving_Agent_Modeling_CVPR_2026_paper,2026,1,Autonomous_Driving,Autonomous_Driving|LLM_Reasoning_Agent,14.0,0.143,Efficient Equivariant Transformer for Self-Driving Agent Modeling,Scott Xu; Dian Chen; Kelvin Wong; Chris Zhang; Kion Fallah; Raquel Urtasun,6,32164-32172,True,https://openaccess.thecvf.com/content/CVPR2026/papers/Xu_Efficient_Equivariant_Transformer_for_Self-Driving_Agent_Modeling_CVPR_2026_paper.pdf,https://openaccess.thecvf.com/content/CVPR2026/supplemental/Xu_Efficient_Equivariant_Transformer_CVPR_2026_supplemental.zip,https://openaccess.thecvf.com/content/CVPR2026/html/Xu_Efficient_Equivariant_Transformer_for_Self-Driving_Agent_Modeling_CVPR_2026_paper.html,"Accurately modeling agent behaviors is an important task in self-driving. It is also a task with many symmetries, such as equivariance to the order of agents and objects in the scene or equivariance to arbitrary roto-translations of the entire scene as a whole; i.e., SE(2)-equivariance. The transformer architecture is a ubiquitous tool for modeling these symmetries. While standard self-attention is inherently permutation equivariant, explicit pairwise relative positional encodings have been the standard for introducing SE(2)-equivariance. However, this approach introduces an additional cost that is quadratic in the number of agents, limiting its scalability to larger scenes and batch sizes. In this work, we propose DriveGATr, a novel transformer-based architecture for agent modeling that achieves SE(2)-equivariance without the computational cost of existing methods. Inspired by recent advances in geometric deep learning, DriveGATr encodes scene elements as multivectors in the 2D projective geometric algebra \mathbb R ^*_ 2,0,1 and processes them with a stack of equivariant transformer blocks. Crucially, DriveGATr models geometric relationships using standard attention between multivectors, eliminating the need for costly explicit pairwise relative positional encodings. Experiments on the Waymo Open Motion Dataset demonstrate that DriveGATr is comparable to the state-of-the-art in traffic simulation and establishes a superior Pareto front for performance vs computational cost.","@InProceedings{Xu_2026_CVPR, author = {Xu, Scott and Chen, Dian and Wong, Kelvin and Zhang, Chris and Fallah, Kion and Urtasun, Raquel}, title = {Efficient Equivariant Transformer for Self-Driving Agent Modeling}, booktitle = {Proceedings of the IEEE/CVF Conference on Computer Vision and Pattern Recognition (CVPR)}, month = {June}, year = {2026}, pages = {32164-32172} }"
Dimlioglu_Scaling-Aware_Data_Selection_for_End-to-End_Autonomous_Driving_Systems_CVPR_2026_paper,2026,1,Autonomous_Driving,Autonomous_Driving,21.0,1.0,Scaling-Aware Data Selection for End-to-End Autonomous Driving Systems,Tolga Dimlioglu; Nadine Chang; Maying Shen; Rafid Mahmood; Jose M. Alvarez,5,17798-17808,True,https://openaccess.thecvf.com/content/CVPR2026/papers/Dimlioglu_Scaling-Aware_Data_Selection_for_End-to-End_Autonomous_Driving_Systems_CVPR_2026_paper.pdf,https://openaccess.thecvf.com/content/CVPR2026/supplemental/Dimlioglu_Scaling-Aware_Data_Selection_CVPR_2026_supplemental.pdf,https://openaccess.thecvf.com/content/CVPR2026/html/Dimlioglu_Scaling-Aware_Data_Selection_for_End-to-End_Autonomous_Driving_Systems_CVPR_2026_paper.html,"Large-scale deep learning models for physical AI applications depend on diverse training data collection efforts. These models and correspondingly, the training data, must address the different evaluation criteria necessary for the models to be deployable in real-world environments. Data selection policies can guide the development of the training set, but current frameworks do not account for the ambiguity in how data points affect different metrics. In this work, we propose Mixture Optimization via Scaling-Aware Iterative Collection (MOSAIC), a general data selection framework that operates by: (i) partitioning the dataset into domains; (ii) fitting neural scaling laws from each data domain to the evaluation metrics; and (iii) optimizing a data mixture by iteratively adding data from domains that maximize the change in metrics. We apply MOSAIC to autonomous driving (AD), where an End-to-End (E2E) planner model is evaluated on the Extended Predictive Driver Model Score (EPDMS), an aggregate of driving rule compliance metrics. Here, MOSAIC outperforms a diverse set of baselines on EPDMS with up to 80% less data.","@InProceedings{Dimlioglu_2026_CVPR, author = {Dimlioglu, Tolga and Chang, Nadine and Shen, Maying and Mahmood, Rafid and Alvarez, Jose M.}, title = {Scaling-Aware Data Selection for End-to-End Autonomous Driving Systems}, booktitle = {Proceedings of the IEEE/CVF Conference on Computer Vision and Pattern Recognition (CVPR)}, month = {June}, year = {2026}, pages = {17798-17808} }"
Wang_HorizonForge_Driving_Scene_Editing_with_Any_Trajectories_and_Any_Vehicles_CVPR_2026_paper,2026,1,Autonomous_Driving,Autonomous_Driving|Embodied_AI_Robotics,15.0,0.6,HorizonForge: Driving Scene Editing with Any Trajectories and Any Vehicles,Yifan Wang; Francesco Pittaluga; Zaid Tasneem; Chenyu You; Manmohan Chandraker; Ziyu Jiang,6,24895-24905,True,https://openaccess.thecvf.com/content/CVPR2026/papers/Wang_HorizonForge_Driving_Scene_Editing_with_Any_Trajectories_and_Any_Vehicles_CVPR_2026_paper.pdf,https://openaccess.thecvf.com/content/CVPR2026/supplemental/Wang_HorizonForge_Driving_Scene_CVPR_2026_supplemental.zip,https://openaccess.thecvf.com/content/CVPR2026/html/Wang_HorizonForge_Driving_Scene_Editing_with_Any_Trajectories_and_Any_Vehicles_CVPR_2026_paper.html,"Controllable driving scene generation is critical for realistic and scalable autonomous driving simulation, yet existing approaches struggle to jointly achieve photorealism and precise control. We introduce HorizonForge, a unified framework that reconstructs scenes as editable Gaussian Splats and Meshes, enabling fine-grained 3D manipulation and language-driven vehicle insertion. Edits are rendered through a noise-aware video diffusion process that enforces spatial and temporal consistency, producing diverse scene variations in a single feed-forward pass without per-trajectory optimization. To standardize evaluation, we further propose HorizonSuite, a comprehensive benchmark spanning ego- and agent-level editing tasks such as trajectory modifications and object manipulation. Extensive experiments show that Gaussian Splatting delivers substantially higher fidelity than alternative 3D representations, and that temporal priors from video diffusion are essential for coherent synthesis. Combining these finding, HorizonSuite establishes a simple yet powerful paradigm for photorealistic, controllable driving simulation. achieving an 83.4% user-preference gain and a 25.19% FID improvement over the second best state-of-the-art method.","@InProceedings{Wang_2026_CVPR, author = {Wang, Yifan and Pittaluga, Francesco and Tasneem, Zaid and You, Chenyu and Chandraker, Manmohan and Jiang, Ziyu}, title = {HorizonForge: Driving Scene Editing with Any Trajectories and Any Vehicles}, booktitle = {Proceedings of the IEEE/CVF Conference on Computer Vision and Pattern Recognition (CVPR)}, month = {June}, year = {2026}, pages = {24895-24905} }"
Zhang_RF4DNeural_Radar_Fields_for_Novel_View_Synthesis_in_Outdoor_Dynamic_CVPR_2026_paper,2026,0,Neural_Rendering_NeRF_3DGS,Neural_Rendering_NeRF_3DGS|Autonomous_Driving,18.0,0.5,RF4D:Neural Radar Fields for Novel View Synthesis in Outdoor Dynamic Scenes,Jiarui Zhang; Zhihao Li; Chong Wang; Bihan Wen,4,15387-15397,True,https://openaccess.thecvf.com/content/CVPR2026/papers/Zhang_RF4DNeural_Radar_Fields_for_Novel_View_Synthesis_in_Outdoor_Dynamic_CVPR_2026_paper.pdf,,https://openaccess.thecvf.com/content/CVPR2026/html/Zhang_RF4DNeural_Radar_Fields_for_Novel_View_Synthesis_in_Outdoor_Dynamic_CVPR_2026_paper.html,"Neural fields (NFs) have achieved remarkable success in scene reconstruction and novel view synthesis. However, existing NF approaches that rely on RGB or LiDAR inputs often struggle under adverse weather conditions, limiting their robustness in real-world outdoor environments such as autonomous driving. In contrast, millimeter-wave radar is inherently resilient to environmental variations, yet its integration with NFs remains largely underexplored. Moreover, outdoor driving scenes frequently involve dynamic objects, making spatiotemporal modeling crucial for temporally consistent novel view synthesis. To address these challenges, we present RF4D, a radar-based neural field framework tailored for novel view synthesis in outdoor dynamic scenes. RF4D explicitly incorporates temporal information into its representation, enabling more accurate modeling of object motion. A dedicated scene flow module further predicts temporal offsets between adjacent frames, enforcing temporal occupancy coherence during dynamic scene reconstruction. Moreover, we propose a radar-specific power rendering formulation grounded in radar sensing physics, improving both synthesis accuracy and interpretability. Extensive experiments on public radar datasets demonstrate that RF4D substantially outperforms existing methods in radar measurement synthesis and occupancy estimation accuracy, with particularly strong gains in dynamic outdoor environments.","@InProceedings{Zhang_2026_CVPR, author = {Zhang, Jiarui and Li, Zhihao and Wang, Chong and Wen, Bihan}, title = {RF4D:Neural Radar Fields for Novel View Synthesis in Outdoor Dynamic Scenes}, booktitle = {Proceedings of the IEEE/CVF Conference on Computer Vision and Pattern Recognition (CVPR)}, month = {June}, year = {2026}, pages = {15387-15397} }"
Govil_DriverGaze360_OmniDirectional_Driver_Attention_with_Object-Level_Guidance_CVPR_2026_paper,2026,1,Autonomous_Driving,Autonomous_Driving,8.0,0.375,DriverGaze360: OmniDirectional Driver Attention with Object-Level Guidance,Shreedhar Govil; Didier Stricker; Jason Rambach,3,39786-39795,True,https://openaccess.thecvf.com/content/CVPR2026/papers/Govil_DriverGaze360_OmniDirectional_Driver_Attention_with_Object-Level_Guidance_CVPR_2026_paper.pdf,https://openaccess.thecvf.com/content/CVPR2026/supplemental/Govil_DriverGaze360_OmniDirectional_Driver_CVPR_2026_supplemental.zip,https://openaccess.thecvf.com/content/CVPR2026/html/Govil_DriverGaze360_OmniDirectional_Driver_Attention_with_Object-Level_Guidance_CVPR_2026_paper.html,"Predicting driver attention is a critical problem for developing explainable autonomous driving systems and understanding driver behavior in mixed human-autonomous vehicle traffic scenarios. Although significant progress has been made through large-scale driver attention datasets and deep learning architectures, existing works are constrained by narrow frontal field-of-view and limited driving diversity. Consequently, they fail to capture the full spatial context of driving environments, especially during lane changes, turns, and interactions involving peripheral objects such as pedestrians or cyclists. In this paper, we introduce DriverGaze360, a large-scale 360 field of view driver attention dataset, containing 1 million gaze-labeled frames collected from 19 human drivers, enabling comprehensive omnidirectional modeling of driver gaze behavior. Moreover, our panoramic attention prediction approach, DriverGaze360-Net, jointly learns attention maps and attended objects by employing an auxiliary semantic segmentation head. This improves spatial awareness and attention prediction across wide panoramic inputs. Extensive experiments demonstrate that DriverGaze360-Net achieves state-of-the-art attention prediction performance on multiple metrics on panoramic driving images. Dataset and method available at https://dfki-av.github.io/drivergaze360/.","@InProceedings{Govil_2026_CVPR, author = {Govil, Shreedhar and Stricker, Didier and Rambach, Jason}, title = {DriverGaze360: OmniDirectional Driver Attention with Object-Level Guidance}, booktitle = {Proceedings of the IEEE/CVF Conference on Computer Vision and Pattern Recognition (CVPR)}, month = {June}, year = {2026}, pages = {39786-39795} }"
He_DynamicVGGT_Learning_Dynamic_Point_Maps_for_4D_Scene_Reconstruction_in_CVPR_2026_paper,2026,1,Autonomous_Driving,Autonomous_Driving|3D_Reconstruction,18.0,0.444,DynamicVGGT: Learning Dynamic Point Maps for 4D Scene Reconstruction in Autonomous Driving,Zhuolin He; Jing Li; Guanghao Li; Xiaolei Chen; Jiacheng Tang; Siyang Zhang; Zhounan Jin; Feipeng Cai; Bin Li; Jian Pu; Jia Cai; Xiangyang Xue,12,35670-35679,True,https://openaccess.thecvf.com/content/CVPR2026/papers/He_DynamicVGGT_Learning_Dynamic_Point_Maps_for_4D_Scene_Reconstruction_in_CVPR_2026_paper.pdf,https://openaccess.thecvf.com/content/CVPR2026/supplemental/He_DynamicVGGT_Learning_Dynamic_CVPR_2026_supplemental.zip,https://openaccess.thecvf.com/content/CVPR2026/html/He_DynamicVGGT_Learning_Dynamic_Point_Maps_for_4D_Scene_Reconstruction_in_CVPR_2026_paper.html,"Dynamic scene reconstruction in autonomous driving remains a fundamental challenge due to significant temporal variations, moving objects, and complex scene dynamics. Existing feed-forward 3D models have demonstrated strong performance in static reconstruction but still struggle to capture dynamic motion. To address these limitations, we propose DynamicVGGT, a unified feed-forward framework that extends VGGT from static 3D perception to dynamic 4D reconstruction. Our goal is to model point motion within feed-forward 3D models in a dynamic and temporally coherent manner. To this end, we jointly predict the current and future point maps within a shared reference coordinate system, allowing the model to implicitly learn dynamic point representations through temporal correspondence. To efficiently capture temporal dependencies, we introduce a Motion-aware Temporal Attention (MTA) module that learns motion continuity. Furthermore, we design a Dynamic 3D Gaussian Splatting Head (DGSH) that explicitly models point motion by predicting Gaussian velocities using learnable motion tokens under scene flow supervision. It refines dynamic geometry through continuous 3D Gaussian optimization. Extensive experiments on autonomous driving datasets demonstrate that DynamicVGGT significantly outperforms existing methods in reconstruction accuracy and temporal consistency, achieving robust feed-forward 4D dynamic scene reconstruction under complex driving scenarios.","@InProceedings{He_2026_CVPR, author = {He, Zhuolin and Li, Jing and Li, Guanghao and Chen, Xiaolei and Tang, Jiacheng and Zhang, Siyang and Jin, Zhounan and Cai, Feipeng and Li, Bin and Pu, Jian and Cai, Jia and Xue, Xiangyang}, title = {DynamicVGGT: Learning Dynamic Point Maps for 4D Scene Reconstruction in Autonomous Driving}, booktitle = {Proceedings of the IEEE/CVF Conference on Computer Vision and Pattern Recognition (CVPR)}, month = {June}, year = {2026}, pages = {35670-35679} }"
Liu_CogDriver_Integrating_Cognitive_Inertia_for_Temporally_Coherent_Planning_in_Autonomous_CVPR_2026_paper,2026,1,Autonomous_Driving,Autonomous_Driving|Vision_Language_Multimodal|LLM_Reasoning_Agent,9.0,0.0,CogDriver: Integrating Cognitive Inertia for Temporally Coherent Planning in Autonomous Driving,Pei Liu; Qingtian Ning; Xinyan Lu; Haipeng Liu; Weiliang Ma; Dangen She; Xianpeng Lang; Jun Ma,8,18150-18160,True,https://openaccess.thecvf.com/content/CVPR2026/papers/Liu_CogDriver_Integrating_Cognitive_Inertia_for_Temporally_Coherent_Planning_in_Autonomous_CVPR_2026_paper.pdf,https://openaccess.thecvf.com/content/CVPR2026/supplemental/Liu_CogDriver_Integrating_Cognitive_CVPR_2026_supplemental.pdf,https://openaccess.thecvf.com/content/CVPR2026/html/Liu_CogDriver_Integrating_Cognitive_Inertia_for_Temporally_Coherent_Planning_in_Autonomous_CVPR_2026_paper.html,"The pursuit of autonomous agents with predictive cognitive world models is hindered by a fundamental flaw in current vision-language models (VLMs): they lack cognitive inertia. Operating on isolated snapshots, these models cannot form a temporally coherent world view, leading to erratic decision jitter and a failure to execute complex, multi-step maneuvers. To remedy this, we introduce CogDriver, a framework designed to build a coherent world model by instilling this crucial cognitive property. Our work makes two key contributions: (1) We present CogDriver-Data, a large-scale vision-language-action dataset whose narrative annotations provide the supervisory signal for learning the temporal dynamics of a world model. (2) We develop the CogDriver-Agent, an architecture featuring a sparse temporalmemory to maintain a stable internal state, the foundation of a world model. This is enabled by a spatiotemporal knowledge distillation approach that explicitly teaches decision coherence. Comprehensive experiments validate our paradigm: CogDriver-Agent achieves a 22% increase in the closed-loop Driving Score on Bench2Drive and a 21% reduction in mean L2 error on nuScenes, establishing a new state-of-the-art. These significant gains in both long-term decision-making and imitation accuracy provide strong evidence that our agent is developing a more stable internal world model.","@InProceedings{Liu_2026_CVPR, author = {Liu, Pei and Ning, Qingtian and Lu, Xinyan and Liu, Haipeng and Ma, Weiliang and She, Dangen and Lang, Xianpeng and Ma, Jun}, title = {CogDriver: Integrating Cognitive Inertia for Temporally Coherent Planning in Autonomous Driving}, booktitle = {Proceedings of the IEEE/CVF Conference on Computer Vision and Pattern Recognition (CVPR)}, month = {June}, year = {2026}, pages = {18150-18160} }"
Wang_VGGDrive_Empowering_Vision-Language_Models_with_Cross-View_Geometric_Grounding_for_Autonomous_CVPR_2026_paper,2026,0,Vision_Language_Multimodal,Vision_Language_Multimodal|Autonomous_Driving,24.0,0.125,VGGDrive: Empowering Vision-Language Models with Cross-View Geometric Grounding for Autonomous Driving,Jie Wang; Guang Li; Zhijian Huang; Chenxu Dang; Hangjun Ye; Yahong Han; Long Chen,7,10954-10964,True,https://openaccess.thecvf.com/content/CVPR2026/papers/Wang_VGGDrive_Empowering_Vision-Language_Models_with_Cross-View_Geometric_Grounding_for_Autonomous_CVPR_2026_paper.pdf,https://openaccess.thecvf.com/content/CVPR2026/supplemental/Wang_VGGDrive_Empowering_Vision-Language_CVPR_2026_supplemental.pdf,https://openaccess.thecvf.com/content/CVPR2026/html/Wang_VGGDrive_Empowering_Vision-Language_Models_with_Cross-View_Geometric_Grounding_for_Autonomous_CVPR_2026_paper.html,"The significance of cross-view 3D geometric modeling capabilities for autonomous driving is self-evident, yet existing Vision-Language Models (VLMs) inherently lack this capability, resulting in their mediocre performance. While some promising approaches attempt to mitigate this by constructing Q&A data for auxiliary training, they still fail to fundamentally equip VLMs with the ability to comprehensively handle diverse evaluation protocols. We thus chart a new course, advocating for the infusion of VLMs with the cross-view geometric grounding of mature 3D foundation models, closing this critical capability gap in autonomous driving. In this spirit, we propose a novel architecture, VGGDrive, which empowers Vision-language models with cross-view Geometric Grounding for autonomous Driving. Concretely, to bridge the cross-view 3D geometric features from the frozen visual 3D model with the VLM's 2D visual features, we introduce a plug-and-play Cross-View 3D Geometric Enabler (CVGE). The CVGE decouples the base VLM architecture and effectively empowers the VLM with 3D features through a hierarchical adaptive injection mechanism. Extensive experiments show that VGGDrive enhances base VLM performance across five autonomous driving benchmarks, including tasks like cross-view risk perception, motion prediction, and trajectory planning. It's our belief that mature 3D foundation models can empower autonomous driving tasks through effective integration, and we hope our initial exploration demonstrates the potential of this paradigm to the autonomous driving community.","@InProceedings{Wang_2026_CVPR, author = {Wang, Jie and Li, Guang and Huang, Zhijian and Dang, Chenxu and Ye, Hangjun and Han, Yahong and Chen, Long}, title = {VGGDrive: Empowering Vision-Language Models with Cross-View Geometric Grounding for Autonomous Driving}, booktitle = {Proceedings of the IEEE/CVF Conference on Computer Vision and Pattern Recognition (CVPR)}, month = {June}, year = {2026}, pages = {10954-10964} }"
Lentsch_TerraSeg_Self-Supervised_Ground_Segmentation_for_Any_LiDAR_CVPR_2026_paper,2026,1,Autonomous_Driving,Autonomous_Driving|SelfSupervised_Representation|Segmentation,18.0,0.167,TerraSeg: Self-Supervised Ground Segmentation for Any LiDAR,Ted Lentsch; Santiago Montiel-Marín; Holger Caesar; Dariu M. Gavrila,4,10040-10050,True,https://openaccess.thecvf.com/content/CVPR2026/papers/Lentsch_TerraSeg_Self-Supervised_Ground_Segmentation_for_Any_LiDAR_CVPR_2026_paper.pdf,https://openaccess.thecvf.com/content/CVPR2026/supplemental/Lentsch_TerraSeg_Self-Supervised_Ground_CVPR_2026_supplemental.pdf,https://openaccess.thecvf.com/content/CVPR2026/html/Lentsch_TerraSeg_Self-Supervised_Ground_Segmentation_for_Any_LiDAR_CVPR_2026_paper.html,"LiDAR perception is fundamental to robotics, enabling machines to understand their environment in 3D. A crucial task for LiDAR-based scene understanding and navigation is ground segmentation. However, existing methods are either handcrafted for specific sensor configurations or rely on costly per-point manual labels, severely limiting their generalization and scalability. To overcome this, we introduce TerraSeg, the first self-supervised, domain-agnostic model for LiDAR ground segmentation. We train TerraSeg on OmniLiDAR, a unified large-scale dataset that aggregates and standardizes data from 12 major public benchmarks. Spanning almost 22 million raw scans across 15 distinct sensor models, OmniLiDAR provides unprecedented diversity for learning a highly generalizable ground model. To supervise training without human annotations, we propose PseudoLabeler, a novel module that generates high-quality ground and non-ground labels through self-supervised per-scan runtime optimization. Extensive evaluations demonstrate that, despite using no manual labels, TerraSeg achieves state-of-the-art results on nuScenes, SemanticKITTI, and Waymo Perception while delivering real-time performance. Our code and model weights are publicly available.","@InProceedings{Lentsch_2026_CVPR, author = {Lentsch, Ted and Montiel-Mar{\'\i}n, Santiago and Caesar, Holger and Gavrila, Dariu M.}, title = {TerraSeg: Self-Supervised Ground Segmentation for Any LiDAR}, booktitle = {Proceedings of the IEEE/CVF Conference on Computer Vision and Pattern Recognition (CVPR)}, month = {June}, year = {2026}, pages = {10040-10050} }"
Li_EE-RL_Vision_Language_Guided_Reinforcement_Learning_with_Explorer_and_Expert_CVPR_2026_paper,2026,1,Autonomous_Driving,Autonomous_Driving|Vision_Language_Multimodal|Embodied_AI_Robotics,24.0,0.125,EE-RL: Vision Language Guided Reinforcement Learning with Explorer and Expert model for End-to-End Autonomous Driving,Xiaolong Li; Lan Yang; Ruyang Li; Shan Fang; Yang Liu; Xiangmo Zhao,6,32082-32092,True,https://openaccess.thecvf.com/content/CVPR2026/papers/Li_EE-RL_Vision_Language_Guided_Reinforcement_Learning_with_Explorer_and_Expert_CVPR_2026_paper.pdf,https://openaccess.thecvf.com/content/CVPR2026/supplemental/Li_EE-RL_Vision_Language_CVPR_2026_supplemental.pdf,https://openaccess.thecvf.com/content/CVPR2026/html/Li_EE-RL_Vision_Language_Guided_Reinforcement_Learning_with_Explorer_and_Expert_CVPR_2026_paper.html,"End-to-end driving frameworks, which directly map raw sensor data to vehicle control commands, have shown remarkable potential. However, their performance often deteriorates in sparse-critical scenarios, where rare but safety-sensitive events occur. To address this problem, we propose Explorer-Expert Reinforcement Learning (EE-RL), a novel end-to-end framework that integrates an RL-based explorer, a fine-tuned vision-language model (VLM)-based expert, and a dual replay buffer. EE-RL adopts a collaborative learning strategy in which an explorer and two experts jointly generate experiences from regular driving scenarios to guide policy learning. As training progresses, one of the VLMs focuses on reasoning about sparse-critical scenarios, thereby enhancing learning efficiency and policy optimization in both scenarios. Additionally, the StateHash algorithm is designed to separately measure RGB image similarity and vehicle kinematic similarity, thereby skipping unnecessary VLM reasoning and enabling denser, more effective expert experience generation. Experiments on the CARLA Leaderboard demonstrate that EE-RL significantly outperforms state-of-the-art (SOTA) baselines, achieving +19.82% and +20.98% improvements in driving and infraction scores on Town03, respectively. The EE-RL further achieves 0% accident probability for red-light running and an average driving score of 80.09 in Town05-06, demonstrating robustness, generalizability, and the capability to handle sparse-critical scenarios.","@InProceedings{Li_2026_CVPR, author = {Li, Xiaolong and Yang, Lan and Li, Ruyang and Fang, Shan and Liu, Yang and Zhao, Xiangmo}, title = {EE-RL: Vision Language Guided Reinforcement Learning with Explorer and Expert model for End-to-End Autonomous Driving}, booktitle = {Proceedings of the IEEE/CVF Conference on Computer Vision and Pattern Recognition (CVPR)}, month = {June}, year = {2026}, pages = {32082-32092} }"
Li_V2U4Real_A_Real-world_Large-scale_Dataset_for_Vehicle-to-UAV_Cooperative_Perception_CVPR_2026_paper,2026,0,Object_Detection,Object_Detection|Embodied_AI_Robotics|Autonomous_Driving,14.0,0.286,V2U4Real: A Real-world Large-scale Dataset for Vehicle-to-UAV Cooperative Perception,Weijia Li; Haoen Xiang; Tianxu Wang; Shuaibing Wu; Qiming Xia; Cheng Wang; Chenglu Wen,7,4728-4737,True,https://openaccess.thecvf.com/content/CVPR2026/papers/Li_V2U4Real_A_Real-world_Large-scale_Dataset_for_Vehicle-to-UAV_Cooperative_Perception_CVPR_2026_paper.pdf,https://openaccess.thecvf.com/content/CVPR2026/supplemental/Li_V2U4Real_A_Real-world_CVPR_2026_supplemental.pdf,https://openaccess.thecvf.com/content/CVPR2026/html/Li_V2U4Real_A_Real-world_Large-scale_Dataset_for_Vehicle-to-UAV_Cooperative_Perception_CVPR_2026_paper.html,"Modern autonomous vehicle perception systems are often constrained by occlusions, blind spots, and limited sensing range. While existing cooperative perception paradigms, such as Vehicle-to-Vehicle (V2V) and Vehicle-to-Infrastructure (V2I), have demonstrated their effectiveness in mitigating these challenges, they remain limited to ground-level collaboration and cannot fully address large-scale occlusions or long-range perception in complex environments. To advance research in cross-view cooperative perception, we present V2U4Real, the first large-scale real-world multi-modal dataset for Vehicle-to-UAV (V2U) cooperative object perception. V2U4Real is collected by a ground vehicle and a UAV equipped with multi-view LiDARs and RGB cameras. The dataset covers urban streets, university campuses, and rural roads under diverse traffic scenarios, comprising over 56K LiDAR frames, 56K multi-view camera images, and 700K annotated 3D bounding boxes across four classes. To support a wide range of research tasks, we establish benchmarks for single-agent 3D object detection, cooperative 3D object detection, and object tracking. Comprehensive evaluations of several state-of-the-art models demonstrate the effectiveness of V2U cooperation in enhancing perception robustness and long-range awareness.","@InProceedings{Li_2026_CVPR, author = {Li, Weijia and Xiang, Haoen and Wang, Tianxu and Wu, Shuaibing and Xia, Qiming and Wang, Cheng and Wen, Chenglu}, title = {V2U4Real: A Real-world Large-scale Dataset for Vehicle-to-UAV Cooperative Perception}, booktitle = {Proceedings of the IEEE/CVF Conference on Computer Vision and Pattern Recognition (CVPR)}, month = {June}, year = {2026}, pages = {4728-4737} }"
Dash_LiREC-Net_A_Target-Free_and_Learning-Based_Network_for_LiDAR_RGB_and_CVPR_2026_paper,2026,1,Autonomous_Driving,Autonomous_Driving|Trustworthy_Security_Privacy,18.0,0.444,"LiREC-Net: A Target-Free and Learning-Based Network for LiDAR, RGB, and Event Calibration",Aditya Ranjan Dash; Ramy Battrawy; René Schuster; Didier Stricker,4,31421-31429,True,https://openaccess.thecvf.com/content/CVPR2026/papers/Dash_LiREC-Net_A_Target-Free_and_Learning-Based_Network_for_LiDAR_RGB_and_CVPR_2026_paper.pdf,https://openaccess.thecvf.com/content/CVPR2026/supplemental/Dash_LiREC-Net_A_Target-Free_CVPR_2026_supplemental.zip,https://openaccess.thecvf.com/content/CVPR2026/html/Dash_LiREC-Net_A_Target-Free_and_Learning-Based_Network_for_LiDAR_RGB_and_CVPR_2026_paper.html,"Advanced autonomous systems rely on multi-sensor fusion for safer and more robust perception. To enable effective fusion, calibrating directly from natural driving scenes (i.e., target-free) with high accuracy is crucial for precise multi-sensor alignment. Existing learning-based calibration methods are typically designed for only a single pair of sensor modalities (i.e., a bi-modal setup). Unlike these methods, we propose LiREC-Net, a target-free, learning-based calibration network that jointly calibrates multiple sensor modality pairs, including LiDAR, RGB, and event data, within a unified framework. To reduce redundant computation and improve efficiency, we introduce a shared LiDAR representation that leverages features from both its 3D nature and projected depth map, ensuring better consistency across modalities. Trained and evaluated on established datasets, such as KITTI and DSEC, our LiREC-Net achieves competitive performance to bi-modal models and sets a new strong baseline for the tri-modal use case.","@InProceedings{Dash_2026_CVPR, author = {Dash, Aditya Ranjan and Battrawy, Ramy and Schuster, Ren\'e and Stricker, Didier}, title = {LiREC-Net: A Target-Free and Learning-Based Network for LiDAR, RGB, and Event Calibration}, booktitle = {Proceedings of the IEEE/CVF Conference on Computer Vision and Pattern Recognition (CVPR)}, month = {June}, year = {2026}, pages = {31421-31429} }"
Qu_A_Self-Conditioned_Representation_Guided_Diffusion_Model_for_Realistic_Text-to-LiDAR_Scene_CVPR_2026_paper,2026,1,Autonomous_Driving,Autonomous_Driving|Diffusion_Generative,18.0,0.222,A Self-Conditioned Representation Guided Diffusion Model for Realistic Text-to-LiDAR Scene Generation,Wentao Qu; Guofeng Mei; Yang Wu; YongShun Gong; Xiaoshui Huang; Liang Xiao,6,9434-9444,True,https://openaccess.thecvf.com/content/CVPR2026/papers/Qu_A_Self-Conditioned_Representation_Guided_Diffusion_Model_for_Realistic_Text-to-LiDAR_Scene_CVPR_2026_paper.pdf,https://openaccess.thecvf.com/content/CVPR2026/supplemental/Qu_A_Self-Conditioned_Representation_CVPR_2026_supplemental.pdf,https://openaccess.thecvf.com/content/CVPR2026/html/Qu_A_Self-Conditioned_Representation_Guided_Diffusion_Model_for_Realistic_Text-to-LiDAR_Scene_CVPR_2026_paper.html,"Text-to-LiDAR generation can customize 3D data with rich structures and diverse scenes for downstream tasks. However, the scarcity of Text-LiDAR pairs often causes insufficient training priors, generating overly smooth 3D scenes. Moreover, low-quality text descriptions may degrade generation quality and controllability. In this paper, we propose a Text-to-LiDAR Diffusion Model for scene generation, named T2LDM, with a Self-Conditioned Representation Guidance (SCRG). Specifically, SCRG, by aligning to the real representations, provides the soft supervision with reconstruction details for the Denoising Network (DN) in training, while decoupled in inference. In this way, T2LDM can perceive rich geometric structures from data distribution, generating detailed objects in scenes. Meanwhile, we construct a content-composable Text-LiDAR benchmark, T2nuScenes, along with a controllability metric. Based on this, we analyze the effects of different text prompts for LiDAR generation quality and controllability, providing practical prompt paradigms and insights. Furthermore, a directional position prior is designed to mitigate street distortion, further improving scene fidelity. Additionally, by learning a conditional encoder via frozen DN, T2LDM can support multiple conditional tasks, including Sparse-to-Dense, Dense-to-Sparse, and Semantic-to-LiDAR generation. Extensive experiments in unconditional and conditional generation demonstrate that T2LDM outperforms existing methods, achieving state-of-the-art scene generation.","@InProceedings{Qu_2026_CVPR, author = {Qu, Wentao and Mei, Guofeng and Wu, Yang and Gong, YongShun and Huang, Xiaoshui and Xiao, Liang}, title = {A Self-Conditioned Representation Guided Diffusion Model for Realistic Text-to-LiDAR Scene Generation}, booktitle = {Proceedings of the IEEE/CVF Conference on Computer Vision and Pattern Recognition (CVPR)}, month = {June}, year = {2026}, pages = {9434-9444} }"
Xu_MS2Gait_A_Multi-Scale_Spatio-Temporal_Fusion_Network_for_LiDAR-based_Gait_Recognition_CVPR_2026_paper,2026,0,Human_Pose_Body,Human_Pose_Body|Autonomous_Driving|Video_Action_Recognition|Trustworthy_Security_Privacy|3D_Reconstruction,15.0,0.2,MS^2Gait: A Multi-Scale Spatio-Temporal Fusion Network for LiDAR-based Gait Recognition,Shenyin Xu; Yishan Wang; Xinyu Li; Rui Liu; Zhongyuan Wang; Xin Tian,6,17184-17193,True,https://openaccess.thecvf.com/content/CVPR2026/papers/Xu_MS2Gait_A_Multi-Scale_Spatio-Temporal_Fusion_Network_for_LiDAR-based_Gait_Recognition_CVPR_2026_paper.pdf,,https://openaccess.thecvf.com/content/CVPR2026/html/Xu_MS2Gait_A_Multi-Scale_Spatio-Temporal_Fusion_Network_for_LiDAR-based_Gait_Recognition_CVPR_2026_paper.html,"3D LiDAR-based gait recognition has gained increasing attention due to its robustness to illumination, privacy preservation, and capability for long-range and non-contact identity verification. However, existing point cloud-based methods suffer from two critical limitations: they fail to model semantically distant correlations across spatial scales and employ simplistic temporal aggregation that cannot handle gait's inherent heterogeneity. To address these limitations, we propose MS^2Gait, a multi-scale spatio-temporal framework tailored for raw point cloud gait recognition. Our Hierarchical Spatial Feature Extraction module introduces four complementary interaction strategies to explicitly capture long-range semantic dependencies and recover structural information under blockage. Additionally, a Similarity-based Temporal Enhancement Transformer strategy leverages multi-scale aggregation to dynamically weight frames based on motion coherence, effectively handling temporal heterogeneity without explicit supervision. Extensive evaluations on SUSTech1K and FreeGait demonstrate that MS^2Gait achieves 93.5% and 83.1% in Rank-1 accuracy, respectively, outperforming prior state-of-the-art methods, while exhibiting significant robustness against non-gait nuisance factors.","@InProceedings{Xu_2026_CVPR, author = {Xu, Shenyin and Wang, Yishan and Li, Xinyu and Liu, Rui and Wang, Zhongyuan and Tian, Xin}, title = {MS{\textasciicircum}2Gait: A Multi-Scale Spatio-Temporal Fusion Network for LiDAR-based Gait Recognition}, booktitle = {Proceedings of the IEEE/CVF Conference on Computer Vision and Pattern Recognition (CVPR)}, month = {June}, year = {2026}, pages = {17184-17193} }"
Mosco_Learning_to_Identify_Out-of-Distribution_Objects_for_3D_LiDAR_Anomaly_Segmentation_CVPR_2026_paper,2026,1,Autonomous_Driving,Autonomous_Driving|Segmentation|Transfer_FewShot_DomainAdaptation,18.0,0.167,Learning to Identify Out-of-Distribution Objects for 3D LiDAR Anomaly Segmentation,Simone Mosco; Daniel Fusaro; Alberto Pretto,3,17204-17214,True,https://openaccess.thecvf.com/content/CVPR2026/papers/Mosco_Learning_to_Identify_Out-of-Distribution_Objects_for_3D_LiDAR_Anomaly_Segmentation_CVPR_2026_paper.pdf,https://openaccess.thecvf.com/content/CVPR2026/supplemental/Mosco_Learning_to_Identify_CVPR_2026_supplemental.pdf,https://openaccess.thecvf.com/content/CVPR2026/html/Mosco_Learning_to_Identify_Out-of-Distribution_Objects_for_3D_LiDAR_Anomaly_Segmentation_CVPR_2026_paper.html,"Understanding the surrounding environment is fundamental in autonomous driving and robotic perception. Distinguishing between known classes and previously unseen objects is crucial in real-world environments, as done in Anomaly Segmentation. However, research in the 3D field remains limited, with most existing approaches applying post-processing techniques from 2D vision. To cover this lack, we propose a new efficient approach that directly operates in the feature space, modeling the feature distribution of inlier classes to constrain anomalous samples. Moreover, the only publicly available 3D LiDAR anomaly segmentation dataset contains simple scenarios, with few anomaly instances, and exhibits a severe domain gap due to its sensor resolution. To bridge this gap, we introduce a set of mixed real-synthetic datasets for 3D LiDAR anomaly segmentation, built upon established semantic segmentation benchmarks, with multiple out-of-distribution objects and diverse, complex environments. Extensive experiments demonstrate that our approach achieves state-of-the-art and competitive results on the existing real-world dataset and the newly introduced mixed datasets, respectively, validating the effectiveness of our method and the utility of the proposed datasets. Code and datasets are available at https://simom0.github.io/lido-page/.","@InProceedings{Mosco_2026_CVPR, author = {Mosco, Simone and Fusaro, Daniel and Pretto, Alberto}, title = {Learning to Identify Out-of-Distribution Objects for 3D LiDAR Anomaly Segmentation}, booktitle = {Proceedings of the IEEE/CVF Conference on Computer Vision and Pattern Recognition (CVPR)}, month = {June}, year = {2026}, pages = {17204-17214} }"
Liu_L3DR_3D-aware_LiDAR_Diffusion_and_Rectification_CVPR_2026_paper,2026,1,Autonomous_Driving,Autonomous_Driving,18.0,0.833,L3DR: 3D-aware LiDAR Diffusion and Rectification,Quan Liu; Xiaoqin Zhang; Ling Shao; Shijian Lu,4,17153-17163,True,https://openaccess.thecvf.com/content/CVPR2026/papers/Liu_L3DR_3D-aware_LiDAR_Diffusion_and_Rectification_CVPR_2026_paper.pdf,https://openaccess.thecvf.com/content/CVPR2026/supplemental/Liu_L3DR_3D-aware_LiDAR_CVPR_2026_supplemental.pdf,https://openaccess.thecvf.com/content/CVPR2026/html/Liu_L3DR_3D-aware_LiDAR_Diffusion_and_Rectification_CVPR_2026_paper.html,"Range-view (RV) based LiDAR diffusion has recently made huge strides towards 2D photo-realism. However, it neglects 3D geometry realism and often generates various RV artifacts such as depth bleeding and wavy surfaces. We design L3DR, a 3D-aware LiDAR Diffusion and Rectification framework that can regress and cancel RV artifacts in 3D space and restore local geometry accurately. Our theoretical and empirical analysis reveals that 3D models are inherently superior to 2D models in generating sharp and authentic boundaries. Leveraging such analysis, we design a 3D residual regression network that rectifies RV artifacts and achieves superb geometry realism by predicting point-level offsets in 3D space. On top of that, we design a Welsch Loss that helps focus on local geometry and ignore anomalous regions effectively. Extensive experiments over multiple benchmarks including KITTI, KITTI360, nuScenes and Waymo show that the proposed L3DR achieves state-of-the-art generation and superior geometry-realism consistently. In addition, L3DR is generally applicable to different LiDAR diffusion models with little computational overhead.","@InProceedings{Liu_2026_CVPR, author = {Liu, Quan and Zhang, Xiaoqin and Shao, Ling and Lu, Shijian}, title = {L3DR: 3D-aware LiDAR Diffusion and Rectification}, booktitle = {Proceedings of the IEEE/CVF Conference on Computer Vision and Pattern Recognition (CVPR)}, month = {June}, year = {2026}, pages = {17153-17163} }"
Zhang_MindDriver_Introducing_Progressive_Multimodal_Reasoning_for_Autonomous_Driving_CVPR_2026_paper,2026,0,Vision_Language_Multimodal,Vision_Language_Multimodal|Autonomous_Driving|LLM_Reasoning_Agent,37.0,0.514,MindDriver: Introducing Progressive Multimodal Reasoning for Autonomous Driving,Lingjun Zhang; Yujian Yuan; Changjie Wu; Xinyuan Chang; Xin Cai; Shuang Zeng; Linzhe Shi; Sijin Wang; Hang Zhang; Mu Xu,10,17831-17841,True,https://openaccess.thecvf.com/content/CVPR2026/papers/Zhang_MindDriver_Introducing_Progressive_Multimodal_Reasoning_for_Autonomous_Driving_CVPR_2026_paper.pdf,https://openaccess.thecvf.com/content/CVPR2026/supplemental/Zhang_MindDriver_Introducing_Progressive_CVPR_2026_supplemental.pdf,https://openaccess.thecvf.com/content/CVPR2026/html/Zhang_MindDriver_Introducing_Progressive_Multimodal_Reasoning_for_Autonomous_Driving_CVPR_2026_paper.html,"Vision-Language Models (VLM) exhibit strong reasoning capabilities, showing promise for end-to-end autonomous driving systems. Chain-of-Thought (CoT), as VLM's widely used reasoning strategy, is facing critical challenges. Existing textual CoT has a large gap between text semantic space and trajectory physical space. Although the recent approach utilizes future image to replace text as CoT process, it lacks clear planning-oriented objective guidance to generate images with accurate scene evolution. To address these, we innovatively propose MindDriver, a progressive multimodal reasoning framework that enables VLM to imitate human-like progressive thinking for autonomous driving.MindDriver presents semantic understanding, semantic-to-physical space imagination, and physical-space trajectory planning.To achieve aligned reasoning processes in MindDriver, we develop a feedback-guided automatic data annotation pipeline to generate aligned multimodal reasoning training data. Furthermore, we develop a progressive reinforcement fine-tuningmethod to optimize the alignment through progressive high-level reward-based learning.MindDriver demonstrates superior performance in both nuScences open-loop and Bench2Drive closed-loop evaluation. Codes: https://github.com/hotdogcheesewhite/MindDriver.","@InProceedings{Zhang_2026_CVPR, author = {Zhang, Lingjun and Yuan, Yujian and Wu, Changjie and Chang, Xinyuan and Cai, Xin and Zeng, Shuang and Shi, Linzhe and Wang, Sijin and Zhang, Hang and Xu, Mu}, title = {MindDriver: Introducing Progressive Multimodal Reasoning for Autonomous Driving}, booktitle = {Proceedings of the IEEE/CVF Conference on Computer Vision and Pattern Recognition (CVPR)}, month = {June}, year = {2026}, pages = {17831-17841} }"
Kim_SafeDrive_Fine-Grained_Safety_Reasoning_for_End-to-End_Driving_in_a_Sparse_CVPR_2026_paper,2026,0,Trustworthy_Security_Privacy,Trustworthy_Security_Privacy|Recognition_Classification|LLM_Reasoning_Agent|Autonomous_Driving,14.0,0.143,SafeDrive: Fine-Grained Safety Reasoning for End-to-End Driving in a Sparse World,Jungho Kim; Jiyong Oh; Seunghoon Yu; Hongjae Shin; Donghyuk Kwak; Jun Won Choi,6,24854-24864,True,https://openaccess.thecvf.com/content/CVPR2026/papers/Kim_SafeDrive_Fine-Grained_Safety_Reasoning_for_End-to-End_Driving_in_a_Sparse_CVPR_2026_paper.pdf,https://openaccess.thecvf.com/content/CVPR2026/supplemental/Kim_SafeDrive_Fine-Grained_Safety_CVPR_2026_supplemental.pdf,https://openaccess.thecvf.com/content/CVPR2026/html/Kim_SafeDrive_Fine-Grained_Safety_Reasoning_for_End-to-End_Driving_in_a_Sparse_CVPR_2026_paper.html,"The end-to-end (E2E) paradigm, which maps sensor inputs directly to driving decisions, has recently attracted significant attention due to its unified modeling capability and scalability. However, ensuring safety in this unified framework remains one of the most critical challenges. In this work, we propose SafeDrive, an E2E planning framework designed to perform explicit and interpretable safety reasoning through a trajectory-conditioned Sparse World Model. SafeDrive comprises two complementary networks: the Sparse World Network (SWNet) and the Fine-grained Reasoning Network (FRNet). SWNet constructs trajectory-conditioned sparse worlds that simulate the future behaviors of critical dynamic agents and road entities, providing interaction-centric representations for downstream reasoning. FRNet then evaluates agent-specific collision risks and temporal adherence to drivable regions, enabling precise identification of safety-critical events across future timesteps. SafeDrive achieves state-of-the-art performance on both open-loop and closed-loop benchmarks. On NAVSIM, it records a PDMS of 91.6 and an EPDMS of 87.5, with only 61 collisions out of 12,146 scenarios (0.5%). On Bench2Drive, SafeDrive attains a 66.8% driving score.","@InProceedings{Kim_2026_CVPR, author = {Kim, Jungho and Oh, Jiyong and Yu, Seunghoon and Shin, Hongjae and Kwak, Donghyuk and Choi, Jun Won}, title = {SafeDrive: Fine-Grained Safety Reasoning for End-to-End Driving in a Sparse World}, booktitle = {Proceedings of the IEEE/CVF Conference on Computer Vision and Pattern Recognition (CVPR)}, month = {June}, year = {2026}, pages = {24854-24864} }"
Liu_GuideFlow_Constraint-Guided_Flow_Matching_for_Planning_in_End-to-End_Autonomous_Driving_CVPR_2026_paper,2026,1,Autonomous_Driving,Autonomous_Driving|Diffusion_Generative,21.0,0.429,GuideFlow: Constraint-Guided Flow Matching for Planning in End-to-End Autonomous Driving,Lin Liu; Caiyan Jia; Guanyi Yu; Ziying Song; Junqiao Li; Feiyang Jia; Peiliang Wu; Xiaoshuai Hao; Yadan Luo,9,3719-3728,True,https://openaccess.thecvf.com/content/CVPR2026/papers/Liu_GuideFlow_Constraint-Guided_Flow_Matching_for_Planning_in_End-to-End_Autonomous_Driving_CVPR_2026_paper.pdf,https://openaccess.thecvf.com/content/CVPR2026/supplemental/Liu_GuideFlow_Constraint-Guided_Flow_CVPR_2026_supplemental.pdf,https://openaccess.thecvf.com/content/CVPR2026/html/Liu_GuideFlow_Constraint-Guided_Flow_Matching_for_Planning_in_End-to-End_Autonomous_Driving_CVPR_2026_paper.html,"Driving planning is a critical component of end-to-end (E2E) autonomous driving. However, prevailing Imitative E2E Planners often suffer from multimodal trajectory mode collapse, failing to produce diverse trajectory proposals. Meanwhile, Generative E2E Planners struggle to incorporate crucial safety and physical constraints directly into the generative process, necessitating an additional optimization stage to refine their outputs. In this paper, we propose GuideFlow, a novel planning framework that leverages Constrained Flow Matching. Concretely, GuideFlow explicitly models the flow matching process, which inherently mitigates mode collapse and allows for flexible guidance from various conditioning signals. Our core contribution lies in directly enforcing explicit constraints within the flow matching generation process, rather than relying on implicit constraint encoding. Crucially, GuideFlow unifies the training of the flow matching with the Energy-Based Model (EBM) to enhance the model's autonomous optimization capability to robustly satisfy physical constraints. Secondly, GuideFlow parameterizes driving aggressiveness as a control signal during generation, enabling precise manipulation of trajectory style. Extensive evaluations on major driving benchmarks (Bench2Drive, NuScenes, NavSim and ADV-NuScenes) validate the effectiveness of GuideFlow. Notably, on the NavSim test hard split (Navhard), GuideFlow achieved SOTA with an EPDMS score of 43.0. The code will be released in https://github.com/adept-thu/GuideFlow.","@InProceedings{Liu_2026_CVPR, author = {Liu, Lin and Jia, Caiyan and Yu, Guanyi and Song, Ziying and Li, Junqiao and Jia, Feiyang and Wu, Peiliang and Hao, Xiaoshuai and Luo, Yadan}, title = {GuideFlow: Constraint-Guided Flow Matching for Planning in End-to-End Autonomous Driving}, booktitle = {Proceedings of the IEEE/CVF Conference on Computer Vision and Pattern Recognition (CVPR)}, month = {June}, year = {2026}, pages = {3719-3728} }"
Boeder_ShelfOcc_Native_3D_Supervision_beyond_LiDAR_for_Vision-Based_Occupancy_Estimation_CVPR_2026_paper,2026,1,Autonomous_Driving,Autonomous_Driving,21.0,0.857,ShelfOcc: Native 3D Supervision beyond LiDAR for Vision-Based Occupancy Estimation,Simon Boeder; Fabian Gigengack; Simon Roesler; Holger Caesar; Benjamin Risse,5,28620-28631,True,https://openaccess.thecvf.com/content/CVPR2026/papers/Boeder_ShelfOcc_Native_3D_Supervision_beyond_LiDAR_for_Vision-Based_Occupancy_Estimation_CVPR_2026_paper.pdf,https://openaccess.thecvf.com/content/CVPR2026/supplemental/Boeder_ShelfOcc_Native_3D_CVPR_2026_supplemental.pdf,https://openaccess.thecvf.com/content/CVPR2026/html/Boeder_ShelfOcc_Native_3D_Supervision_beyond_LiDAR_for_Vision-Based_Occupancy_Estimation_CVPR_2026_paper.html,"Recent progress in self- and weakly supervised occupancy estimation has largely relied on 2D projection or rendering-based supervision, which suffers from geometric inconsistencies and severe depth bleeding.We thus introduce ShelfOcc, a vision-only method that overcomes these limitations without relying on LiDAR.ShelfOcc brings supervision into native 3D space by generating metrically consistent semantic voxel labels from video, enabling true 3D supervision without any additional sensors or manual 3D annotations.While recent vision-based 3D geometry foundation models provide a promising source of prior knowledge, they do not work out of the box as a prediction due to sparse or noisy and inconsistent geometry, especially in dynamic driving scenes.Our method introduces a dedicated framework that mitigates these issues by filtering and accumulating static geometry consistently across frames, handling dynamic content and propagating semantic information into a stable voxel representation.This data-centric shift in supervision for weakly/shelf-supervised occupancy estimation allows the use of essentially any SOTA occupancy model architecture without relying on LiDAR data.We argue that such high-quality supervision is essential for robust occupancy learning and constitutes an important complementary avenue to architectural innovation.On the Occ3D-nuScenes benchmark, ShelfOcc substantially outperforms all previous weakly/shelf-supervised methods (up to a 34% relative improvement), establishing a new data-driven direction for LiDAR-free 3D scene understanding.","@InProceedings{Boeder_2026_CVPR, author = {Boeder, Simon and Gigengack, Fabian and Roesler, Simon and Caesar, Holger and Risse, Benjamin}, title = {ShelfOcc: Native 3D Supervision beyond LiDAR for Vision-Based Occupancy Estimation}, booktitle = {Proceedings of the IEEE/CVF Conference on Computer Vision and Pattern Recognition (CVPR)}, month = {June}, year = {2026}, pages = {28620-28631} }"
Liu_Unposed-to-3D_Learning_Simulation-Ready_Vehicles_from_Real-World_Images_CVPR_2026_paper,2026,1,Autonomous_Driving,Autonomous_Driving|3D_Reconstruction,12.0,0.5,Unposed-to-3D: Learning Simulation-Ready Vehicles from Real-World Images,Hongyuan Liu; Bochao Zou; Qiankun Liu; Haochen Yu; Qi Mei; Jianfei Jiang; Chen Liu; Cheng Bi; Zhao Wang; Xueyang Zhang; Yifei Zhan; Jiansheng Chen; Huimin Ma,13,24843-24853,True,https://openaccess.thecvf.com/content/CVPR2026/papers/Liu_Unposed-to-3D_Learning_Simulation-Ready_Vehicles_from_Real-World_Images_CVPR_2026_paper.pdf,https://openaccess.thecvf.com/content/CVPR2026/supplemental/Liu_Unposed-to-3D_Learning_Simulation-Ready_CVPR_2026_supplemental.pdf,https://openaccess.thecvf.com/content/CVPR2026/html/Liu_Unposed-to-3D_Learning_Simulation-Ready_Vehicles_from_Real-World_Images_CVPR_2026_paper.html,"Creating realistic and simulation-ready 3D assets is crucial for autonomous driving research and virtual environment construction. However, existing 3D vehicle generation methods are often trained on synthetic data with significant domain gaps from real-world distributions. The generated models often exhibit arbitrary poses and undefined scales, resulting in poor visual consistency when integrated into driving scenes. In this paper, we present Unposed-to-3D, a novel framework that learns to reconstruct 3D vehicles from real-world driving images using image-only supervision. Our approach consists of two stages. In the first stage, we train an image-to-3D reconstruction network using posed images with known camera parameters. In the second stage, we remove camera supervision and use a camera prediction head that directly estimates the camera parameters from unposed images. The predicted pose is then used for differentiable rendering to provide self-supervised photometric feedback, enabling the model to learn 3D geometry purely from unposed images. To ensure simulation readiness, we further introduce a scale-aware module to predict real-world size information, and a harmonization module that adapts the generated vehicles to the target driving scene with consistent lighting and appearance. Extensive experiments demonstrate that Unposed-to-3D effectively reconstructs realistic, pose-consistent, and harmonized 3D vehicle models from real-world images, providing a scalable path toward creating high-quality assets for driving scene simulation and digital twin environments.","@InProceedings{Liu_2026_CVPR, author = {Liu, Hongyuan and Zou, Bochao and Liu, Qiankun and Yu, Haochen and Mei, Qi and Jiang, Jianfei and Liu, Chen and Bi, Cheng and Wang, Zhao and Zhang, Xueyang and Zhan, Yifei and Chen, Jiansheng and Ma, Huimin}, title = {Unposed-to-3D: Learning Simulation-Ready Vehicles from Real-World Images}, booktitle = {Proceedings of the IEEE/CVF Conference on Computer Vision and Pattern Recognition (CVPR)}, month = {June}, year = {2026}, pages = {24843-24853} }"
Durand_Lipschitz_Optimization_for_Formal_Verification_of_Homographies_CVPR_2026_paper,2026,0,Trustworthy_Security_Privacy,Trustworthy_Security_Privacy|Autonomous_Driving|Embodied_AI_Robotics|LowLevel_Flow_Depth_Matching,10.0,0.2,Lipschitz Optimization for Formal Verification of Homographies,Jean-Guillaume Durand; Panagiotis Kouvaros; Maxime Gariel; Alessio Lomuscio,4,13306-13315,True,https://openaccess.thecvf.com/content/CVPR2026/papers/Durand_Lipschitz_Optimization_for_Formal_Verification_of_Homographies_CVPR_2026_paper.pdf,https://openaccess.thecvf.com/content/CVPR2026/supplemental/Durand_Lipschitz_Optimization_for_CVPR_2026_supplemental.pdf,https://openaccess.thecvf.com/content/CVPR2026/html/Durand_Lipschitz_Optimization_for_Formal_Verification_of_Homographies_CVPR_2026_paper.html,"The adoption of vision neural networks in regulated industries requires formal robustness guarantees, especially in safety-critical domains such as healthcare, autonomous vehicles, and aerospace. However, current approaches are confined to incomplete statistical verification or robustness to p-norm and affine transforms, which cover only a narrow subset of perturbations to the image formation process. In particular, robustness to camera motion remains an open problem despite being key to deploy many vision applications. We present a formal verification approach that targets robustness against 3D motion perturbations of the capturing camera. We first establish a closed-form mapping from camera pose to pixel values. By analyzing the continuity properties of the resulting homographies, we show that recent work on Lipschitz optimization and piecewise continuity can be extended to derive tight linear bounds on perturbed pixel values. Our approach applies to scenes with predominantly planar structure, such as ground planes in augmented reality, road markings and traffic signs in autonomous driving, or planar workspaces in robotic manipulation. This enables the first formal verification of projective geometry transforms, without complex simulation, surrogate networks, or explicit image-formation models. Our implementation achieves up to 89% speedup and 7% tighter bounds over prior work. We evaluate our method on the VNN-COMP benchmark and reveal systematic weaknesses to projective perturbations. Finally, we demonstrate a real-world case study on a safety-critical runway classifier, addressing a key challenge in the certification of learned models. Data and code are available at https://github.com/jeangud/homography-verification.","@InProceedings{Durand_2026_CVPR, author = {Durand, Jean-Guillaume and Kouvaros, Panagiotis and Gariel, Maxime and Lomuscio, Alessio}, title = {Lipschitz Optimization for Formal Verification of Homographies}, booktitle = {Proceedings of the IEEE/CVF Conference on Computer Vision and Pattern Recognition (CVPR)}, month = {June}, year = {2026}, pages = {13306-13315} }"
Li_PlannerRFT_Reinforcing_Diffusion_Planners_through_Closed-Loop_and_Sample-Efficient_Fine-Tuning_CVPR_2026_paper,2026,1,Autonomous_Driving,Autonomous_Driving,3.0,0.0,PlannerRFT: Reinforcing Diffusion Planners through Closed-Loop and Sample-Efficient Fine-Tuning,Hongchen Li; Tianyu Li; Jiazhi Yang; Mingyang Shang; Gaoqiang Wu; Caojun Wang; Haochen Tian; Zengrong Lin; Zhihui Hao; XianPeng Lang; Jia Hu; Hongyang Li,12,24929-24938,True,https://openaccess.thecvf.com/content/CVPR2026/papers/Li_PlannerRFT_Reinforcing_Diffusion_Planners_through_Closed-Loop_and_Sample-Efficient_Fine-Tuning_CVPR_2026_paper.pdf,https://openaccess.thecvf.com/content/CVPR2026/supplemental/Li_PlannerRFT_Reinforcing_Diffusion_CVPR_2026_supplemental.pdf,https://openaccess.thecvf.com/content/CVPR2026/html/Li_PlannerRFT_Reinforcing_Diffusion_Planners_through_Closed-Loop_and_Sample-Efficient_Fine-Tuning_CVPR_2026_paper.html,"Diffusion-based planners have emerged as a promising approach for human-like trajectory generation in autonomous driving. Recent works incorporate reinforcement fine-tuning to enhance the robustness of diffusion planners through reward-oriented optimization in a generation-evaluation loop. However, they struggle to generate multi-modal, scenario-adaptive trajectories, hindering the exploitation efficiency of informative rewards during fine-tuning. To resolve this, we propose PlannerRFT, a sample-efficient reinforcement fine-tuning framework for diffusion-based planners. PlannerRFT adopts a dual-branch optimization that simultaneously refines the trajectory distribution and adaptively guides the denoising process toward more promising exploration, without altering the original inference pipeline. To support parallel learning at scale, we develop nuMax, an optimized simulator that achieves 10 times faster rollout compared to native nuPlan. Extensive experiments shows that PlannerRFT yields state-of-the-art performance with distinct behaviors emerging during the learning process.","@InProceedings{Li_2026_CVPR, author = {Li, Hongchen and Li, Tianyu and Yang, Jiazhi and Shang, Mingyang and Wu, Gaoqiang and Wang, Caojun and Tian, Haochen and Lin, Zengrong and Hao, Zhihui and Lang, XianPeng and Hu, Jia and Li, Hongyang}, title = {PlannerRFT: Reinforcing Diffusion Planners through Closed-Loop and Sample-Efficient Fine-Tuning}, booktitle = {Proceedings of the IEEE/CVF Conference on Computer Vision and Pattern Recognition (CVPR)}, month = {June}, year = {2026}, pages = {24929-24938} }"
Feng_An_Instance-Centric_Panoptic_Occupancy_Prediction_Benchmark_for_Autonomous_Driving_CVPR_2026_paper,2026,1,Autonomous_Driving,Autonomous_Driving|Segmentation,22.0,0.182,An Instance-Centric Panoptic Occupancy Prediction Benchmark for Autonomous Driving,Yi Feng; Junwu E; Zizhan Guo; Yu Ma; Hanli Wang; Rui Fan,6,14219-14228,True,https://openaccess.thecvf.com/content/CVPR2026/papers/Feng_An_Instance-Centric_Panoptic_Occupancy_Prediction_Benchmark_for_Autonomous_Driving_CVPR_2026_paper.pdf,https://openaccess.thecvf.com/content/CVPR2026/supplemental/Feng_An_Instance-Centric_Panoptic_CVPR_2026_supplemental.zip,https://openaccess.thecvf.com/content/CVPR2026/html/Feng_An_Instance-Centric_Panoptic_Occupancy_Prediction_Benchmark_for_Autonomous_Driving_CVPR_2026_paper.html,"Panoptic occupancy prediction aims to jointly infer voxel-wise semantics and instance identities within a unified 3D scene representation. Nevertheless, progress in this field remains constrained by the absence of high-quality 3D mesh resources, instance-level annotations, and physically consistent occupancy datasets. Existing benchmarks typically provide incomplete and low-resolution geometry without instance-level annotations, limiting the development of models capable of achieving precise geometric reconstruction, reliable occlusion reasoning, and holistic 3D understanding. To address these challenges, this paper presents an instance-centric benchmark for the 3D panoptic occupancy prediction task. Specifically, we introduce ADMesh, the first unified 3D mesh library tailored for autonomous driving, which integrates over 15K high-quality 3D models with diverse textures and rich semantic annotations. Building upon ADMesh, we further construct CarlaOcc, a large-scale, physically consistent panoptic occupancy dataset generated using the CARLA simulator. This dataset contains over 100K frames with fine-grained, instance-level occupancy ground truth at voxel resolutions as fine as 0.05 m. Furthermore, standardized evaluation metrics are introduced to quantify the quality of existing occupancy datasets. Finally, a systematic benchmark of representative models is established on the proposed dataset, which provides a unified platform for fair comparison and reproducible research in the field of 3D panoptic perception. Code and dataset are available at https://mias.group/CarlaOcc.","@InProceedings{Feng_2026_CVPR, author = {Feng, Yi and E, Junwu and Guo, Zizhan and Ma, Yu and Wang, Hanli and Fan, Rui}, title = {An Instance-Centric Panoptic Occupancy Prediction Benchmark for Autonomous Driving}, booktitle = {Proceedings of the IEEE/CVF Conference on Computer Vision and Pattern Recognition (CVPR)}, month = {June}, year = {2026}, pages = {14219-14228} }"
Yang_GenieDrive_Towards_Physics-Aware_Driving_World_Model_with_4D_Occupancy_Guided_CVPR_2026_paper,2026,0,Video_Action_Recognition,Video_Action_Recognition|Autonomous_Driving,18.0,0.5,GenieDrive: Towards Physics-Aware Driving World Model with 4D Occupancy Guided Video Generation,Zhenya Yang; Zhe Liu; Yuxiang Lu; Liping Hou; Chenxuan Miao; Siyi Peng; Bailan Feng; Xiang Bai; Hengshuang Zhao,9,35680-35690,True,https://openaccess.thecvf.com/content/CVPR2026/papers/Yang_GenieDrive_Towards_Physics-Aware_Driving_World_Model_with_4D_Occupancy_Guided_CVPR_2026_paper.pdf,https://openaccess.thecvf.com/content/CVPR2026/supplemental/Yang_GenieDrive_Towards_Physics-Aware_CVPR_2026_supplemental.zip,https://openaccess.thecvf.com/content/CVPR2026/html/Yang_GenieDrive_Towards_Physics-Aware_Driving_World_Model_with_4D_Occupancy_Guided_CVPR_2026_paper.html,"Physics-aware driving world model is essential for drive planning, out-of-distribution data synthesis, and closed-loop evaluation. However, existing methods often rely on a single diffusion model to directly map driving actions to videos, which makes learning difficult and leads to physically inconsistent outputs. To overcome these challenges, we propose GenieDrive, a novel framework designed for physics-aware driving video generation. Our approach starts by generating 4D occupancy, which serves as a physics-informed foundation for subsequent video generation. 4D occupancy contains rich physical information, including high-resolution 3D structures and dynamics. To facilitate effective compression of such high-resolution occupancy, we propose a VAE that encodes occupancy into a latent tri-plane representation, reducing the latent size to only 58% of that used in previous methods. We further introduce Mutual Control Attention (MCA) to accurately model the influence of control on occupancy evolution, and we jointly train the VAE and the subsequent prediction module in an end-to-end manner to maximize forecasting accuracy. Together, these designs yield a 7.2% improvement in forecasting mIoU at an inference speed of 41 FPS, while using only 3.47 M parameters. Additionally, a Normalized Multi-View Attention is introduced in the video generation model to generate multi-view driving videos with guidance from our 4D occupancy, significantly improving video quality with a 20.7% reduction in FVD. Experiments demonstrate that GenieDrive enables highly controllable, multi-view consistent, and physics-aware driving video generation.","@InProceedings{Yang_2026_CVPR, author = {Yang, Zhenya and Liu, Zhe and Lu, Yuxiang and Hou, Liping and Miao, Chenxuan and Peng, Siyi and Feng, Bailan and Bai, Xiang and Zhao, Hengshuang}, title = {GenieDrive: Towards Physics-Aware Driving World Model with 4D Occupancy Guided Video Generation}, booktitle = {Proceedings of the IEEE/CVF Conference on Computer Vision and Pattern Recognition (CVPR)}, month = {June}, year = {2026}, pages = {35680-35690} }"
Gross_OccuFly_A_3D_Vision_Benchmark_for_Semantic_Scene_Completion_from_CVPR_2026_paper,2026,1,Autonomous_Driving,Autonomous_Driving|3D_Reconstruction,12.0,0.167,OccuFly: A 3D Vision Benchmark for Semantic Scene Completion from the Aerial Perspective,Markus Gross; Sai B. Matha; Aya Fahmy; Rui Song; Daniel Cremers; Henri Meeß,6,21474-21485,True,https://openaccess.thecvf.com/content/CVPR2026/papers/Gross_OccuFly_A_3D_Vision_Benchmark_for_Semantic_Scene_Completion_from_CVPR_2026_paper.pdf,https://openaccess.thecvf.com/content/CVPR2026/supplemental/Gross_OccuFly_A_3D_CVPR_2026_supplemental.pdf,https://openaccess.thecvf.com/content/CVPR2026/html/Gross_OccuFly_A_3D_Vision_Benchmark_for_Semantic_Scene_Completion_from_CVPR_2026_paper.html,"Semantic Scene Completion (SSC) is essential for 3D perception in mobile robotics, as it enables holistic scene understanding by jointly estimating dense volumetric occupancy and per-voxel semantics. Although SSC has been widely studied in terrestrial domains such as autonomous driving, aerial settings like autonomous flying remain largely unexplored, thereby limiting progress on downstream applications. Furthermore, LiDAR sensors are the primary modality for SSC data generation, which poses challenges for most uncrewed aerial vehicles (UAVs) due to flight regulations, mass and energy constraints, and the sparsity of LiDAR point clouds from elevated viewpoints. To address these limitations, we propose a LiDAR-free, camera-based data generation framework. By leveraging classical 3D reconstruction, our framework automates semantic label transfer by lifting <10% of annotated images into the reconstructed point cloud, substantially minimizing manual 3D annotation effort. Based on this framework, we introduce OccuFly, the first real-world, camera-based aerial SSC benchmark, captured across multiple altitudes and all seasons. OccuFly provides over 20,000 samples of images, semantic voxel grids, and metric depth maps across 21 semantic classes in urban, industrial, and rural environments, and follows established data organization for seamless integration. We benchmark both SSC and metric monocular depth estimation on OccuFly, revealing fundamental limitations of current vision foundation models in aerial settings and establishing new challenges for robust 3D scene understanding in the aerial domain. Visit https://github.com/markus-42/occufly.","@InProceedings{Gross_2026_CVPR, author = {Gross, Markus and Matha, Sai B. and Fahmy, Aya and Song, Rui and Cremers, Daniel and Mee{\ss}, Henri}, title = {OccuFly: A 3D Vision Benchmark for Semantic Scene Completion from the Aerial Perspective}, booktitle = {Proceedings of the IEEE/CVF Conference on Computer Vision and Pattern Recognition (CVPR)}, month = {June}, year = {2026}, pages = {21474-21485} }"
Han_Percept-WAM_Perception-Enhanced_World-Awareness-Action_Model_for_Robust_End-to-End_Autonomous_Driving_CVPR_2026_paper,2026,1,Autonomous_Driving,Autonomous_Driving|Vision_Language_Multimodal,27.0,0.556,Percept-WAM: Perception-Enhanced World-Awareness-Action Model for Robust End-to-End Autonomous Driving,Jianhua Han; Meng Tian; Jiangtong Zhu; Fan He; Huixin Zhang; Sitong Guo; Dechang Zhu; Hao Tang; Pei Xu; Yuze Guo; Minzhe Niu; Haojie Zhu; Qichao Dong; Xuechao Yan; Siyuan Dong; Lu Hou; Qingqiu Huang; Xiaosong Jia; Hang Xu,19,10642-10655,True,https://openaccess.thecvf.com/content/CVPR2026/papers/Han_Percept-WAM_Perception-Enhanced_World-Awareness-Action_Model_for_Robust_End-to-End_Autonomous_Driving_CVPR_2026_paper.pdf,https://openaccess.thecvf.com/content/CVPR2026/supplemental/Han_Percept-WAM_Perception-Enhanced_World-Awareness-Action_CVPR_2026_supplemental.zip,https://openaccess.thecvf.com/content/CVPR2026/html/Han_Percept-WAM_Perception-Enhanced_World-Awareness-Action_Model_for_Robust_End-to-End_Autonomous_Driving_CVPR_2026_paper.html,"Autonomous driving heavily relies on accurate and robust spatial perception. Many failures arise from inaccuracies and instability, especially in long-tail scenarios and complex interactions. However, current vision-language models are weak at spatial grounding and understanding, and VLA systems built on them therefore show limited perception and localization ability.To address these challenges, we introduce Percept-WAM, a perception-enhanced World-Awareness-Action Model that is the first to implicitly integrate 2D/3D scene understanding abilities within a single vision-language model (VLM).Instead of relying on QA-style spatial reasoning, Percept-WAM unifies 2D/3D perception tasks into World-PV and World-BEV tokens, which encode both spatial coordinates and confidence.We propose a grid-conditioned prediction mechanism for dense object perception, incorporating IoU-aware scoring and parallel autoregressive decoding, improving stability in long-tail, far-range, and small-object scenarios. Additionally, Percept-WAM leverages pretrained VLM parameters to retain general intelligence (e.g., logical reasoning) and can output perception results and trajectory control outputs directly. Experiments show that Percept-WAM matches or surpasses classical detectors and segmenters on downstream perception benchmarks, achieving 51.7/58.9 mAP on COCO 2D detection and nuScenes BEV 3D detection. When integrated with trajectory decoders, it further improves planning performance on nuScenes and NAVSIM, e.g., surpassing DiffusionDrive by 2.1 in PMDS on NAVSIM.Qualitative results further highlight its strong open-vocabulary and long-tail generalization.","@InProceedings{Han_2026_CVPR, author = {Han, Jianhua and Tian, Meng and Zhu, Jiangtong and He, Fan and Zhang, Huixin and Guo, Sitong and Zhu, Dechang and Tang, Hao and Xu, Pei and Guo, Yuze and Niu, Minzhe and Zhu, Haojie and Dong, Qichao and Yan, Xuechao and Dong, Siyuan and Hou, Lu and Huang, Qingqiu and Jia, Xiaosong and Xu, Hang}, title = {Percept-WAM: Perception-Enhanced World-Awareness-Action Model for Robust End-to-End Autonomous Driving}, booktitle = {Proceedings of the IEEE/CVF Conference on Computer Vision and Pattern Recognition (CVPR)}, month = {June}, year = {2026}, pages = {10642-10655} }"
Zhuang_Neuro-Cognitive_Reward_Modeling_for_Human-Centered_Autonomous_Vehicle_Control_CVPR_2026_paper,2026,1,Autonomous_Driving,Autonomous_Driving,18.0,0.778,Neuro-Cognitive Reward Modeling for Human-Centered Autonomous Vehicle Control,Zhuoli Zhuang; Yu-Cheng Chang; Yu-Kai Wang; Thomas Do; Chin-Teng Lin,5,10599-10609,True,https://openaccess.thecvf.com/content/CVPR2026/papers/Zhuang_Neuro-Cognitive_Reward_Modeling_for_Human-Centered_Autonomous_Vehicle_Control_CVPR_2026_paper.pdf,https://openaccess.thecvf.com/content/CVPR2026/supplemental/Zhuang_Neuro-Cognitive_Reward_Modeling_CVPR_2026_supplemental.pdf,https://openaccess.thecvf.com/content/CVPR2026/html/Zhuang_Neuro-Cognitive_Reward_Modeling_for_Human-Centered_Autonomous_Vehicle_Control_CVPR_2026_paper.html,"Recent advancements in computer vision have accelerated the development of autonomous driving. Despite these advancements, training machines to drive in a way that aligns with human expectations remains a significant challenge. Human factors are still essential, as humans possess a sophisticated cognitive system capable of rapidly interpreting scene information and making accurate decisions. Aligning machine with human intent has been explored with Reinforcement Learning with Human Feedback (RLHF). Conventional RLHF methods rely on collecting human preference data by manually ranking AI-generated outputs, which is time-consuming and indirect. In this work, we propose an electroencephalography (EEG)-guided decision-making framework to incorporate human cognitive insights into reinforcement learning (RL) for autonomous driving. We collected EEG signals from 20 participants in a realistic driving simulator and analyzed event-related potentials (ERP) in response to sudden environmental changes. Our proposed framework employs a neural network to predict the strength of ERP based on the cognitive information from visual scene information. Moreover, we explore the integration of such cognitive information into the reward signal of the RL algorithm. Experimental results show that our framework can improve the collision avoidance ability of the RL algorithm, highlighting the potential of neuro-cognitive feedback in enhancing autonomous driving systems.","@InProceedings{Zhuang_2026_CVPR, author = {Zhuang, Zhuoli and Chang, Yu-Cheng and Wang, Yu-Kai and Do, Thomas and Lin, Chin-Teng}, title = {Neuro-Cognitive Reward Modeling for Human-Centered Autonomous Vehicle Control}, booktitle = {Proceedings of the IEEE/CVF Conference on Computer Vision and Pattern Recognition (CVPR)}, month = {June}, year = {2026}, pages = {10599-10609} }"
Zhou_Monocular_Open_Vocabulary_Occupancy_Prediction_for_Indoor_Scenes_CVPR_2026_paper,2026,1,Autonomous_Driving,Autonomous_Driving|Embodied_AI_Robotics|Recognition_Classification,9.0,0.333,Monocular Open Vocabulary Occupancy Prediction for Indoor Scenes,Changqing Zhou; Yueru Luo; Han Zhang; Zeyu Jiang; Changhao Chen,5,21627-21637,True,https://openaccess.thecvf.com/content/CVPR2026/papers/Zhou_Monocular_Open_Vocabulary_Occupancy_Prediction_for_Indoor_Scenes_CVPR_2026_paper.pdf,https://openaccess.thecvf.com/content/CVPR2026/supplemental/Zhou_Monocular_Open_Vocabulary_CVPR_2026_supplemental.pdf,https://openaccess.thecvf.com/content/CVPR2026/html/Zhou_Monocular_Open_Vocabulary_Occupancy_Prediction_for_Indoor_Scenes_CVPR_2026_paper.html,"Open-vocabulary 3D occupancy is vital for embodied agents, which need to understand complex indoor environments where semantic categories are abundant and evolve beyond fixed taxonomies. While recent work has explored open-vocabulary occupancy in outdoor driving scenarios, such methods transfer poorly indoors, where geometry is denser, layouts are more intricate, and semantics are far more fine-grained. To address these challenges, we adopt a geometry-only supervision paradigm that uses only binary occupancy labels (occupied vs. free). Our framework builds upon 3D Language-Embedded Gaussians, which serve as a unified intermediate representation coupling fine-grained 3D geometry with a language-aligned semantic embedding. On the geometry side, we find that existing Gaussian-to-Occupancy operators fail to converge under such weak supervision, and we introduce an opacity-aware, Poisson-based approach that stabilizes volumetric aggregation. On the semantic side, direct alignment between rendered features and open-vocabulary segmentation features suffers from feature mixing; we therefore propose a Progressive Temperature Decay schedule that gradually sharpens opacities during splatting, strengthening Gaussian-language alignment. On Occ-ScanNet, our framework achieves 59.50 IoU and 21.05 mIoU in the open-vocabulary setting, surpassing all existing occupancy methods in IoU and outperforming prior open-vocabulary approaches by a large margin in mIoU. Code will be released at https://github.com/JuIvyy/LegoOcc.","@InProceedings{Zhou_2026_CVPR, author = {Zhou, Changqing and Luo, Yueru and Zhang, Han and Jiang, Zeyu and Chen, Changhao}, title = {Monocular Open Vocabulary Occupancy Prediction for Indoor Scenes}, booktitle = {Proceedings of the IEEE/CVF Conference on Computer Vision and Pattern Recognition (CVPR)}, month = {June}, year = {2026}, pages = {21627-21637} }"
Ahmadi_RLFTSim_Realistic_and_Controllable_Multi-Agent_Traffic_Simulation_via_Reinforcement_Learning_CVPR_2026_paper,2026,1,Autonomous_Driving,Autonomous_Driving|LLM_Reasoning_Agent|Embodied_AI_Robotics,13.0,0.385,RLFTSim: Realistic and Controllable Multi-Agent Traffic Simulation via Reinforcement Learning Fine-Tuning,Ehsan Ahmadi; Hunter Schofield; Behzad Khamidehi; Fazel Arasteh; Jinjun Shan; Lili Mou; Dongfeng Bai; Kasra Rezaee,8,39734-39743,True,https://openaccess.thecvf.com/content/CVPR2026/papers/Ahmadi_RLFTSim_Realistic_and_Controllable_Multi-Agent_Traffic_Simulation_via_Reinforcement_Learning_CVPR_2026_paper.pdf,https://openaccess.thecvf.com/content/CVPR2026/supplemental/Ahmadi_RLFTSim_Realistic_and_CVPR_2026_supplemental.pdf,https://openaccess.thecvf.com/content/CVPR2026/html/Ahmadi_RLFTSim_Realistic_and_Controllable_Multi-Agent_Traffic_Simulation_via_Reinforcement_Learning_CVPR_2026_paper.html,"Supervised open-loop training has been widely adopted for training traffic simulation models; however, it fails to capture the inherently dynamic, multi-agent interactions common in complex driving scenarios. We introduce RLFTSim, a reinforcement-learning-based fine-tuning framework that enhances scenario realism by aligning simulator rollouts with real-world data distributions and provides a method for distilling goal-conditioned controllability in scenario generation. We instantiate RLFTSim on top of a pre-trained simulation model, design a reward that balances fidelity and controllability, and perform comprehensive experiments on the Waymo Open Motion Dataset. Our results show improvements in realism, achieving state-of-the-art performance. Compared with other heuristic search-based fine-tuning methods, RLFTSim requires significantly fewer samples due to a proposed low-variance and dense reward signal, and it directly addresses the realism alignment issue by design. We also demonstrate the effectiveness of our approach for distilling traffic simulation controllability through goal conditioning. Project page is available at https://ehsan-ami.github.io/rlftsim.","@InProceedings{Ahmadi_2026_CVPR, author = {Ahmadi, Ehsan and Schofield, Hunter and Khamidehi, Behzad and Arasteh, Fazel and Shan, Jinjun and Mou, Lili and Bai, Dongfeng and Rezaee, Kasra}, title = {RLFTSim: Realistic and Controllable Multi-Agent Traffic Simulation via Reinforcement Learning Fine-Tuning}, booktitle = {Proceedings of the IEEE/CVF Conference on Computer Vision and Pattern Recognition (CVPR)}, month = {June}, year = {2026}, pages = {39734-39743} }"
Xu_U4D_Uncertainty-Aware_4D_World_Modeling_from_LiDAR_Sequences_CVPR_2026_paper,2026,1,Autonomous_Driving,Autonomous_Driving,21.0,0.714,U4D: Uncertainty-Aware 4D World Modeling from LiDAR Sequences,Xiang Xu; Alan Liang; Youquan Liu; Linfeng Li; Lingdong Kong; Ziwei Liu; Qingshan Liu,7,10027-10039,True,https://openaccess.thecvf.com/content/CVPR2026/papers/Xu_U4D_Uncertainty-Aware_4D_World_Modeling_from_LiDAR_Sequences_CVPR_2026_paper.pdf,https://openaccess.thecvf.com/content/CVPR2026/supplemental/Xu_U4D_Uncertainty-Aware_4D_CVPR_2026_supplemental.pdf,https://openaccess.thecvf.com/content/CVPR2026/html/Xu_U4D_Uncertainty-Aware_4D_World_Modeling_from_LiDAR_Sequences_CVPR_2026_paper.html,"Modeling dynamic 3D environments from LiDAR sequences is central to building reliable 4D worlds for autonomous driving and embodied AI. Existing generative frameworks, however, often treat all spatial regions uniformly, overlooking the varying uncertainty across real-world scenes. This uniform generation leads to artifacts in complex or ambiguous regions, limiting realism and temporal stability. In this work, we present **U4D**, an uncertainty-aware framework for 4D LiDAR world modeling. Our approach first estimates spatial uncertainty maps from a pretrained segmentation model to localize semantically challenging regions. It then performs generation in a ""hard-to-easy"" manner through two sequential stages: (1) *uncertainty-region modeling*, which reconstructs high-entropy regions with fine geometric fidelity, and (2) *uncertainty-conditioned completion*, which synthesizes the remaining areas under learned structural priors. To further ensure temporal coherence, U4D incorporates a mixture of spatio-temporal (MoST) block that adaptively fuses spatial and temporal representations during diffusion. Extensive experiments show that U4D produces geometrically faithful and temporally consistent LiDAR sequences, advancing the reliability of 4D world modeling for autonomous perception and simulation.","@InProceedings{Xu_2026_CVPR, author = {Xu, Xiang and Liang, Alan and Liu, Youquan and Li, Linfeng and Kong, Lingdong and Liu, Ziwei and Liu, Qingshan}, title = {U4D: Uncertainty-Aware 4D World Modeling from LiDAR Sequences}, booktitle = {Proceedings of the IEEE/CVF Conference on Computer Vision and Pattern Recognition (CVPR)}, month = {June}, year = {2026}, pages = {10027-10039} }"
Wu_RecEdit-Drive_3D_Reconstruction-Guided_Spatiotemporal_Video_Editing_for_Autonomous_Driving_Scenes_CVPR_2026_paper,2026,1,Autonomous_Driving,Autonomous_Driving|Video_Action_Recognition|3D_Reconstruction,21.0,0.143,RecEdit-Drive: 3D Reconstruction-Guided Spatiotemporal Video Editing for Autonomous Driving Scenes,Yipeng Wu; Xin Wang; Chenghan Yang; Chong Wang; Dongdong Wu; Wanchao Su; Hengshuang Zhao; Wei Feng; Kairui Yang; Di Lin,10,25415-25425,True,https://openaccess.thecvf.com/content/CVPR2026/papers/Wu_RecEdit-Drive_3D_Reconstruction-Guided_Spatiotemporal_Video_Editing_for_Autonomous_Driving_Scenes_CVPR_2026_paper.pdf,https://openaccess.thecvf.com/content/CVPR2026/supplemental/Wu_RecEdit-Drive_3D_Reconstruction-Guided_CVPR_2026_supplemental.zip,https://openaccess.thecvf.com/content/CVPR2026/html/Wu_RecEdit-Drive_3D_Reconstruction-Guided_Spatiotemporal_Video_Editing_for_Autonomous_Driving_Scenes_CVPR_2026_paper.html,"High-quality video editing and processing are crucial in domains such as filmmaking and autonomous driving, where accurate visual refinement and data preparation are essential. However, it is challenging to achieve precise control over dynamic objects while maintaining spatiotemporal consistency. Current approaches typically utilize text prompts or 2D structural priors for video editing to ensure consistency, yet they struggle to effectively constrain the spatial variations of dynamic 3D objects. In this paper, we introduce RecEdit-Drive, a framework that integrates Spatial Feature Warping and Spatiotemporal Collaborative Modeling to effectively control 3D object variations and enhance video consistency. The spatial feature warping enhances precise control over the edited foreground 3D objects, enhancing spatial consistency in the generated videos; and the spatiotemporal collaborative modeling seamlessly integrates edited foreground objects into the background, yielding realistic and consistent edited videos. Besides, we design an inference strategy to reconstruct an accurate background structure through noise manipulation, providing a reliable reference for foreground instance editing at early denoising stages. We perform extensive qualitative and quantitative comparisons regarding general video editing and downstream tasks on the public datasets, demonstrating the state-of-the-art performance of our proposed method.","@InProceedings{Wu_2026_CVPR, author = {Wu, Yipeng and Wang, Xin and Yang, Chenghan and Wang, Chong and Wu, Dongdong and Su, Wanchao and Zhao, Hengshuang and Feng, Wei and Yang, Kairui and Lin, Di}, title = {RecEdit-Drive: 3D Reconstruction-Guided Spatiotemporal Video Editing for Autonomous Driving Scenes}, booktitle = {Proceedings of the IEEE/CVF Conference on Computer Vision and Pattern Recognition (CVPR)}, month = {June}, year = {2026}, pages = {25415-25425} }"
Wu_Probabilistic_Discrepancy_Learning_for_Roadside_LiDAR_Scene_Completion_CVPR_2026_paper,2026,1,Autonomous_Driving,Autonomous_Driving,12.0,0.75,Probabilistic Discrepancy Learning for Roadside LiDAR Scene Completion,Xiaogang Wu; Jinchao Hu; Zixian Wang; Dun Liu; BoXiang Cheng; Yiqiang Wu,6,9955-9964,True,https://openaccess.thecvf.com/content/CVPR2026/papers/Wu_Probabilistic_Discrepancy_Learning_for_Roadside_LiDAR_Scene_Completion_CVPR_2026_paper.pdf,,https://openaccess.thecvf.com/content/CVPR2026/html/Wu_Probabilistic_Discrepancy_Learning_for_Roadside_LiDAR_Scene_Completion_CVPR_2026_paper.html,"We propose a probabilistic discrepancy learning approach for roadside LiDAR scene completion (PDL). Conventional methods focus on object-level completion and scene completion from ego-vehicle viewpoint. These methods struggle to cope with long-term or severe occlusions caused by roadside sensors with fixed viewpoints. To address this issue, we compensate for occlusion roadside point clouds by introducing external visual information. Specifically, the PDL is mainly divided into probabilistic pose discrepancy minimization and scene discrepancy learning. We employ probabilistic pose discrepancy minimization to correct noisy poses from vision-based detectors, while utilizing a diffusion model within scene discrepancy learning for robust full-scene completion. Furthermore, we design regional and global sampling discrepancy learning losses to achieve robust and efficient training. We conducted extensive experiments on the V2X-Seq and TUMTraf-V2X roadside datasets. Results demonstrate that PDL achieves state-of-the-art performance, with average reductions of 14.5% in chamfer distance (CD) and 6% in 3D Jensen Shannon divergence (JSD) compared to existing methods.","@InProceedings{Wu_2026_CVPR, author = {Wu, Xiaogang and Hu, Jinchao and Wang, Zixian and Liu, Dun and Cheng, BoXiang and Wu, Yiqiang}, title = {Probabilistic Discrepancy Learning for Roadside LiDAR Scene Completion}, booktitle = {Proceedings of the IEEE/CVF Conference on Computer Vision and Pattern Recognition (CVPR)}, month = {June}, year = {2026}, pages = {9955-9964} }"
Song_Rascene_High-Fidelity_3D_Scene_Imaging_with_mmWave_Communication_Signals_CVPR_2026_paper,2026,1,Autonomous_Driving,Autonomous_Driving,6.0,0.167,Rascene: High-Fidelity 3D Scene Imaging with mmWave Communication Signals,Kunzhe Song; Geo Jie Zhou; Xiaoming Liu; Huacheng Zeng,4,36454-36463,True,https://openaccess.thecvf.com/content/CVPR2026/papers/Song_Rascene_High-Fidelity_3D_Scene_Imaging_with_mmWave_Communication_Signals_CVPR_2026_paper.pdf,https://openaccess.thecvf.com/content/CVPR2026/supplemental/Song_Rascene_High-Fidelity_3D_CVPR_2026_supplemental.pdf,https://openaccess.thecvf.com/content/CVPR2026/html/Song_Rascene_High-Fidelity_3D_Scene_Imaging_with_mmWave_Communication_Signals_CVPR_2026_paper.html,"Robust 3D environmental perception is critical for applications such as autonomous driving and robot navigation. However, optical sensors such as cameras and LiDAR often fail under adverse conditions, including smoke, fog, and non-ideal lighting. Although specialized radar systems can operate in these environments, their reliance on bespoke hardware and licensed spectrum limits scalability and cost-effectiveness. This paper introduces Rascene, an integrated sensing and communication (ISAC) framework that leverages ubiquitous mmWave OFDM communication signals for 3D scene imaging. To overcome the sparse and multipath-ambiguous nature of individual radio frames, Rascene performs multi-frame, spatially adaptive fusion with confidence-weighted forward projection, enabling the recovery of geometric consensus across arbitrary poses. Experimental results demonstrate that our method reconstructs 3D scenes with high precision, offering a new pathway toward low-cost, scalable, and robust 3D perception.","@InProceedings{Song_2026_CVPR, author = {Song, Kunzhe and Zhou, Geo Jie and Liu, Xiaoming and Zeng, Huacheng}, title = {Rascene: High-Fidelity 3D Scene Imaging with mmWave Communication Signals}, booktitle = {Proceedings of the IEEE/CVF Conference on Computer Vision and Pattern Recognition (CVPR)}, month = {June}, year = {2026}, pages = {36454-36463} }"
Yang_Hybrid_Robust_Collaborative_Perception_with_LiDAR-4D_Radar_Fusion_under_Adverse_CVPR_2026_paper,2026,1,Autonomous_Driving,Autonomous_Driving,18.0,0.667,Hybrid Robust Collaborative Perception with LiDAR-4D Radar Fusion under Adverse Weather Conditions,Yuquan Yang; Hui Zhang; Wenyu Lu; Ziyin Zhang; Chuanming Zhang; Xiaohua Xu,6,24237-24247,True,https://openaccess.thecvf.com/content/CVPR2026/papers/Yang_Hybrid_Robust_Collaborative_Perception_with_LiDAR-4D_Radar_Fusion_under_Adverse_CVPR_2026_paper.pdf,,https://openaccess.thecvf.com/content/CVPR2026/html/Yang_Hybrid_Robust_Collaborative_Perception_with_LiDAR-4D_Radar_Fusion_under_Adverse_CVPR_2026_paper.html,"Current collaborative perception systems have significantly improved 3D object detection performance. However, widely used LiDAR and camera systems often suffer performance degradation under adverse weather conditions. The weather-robust 4D radar provides a promising solution to address this challenge. Nevertheless, the effective fusion of sparse 4D radar measurements with degraded LiDAR data remains a significant challenge due to cross-modal corruption and information loss. In this work, we propose a novel hybrid robust collaborative perception framework (HRCP), designed to improve the collaborative perception performance under adverse weather conditions through LiDAR-4D radar fusion. Specifically, we introduce a hybrid collaboration strategy that considers their distinct physical properties and differently processes them during information transmission. Additionally, we propose a bidirectional cross-modal gating (BCMG) module that enables LiDAR and 4D radar to mutually validate feature reliability, ensuring consistent cross-modal representation, and an adaptive feature enhancement (AFE) module that enables comprehensive refinement of degraded and suppressed regions to mitigate information loss. Extensive experimental results demonstrate that our method outperforms previous state-of-the-art approaches under adverse weather conditions.","@InProceedings{Yang_2026_CVPR, author = {Yang, Yuquan and Zhang, Hui and Lu, Wenyu and Zhang, Ziyin and Zhang, Chuanming and Xu, Xiaohua}, title = {Hybrid Robust Collaborative Perception with LiDAR-4D Radar Fusion under Adverse Weather Conditions}, booktitle = {Proceedings of the IEEE/CVF Conference on Computer Vision and Pattern Recognition (CVPR)}, month = {June}, year = {2026}, pages = {24237-24247} }"
Elazab_CARD_A_Multi-Modal_Automotive_Dataset_for_Dense_3D_Reconstruction_in_CVPR_2026_paper,2026,1,Autonomous_Driving,Autonomous_Driving|3D_Reconstruction|LowLevel_Flow_Depth_Matching|Vision_Language_Multimodal,12.0,0.25,CARD: A Multi-Modal Automotive Dataset for Dense 3D Reconstruction in Challenging Road Topography,Gasser Elazab; Frank Neuhaus; Tilman Koß; Malte Splietker; Aditya Date; Michael Unterreiner; Maximilian Jansen; Olaf Hellwich,8,17820-17830,True,https://openaccess.thecvf.com/content/CVPR2026/papers/Elazab_CARD_A_Multi-Modal_Automotive_Dataset_for_Dense_3D_Reconstruction_in_CVPR_2026_paper.pdf,https://openaccess.thecvf.com/content/CVPR2026/supplemental/Elazab_CARD_A_Multi-Modal_CVPR_2026_supplemental.zip,https://openaccess.thecvf.com/content/CVPR2026/html/Elazab_CARD_A_Multi-Modal_Automotive_Dataset_for_Dense_3D_Reconstruction_in_CVPR_2026_paper.html,"Autonomous driving must operate reliably across diverse surfaces to enable safe mobility. However, most driving datasets are captured on well-paved flat roads. Moreover, recent driving datasets primarily provide sparse LiDAR ground truth for images, which is insufficient for assessing fine-grained geometry in depth estimation and completion. To address these gaps, we introduce CARD, a multi-modal driving dataset that delivers quasi-dense 3D ground truth across continuous sequences rich in speed bumps, potholes, irregular surfaces and off-road segments. Our sensor suite includes synchronized global-shutter stereo cameras, front and rear LiDARs, 6-DoF poses from LiDAR-inertial odometry, per-wheel motion traces, and full calibration. Notably, our multi-LiDAR fusion yields 500K valid depth pixels per frame, about 6.5x more than KITTI Depth Completion and 10x more on average than other public driving datasets. The dataset spans 110 km and 4.7 hours across Germany and Italy. In addition, CARD provides 2D bounding boxes targeting road-topography irregularities, enabling accurate benchmarking for both geometry and perception tasks. Furthermore, we introduce a standardized evaluation protocol for road surface irregularities and a stereo-guided depth completion variant that achieves leading performance on CARD. Moreover, we benchmark state-of-the-art depth estimation models to establish strong baselines. We host CARD on Hugging Face with an open source SDK and standardized splits to enable public leaderboards and reproducible evaluation. The CARD dataset is hosted on (https://huggingface.co/CARD-Data).","@InProceedings{Elazab_2026_CVPR, author = {Elazab, Gasser and Neuhaus, Frank and Ko{\ss}, Tilman and Splietker, Malte and Date, Aditya and Unterreiner, Michael and Jansen, Maximilian and Hellwich, Olaf}, title = {CARD: A Multi-Modal Automotive Dataset for Dense 3D Reconstruction in Challenging Road Topography}, booktitle = {Proceedings of the IEEE/CVF Conference on Computer Vision and Pattern Recognition (CVPR)}, month = {June}, year = {2026}, pages = {17820-17830} }"
Hubbertz_Failure_Modes_for_Deep_Learning-Based_Online_Mapping_How_to_Measure_CVPR_2026_paper,2026,1,Autonomous_Driving,Autonomous_Driving,3.0,0.0,Failure Modes for Deep Learning-Based Online Mapping: How to Measure and Address Them,Michael Hubbertz; Qi Han; Tobias Meisen,3,39755-39764,True,https://openaccess.thecvf.com/content/CVPR2026/papers/Hubbertz_Failure_Modes_for_Deep_Learning-Based_Online_Mapping_How_to_Measure_CVPR_2026_paper.pdf,https://openaccess.thecvf.com/content/CVPR2026/supplemental/Hubbertz_Failure_Modes_for_CVPR_2026_supplemental.pdf,https://openaccess.thecvf.com/content/CVPR2026/html/Hubbertz_Failure_Modes_for_Deep_Learning-Based_Online_Mapping_How_to_Measure_CVPR_2026_paper.html,"Deep learning-based online mapping has emerged as a cornerstone of autonomous driving, yet these models frequently fail to generalize beyond familiar environments. We propose a framework to identify and measure the underlying failure modes by disentangling two effects: Memorization of input features and overfitting to known map topologies. We propose metrics based on evaluation subsets that control for geographical proximity and topological similarity between training and validation scenes. We introduce Frechet distance-based reconstruction statistics that capture per-element shape fidelity without threshold tuning, and define complementary failure-mode scores: an input-feature overfitting score quantifying the performance drop when geographic cues disappear, and a topology overfitting score measuring degradation as scenes become topologically novel. Beyond models, we analyze dataset biases and contribute topology-aware diagnostics: A minimum-spanning-tree (MST) diversity metric for training sets and a symmetric coverage metric to quantify topological similarity between splits. Leveraging these, we formulate an MST-based sparsification strategy that reduces redundancy and improves balancing and performance while shrinking training size. Experiments on nuScenes and Argoverse 2 across multiple state-of-the-art models yield more trustworthy assessment of generalization and show that topology-diverse and balanced training sets lead to improved performance. Our results motivate failure-mode-aware protocols and topology-centric dataset design for deployable online mapping.","@InProceedings{Hubbertz_2026_CVPR, author = {Hubbertz, Michael and Han, Qi and Meisen, Tobias}, title = {Failure Modes for Deep Learning-Based Online Mapping: How to Measure and Address Them}, booktitle = {Proceedings of the IEEE/CVF Conference on Computer Vision and Pattern Recognition (CVPR)}, month = {June}, year = {2026}, pages = {39755-39764} }"
Hong_ReManNet_A_Riemannian_Manifold_Network_for_Monocular_3D_Lane_Detection_CVPR_2026_paper,2026,1,Autonomous_Driving,Autonomous_Driving,15.0,0.667,ReManNet: A Riemannian Manifold Network for Monocular 3D Lane Detection,Chengzhi Hong; Bijun Li,2,33046-33056,True,https://openaccess.thecvf.com/content/CVPR2026/papers/Hong_ReManNet_A_Riemannian_Manifold_Network_for_Monocular_3D_Lane_Detection_CVPR_2026_paper.pdf,,https://openaccess.thecvf.com/content/CVPR2026/html/Hong_ReManNet_A_Riemannian_Manifold_Network_for_Monocular_3D_Lane_Detection_CVPR_2026_paper.html,"Monocular 3D lane detection remains challenging due to depth ambiguity and weak geometric constraints. Mainstream methods rely on depth guidance, BEV projection, and anchor- or curve-based heads with simplified physical assumptions, remapping high-dimensional image features while only weakly encoding road geometry. Lacking an invariant geometric-topological coupling between lanes and the underlying road surface, 2D-to-3D lifting is ill-posed and brittle, often degenerating into concavities, bulges, and twists. To address this, we propose the Road-Manifold Assumption: the road is a smooth 2D manifold in R3, lanes are embedded 1D submanifolds, and sampled lane points are dense observations, thereby coupling metric and topology across surfaces, curves, and point sets. Building on this, we propose ReManNet, which first produces initial lane predictions with an image backbone and detection heads, then encodes geometry as Riemannian Gaussian descriptors on the symmetric positive-definite (SPD) manifold, and fuses these descriptors with visual features through a lightweight gate to maintain coherent 3D reasoning. We also propose the 3D Tunnel Lane IoU (3D-TLIoU) loss, a joint point-curve objective that computes slice-wise overlap of tubular neighborhoods along each lane to improve shape-level alignment. Extensive experiments on standard benchmarks demonstrate that ReManNet achieves state-of-the-art (SOTA) or competitive results. On OpenLane, it improves F1 by +8.2% over the baseline and by +1.8% over the previous best, with scenario-level gains of up to +6.6%. The code will be publicly available at https://github.com/changehome717/ReManNet.","@InProceedings{Hong_2026_CVPR, author = {Hong, Chengzhi and Li, Bijun}, title = {ReManNet: A Riemannian Manifold Network for Monocular 3D Lane Detection}, booktitle = {Proceedings of the IEEE/CVF Conference on Computer Vision and Pattern Recognition (CVPR)}, month = {June}, year = {2026}, pages = {33046-33056} }"
Zuo_DVGT_Driving_Visual_Geometry_Transformer_CVPR_2026_paper,2026,1,Autonomous_Driving,Autonomous_Driving,3.0,0.0,DVGT: Driving Visual Geometry Transformer,Sicheng Zuo; Zixun Xie; Wenzhao Zheng; Shaoqing Xu; Fang Li; Shengyin Jiang; Long Chen; Zhi-Xin Yang; Jiwen Lu,9,14658-14668,True,https://openaccess.thecvf.com/content/CVPR2026/papers/Zuo_DVGT_Driving_Visual_Geometry_Transformer_CVPR_2026_paper.pdf,https://openaccess.thecvf.com/content/CVPR2026/supplemental/Zuo_DVGT_Driving_Visual_CVPR_2026_supplemental.zip,https://openaccess.thecvf.com/content/CVPR2026/html/Zuo_DVGT_Driving_Visual_Geometry_Transformer_CVPR_2026_paper.html,"Perceiving and reconstructing 3D scene geometry from visual inputs is crucial for autonomous driving. However, there still lacks a driving-targeted dense geometry perception model that can adapt to different scenarios and camera configurations. To bridge this gap, we propose a Driving Visual Geometry Transformer (DVGT), which reconstructs a global dense 3D point map from a sequence of unposed multi-view visual inputs. We first extract visual features for each image using a DINO backbone, and employ alternating intra-view local attention, cross-view spatial attention, and cross-frame temporal attention to infer geometric relations across images. We then use multiple heads to decode a global point map in the ego coordinate of the first frame and the ego poses for each frame. Unlike conventional methods that rely on precise camera parameters, DVGT is free of explicit 3D geometric priors, enabling flexible processing of arbitrary camera configurations. DVGT directly predicts metric-scaled geometry from image sequences, eliminating the need for post-alignment with external sensors. Trained on a large mixture of driving datasets including nuScenes, OpenScene, Waymo, KITTI, and DDAD, DVGT significantly outperforms existing models on various scenarios.","@InProceedings{Zuo_2026_CVPR, author = {Zuo, Sicheng and Xie, Zixun and Zheng, Wenzhao and Xu, Shaoqing and Li, Fang and Jiang, Shengyin and Chen, Long and Yang, Zhi-Xin and Lu, Jiwen}, title = {DVGT: Driving Visual Geometry Transformer}, booktitle = {Proceedings of the IEEE/CVF Conference on Computer Vision and Pattern Recognition (CVPR)}, month = {June}, year = {2026}, pages = {14658-14668} }"
Zhang_Diffusion_Forcing_Planner_History-Annealed_Planning_with_Time-Dependent_Guidance_for_Autonomous_CVPR_2026_paper,2026,1,Autonomous_Driving,Autonomous_Driving,12.0,0.75,Diffusion Forcing Planner: History-Annealed Planning with Time-Dependent Guidance for Autonomous Driving,Zehan Zhang; Yaoyi Li; Neng Zhang; Jia Cai,4,39796-39805,True,https://openaccess.thecvf.com/content/CVPR2026/papers/Zhang_Diffusion_Forcing_Planner_History-Annealed_Planning_with_Time-Dependent_Guidance_for_Autonomous_CVPR_2026_paper.pdf,https://openaccess.thecvf.com/content/CVPR2026/supplemental/Zhang_Diffusion_Forcing_Planner_CVPR_2026_supplemental.pdf,https://openaccess.thecvf.com/content/CVPR2026/html/Zhang_Diffusion_Forcing_Planner_History-Annealed_Planning_with_Time-Dependent_Guidance_for_Autonomous_CVPR_2026_paper.html,"Learning-based motion planners, despite recent progress, often suffer from temporal inconsistency. Small perturbations across frames can accumulate into unstable trajectories, degrading comfort and safety in closed-loop driving. Several methods attempt to inject history as a static conditioning signal to stabilize outputs, only to induce the planner to copy historical patterns instead of adapting to environment contexts. To address this limitation, we propose Diffusion Forcing Planner (DFP), a diffusion-based planning framework driven by history-guided control. Specifically, DFP decomposes the full trajectory into history, current and future segments, and assign independent noise levels to each segment. The model jointly denoises the historical and the future segments, enforcing a heterogeneous joint diffusion process. At inference, classifier-free guidance (CFG) is applied to steer future sampling using annealed history in a controllable manner. Closed-loop evaluation and comprehensive ablations on nuPlan show that DFP achieves competitive performance while producing continuous, stable, and controllable motion plans in complex driving scenarios.","@InProceedings{Zhang_2026_CVPR, author = {Zhang, Zehan and Li, Yaoyi and Zhang, Neng and Cai, Jia}, title = {Diffusion Forcing Planner: History-Annealed Planning with Time-Dependent Guidance for Autonomous Driving}, booktitle = {Proceedings of the IEEE/CVF Conference on Computer Vision and Pattern Recognition (CVPR)}, month = {June}, year = {2026}, pages = {39796-39805} }"
Lv_Gau-Occ_Geometry-Completed_Gaussians_for_Multi-Modal_3D_Occupancy_Prediction_CVPR_2026_paper,2026,1,Autonomous_Driving,Autonomous_Driving|Vision_Language_Multimodal,22.0,0.364,Gau-Occ: Geometry-Completed Gaussians for Multi-Modal 3D Occupancy Prediction,Chengxin Lv; Yihui Li; Hongyu Yang; YunHong Wang,4,14198-14207,True,https://openaccess.thecvf.com/content/CVPR2026/papers/Lv_Gau-Occ_Geometry-Completed_Gaussians_for_Multi-Modal_3D_Occupancy_Prediction_CVPR_2026_paper.pdf,https://openaccess.thecvf.com/content/CVPR2026/supplemental/Lv_Gau-Occ_Geometry-Completed_Gaussians_CVPR_2026_supplemental.pdf,https://openaccess.thecvf.com/content/CVPR2026/html/Lv_Gau-Occ_Geometry-Completed_Gaussians_for_Multi-Modal_3D_Occupancy_Prediction_CVPR_2026_paper.html,"3D semantic occupancy prediction is crucial for autonomous driving, yet vision-only approaches suffer from weak geometric cues, and existing multi-modal frameworks often depend on dense voxel or BEV tensors that impose heavy computational cost. We present Gau-Occ, a multi-modal framework that models the scene as a compact collection of semantic 3D Gaussians, enabling geometry-guided fusion without dense volumetric processing. To enhance geometric completeness, a learned LiDAR Completion Diffuser (LCD) trained on real-world priors recovers missing structures from sparse LiDAR, and the completed points are encoded as semantic Gaussian anchors. To further integrate multi-view image semantics, we introduce Gaussian Anchor Fusion (GAF), a geometry-aligned aggregation module that performs anchor-guided 2D sampling, local neighborhood encoding, and cross-modal alignment. By constructing locally aggregated Gaussian descriptors that capture spatial consistency and semantic discriminability, GAF facilitates accurate feature association across modalities. Through anchor-driven refinement of Gaussian attributes, Occ-GS supports detailed 3D occupancy prediction. Extensive experiments across challenging benchmarks demonstrate that Occ-GS achieves state-of-the-art performance.","@InProceedings{Lv_2026_CVPR, author = {Lv, Chengxin and Li, Yihui and Yang, Hongyu and Wang, YunHong}, title = {Gau-Occ: Geometry-Completed Gaussians for Multi-Modal 3D Occupancy Prediction}, booktitle = {Proceedings of the IEEE/CVF Conference on Computer Vision and Pattern Recognition (CVPR)}, month = {June}, year = {2026}, pages = {14198-14207} }"
Ma_MTA_Multimodal_Task_Alignment_for_BEV_Perception_and_Captioning_CVPR_2026_paper,2026,1,Autonomous_Driving,Autonomous_Driving|Vision_Language_Multimodal,21.0,0.286,MTA: Multimodal Task Alignment for BEV Perception and Captioning,Yunsheng Ma; Burhaneddin Yaman; Xin Ye; Jingru Luo; Feng Tao; Abhirup Mallik; Ziran Wang; Liu Ren,8,670-679,True,https://openaccess.thecvf.com/content/CVPR2026/papers/Ma_MTA_Multimodal_Task_Alignment_for_BEV_Perception_and_Captioning_CVPR_2026_paper.pdf,https://openaccess.thecvf.com/content/CVPR2026/supplemental/Ma_MTA_Multimodal_Task_CVPR_2026_supplemental.pdf,https://openaccess.thecvf.com/content/CVPR2026/html/Ma_MTA_Multimodal_Task_Alignment_for_BEV_Perception_and_Captioning_CVPR_2026_paper.html,"Bird's eye view (BEV)-based 3D perception plays a crucial role in autonomous driving applications. The rise of large language models has spurred interest in BEV-based captioning to understand object behavior in the surrounding environment. However, existing approaches treat perception and captioning as separate tasks, focusing on the performance of only one task and overlooking the potential benefits of multimodal alignment. To bridge this gap between modalities, we introduce MTA, a novel multimodal task alignment framework that boosts both BEV perception and captioning. MTA consists of two key components: (1) BEV-Language Alignment (BLA), a contextual learning mechanism that aligns the BEV scene representations with ground-truth language representations, and (2) Detection-Captioning Alignment (DCA), a cross-modal prompting mechanism that aligns detection and captioning outputs. MTA seamlessly integrates into state-of-the-art baselines during training, adding no extra computational complexity at runtime. Extensive experiments on the nuScenes and TOD3Cap datasets show that MTA significantly outperforms state-of-the-art baselines in both tasks, achieving a 10.7% improvement in challenging rare perception scenarios and a 9.2% improvement in captioning. These results underscore the effectiveness of unified alignment in reconciling BEV-based perception and captioning.","@InProceedings{Ma_2026_CVPR, author = {Ma, Yunsheng and Yaman, Burhaneddin and Ye, Xin and Luo, Jingru and Tao, Feng and Mallik, Abhirup and Wang, Ziran and Ren, Liu}, title = {MTA: Multimodal Task Alignment for BEV Perception and Captioning}, booktitle = {Proceedings of the IEEE/CVF Conference on Computer Vision and Pattern Recognition (CVPR)}, month = {June}, year = {2026}, pages = {670-679} }"
Liu_StreamVLO_Streaming_Visual-LiDAR_Odometry_with_Cumulative_Drift_Compensation_CVPR_2026_paper,2026,1,Autonomous_Driving,Autonomous_Driving,18.0,0.778,StreamVLO: Streaming Visual-LiDAR Odometry with Cumulative Drift Compensation,Mengmeng Liu; Jiuming Liu; Michael Ying Yang; Chaokang Jiang; Jiangtao Li; Yunpeng Zhang; Hesheng Wang; Francesco Nex; Hao Cheng,9,39086-39097,True,https://openaccess.thecvf.com/content/CVPR2026/papers/Liu_StreamVLO_Streaming_Visual-LiDAR_Odometry_with_Cumulative_Drift_Compensation_CVPR_2026_paper.pdf,https://openaccess.thecvf.com/content/CVPR2026/supplemental/Liu_StreamVLO_Streaming_Visual-LiDAR_CVPR_2026_supplemental.zip,https://openaccess.thecvf.com/content/CVPR2026/html/Liu_StreamVLO_Streaming_Visual-LiDAR_Odometry_with_Cumulative_Drift_Compensation_CVPR_2026_paper.html,"We propose StreamVLO, a streaming visual-LiDAR odometry framework that performs unified spatio-temporal correlation with Mamba models and tackles the long-standing cumulative drift problem via an online Cumulative Drift Compensation scheme for localization in 4D dynamic environments. Specifically, StreamVLO introduces a unified spatio-temporal correlation module built on Mamba to fuse heterogeneous visual and LiDAR cues across multi-frame clips, overcoming the limited temporal exploration of prior pairwise methods. Furthermore, a Cumulative Drift Compensation module minimizes cumulative drift by iteratively learning residual corrections from multiple historical frames in a causal manner. To strengthen spatial feature representation on salient regions, we adopt a Keypoint-Aware Auxiliary Loss with a winner-takes-all strategy. StreamVLO achieves state-of-the-art performance on two commonly used autonomous driving datasets, reducing errors by 19% t_rel and 22% r_rel on KITTI, and by 18% ATE and 16% RPE on Argoverse, while remaining suitable for real-time deployment.","@InProceedings{Liu_2026_CVPR, author = {Liu, Mengmeng and Liu, Jiuming and Yang, Michael Ying and Jiang, Chaokang and Li, Jiangtao and Zhang, Yunpeng and Wang, Hesheng and Nex, Francesco and Cheng, Hao}, title = {StreamVLO: Streaming Visual-LiDAR Odometry with Cumulative Drift Compensation}, booktitle = {Proceedings of the IEEE/CVF Conference on Computer Vision and Pattern Recognition (CVPR)}, month = {June}, year = {2026}, pages = {39086-39097} }"
Bai_TopoHR_Hierarchical_Centerline_Representation_for_Cyclic_Topology_Reasoning_in_Driving_CVPR_2026_paper,2026,1,Autonomous_Driving,Autonomous_Driving|LLM_Reasoning_Agent,12.0,0.5,TopoHR: Hierarchical Centerline Representation for Cyclic Topology Reasoning in Driving Scenes with Point-to-Instance Relations,Yifeng Bai; Zhirong Chen; Bo Song; Erkang Cheng; Haibin Ling,5,18161-18170,True,https://openaccess.thecvf.com/content/CVPR2026/papers/Bai_TopoHR_Hierarchical_Centerline_Representation_for_Cyclic_Topology_Reasoning_in_Driving_CVPR_2026_paper.pdf,https://openaccess.thecvf.com/content/CVPR2026/supplemental/Bai_TopoHR_Hierarchical_Centerline_CVPR_2026_supplemental.pdf,https://openaccess.thecvf.com/content/CVPR2026/html/Bai_TopoHR_Hierarchical_Centerline_Representation_for_Cyclic_Topology_Reasoning_in_Driving_CVPR_2026_paper.html,"Topology reasoning is crucial for autonomous driving. Current methods primarily focus on instance-level learning for centerline detection, followed by a sequential module for topology reasoning that relies on simplified MLP layers. Moreover, these approaches often neglect the importance of point-to-instance (P2I) relationships in topology reasoning. To address these limitations, we present TopoHR (Topological Hierarchical Representation), a novel end-to-end framework that establishes cyclic interaction between centerline detection and topology reasoning, allowing them to iteratively enhance each other. Specifically, we introduce a hierarchical centerline representation including point queries, instance queries, and semantic representations. These multi-level features are seamlessly integrated and fused within a hierarchical centerline decoder. Furthermore, we design a hierarchical topology reasoning module that captures both fine-grained P2I relationships and global instance-to-instance (I2I) connections within a unified architecture. With these novel components, TopoHR ensures accurate and robust topology reasoning. On the OpenLane-V2 benchmark, TopoHR refreshes state-of-the-art performance with significant improvements. Notably, compared with previous best results, TopoHR achieves +3.8 in \mathrm DET _ \text l , +5.4 in \mathrm TOP _ \text ll on subset_A and +11.0 in \mathrm DET _ \text l , +7.9 in \mathrm TOP _ \text ll on subset_B, validating the effectiveness of the proposed components. The code will be shared publicly upon paper acceptance.","@InProceedings{Bai_2026_CVPR, author = {Bai, Yifeng and Chen, Zhirong and Song, Bo and Cheng, Erkang and Ling, Haibin}, title = {TopoHR: Hierarchical Centerline Representation for Cyclic Topology Reasoning in Driving Scenes with Point-to-Instance Relations}, booktitle = {Proceedings of the IEEE/CVF Conference on Computer Vision and Pattern Recognition (CVPR)}, month = {June}, year = {2026}, pages = {18161-18170} }"
Peng_Expanding_mmWave_Datasets_for_Human_Pose_Estimation_with_Unlabeled_Data_CVPR_2026_paper,2026,0,Human_Pose_Body,Human_Pose_Body|Autonomous_Driving,23.0,0.217,Expanding mmWave Datasets for Human Pose Estimation with Unlabeled Data and LiDAR Datasets,Zhuoxuan Peng; Boan Zhu; Xingjian Zhang; Wenying Li; S.-H. Gary Chan,5,21221-21230,True,https://openaccess.thecvf.com/content/CVPR2026/papers/Peng_Expanding_mmWave_Datasets_for_Human_Pose_Estimation_with_Unlabeled_Data_CVPR_2026_paper.pdf,https://openaccess.thecvf.com/content/CVPR2026/supplemental/Peng_Expanding_mmWave_Datasets_CVPR_2026_supplemental.pdf,https://openaccess.thecvf.com/content/CVPR2026/html/Peng_Expanding_mmWave_Datasets_for_Human_Pose_Estimation_with_Unlabeled_Data_CVPR_2026_paper.html,"Current millimeter-wave (mmWave) datasets for human pose estimation (HPE) are scarce and lack diversity in both point cloud (PC) attributes and human poses, hindering the generalization ability of their trained models. On the other hand, unlabeled mmWave HPE data and diverse LiDAR HPE datasets are readily available. We propose EMDUL, a novel approach to expand the volume and diversity of an existing mmWave dataset using unlabeled mmWave data and LiDAR datasets. EMDUL consists of two independent modules, namely a pseudo-label estimator to annotate unlabeled mmWave data, and a closed-form converter that translates an annotated LiDAR PC to its mmWave counterpart. Expanding the original dataset with both LiDAR-converted and pseudo-labeled mmWave PCs significantly boosts the performance and generalization ability of all the examined HPE models, reducing 15.1% and 18.9% error for in-domain and out-of-domain settings, respectively. Code is available at https://github.com/Shimmer93/EMDUL.","@InProceedings{Peng_2026_CVPR, author = {Peng, Zhuoxuan and Zhu, Boan and Zhang, Xingjian and Li, Wenying and Chan, S.-H. Gary}, title = {Expanding mmWave Datasets for Human Pose Estimation with Unlabeled Data and LiDAR Datasets}, booktitle = {Proceedings of the IEEE/CVF Conference on Computer Vision and Pattern Recognition (CVPR)}, month = {June}, year = {2026}, pages = {21221-21230} }"
Ma_DriveCombo_Benchmarking_Compositional_Traffic_Rule_Reasoning_in_Autonomous_Driving_CVPR_2026_paper,2026,1,Autonomous_Driving,Autonomous_Driving|LLM_Reasoning_Agent,33.0,0.333,DriveCombo: Benchmarking Compositional Traffic Rule Reasoning in Autonomous Driving,Enhui Ma; Jiahuan Zhang; Guantian Zheng; Tao Tang; Shengbo Eben Li; Yuhang Lu; Xia Zhou; Xueyang Zhang; Yifei Zhan; Kun Zhan; Zhihui Hao; Xianpeng Lang; Kaicheng Yu,13,32113-32123,True,https://openaccess.thecvf.com/content/CVPR2026/papers/Ma_DriveCombo_Benchmarking_Compositional_Traffic_Rule_Reasoning_in_Autonomous_Driving_CVPR_2026_paper.pdf,https://openaccess.thecvf.com/content/CVPR2026/supplemental/Ma_DriveCombo_Benchmarking_Compositional_CVPR_2026_supplemental.pdf,https://openaccess.thecvf.com/content/CVPR2026/html/Ma_DriveCombo_Benchmarking_Compositional_Traffic_Rule_Reasoning_in_Autonomous_Driving_CVPR_2026_paper.html,"Multimodal Large Language Models (MLLMs) are rapidly becoming the intelligence brain of end-to-end autonomous driving systems. A key challenge is to assess whether MLLMs can truly understand and follow complex real-world traffic rules. However, existing benchmarks mainly focus on single-rule scenarios like traffic sign recognition, neglecting the complexity of multi-rule concurrency and conflicts in real driving. Consequently, models perform well on simple tasks but often fail or violate rules in real world complex situations. To bridge this gap, we propose DriveCombo, a text and vision-based benchmark for compositional traffic rule reasoning. Inspired by human drivers' cognitive development, we propose a systematic Five-Level Cognitive Ladder that evaluates reasoning from single-rule understanding to multi-rule integration and conflict resolution, enabling quantitative assessment across cognitive stages. We further propose a Rule2Scene Agent that maps language-based traffic rules to dynamic driving scenes through rule crafting and scene generation, enabling scene-level traffic rule visual reasoning. Evaluations of 14 mainstream MLLMs reveal a pronounced decline in performance as task difficulty increases, especially in the rule conflict resolution task. After splitting the dataset and fine-tuning on the training set, we further observe substantial improvements in both traffic rule reasoning and downstream planning capabilities. These results highlight the effectiveness of DriveCombo in advancing compliant and intelligent autonomous driving systems.","@InProceedings{Ma_2026_CVPR, author = {Ma, Enhui and Zhang, Jiahuan and Zheng, Guantian and Tang, Tao and Li, Shengbo Eben and Lu, Yuhang and Zhou, Xia and Zhang, Xueyang and Zhan, Yifei and Zhan, Kun and Hao, Zhihui and Lang, Xianpeng and Yu, Kaicheng}, title = {DriveCombo: Benchmarking Compositional Traffic Rule Reasoning in Autonomous Driving}, booktitle = {Proceedings of the IEEE/CVF Conference on Computer Vision and Pattern Recognition (CVPR)}, month = {June}, year = {2026}, pages = {32113-32123} }"
Han_Image-to-Point_Cloud_Feature_Back-Projection_for_Multimodal_Training_of_3D_Semantic_CVPR_2026_paper,2026,0,Segmentation,Segmentation|3D_Reconstruction|Vision_Language_Multimodal|Autonomous_Driving,20.0,0.25,Image-to-Point Cloud Feature Back-Projection for Multimodal Training of 3D Semantic Segmentation,Jiawei Han; Matteo Poggi; Li Huan; Changshuo Wang; Kaiqi Liu; Wei Li,6,42049-42060,True,https://openaccess.thecvf.com/content/CVPR2026/papers/Han_Image-to-Point_Cloud_Feature_Back-Projection_for_Multimodal_Training_of_3D_Semantic_CVPR_2026_paper.pdf,https://openaccess.thecvf.com/content/CVPR2026/supplemental/Han_Image-to-Point_Cloud_Feature_CVPR_2026_supplemental.pdf,https://openaccess.thecvf.com/content/CVPR2026/html/Han_Image-to-Point_Cloud_Feature_Back-Projection_for_Multimodal_Training_of_3D_Semantic_CVPR_2026_paper.html,"The effective integration and utilization of multimodal data acquired from image cameras and LiDAR is of paramount importance for perception systems. This paper proposes **I**mage-to-**P**oint Cloud **F**eature Back-**P**rojection (**IPFP**), a novel method for training multimodal fusion networks that back-projects aggregated image-feature centers (from non-projection-aligned image pixels) into the point-cloud feature set via the estimated depth map. Consequently, image features and point cloud features reside within the same three-dimensional space, enabling the natural enrichment of image information into the point cloud during the network forward pass. This process can be selectively enabled when desired -- for instance, at training time -- and turned off in the absence of multimodal data -- for example, at testing time if only LiDAR sensors are available. Experimental results demonstrate that **IPFP** can consistently improve state-of-the-art 3D semantic segmentation models, while retaining the ability to process LiDAR-only data at inference.","@InProceedings{Han_2026_CVPR, author = {Han, Jiawei and Poggi, Matteo and Huan, Li and Wang, Changshuo and Liu, Kaiqi and Li, Wei}, title = {Image-to-Point Cloud Feature Back-Projection for Multimodal Training of 3D Semantic Segmentation}, booktitle = {Proceedings of the IEEE/CVF Conference on Computer Vision and Pattern Recognition (CVPR)}, month = {June}, year = {2026}, pages = {42049-42060} }"
Lin_VGA_Empowering_Aerial-Ground_Localization_by_Visual_Geometry_Alignment_CVPR_2026_paper,2026,0,LowLevel_Flow_Depth_Matching,LowLevel_Flow_Depth_Matching|Autonomous_Driving,12.0,0.25,VGA: Empowering Aerial-Ground Localization by Visual Geometry Alignment,Tao Jun Lin; Yujiao Shi; Hongdong Li,3,5409-5420,True,https://openaccess.thecvf.com/content/CVPR2026/papers/Lin_VGA_Empowering_Aerial-Ground_Localization_by_Visual_Geometry_Alignment_CVPR_2026_paper.pdf,https://openaccess.thecvf.com/content/CVPR2026/supplemental/Lin_VGA_Empowering_Aerial-Ground_CVPR_2026_supplemental.pdf,https://openaccess.thecvf.com/content/CVPR2026/html/Lin_VGA_Empowering_Aerial-Ground_Localization_by_Visual_Geometry_Alignment_CVPR_2026_paper.html,"Aerial-ground visual localization is a challenging task due to the significant differences in scene scale and view point captured between two views. In this work, we explore the practical benefit of jointly learning camera calibration and bird's-eye-view (BEV) projection for estimating full 6 Degrees-of-freedom relative camera pose between uncalibrated aerial and ground views. We present Visual Geometry Alignment (VGA), a unified framework that jointly learns a global gravity-alignment prior inferred from dense monocular perspective fields, and a planar alignment prior complementing the unobserved azimuth angle through Procrustes alignment in a shared BEV plane. At inference, we jointly refine the relative camera pose by integrating the predicted per-camera gravity alignment and relative planar azimuth angle, yielding improved orientation and translation alignment from visual input with extreme wide base-lines and limited overlap. We evaluate our method on challenging MatrixCity, ACC-NVS1 and ULTRRA ground-aerial pairs, demonstrating that optimizing with learned geometric priors can further improve the camera pose estimation across diverse altitudes and environment.","@InProceedings{Lin_2026_CVPR, author = {Lin, Tao Jun and Shi, Yujiao and Li, Hongdong}, title = {VGA: Empowering Aerial-Ground Localization by Visual Geometry Alignment}, booktitle = {Proceedings of the IEEE/CVF Conference on Computer Vision and Pattern Recognition (CVPR)}, month = {June}, year = {2026}, pages = {5409-5420} }"
Zhu_DLWM_Dual_Latent_World_Models_enable_Holistic_Gaussian-centric_Pre-training_in_CVPR_2026_paper,2026,1,Autonomous_Driving,Autonomous_Driving|SelfSupervised_Representation,21.0,0.476,DLWM: Dual Latent World Models enable Holistic Gaussian-centric Pre-training in Autonomous Driving,Yiyao Zhu; Ying Xue; Haiming Zhang; Guangfeng Jiang; Wending Zhou; Xu Yan; Jiantao Gao; Yingjie Cai; Bingbing Liu; Zhen Li; Shaojie Shen,11,39713-39723,True,https://openaccess.thecvf.com/content/CVPR2026/papers/Zhu_DLWM_Dual_Latent_World_Models_enable_Holistic_Gaussian-centric_Pre-training_in_CVPR_2026_paper.pdf,https://openaccess.thecvf.com/content/CVPR2026/supplemental/Zhu_DLWM_Dual_Latent_CVPR_2026_supplemental.pdf,https://openaccess.thecvf.com/content/CVPR2026/html/Zhu_DLWM_Dual_Latent_World_Models_enable_Holistic_Gaussian-centric_Pre-training_in_CVPR_2026_paper.html,"Vision-based autonomous driving has gained much attention due to its low costs and excellent performance. Compared with dense BEV (Bird's Eye View) or sparse query models, Gaussian-centric method is a comprehensive yet sparse representation by describing scene with 3D semantic Gaussians. In this paper, we introduce DLWM, a novel paradigm with Dual Latent World Models specifically designed to enable holistic gaussian-centric pre-training in autonomous driving using two stages. In the first stage, DLWM predicts 3D Gaussians from queries by self-supervised reconstructing multi-view semantic and depth images. Equipped with fine-grained contextual features, in the second stage, two latent world models are trained separately for temporal feature learning, including Gaussian-flow-guided latent prediction for downstream occupancy perception and forecasting tasks, and ego-planning-guided latent prediction for motion planning. Extensive experiments in SurroundOcc and nuScenes benchmarks demonstrate that DLWM shows significant performance gains across Gaussian-centric 3D occupancy perception, 4D occupancy forecasting and motion planning tasks.","@InProceedings{Zhu_2026_CVPR, author = {Zhu, Yiyao and Xue, Ying and Zhang, Haiming and Jiang, Guangfeng and Zhou, Wending and Yan, Xu and Gao, Jiantao and Cai, Yingjie and Liu, Bingbing and Li, Zhen and Shen, Shaojie}, title = {DLWM: Dual Latent World Models enable Holistic Gaussian-centric Pre-training in Autonomous Driving}, booktitle = {Proceedings of the IEEE/CVF Conference on Computer Vision and Pattern Recognition (CVPR)}, month = {June}, year = {2026}, pages = {39713-39723} }"
Wang_RAG-TP_A_General_Framework_for_Vehicle_Trajectory_Prediction_via_Retrieval-Augmented_CVPR_2026_paper,2026,1,Autonomous_Driving,Autonomous_Driving,18.0,0.833,RAG-TP: A General Framework for Vehicle Trajectory Prediction via Retrieval-Augmented Generation,Ziyi Wang; Yang Zhang; Guijian Tang; Chao Zhang; Shibo Zhang; Xueqiong Li; Shaowu Yang,7,24865-24874,True,https://openaccess.thecvf.com/content/CVPR2026/papers/Wang_RAG-TP_A_General_Framework_for_Vehicle_Trajectory_Prediction_via_Retrieval-Augmented_CVPR_2026_paper.pdf,https://openaccess.thecvf.com/content/CVPR2026/supplemental/Wang_RAG-TP_A_General_CVPR_2026_supplemental.pdf,https://openaccess.thecvf.com/content/CVPR2026/html/Wang_RAG-TP_A_General_Framework_for_Vehicle_Trajectory_Prediction_via_Retrieval-Augmented_CVPR_2026_paper.html,"Vehicle trajectory prediction is critical for safe and efficient autonomous driving. However, its generalization and scalability are hindered by heavy reliance on real-time, online priors. To break this bottleneck, we introduce RAG-TP, a framework reframing the problem from relying on uncertain online perception to retrieving from a large-scale, structured knowledge base. RAG-TP enhances inference-time predictions by dynamically querying a heterogeneous knowledge base rich with scene topologies and motion patterns, using retrieved historical experiences as priors. We further design a dynamic fusion module based on a novel Retrieval-Driven Mixture-of-Experts (MoE). Unlike conventional parametric designs, this mechanism dynamically treats retrieved knowledge units as experts, weighting and integrating them via cross-attention to generate a dense context for final multi-modal trajectory decoding. By decoupling online inference from offline knowledge, this approach grounds predictions in a vast structured database, mitigating model hallucination, compensating for unreliable priors, and significantly enhancing robustness and domain adaptation. Extensive experiments show RAG-TP achieves excellent performance in map-based and map-free settings, demonstrating highly competitive results against specialized map-free methods while performing on par with state-of-the-art (SOTA) map-based models. It demonstrates significant advantages, particularly in cross-domain and zero-shot generalization. Our work provides a promising technical pathway toward building scalable and robust prediction systems for autonomous driving.","@InProceedings{Wang_2026_CVPR, author = {Wang, Ziyi and Zhang, Yang and Tang, Guijian and Zhang, Chao and Zhang, Shibo and Li, Xueqiong and Yang, Shaowu}, title = {RAG-TP: A General Framework for Vehicle Trajectory Prediction via Retrieval-Augmented Generation}, booktitle = {Proceedings of the IEEE/CVF Conference on Computer Vision and Pattern Recognition (CVPR)}, month = {June}, year = {2026}, pages = {24865-24874} }"
Cao_C-LaV_Conditional_Latent_Velocity_Field_Denoising_for_Weather-Robust_LiDAR_Place_CVPR_2026_paper,2026,1,Autonomous_Driving,Autonomous_Driving|Restoration_Enhancement,21.0,0.286,C-LaV: Conditional Latent Velocity Field Denoising for Weather-Robust LiDAR Place Recognition,Xuewei Cao; Jiayue Yang; Zhiwen Zeng; Yanyong Zhang; Yan Xia,5,2928-2937,True,https://openaccess.thecvf.com/content/CVPR2026/papers/Cao_C-LaV_Conditional_Latent_Velocity_Field_Denoising_for_Weather-Robust_LiDAR_Place_CVPR_2026_paper.pdf,https://openaccess.thecvf.com/content/CVPR2026/supplemental/Cao_C-LaV_Conditional_Latent_CVPR_2026_supplemental.pdf,https://openaccess.thecvf.com/content/CVPR2026/html/Cao_C-LaV_Conditional_Latent_Velocity_Field_Denoising_for_Weather-Robust_LiDAR_Place_CVPR_2026_paper.html,"LiDAR-based place recognition is highly sensitive to rain, snow, and fog, where scattering and attenuation distort geometric structure and intensity. We tackle this problem with Conditional Latent Velocity Field (C-LaV) denoising, which restores weather-robust representations before retrieval. Single-sweep point clouds are projected into three-channel bird's-eye-view (BEV) images and encoded with a frozen DINOv2-based BEV transformer to obtain a semantically anchored latent space shared across weather conditions. On this manifold, a conditional Flow Matching model learns a velocity field whose probability-flow ordinary differential equation (ODE) deterministically transports noisy latents toward their clear-weather counterparts. From the denoised manifold, a Sinkhorn Aggregation of Local Descriptors (SALAD) head produces compact global descriptors optimized with a truncated Smooth-AP loss. We also establish a unified adverse-weather benchmark with 3 m frame spacing and shared evaluation thresholds across KITTI, NCLT, and Boreas datasets. Under this protocol, C-LaV improves Recall@1 by 17.5% on NCLT snow and 21.5% on Boreas, achieving state-of-the-art weather robustness. Our dataset and code will be publicly available.","@InProceedings{Cao_2026_CVPR, author = {Cao, Xuewei and Yang, Jiayue and Zeng, Zhiwen and Zhang, Yanyong and Xia, Yan}, title = {C-LaV: Conditional Latent Velocity Field Denoising for Weather-Robust LiDAR Place Recognition}, booktitle = {Proceedings of the IEEE/CVF Conference on Computer Vision and Pattern Recognition (CVPR)}, month = {June}, year = {2026}, pages = {2928-2937} }"
Han_CoLC_Communication-Efficient_Collaborative_Perception_with_LiDAR_Completion_CVPR_2026_paper,2026,1,Autonomous_Driving,Autonomous_Driving|LLM_Reasoning_Agent,12.0,0.333,CoLC: Communication-Efficient Collaborative Perception with LiDAR Completion,Yushan Han; Hui Zhang; Qiming Xia; Yi Jin; Yidong Li,5,2983-2992,True,https://openaccess.thecvf.com/content/CVPR2026/papers/Han_CoLC_Communication-Efficient_Collaborative_Perception_with_LiDAR_Completion_CVPR_2026_paper.pdf,https://openaccess.thecvf.com/content/CVPR2026/supplemental/Han_CoLC_Communication-Efficient_Collaborative_CVPR_2026_supplemental.pdf,https://openaccess.thecvf.com/content/CVPR2026/html/Han_CoLC_Communication-Efficient_Collaborative_Perception_with_LiDAR_Completion_CVPR_2026_paper.html,"Collaborative perception empowers autonomous agents to share complementary information and overcome perception limitations. While early fusion offers more perceptual complementarity and is inherently robust to model heterogeneity, its high communication cost has limited its practical deployment, prompting most existing works to favor intermediate or late fusion. To address this, we propose a communication-efficient early collaborative perception framework that incorporates LiDAR completion to restore scene completeness under sparse transmission, dubbed as CoLC. Specifically, the CoLC integrates three complementary designs. First, each neighbor agent applies Foreground-Aware Point Sampling (FAPS) to selectively transmit informative points that retain essential structural and contextual cues under bandwidth constraints. The ego agent then employs Completion-Enhanced Early Fusion (CEEF) to reconstruct dense pillars from the received sparse inputs and adaptively fuse them with its own observations, thereby restoring spatial completeness. Finally, the Dense-Guided Dual Alignment (DGDA) strategy enforces semantic and geometric consistency between the enhanced and dense pillars during training, ensuring consistent and robust feature learning. Experiments on both simulated and real-world datasets demonstrate that CoLC achieves superior perception-communication trade-offs and remains robust under heterogeneous model settings.","@InProceedings{Han_2026_CVPR, author = {Han, Yushan and Zhang, Hui and Xia, Qiming and Jin, Yi and Li, Yidong}, title = {CoLC: Communication-Efficient Collaborative Perception with LiDAR Completion}, booktitle = {Proceedings of the IEEE/CVF Conference on Computer Vision and Pattern Recognition (CVPR)}, month = {June}, year = {2026}, pages = {2983-2992} }"
Liao_Towards_Stealthy_and_Effective_Backdoor_Attacks_on_Lane_Detection_A_CVPR_2026_paper,2026,1,Autonomous_Driving,Autonomous_Driving|Trustworthy_Security_Privacy,24.0,0.167,Towards Stealthy and Effective Backdoor Attacks on Lane Detection: A Naturalistic Data Poisoning Approach,Yifan Liao; Yuxin Cao; Yedi Zhang; Wentao He; Yan Xiao; Xianglong Du; Zhiyong Huang; Jin Song Dong,8,34950-34960,True,https://openaccess.thecvf.com/content/CVPR2026/papers/Liao_Towards_Stealthy_and_Effective_Backdoor_Attacks_on_Lane_Detection_A_CVPR_2026_paper.pdf,https://openaccess.thecvf.com/content/CVPR2026/supplemental/Liao_Towards_Stealthy_and_CVPR_2026_supplemental.pdf,https://openaccess.thecvf.com/content/CVPR2026/html/Liao_Towards_Stealthy_and_Effective_Backdoor_Attacks_on_Lane_Detection_A_CVPR_2026_paper.html,"Deep learning-based lane detection (LD) plays a critical role in autonomous driving and advanced driver assistance systems. However, its vulnerability to backdoor attacks presents a significant security concern. Existing backdoor attack methods on LD often exhibit limited practical utility due to the artificial and conspicuous nature of their triggers. To address this limitation and investigate the impact of more ecologically valid backdoor attacks on lane detection models, we examine the common data poisoning attack and introduce DBALD, a novel diffusion-based data poisoning framework for generating naturalistic backdoor triggers. DBALD comprises two key components: optimal trigger position finding and stealthy trigger generation. Given the insight that attack performance varies depending on the trigger position, we propose a heatmap-based method to identify the optimal trigger location, with gradient analysis to generate attack-specific heatmaps. A region-based editing diffusion process is then applied to synthesize visually plausible triggers within the most susceptible regions identified previously. Furthermore, to ensure scene integrity and a stealthy attack, we introduce two loss strategies: one for preserving lane structure and another for maintaining the consistency of the driving scene. Consequently, compared to existing attack methods, DBALD achieves both a high attack success rate and superior stealthiness. Extensive experiments on 4 mainstream lane detection models show that DBALD exceeds state-of-the-art methods, with an average success rate improvement of +10.87% and significantly enhanced stealthiness. The experimental results highlight significant practical challenges in ensuring model robustness against real-world backdoor threats in lane detection. Our data and demos are available at https://sites.google.com/view/dbald.","@InProceedings{Liao_2026_CVPR, author = {Liao, Yifan and Cao, Yuxin and Zhang, Yedi and He, Wentao and Xiao, Yan and Du, Xianglong and Huang, Zhiyong and Dong, Jin Song}, title = {Towards Stealthy and Effective Backdoor Attacks on Lane Detection: A Naturalistic Data Poisoning Approach}, booktitle = {Proceedings of the IEEE/CVF Conference on Computer Vision and Pattern Recognition (CVPR)}, month = {June}, year = {2026}, pages = {34950-34960} }"
Kim_ELiC_Efficient_LiDAR_Geometry_Compression_via_Cross-Bit-depth_Feature_Propagation_and_CVPR_2026_paper,2026,1,Autonomous_Driving,Autonomous_Driving,12.0,0.667,ELiC: Efficient LiDAR Geometry Compression via Cross-Bit-depth Feature Propagation and Bag-of-Encoders,Junsik Kim; Gun Bang; Soowoong Kim,3,39011-39020,True,https://openaccess.thecvf.com/content/CVPR2026/papers/Kim_ELiC_Efficient_LiDAR_Geometry_Compression_via_Cross-Bit-depth_Feature_Propagation_and_CVPR_2026_paper.pdf,https://openaccess.thecvf.com/content/CVPR2026/supplemental/Kim_ELiC_Efficient_LiDAR_CVPR_2026_supplemental.pdf,https://openaccess.thecvf.com/content/CVPR2026/html/Kim_ELiC_Efficient_LiDAR_Geometry_Compression_via_Cross-Bit-depth_Feature_Propagation_and_CVPR_2026_paper.html,"Hierarchical LiDAR geometry compression encodes voxel occupancies from low to high bit-depths, yet prior methods treat each depth independently and re-estimate local context from coordinates at every level, limiting compression efficiency. We present ELiC, a real-time framework that combines cross-bit-depth feature propagation, a Bag-of-Encoders (BoE) selection scheme, and a Morton-order-preserving hierarchy. Cross-bit-depth propagation reuses features extracted at denser, lower depths to support prediction at sparser, higher depths. BoE selects, per depth, the most suitable coding network from a small pool, adapting capacity to observed occupancy statistics without training a separate model for each level. The Morton hierarchy maintains global Z-order across depth transitions, eliminating per-level sorting and reducing latency. Together these components improve entropy modeling and computation efficiency, yielding state-of-the-art compression at real-time throughput on Ford and SemanticKITTI. Code and pretrained models are available at http://github.com/moolgom/ELiCv1.","@InProceedings{Kim_2026_CVPR, author = {Kim, Junsik and Bang, Gun and Kim, Soowoong}, title = {ELiC: Efficient LiDAR Geometry Compression via Cross-Bit-depth Feature Propagation and Bag-of-Encoders}, booktitle = {Proceedings of the IEEE/CVF Conference on Computer Vision and Pattern Recognition (CVPR)}, month = {June}, year = {2026}, pages = {39011-39020} }"
Zhou_Recover_to_Predict_Progressive_Retrospective_Learning_for_Variable-Length_Trajectory_Prediction_CVPR_2026_paper,2026,1,Autonomous_Driving,Autonomous_Driving,17.0,1.0,Recover to Predict: Progressive Retrospective Learning for Variable-Length Trajectory Prediction,Hao Zhou; Lu Qi; Xiangtai Li; Jie Zhang; Yi Liu; Xu Yang; Mingyu Fan; Fei Luo,8,17863-17873,True,https://openaccess.thecvf.com/content/CVPR2026/papers/Zhou_Recover_to_Predict_Progressive_Retrospective_Learning_for_Variable-Length_Trajectory_Prediction_CVPR_2026_paper.pdf,https://openaccess.thecvf.com/content/CVPR2026/supplemental/Zhou_Recover_to_Predict_CVPR_2026_supplemental.pdf,https://openaccess.thecvf.com/content/CVPR2026/html/Zhou_Recover_to_Predict_Progressive_Retrospective_Learning_for_Variable-Length_Trajectory_Prediction_CVPR_2026_paper.html,"Trajectory prediction is critical for autonomous driving, enabling safe and efficient planning in dense, dynamic traffic. Most existing methods optimize prediction accuracy under fixed-length observations. However, real-world driving often yields variable-length, incomplete observations, posing a challenge to these methods. A common strategy is to directly map features from incomplete observations to those from complete ones. This one-shot mapping, however, struggles to learn accurate representations for short trajectories due to significant information gaps. To address this issue, we propose a Progressive Retrospective Framework (PRF), which gradually aligns features from incomplete observations with those from complete ones via a cascade of retrospective units. Each unit consists of a Retrospective Distillation Module (RDM) and a Retrospective Prediction Module (RPM), where RDM distills features and RPM recovers previous timesteps using the distilled features. Moreover, we propose a Rolling-Start Training Strategy (RSTS) that enhances data efficiency during PRF training. PRF is plug-and-play with existing methods. Extensive experiments on datasets Argoverse 2 and Argoverse 1 demonstrate the effectiveness of PRF. Code is available at https://github.com/zhouhao94/PRF.","@InProceedings{Zhou_2026_CVPR, author = {Zhou, Hao and Qi, Lu and Li, Xiangtai and Zhang, Jie and Liu, Yi and Yang, Xu and Fan, Mingyu and Luo, Fei}, title = {Recover to Predict: Progressive Retrospective Learning for Variable-Length Trajectory Prediction}, booktitle = {Proceedings of the IEEE/CVF Conference on Computer Vision and Pattern Recognition (CVPR)}, month = {June}, year = {2026}, pages = {17863-17873} }"
Li_Neural_Distribution_Prior_for_LiDAR_Out-of-Distribution_Detection_CVPR_2026_paper,2026,1,Autonomous_Driving,Autonomous_Driving|Transfer_FewShot_DomainAdaptation,21.0,0.429,Neural Distribution Prior for LiDAR Out-of-Distribution Detection,Zizhao Li; Zhengkang Xiang; Jiayang Ao; Feng Liu; Joseph West; Kourosh Khoshelham,6,3035-3045,True,https://openaccess.thecvf.com/content/CVPR2026/papers/Li_Neural_Distribution_Prior_for_LiDAR_Out-of-Distribution_Detection_CVPR_2026_paper.pdf,https://openaccess.thecvf.com/content/CVPR2026/supplemental/Li_Neural_Distribution_Prior_CVPR_2026_supplemental.pdf,https://openaccess.thecvf.com/content/CVPR2026/html/Li_Neural_Distribution_Prior_for_LiDAR_Out-of-Distribution_Detection_CVPR_2026_paper.html,"LiDAR-based perception is critical for autonomous driving due to its robustness to poor lighting and visibility conditions. Yet, current models operate under the closed-set assumption and often fail to recognize unexpected out-of-distribution (OOD) objects in the open world. Existing OOD scoring functions exhibit limited performance because they ignore the pronounced class imbalance inherent in LiDAR OOD detection and assume a uniform class distribution. To address this limitation, we propose the Neural Distribution Prior (NDP), a framework that models the distributional structure of network predictions and adaptively reweights OOD scores based on alignment with a learned distribution prior. NDP dynamically captures the logit distribution patterns of training data and corrects class-dependent confidence bias through an attention-based module. We further introduce a Perlin noise-based OOD synthesis strategy that generates diverse auxiliary OOD samples from input scans, enabling robust OOD training without external datasets. Extensive experiments on the SemanticKITTI and STU benchmarks demonstrate that NDP substantially improves OOD detection performance, achieving a point-level AP of 61.31% on the STU test set, which is more than 10xhigher than the previous best result. Our framework is compatible with various existing OOD scoring formulations, providing an effective solution for open-world LiDAR perception.","@InProceedings{Li_2026_CVPR, author = {Li, Zizhao and Xiang, Zhengkang and Ao, Jiayang and Liu, Feng and West, Joseph and Khoshelham, Kourosh}, title = {Neural Distribution Prior for LiDAR Out-of-Distribution Detection}, booktitle = {Proceedings of the IEEE/CVF Conference on Computer Vision and Pattern Recognition (CVPR)}, month = {June}, year = {2026}, pages = {3035-3045} }"
Xia_KnowVal_A_Knowledge-Augmented_and_Value-Guided_Autonomous_Driving_System_CVPR_2026_paper,2026,1,Autonomous_Driving,Autonomous_Driving,20.0,0.7,KnowVal: A Knowledge-Augmented and Value-Guided Autonomous Driving System,Zhongyu Xia; Wenhao Chen; Yongtao Wang; Ming-Hsuan Yang,4,3740-3749,True,https://openaccess.thecvf.com/content/CVPR2026/papers/Xia_KnowVal_A_Knowledge-Augmented_and_Value-Guided_Autonomous_Driving_System_CVPR_2026_paper.pdf,https://openaccess.thecvf.com/content/CVPR2026/supplemental/Xia_KnowVal_A_Knowledge-Augmented_CVPR_2026_supplemental.zip,https://openaccess.thecvf.com/content/CVPR2026/html/Xia_KnowVal_A_Knowledge-Augmented_and_Value-Guided_Autonomous_Driving_System_CVPR_2026_paper.html,"Visual-language reasoning, driving knowledge, and value alignment are essential for advanced autonomous driving systems. However, existing approaches largely rely on data-driven learning, making it difficult to capture the complex logic underlying decision-making through imitation or limited reinforcement rewards. To address this, we propose KnowVal, a new autonomous driving system that enables visual-language reasoning through the synergistic integration of open-world perception and knowledge retrieval. Specifically, we construct a comprehensive driving knowledge graph that encodes traffic laws, defensive driving principles, and ethical norms, complemented by an efficient LLM-based retrieval mechanism tailored for driving scenarios. Furthermore, we develop a human-preference dataset and train a Value Model to guide interpretable, value-aligned trajectory assessment. Experimental results show that our method substantially improves planning performance while remaining compatible with existing architectures. Notably, KnowVal achieves the lowest collision rate on nuScenes and state-of-the-art results on Bench2Drive and NAVSIM.","@InProceedings{Xia_2026_CVPR, author = {Xia, Zhongyu and Chen, Wenhao and Wang, Yongtao and Yang, Ming-Hsuan}, title = {KnowVal: A Knowledge-Augmented and Value-Guided Autonomous Driving System}, booktitle = {Proceedings of the IEEE/CVF Conference on Computer Vision and Pattern Recognition (CVPR)}, month = {June}, year = {2026}, pages = {3740-3749} }"
Ghosh_SceMoS_Scene-Aware_3D_Human_Motion_Synthesis_by_Planning_with_Geometry-Grounded_CVPR_2026_paper,2026,0,Human_Pose_Body,Human_Pose_Body|Autonomous_Driving,23.0,0.522,SceMoS: Scene-Aware 3D Human Motion Synthesis by Planning with Geometry-Grounded Tokens,Anindita Ghosh; Vladislav Golyanik; Taku Komura; Philipp Slusallek; Christian Theobalt; Rishabh Dabral,6,16443-16453,True,https://openaccess.thecvf.com/content/CVPR2026/papers/Ghosh_SceMoS_Scene-Aware_3D_Human_Motion_Synthesis_by_Planning_with_Geometry-Grounded_CVPR_2026_paper.pdf,https://openaccess.thecvf.com/content/CVPR2026/supplemental/Ghosh_SceMoS_Scene-Aware_3D_CVPR_2026_supplemental.zip,https://openaccess.thecvf.com/content/CVPR2026/html/Ghosh_SceMoS_Scene-Aware_3D_Human_Motion_Synthesis_by_Planning_with_Geometry-Grounded_CVPR_2026_paper.html,"Synthesizing text-driven 3D human motion within realistic scenes requires learning both semantic intent (""walk to the couch"") and physical feasibility (e.g., avoiding collisions). Current methods use generative frameworks that simultaneously learn high-level planning and low-level contact reasoning, and rely on computationally expensive 3D scene data such as point clouds or voxel occupancy grids. We propose SceMoS, a scene-aware motion synthesis framework that shows that structured 2D scene representations can serve as a powerful alternative to full 3D supervision in physically grounded motion synthesis. SceMoS disentangles global planning from local execution using lightweight 2D cues and relying on (1) a text-conditioned autoregressive global motion planner that operates on a bird's-eye-view (BEV) image rendered from an elevated corner of the scene, encoded with DINOv2 features, as the scene representation, and (2) a geometry-grounded motion tokenizer trained via a conditional VQ-VAE, that uses 2D local scene heightmap, thus embedding surface physics directly into a discrete vocabulary. This 2D factorization reaches an efficiency-fidelity trade-off: BEV semantics capture spatial layout and affordance for global reasoning, while local heightmaps enforce fine-grained physical adherence without full 3D volumetric reasoning. SceMoS achieves state-of-the-art motion realism and contact accuracy on the TRUMANS benchmark, reducing the number of trainable parameters for scene encoding by over 50%, showing that 2D scene cues can effectively ground 3D human-scene interaction. Project URL: https://anindita127.github.io/SceMoS.","@InProceedings{Ghosh_2026_CVPR, author = {Ghosh, Anindita and Golyanik, Vladislav and Komura, Taku and Slusallek, Philipp and Theobalt, Christian and Dabral, Rishabh}, title = {SceMoS: Scene-Aware 3D Human Motion Synthesis by Planning with Geometry-Grounded Tokens}, booktitle = {Proceedings of the IEEE/CVF Conference on Computer Vision and Pattern Recognition (CVPR)}, month = {June}, year = {2026}, pages = {16443-16453} }"
Xu_GSV2X_Geometry-Aware_Uncertainty_Modeling_and_Orthogonal_Fusion_for_Robust_Roadside_CVPR_2026_paper,2026,1,Autonomous_Driving,Autonomous_Driving|Trustworthy_Security_Privacy,12.0,0.333,GSV2X: Geometry-Aware Uncertainty Modeling and Orthogonal Fusion for Robust Roadside Perception,Jianqiang Xu; Gensheng Pei; Huafeng Liu; Yazhou Yao,4,21409-21419,True,https://openaccess.thecvf.com/content/CVPR2026/papers/Xu_GSV2X_Geometry-Aware_Uncertainty_Modeling_and_Orthogonal_Fusion_for_Robust_Roadside_CVPR_2026_paper.pdf,,https://openaccess.thecvf.com/content/CVPR2026/html/Xu_GSV2X_Geometry-Aware_Uncertainty_Modeling_and_Orthogonal_Fusion_for_Robust_Roadside_CVPR_2026_paper.html,"Reliable 3D perception from multi-view roadside sensors hinges on the robust fusion of camera and LiDAR data, a task complicated by geometric misalignments and sensor calibration errors. This paper presents GSV2X, a fusion framework that tackles these challenges through two core contributions. First, to achieve robustness against spatial uncertainty, we lift 2D image features into a unified Bird's-Eye-View (BEV) space by representing them as 3D Gaussian distributions. By incorporating learnable perturbations guided by camera geometry, our model explicitly accounts for potential calibration inaccuracies. Second, to maximize the synergy between modalities, we propose a new orthogonal fusion module. This module employs constrained attention to enforce orthogonality between camera and LiDAR features, effectively disentangling redundant information and promoting the learning of complementary representations. Extensive experiments on the challenging RCooper dataset demonstrate that GSV2X sets a new state-of-the-art in multi-view roadside perception and exhibits remarkable robustness in complex, real-world scenarios.","@InProceedings{Xu_2026_CVPR, author = {Xu, Jianqiang and Pei, Gensheng and Liu, Huafeng and Yao, Yazhou}, title = {GSV2X: Geometry-Aware Uncertainty Modeling and Orthogonal Fusion for Robust Roadside Perception}, booktitle = {Proceedings of the IEEE/CVF Conference on Computer Vision and Pattern Recognition (CVPR)}, month = {June}, year = {2026}, pages = {21409-21419} }"
Xiong_Prune2Drive_A_Plug-and-Play_Framework_for_Accelerating_Vision-Language_Models_in_Autonomous_CVPR_2026_paper,2026,0,Vision_Language_Multimodal,Vision_Language_Multimodal|Efficiency_Compression|Autonomous_Driving,18.0,0.167,Prune2Drive: A Plug-and-Play Framework for Accelerating Vision-Language Models in Autonomous Driving,Minhao Xiong; Zichen Wen; Zhuangcheng Gu; Xuyang Liu; Rui Zhang; Hengrui Kang; Jiabing Yang; Junyuan Zhang; Weijia Li; Conghui He; Linfeng Zhang,11,25215-25224,True,https://openaccess.thecvf.com/content/CVPR2026/papers/Xiong_Prune2Drive_A_Plug-and-Play_Framework_for_Accelerating_Vision-Language_Models_in_Autonomous_CVPR_2026_paper.pdf,https://openaccess.thecvf.com/content/CVPR2026/supplemental/Xiong_Prune2Drive_A_Plug-and-Play_CVPR_2026_supplemental.pdf,https://openaccess.thecvf.com/content/CVPR2026/html/Xiong_Prune2Drive_A_Plug-and-Play_Framework_for_Accelerating_Vision-Language_Models_in_Autonomous_CVPR_2026_paper.html,"Vision-Language Models (VLMs) have emerged as a promising paradigm in autonomous driving (AD), providing a unified framework for perception and decisionmaking. However, their real-world deployment is hindered by significant computational overhead when processing high-resolution, multi-view images. This complexity stems from the massive number of visual tokens, which increases inference latency and memory consumption due to the quadratic complexity of self-attention. To address these challenges, we propose Prune2Drive, a plug-and-play visual token pruning framework for multi-view VLMs in AD. Prune2Drive introduces two core innovations: (i) a diversity-aware token selection mechanism that prioritizes semantic and spatial coverage across views, and (ii) a view-adaptive pruning controller that automatically learns optimal pruning ratios based on camera importance to downstream tasks. Unlike prior methods, Prune2Drive requires no model retraining or access to attention maps, ensuring compatibility with modern efficient attention implementations. Extensive experiments on the DriveLM and DriveLMM-o1 benchmarks demonstrate that Prune2Drive achieves significant speedups and memory savings with minimal performance impact. When retaining only 10% of visual tokens, our method achieves a 6.40x speedup in the prefilling phase and consumes only 13.4% of the original FLOPs, with a mere 3% average performance drop on the DriveLM benchmark. Code is available at: https://github.com/MinhaoXiong/Prune2Drive.git","@InProceedings{Xiong_2026_CVPR, author = {Xiong, Minhao and Wen, Zichen and Gu, Zhuangcheng and Liu, Xuyang and Zhang, Rui and Kang, Hengrui and Yang, Jiabing and Zhang, Junyuan and Li, Weijia and He, Conghui and Zhang, Linfeng}, title = {Prune2Drive: A Plug-and-Play Framework for Accelerating Vision-Language Models in Autonomous Driving}, booktitle = {Proceedings of the IEEE/CVF Conference on Computer Vision and Pattern Recognition (CVPR)}, month = {June}, year = {2026}, pages = {25215-25224} }"
Xiong_BEV-CAR_Enhancing_Monocular_Birds_Eye_View_Segmentation_with_Context-Aware_Rasterization_CVPR_2026_paper,2026,1,Autonomous_Driving,Autonomous_Driving|Segmentation,30.0,0.5,BEV-CAR: Enhancing Monocular Bird's Eye View Segmentation with Context-Aware Rasterization,Yixin Xiong; Ke Wang; Tongtong Cheng; Chunhui Liu; Kai Liu,5,39869-39878,True,https://openaccess.thecvf.com/content/CVPR2026/papers/Xiong_BEV-CAR_Enhancing_Monocular_Birds_Eye_View_Segmentation_with_Context-Aware_Rasterization_CVPR_2026_paper.pdf,,https://openaccess.thecvf.com/content/CVPR2026/html/Xiong_BEV-CAR_Enhancing_Monocular_Birds_Eye_View_Segmentation_with_Context-Aware_Rasterization_CVPR_2026_paper.html,"Bird's Eye View (BEV) semantic segmentation is essential for autonomous driving and mobile robotics, yet it still faces significant challenges on accurate segmentation of foreground object and efficient estimating of layout categories obscured by objects. To address these issues, we propose BEV-CAR, a Context-Aware Rasterization method that rasterizes the BEV representation without any coordinate transformations. By optimising each ray and incorporating depth features, BEV-CAR effectively addresses the challenges posed by object occlusions and varying environmental conditions. It ensures robust performance across diverse scenarios, particularly improving the accuracy of foreground object segmentation and layout estimation in occluded areas. And extensive experiments on the nuScenes and Argoverse datasets demonstrate that BEV-CAR achieves state-of-the-art (SOTA) performance. More importantly, the rasterization technique in this paper does not introduce additional computational overhead during the inference process, making it suitable for practical deployment in real-world scenarios. Code is available in https://github.com/BEV-DAR/BEV-DAR.","@InProceedings{Xiong_2026_CVPR, author = {Xiong, Yixin and Wang, Ke and Cheng, Tongtong and Liu, Chunhui and Liu, Kai}, title = {BEV-CAR: Enhancing Monocular Bird's Eye View Segmentation with Context-Aware Rasterization}, booktitle = {Proceedings of the IEEE/CVF Conference on Computer Vision and Pattern Recognition (CVPR)}, month = {June}, year = {2026}, pages = {39869-39878} }"
Wang_RaUF_Learning_the_Spatial_Uncertainty_Field_of_Radar_CVPR_2026_paper,2026,1,Autonomous_Driving,Autonomous_Driving,3.0,0.0,RaUF: Learning the Spatial Uncertainty Field of Radar,Shengpeng Wang; Kuangyu Wang; Wei Wang,3,42474-42483,True,https://openaccess.thecvf.com/content/CVPR2026/papers/Wang_RaUF_Learning_the_Spatial_Uncertainty_Field_of_Radar_CVPR_2026_paper.pdf,https://openaccess.thecvf.com/content/CVPR2026/supplemental/Wang_RaUF_Learning_the_CVPR_2026_supplemental.zip,https://openaccess.thecvf.com/content/CVPR2026/html/Wang_RaUF_Learning_the_Spatial_Uncertainty_Field_of_Radar_CVPR_2026_paper.html,"Millimeter-wave radar offers unique advantages in adverse weather but suffers from low spatial fidelity, severe azimuth ambiguity, and clutter-induced spurious returns. Existing methods mainly focus on improving spatial perception effectiveness via coarse-to-fine cross-modal supervision, yet often overlook the ambiguous feature-to-label mapping, which may lead to ill-posed geometric inference and pose fundamental challenges to downstream perception tasks. In this work, we propose RaUF, a spatial uncertainty field learning framework that models radar measurements through their physically grounded anisotropic properties. To resolve conflicting feature-to-label mapping, we design an anisotropic probabilistic model that learns fine-grained uncertainty. To further enhance reliability, we propose a Bidirectional Domain Attention mechanism that exploits the mutual complementarity between spatial structure and Doppler consistency, effectively suppressing spurious or multipath-induced reflections. Extensive experiments on public benchmarks and real-world datasets demonstrate that RaUF delivers highly reliable spatial detections with well-calibrated uncertainty. Moreover, downstream case studies further validate the enhanced reliability and scalability of RaUF under challenging real-world driving scenarios. Our project will be available at https://shengpeng.wang/rauf.","@InProceedings{Wang_2026_CVPR, author = {Wang, Shengpeng and Wang, Kuangyu and Wang, Wei}, title = {RaUF: Learning the Spatial Uncertainty Field of Radar}, booktitle = {Proceedings of the IEEE/CVF Conference on Computer Vision and Pattern Recognition (CVPR)}, month = {June}, year = {2026}, pages = {42474-42483} }"
Guo_DriveVLN_Towards_Mapless_Vision-and-Language_Navigation_in_Autonomous_Driving_CVPR_2026_paper,2026,0,Embodied_AI_Robotics,Embodied_AI_Robotics|Autonomous_Driving,32.0,0.344,DriveVLN: Towards Mapless Vision-and-Language Navigation in Autonomous Driving,Dongqian Guo; Haoran Wei; Wencheng Han; Runzhou Tao; Zhongying Qiu; Jianfei Yang; Jianbing Shen,7,25174-25183,True,https://openaccess.thecvf.com/content/CVPR2026/papers/Guo_DriveVLN_Towards_Mapless_Vision-and-Language_Navigation_in_Autonomous_Driving_CVPR_2026_paper.pdf,,https://openaccess.thecvf.com/content/CVPR2026/html/Guo_DriveVLN_Towards_Mapless_Vision-and-Language_Navigation_in_Autonomous_Driving_CVPR_2026_paper.html,"Autonomous driving has made substantial progress recently, achieving reliable performance in most real-world environments. However, existing algorithms still depend heavily on high-definition maps, making them ineffective in mapless scenarios such as indoor parking lots. These limitations hinder seamless point-to-point navigation and restrict the broader deployment of the autonomous driving system.To address this challenge, we propose DriveVLN, a new task that extends Vision-and-Language Navigation (VLN) to autonomous driving. DriveVLN employs visual and linguistic priors to guide vehicles toward destinations based solely on concise natural-language descriptions, without access to predefined maps or routes. Unlike conventional VLN, which relies on detailed step-wise instructions in indoor environments, DriveVLN requires models to produce navigation information based on diverse visual cues and history, including signs, landmarks, and textual indicators.We further develop a CARLA-based simulation engine comprising over 200 realistic scenes reconstructed from real road scans, enabling large-scale training and closed-loop evaluation. A baseline model is established through supervised fine-tuning on real data, followed by reinforcement learning in simulation.Comprehensive experiments show that DriveVLN effectively bridges map-based and mapless driving, providing a new foundation for unified, language-driven autonomous navigation in complex real-world environments.","@InProceedings{Guo_2026_CVPR, author = {Guo, Dongqian and Wei, Haoran and Han, Wencheng and Tao, Runzhou and Qiu, Zhongying and Yang, Jianfei and Shen, Jianbing}, title = {DriveVLN: Towards Mapless Vision-and-Language Navigation in Autonomous Driving}, booktitle = {Proceedings of the IEEE/CVF Conference on Computer Vision and Pattern Recognition (CVPR)}, month = {June}, year = {2026}, pages = {25174-25183} }"
Wang_MeanFuser_Fast_One-Step_Multi-Modal_Trajectory_Generation_and_Adaptive_Reconstruction_via_CVPR_2026_paper,2026,1,Autonomous_Driving,Autonomous_Driving,30.0,0.8,MeanFuser: Fast One-Step Multi-Modal Trajectory Generation and Adaptive Reconstruction via MeanFlow for End-to-End Autonomous Driving,Junli Wang; Yinan Zheng; Xueyi Liu; Zebin Xing; Pengfei Li; Kun Ma; Hangjun Ye; Guang Chen; Guang Li; Long Chen; Zhongpu Xia; Qichao Zhang,12,17884-17893,True,https://openaccess.thecvf.com/content/CVPR2026/papers/Wang_MeanFuser_Fast_One-Step_Multi-Modal_Trajectory_Generation_and_Adaptive_Reconstruction_via_CVPR_2026_paper.pdf,https://openaccess.thecvf.com/content/CVPR2026/supplemental/Wang_MeanFuser_Fast_One-Step_CVPR_2026_supplemental.pdf,https://openaccess.thecvf.com/content/CVPR2026/html/Wang_MeanFuser_Fast_One-Step_Multi-Modal_Trajectory_Generation_and_Adaptive_Reconstruction_via_CVPR_2026_paper.html,"Generative models have shown great potential in trajectory planning. Recent studies demonstrate that anchor-guided generative models are effective in modeling the uncertainty of driving behaviors and improving overall performance. However, these methods rely on discrete anchor vocabularies that must sufficiently cover the trajectory distribution during testing to ensure robustness, inducing an inherent trade-off between vocabulary size and model performance.To overcome this limitation, we propose MeanFuser, an end-to-end autonomous driving method that enhances both efficiency and robustness through three key designs. (1) We introduce Gaussian Mixture Noise (GMN) to guide generative sampling, enabling a continuous representation of the trajectory space and eliminating the dependency on discrete anchor vocabularies. (2) We introduce ""MeanFlow Identity"", which models the mean velocity field between GMN and data distribution instead of the instantaneous velocity field used in naive flow-matching methods, effectively eliminating numerical errors from ODE solvers and significantly accelerating inference. (3) We design a lightweight Adaptive Reconstruction Module (ARM) that enables the model to consider all sampled proposals and adaptively decide whether to reconstruct a trajectory when none of the proposals is satisfactory. Experiments on the NAVSIM closed-loop benchmark demonstrate that MeanFuser achieves outstanding performance and exceptional inference efficiency, offering a robust and efficient solution for end-to-end autonomous driving.","@InProceedings{Wang_2026_CVPR, author = {Wang, Junli and Zheng, Yinan and Liu, Xueyi and Xing, Zebin and Li, Pengfei and Ma, Kun and Ye, Hangjun and Chen, Guang and Li, Guang and Chen, Long and Xia, Zhongpu and Zhang, Qichao}, title = {MeanFuser: Fast One-Step Multi-Modal Trajectory Generation and Adaptive Reconstruction via MeanFlow for End-to-End Autonomous Driving}, booktitle = {Proceedings of the IEEE/CVF Conference on Computer Vision and Pattern Recognition (CVPR)}, month = {June}, year = {2026}, pages = {17884-17893} }"
Wang_Unifying_Language-Action_Understanding_and_Generation_for_Autonomous_Driving_CVPR_2026_paper,2026,1,Autonomous_Driving,Autonomous_Driving,18.0,0.611,Unifying Language-Action Understanding and Generation for Autonomous Driving,Xinyang Wang; Qian Liu; Wenjie Ding; Zhao Yang; Wei Li; Chang Liu; Bailin Li; Kun Zhan; Xianpeng Lang; Wei Chen,10,25193-25203,True,https://openaccess.thecvf.com/content/CVPR2026/papers/Wang_Unifying_Language-Action_Understanding_and_Generation_for_Autonomous_Driving_CVPR_2026_paper.pdf,https://openaccess.thecvf.com/content/CVPR2026/supplemental/Wang_Unifying_Language-Action_Understanding_CVPR_2026_supplemental.pdf,https://openaccess.thecvf.com/content/CVPR2026/html/Wang_Unifying_Language-Action_Understanding_and_Generation_for_Autonomous_Driving_CVPR_2026_paper.html,"Vision-Language-Action (VLA) models are emerging as a promising paradigm for end-to-end autonomous driving, valued for their potential to leverage world knowledge and reason about complex driving scenes. However, existing methods suffer from two critical limitations: a persistent misalignment between language instructions and action outputs, and the inherent inefficiency of typical auto-regressive action generation. In this paper, we introduce LinkVLA, a novel architecture that directly addresses these challenges to enhance both alignment and efficiency. First, we establish a structural link by unifying language and action tokens into a shared discrete codebook, processed within a single multi-modal model. This structurally enforces cross-modal consistency from the ground up. Second, to create a deep semantic link, we introduce an auxiliary action understanding objective that trains the model to generate descriptive captions from trajectories, fostering a bidirectional language-action mapping. Finally, we replace the slow, step-by-step generation with a two-step coarse-to-fine generation method (C2F) that efficiently decodes the action sequence, saving 86% inference time. Experiments on closed-loop driving benchmarks show consistent gains in instruction following accuracy and driving performance, alongside reduced inference latency.","@InProceedings{Wang_2026_CVPR, author = {Wang, Xinyang and Liu, Qian and Ding, Wenjie and Yang, Zhao and Li, Wei and Liu, Chang and Li, Bailin and Zhan, Kun and Lang, Xianpeng and Chen, Wei}, title = {Unifying Language-Action Understanding and Generation for Autonomous Driving}, booktitle = {Proceedings of the IEEE/CVF Conference on Computer Vision and Pattern Recognition (CVPR)}, month = {June}, year = {2026}, pages = {25193-25203} }"
Wang_DrivePTS_A_Progressive_Learning_Framework_with_Textual_and_Structural_Enhancement_CVPR_2026_paper,2026,1,Autonomous_Driving,Autonomous_Driving,18.0,0.833,DrivePTS: A Progressive Learning Framework with Textual and Structural Enhancement for Driving Scene Generation,Zhechao Wang; Yiming Zeng; Lufan Ma; Zeqing Fu; Chen Bai; Dongshuo Yin; Ziyao Lin; Cheng Lu,8,3699-3708,True,https://openaccess.thecvf.com/content/CVPR2026/papers/Wang_DrivePTS_A_Progressive_Learning_Framework_with_Textual_and_Structural_Enhancement_CVPR_2026_paper.pdf,https://openaccess.thecvf.com/content/CVPR2026/supplemental/Wang_DrivePTS_A_Progressive_CVPR_2026_supplemental.pdf,https://openaccess.thecvf.com/content/CVPR2026/html/Wang_DrivePTS_A_Progressive_Learning_Framework_with_Textual_and_Structural_Enhancement_CVPR_2026_paper.html,"Synthesis of diverse driving scenes serves as a crucial data augmentation technique for validating the robustness and generalizability of autonomous driving systems. Current methods aggregate high-definition (HD) maps and 3D bounding boxes as geometric conditions in diffusion models for conditional scene generation. However, implicit inter-condition dependency causes generation failures when control conditions change independently. Additionally, these methods suffer from insufficient details in both semantic and structural aspects. Specifically, brief and view-invariant captions restrict semantic contexts, resulting in weak background modeling. Meanwhile, the standard denoising loss with uniform spatial weighting neglects foreground structural details, causing visual distortions and blurriness. To address these challenges, we propose DrivePTS, which incorporates three key innovations. Firstly, our framework adopts a progressive learning strategy to mitigate inter-dependency between geometric conditions, reinforced by an explicit mutual information constraint. Secondly, a Vision-Language Model is utilized to generate multi-view hierarchical descriptions across six semantic aspects, providing fine-grained textual guidance. Thirdly, a frequency-guided structure loss is introduced to strengthen the model's sensitivity to high-frequency elements, improving foreground structural fidelity. Extensive experiments demonstrate that our DrivePTS achieves state-of-the-art fidelity and controllability in generating diverse driving scenes. Notably, DrivePTS successfully generates rare scenes where prior methods fail, highlighting its strong generalization ability.","@InProceedings{Wang_2026_CVPR, author = {Wang, Zhechao and Zeng, Yiming and Ma, Lufan and Fu, Zeqing and Bai, Chen and Yin, Dongshuo and Lin, Ziyao and Lu, Cheng}, title = {DrivePTS: A Progressive Learning Framework with Textual and Structural Enhancement for Driving Scene Generation}, booktitle = {Proceedings of the IEEE/CVF Conference on Computer Vision and Pattern Recognition (CVPR)}, month = {June}, year = {2026}, pages = {3699-3708} }"
Gump_Ghosts_in_the_Point_Clouds_De-glaring_LiDAR_in_the_Transient_CVPR_2026_paper,2026,1,Autonomous_Driving,Autonomous_Driving|3D_Reconstruction,18.0,0.333,Ghosts in the Point Clouds: De-glaring LiDAR in the Transient Domain,Avery Gump; Connor Henley; Sungjin Cheong; Akarsh Prabhakara; Mohit Gupta,5,17174-17183,True,https://openaccess.thecvf.com/content/CVPR2026/papers/Gump_Ghosts_in_the_Point_Clouds_De-glaring_LiDAR_in_the_Transient_CVPR_2026_paper.pdf,https://openaccess.thecvf.com/content/CVPR2026/supplemental/Gump_Ghosts_in_the_CVPR_2026_supplemental.pdf,https://openaccess.thecvf.com/content/CVPR2026/html/Gump_Ghosts_in_the_Point_Clouds_De-glaring_LiDAR_in_the_Transient_CVPR_2026_paper.html,"Modern LiDARs are rapidly transitioning from bulky, mechanically scanned systems to ultra-compact, low-cost, solid-state arrays. This miniaturization--while enabling scalability, affordability, and camera-like data structures--introduces a new and severe failure mode: internal-multipath glare. When light from a bright or retroreflective surface reflects and scatters within the LiDAR, light that should reach a single pixel spreads across the pixel array. The resulting artifacts create phantom objects, obscure real ones, and produce safety-critical ""ghosts in the point clouds."" This paper introduces a physically grounded sensing model and algorithmic techniques for addressing this effect. We show that internal glare can be represented as a linear, scene-independent operator--the Transient Glare Spread Function (TGSF)--acting on the transient measurements. Building on this model, we develop a training-free approach that operates on low-level LiDAR detections (or echoes) prior to point-cloud formation, leveraging knowledge of the glare spread function to reason about the likelihood of each detection arising from glare. The resulting approach is compatible with existing LiDAR signal-processing pipelines, and deployable on unmodified commercial sensors. Using experiments with real single-photon LiDAR hardware, we demonstrate substantial suppression of severe glare artifacts while preserving true scene structure.","@InProceedings{Gump_2026_CVPR, author = {Gump, Avery and Henley, Connor and Cheong, Sungjin and Prabhakara, Akarsh and Gupta, Mohit}, title = {Ghosts in the Point Clouds: De-glaring LiDAR in the Transient Domain}, booktitle = {Proceedings of the IEEE/CVF Conference on Computer Vision and Pattern Recognition (CVPR)}, month = {June}, year = {2026}, pages = {17174-17183} }"
Shi_OneOcc_Semantic_Occupancy_Prediction_for_Legged_Robots_with_a_Single_CVPR_2026_paper,2026,0,Embodied_AI_Robotics,Embodied_AI_Robotics|Autonomous_Driving,15.0,0.4,OneOcc: Semantic Occupancy Prediction for Legged Robots with a Single Panoramic Camera,Hao Shi; Ze Wang; Shangwei Guo; Mengfei Duan; Song Wang; Teng Chen; Kailun Yang; Lin Wang; Kaiwei Wang,9,14229-14240,True,https://openaccess.thecvf.com/content/CVPR2026/papers/Shi_OneOcc_Semantic_Occupancy_Prediction_for_Legged_Robots_with_a_Single_CVPR_2026_paper.pdf,https://openaccess.thecvf.com/content/CVPR2026/supplemental/Shi_OneOcc_Semantic_Occupancy_CVPR_2026_supplemental.pdf,https://openaccess.thecvf.com/content/CVPR2026/html/Shi_OneOcc_Semantic_Occupancy_Prediction_for_Legged_Robots_with_a_Single_CVPR_2026_paper.html,"Robust 3D semantic occupancy is essential for legged and humanoid robots, yet most Semantic Scene Completion (SSC) systems are built for wheeled platforms with forward-facing sensors. We present OneOcc, a vision-only panoramic SSC framework tailored to severe body jitter and 360deg continuity. OneOcc integrates four complementary modules: (i) Dual-Projection fusion (DP-ER), which jointly exploits the raw annular panorama and its equirectangular unfolding to preserve true 360deg continuity while enabling grid-aligned feature extraction and seam-aware context; (ii) Bi-Grid Voxelization (BGV), which reasons in Cartesian and polar/cylindrical voxel spaces to reduce discretization bias and better align with panoramic geometry, yielding sharper free/occupied boundaries; (iii) a lightweight decoder with Hierarchical AMoE-3D fusion that dynamically routes multi-scale 3D features to specialized experts, improving long-range context and occlusion handling; and (iv) a plug-and-play Gait Displacement Compensation (GDC) module that learns feature-level motion correction from gait, stabilizing representations without extra sensors. We also release two panoramic occupancy benchmarks: QuadOcc (real quadruped, first-person 360deg) and Human360Occ (H3O) (CARLA human-ego 360deg with RGB/Depth/semantic-occupancy and standardized within-/cross-city splits). OneOcc sets new SOTA: on QuadOcc it exceeds strong vision baselines and even popular LiDAR methods, and on H3O it improves within-city by +3.83 mIoU and cross-city by +8.08. The modules are lightweight, enabling deployable full-surround semantic perception for legged and humanoid robots.","@InProceedings{Shi_2026_CVPR, author = {Shi, Hao and Wang, Ze and Guo, Shangwei and Duan, Mengfei and Wang, Song and Chen, Teng and Yang, Kailun and Wang, Lin and Wang, Kaiwei}, title = {OneOcc: Semantic Occupancy Prediction for Legged Robots with a Single Panoramic Camera}, booktitle = {Proceedings of the IEEE/CVF Conference on Computer Vision and Pattern Recognition (CVPR)}, month = {June}, year = {2026}, pages = {14229-14240} }"
Embacher_SearchAD_Large-Scale_Rare_Image_Retrieval_Dataset_for_Autonomous_Driving_CVPR_2026_paper,2026,1,Autonomous_Driving,Autonomous_Driving,15.0,0.667,SearchAD: Large-Scale Rare Image Retrieval Dataset for Autonomous Driving,Felix Embacher; Jonas Uhrig; Marius Cordts; Markus Enzweiler,4,33088-33098,True,https://openaccess.thecvf.com/content/CVPR2026/papers/Embacher_SearchAD_Large-Scale_Rare_Image_Retrieval_Dataset_for_Autonomous_Driving_CVPR_2026_paper.pdf,https://openaccess.thecvf.com/content/CVPR2026/supplemental/Embacher_SearchAD_Large-Scale_Rare_CVPR_2026_supplemental.pdf,https://openaccess.thecvf.com/content/CVPR2026/html/Embacher_SearchAD_Large-Scale_Rare_Image_Retrieval_Dataset_for_Autonomous_Driving_CVPR_2026_paper.html,"Retrieving rare and safety-critical driving scenarios from large-scale datasets is essential for building robust autonomous driving (AD) systems. As dataset sizes continue to grow, the key challenge shifts from collecting more data to efficiently identifying the most relevant samples. We introduce SearchAD, a large-scale rare image retrieval dataset for AD containing over 423k frames drawn from 11 established datasets. SearchAD provides high-quality manual annotations of more than 513k bounding boxes covering 90 rare categories. It specifically targets the ""needle-in-a-haystack"" problem of locating extremely rare classes, with some appearing fewer than 50 times across the entire dataset. Unlike existing benchmarks, which focused on instance-level retrieval, SearchAD emphasizes semantic image retrieval with a well-defined data split, enabling text-to-image and image-to-image retrieval, few-shot learning, and fine-tuning of multi-modal retrieval models. Comprehensive evaluations show that text-based methods outperform image-based ones due to stronger inherent semantic grounding. While models directly aligning spatial visual features with language achieve the best zero-shot results, and our fine-tuning baseline significantly improves performance, absolute retrieval capabilities remain unsatisfactory. With a held-out test set on a public benchmark server, SearchAD establishes the first large-scale dataset for retrieval-driven data curation and long-tail perception research in AD: https://iis-esslingen.github.io/searchad/","@InProceedings{Embacher_2026_CVPR, author = {Embacher, Felix and Uhrig, Jonas and Cordts, Marius and Enzweiler, Markus}, title = {SearchAD: Large-Scale Rare Image Retrieval Dataset for Autonomous Driving}, booktitle = {Proceedings of the IEEE/CVF Conference on Computer Vision and Pattern Recognition (CVPR)}, month = {June}, year = {2026}, pages = {33088-33098} }"
Xing_TACO_Task-Aware_Contrastive_Learning_for_Joint_LiDAR_Localization_and_3D_CVPR_2026_paper,2026,0,Object_Detection,Object_Detection|Autonomous_Driving|SelfSupervised_Representation,29.0,0.379,TACO: Task-Aware Contrastive Learning for Joint LiDAR Localization and 3D Object Detection,Leyuan Xing; Huanjia Zhang; Dongyu Pan; Hai Wu; Qiming Xia; Kezheng Xiong; Wen Li; Chenglu Wen; Cheng Wang,9,9965-9975,True,https://openaccess.thecvf.com/content/CVPR2026/papers/Xing_TACO_Task-Aware_Contrastive_Learning_for_Joint_LiDAR_Localization_and_3D_CVPR_2026_paper.pdf,https://openaccess.thecvf.com/content/CVPR2026/supplemental/Xing_TACO_Task-Aware_Contrastive_CVPR_2026_supplemental.pdf,https://openaccess.thecvf.com/content/CVPR2026/html/Xing_TACO_Task-Aware_Contrastive_Learning_for_Joint_LiDAR_Localization_and_3D_CVPR_2026_paper.html,"Reliable navigation and decision-making of autonomous vehicles require both accurate localization and object detection. Traditionally, these two tasks are handled separately, leading to redundant computation and limited cross-task knowledge transfer. This paper proposes TACO, the first Task-Aware COntrastive learning framework, which performs joint LiDAR localization and 3D object detection within a single, unified network. TACO leverages contrastive learning to explicitly decouple and align static geographic features for localization and object-centric features for detection. This bidirectional mutual supervision not only enhances localization robustness in dynamic environments by filtering dynamic noise but also boosts detection accuracy via effective spatial context. Additionally, we propose OxfoLD, the first dataset that provides multi-traversal LiDAR localization ground truth with rich 3D object annotations, thereby supporting task validation across various times and weather conditions. Experimental results demonstrate that TACO achieves state-of-the-art localization accuracy while maintaining competitive detection performance. The code and dataset will be released.","@InProceedings{Xing_2026_CVPR, author = {Xing, Leyuan and Zhang, Huanjia and Pan, Dongyu and Wu, Hai and Xia, Qiming and Xiong, Kezheng and Li, Wen and Wen, Chenglu and Wang, Cheng}, title = {TACO: Task-Aware Contrastive Learning for Joint LiDAR Localization and 3D Object Detection}, booktitle = {Proceedings of the IEEE/CVF Conference on Computer Vision and Pattern Recognition (CVPR)}, month = {June}, year = {2026}, pages = {9965-9975} }"
Zhang_Test-Time_3D_Occupancy_Prediction_CVPR_2026_paper,2026,1,Autonomous_Driving,Autonomous_Driving|SelfSupervised_Representation,16.0,0.438,Test-Time 3D Occupancy Prediction,Fengyi Zhang; Xiangyu Sun; Huitong Yang; Zheng Zhang; Zi Huang; Yadan Luo,6,35691-35701,True,https://openaccess.thecvf.com/content/CVPR2026/papers/Zhang_Test-Time_3D_Occupancy_Prediction_CVPR_2026_paper.pdf,https://openaccess.thecvf.com/content/CVPR2026/supplemental/Zhang_Test-Time_3D_Occupancy_CVPR_2026_supplemental.pdf,https://openaccess.thecvf.com/content/CVPR2026/html/Zhang_Test-Time_3D_Occupancy_Prediction_CVPR_2026_paper.html,"Self-supervised 3D occupancy prediction offers a promising solution for understanding complex driving scenes without requiring costly 3D annotations. However, training dense occupancy decoders to capture fine-grained geometry and semantics can demand hundreds of GPU hours, and once trained, such models struggle to adapt to varying voxel resolutions or novel object categories without extensive retraining. To overcome these limitations, we propose a practical and flexible test-time occupancy prediction framework termed TT-Occ. Our method incrementally constructs, optimizes, and voxelizes time-aware 3D Gaussians from raw sensor streams by integrating vision foundation models (VFMs) at runtime. The flexible representation of 3D Gaussians enables voxelization at arbitrary user-specified resolutions, while the strong generalization capability of VFMs supports accurate perception and open-vocabulary recognition without requiring any network training or fine-tuning. To validate the generality and effectiveness of our framework, we present two variants: a LiDAR-based version and a vision-centric version, and conduct extensive experiments on the Occ3D-nuScenes and nuCraft benchmarks under varying voxel resolutions. Experimental results show that TT-Occ significantly outperforms existing computationally expensive pretrained self-supervised counterparts. Code is available at https://github.com/Xian-Bei/TT-Occ.","@InProceedings{Zhang_2026_CVPR, author = {Zhang, Fengyi and Sun, Xiangyu and Yang, Huitong and Zhang, Zheng and Huang, Zi and Luo, Yadan}, title = {Test-Time 3D Occupancy Prediction}, booktitle = {Proceedings of the IEEE/CVF Conference on Computer Vision and Pattern Recognition (CVPR)}, month = {June}, year = {2026}, pages = {35691-35701} }"
Lu_ActiveAD_Planning-Oriented_Active_Learning_for_End-to-End_Autonomous_Driving_CVPR_2026_paper,2026,1,Autonomous_Driving,Autonomous_Driving,27.0,0.815,ActiveAD: Planning-Oriented Active Learning for End-to-End Autonomous Driving,Han Lu; Xiaosong Jia; Yichen Xie; Siyu Sun; Wenlong Liao; Xiaokang Yang; Junchi Yan,7,3656-3666,True,https://openaccess.thecvf.com/content/CVPR2026/papers/Lu_ActiveAD_Planning-Oriented_Active_Learning_for_End-to-End_Autonomous_Driving_CVPR_2026_paper.pdf,https://openaccess.thecvf.com/content/CVPR2026/supplemental/Lu_ActiveAD_Planning-Oriented_Active_CVPR_2026_supplemental.pdf,https://openaccess.thecvf.com/content/CVPR2026/html/Lu_ActiveAD_Planning-Oriented_Active_Learning_for_End-to-End_Autonomous_Driving_CVPR_2026_paper.html,"End-to-end differentiable learning has emerged as a prominent paradigm in autonomous driving (AD). A significant bottleneck in this approach is its substantial demand for high-quality labeled data, such as 3D bounding boxes and semantic segmentation, which are especially expensive to annotate manually. This challenge is exacerbated by the long tailed distribution in AD datasets, where a substantial portion of the collected data might be trivial (e.g. simply driving straight on a straight road) and only a minority of instances are critical to safety. In this paper, we propose ActiveAD, a planning-oriented active learning strategy designed to enhance sampling and labeling efficiency in end-to-end autonomous driving. ActiveAD progressively annotates parts of collected raw data based on our newly developed metrics. We design innovative diversity metrics to enhance initial sample selection, addressing the cold-start problem. Furthermore, we develop uncertainty metrics to select valuable samples for the ultimate purpose of route planning during subsequent batch selection. Empirical results demonstrate that our approach significantly surpasses traditional active learning methods. Remarkably, our method achieves comparable results to state-of-the-art end-to-end AD methods - by using only 30% data in both open-loop nuScenes and closed-loop CARLA evaluation.","@InProceedings{Lu_2026_CVPR, author = {Lu, Han and Jia, Xiaosong and Xie, Yichen and Sun, Siyu and Liao, Wenlong and Yang, Xiaokang and Yan, Junchi}, title = {ActiveAD: Planning-Oriented Active Learning for End-to-End Autonomous Driving}, booktitle = {Proceedings of the IEEE/CVF Conference on Computer Vision and Pattern Recognition (CVPR)}, month = {June}, year = {2026}, pages = {3656-3666} }"
Hong_CycleBEV_Regularizing_View_Transformation_Networks_via_View_Cycle_Consistency_for_CVPR_2026_paper,2026,0,Segmentation,Segmentation|Autonomous_Driving,24.0,0.125,CycleBEV: Regularizing View Transformation Networks via View Cycle Consistency for Bird's-Eye-View Semantic Segmentation,Jeongbin Hong; Dooseop Choi; Taeg-Hyun An; Kyounghwan An; Kyoung-Wook Min,5,10986-10995,True,https://openaccess.thecvf.com/content/CVPR2026/papers/Hong_CycleBEV_Regularizing_View_Transformation_Networks_via_View_Cycle_Consistency_for_CVPR_2026_paper.pdf,https://openaccess.thecvf.com/content/CVPR2026/supplemental/Hong_CycleBEV_Regularizing_View_CVPR_2026_supplemental.pdf,https://openaccess.thecvf.com/content/CVPR2026/html/Hong_CycleBEV_Regularizing_View_Transformation_Networks_via_View_Cycle_Consistency_for_CVPR_2026_paper.html,"Transforming image features from perspective view (PV) space to bird's-eye-view (BEV) space remains challenging in autonomous driving due to depth ambiguity and occlusion. Although several view transformation (VT) paradigms have been proposed, the challenge still remains. In this paper, we propose a new regularization framework, dubbed CycleBEV, that enhances existing VT models for BEV semantic segmentation. Inspired by cycle consistency, widely used in image distribution modeling, we devise an inverse view transformation (IVT) network that maps BEV segmentation maps back to PV segmentation maps and use it to regularize VT networks during training through cycle consistency losses, enabling them to capture richer semantic and geometric information from input PV images. To further exploit the capacity of the IVT network, we introduce two novel ideas that extend cycle consistency into geometric and representation spaces. We evaluate CycleBEV on four representative VT models covering three major paradigms using the large-scale nuScenes dataset. Experimental results show consistent improvements---with gains of up to 0.74, 4.86, and 3.74 mIoU for drivable area, vehicle, and pedestrian classes, respectively---without increasing inference complexity, since the IVT network is used only during training.","@InProceedings{Hong_2026_CVPR, author = {Hong, Jeongbin and Choi, Dooseop and An, Taeg-Hyun and An, Kyounghwan and Min, Kyoung-Wook}, title = {CycleBEV: Regularizing View Transformation Networks via View Cycle Consistency for Bird's-Eye-View Semantic Segmentation}, booktitle = {Proceedings of the IEEE/CVF Conference on Computer Vision and Pattern Recognition (CVPR)}, month = {June}, year = {2026}, pages = {10986-10995} }"
Yang_DriveMoE_Mixture-of-Experts_for_Vision-Language-Action_Model_in_End-to-End_Autonomous_Driving_CVPR_2026_paper,2026,1,Autonomous_Driving,Autonomous_Driving|Embodied_AI_Robotics,36.0,0.417,DriveMoE: Mixture-of-Experts for Vision-Language-Action Model in End-to-End Autonomous Driving,Zhenjie Yang; Yilin Chai; Xiaosong Jia; Qifeng Li; Yuqian Shao; Xuekai Zhu; Haisheng Su; Junchi Yan,8,10678-10688,True,https://openaccess.thecvf.com/content/CVPR2026/papers/Yang_DriveMoE_Mixture-of-Experts_for_Vision-Language-Action_Model_in_End-to-End_Autonomous_Driving_CVPR_2026_paper.pdf,https://openaccess.thecvf.com/content/CVPR2026/supplemental/Yang_DriveMoE_Mixture-of-Experts_for_CVPR_2026_supplemental.pdf,https://openaccess.thecvf.com/content/CVPR2026/html/Yang_DriveMoE_Mixture-of-Experts_for_Vision-Language-Action_Model_in_End-to-End_Autonomous_Driving_CVPR_2026_paper.html,"End-to-end autonomous driving (E2E-AD) demands effective processing of multi-view sensor data and robust handling of diverse and complex driving scenarios, particularly rare maneuvers such as aggressive turns. The recent success of the Mixture-of-Experts (MoE) architecture in Large Language Models (LLMs) demonstrates that expert specialization enables strong scalability. In this work, we propose DriveMoE, a novel MoE-based E2E-AD framework, with a Scene-Specialized Vision MoE and a Skill-Specialized Action MoE. First, we introduce Drive-p0, a Vision-Language-Action (VLA) baseline adapted from Embodied AI for autonomous driving, which serves as the foundation model for DriveMoE. Building on this, we strengthen perception through a carefully designed Vision MoE, where a router adaptively selects context-relevant camera views. This mechanism is inspired by human driving cognition, in which attention is directed to key visual cues rather than to all sensory inputs simultaneously. Beyond perception, we introduce an Action MoE that augments the framework by training a router to activate specialized expert modules tailored to distinct driving behaviors. Within the Action MoE, we implement two distinct styles(Token-level Router and Trajectory-level Router) and extensively explore their applicability in autonomous driving. In Bench2Drive closed-loop evaluations, DriveMoE demonstrates robust performance across diverse driving scenarios, alleviates the mode-averaging effect that limits existing models, and achieves state-of-the-art results with significant improvements over Drive-p0. We will release our code and models of DriveMoE and Drive-p0.","@InProceedings{Yang_2026_CVPR, author = {Yang, Zhenjie and Chai, Yilin and Jia, Xiaosong and Li, Qifeng and Shao, Yuqian and Zhu, Xuekai and Su, Haisheng and Yan, Junchi}, title = {DriveMoE: Mixture-of-Experts for Vision-Language-Action Model in End-to-End Autonomous Driving}, booktitle = {Proceedings of the IEEE/CVF Conference on Computer Vision and Pattern Recognition (CVPR)}, month = {June}, year = {2026}, pages = {10678-10688} }"
Gao_Deformable_Gaussian_Occupancy_Decoupling_Rigid_and_Nonrigid_Motion_with_Factorized_CVPR_2026_paper,2026,1,Autonomous_Driving,Autonomous_Driving,5.0,0.4,Deformable Gaussian Occupancy: Decoupling Rigid and Nonrigid Motion with Factorized Distillation,Yang Gao; Wuyang Li; Po-Chien Luan; Alexandre Alahi,4,28588-28598,True,https://openaccess.thecvf.com/content/CVPR2026/papers/Gao_Deformable_Gaussian_Occupancy_Decoupling_Rigid_and_Nonrigid_Motion_with_Factorized_CVPR_2026_paper.pdf,https://openaccess.thecvf.com/content/CVPR2026/supplemental/Gao_Deformable_Gaussian_Occupancy_CVPR_2026_supplemental.pdf,https://openaccess.thecvf.com/content/CVPR2026/html/Gao_Deformable_Gaussian_Occupancy_Decoupling_Rigid_and_Nonrigid_Motion_with_Factorized_CVPR_2026_paper.html,"Understanding dynamic 3D environments is essential for safe autonomous driving, particularly when reasoning about human-centric, nonrigid agents. However, existing weakly supervised occupancy prediction frameworks predominantly assume rigid-body motion and rely on simple frame-to-frame offsets, limiting their ability to capture fine-grained deformations and maintain temporal coherence. To address this issue, we propose DeGO, a deformable Gaussian occupancy framework that unifies decoupled Gaussian deformation with factorized 4D foundation-model distillation. DeGO disentangles rigid and nonrigid motion, enabling each Gaussian primitive to evolve through both deformation and offset-based updates. In parallel, a factorized 4D distillation strategy transfers cross-camera and cross-frame knowledge from the VGGT foundation model, producing foundation-aligned features that enhance temporal consistency. Experiments on the Occ3D-NuScenes benchmark demonstrate that our method achieves state-of-the-art performance under weak supervision, delivering 13.5% gains on human-centric instances and 10.9% overall improvements. These results highlight the effectiveness of deformation-aware and foundation-guided occupancy modeling for dynamic scene understanding.","@InProceedings{Gao_2026_CVPR, author = {Gao, Yang and Li, Wuyang and Luan, Po-Chien and Alahi, Alexandre}, title = {Deformable Gaussian Occupancy: Decoupling Rigid and Nonrigid Motion with Factorized Distillation}, booktitle = {Proceedings of the IEEE/CVF Conference on Computer Vision and Pattern Recognition (CVPR)}, month = {June}, year = {2026}, pages = {28588-28598} }"
Jia_Spatial_Retrieval_Augmented_Autonomous_Driving_CVPR_2026_paper,2026,1,Autonomous_Driving,Autonomous_Driving,23.0,0.826,Spatial Retrieval Augmented Autonomous Driving,Xiaosong Jia; Chenhe Zhang; Yule Jiang; Songbur Wong; Zhiyuan Zhang; Chen Chen; Shaofeng Zhang; Xuanhe Zhou; Xue Yang; Junchi Yan; Yu-Gang Jiang,11,17787-17797,True,https://openaccess.thecvf.com/content/CVPR2026/papers/Jia_Spatial_Retrieval_Augmented_Autonomous_Driving_CVPR_2026_paper.pdf,https://openaccess.thecvf.com/content/CVPR2026/supplemental/Jia_Spatial_Retrieval_Augmented_CVPR_2026_supplemental.zip,https://openaccess.thecvf.com/content/CVPR2026/html/Jia_Spatial_Retrieval_Augmented_Autonomous_Driving_CVPR_2026_paper.html,"Existing autonomous driving systems rely on onboard sensors (cameras, LiDAR, IMU, etc) for environmental perception. However, this paradigm is limited by the drive-time perception horizon and often fails under limited view scope, occlusion or extreme conditions such as darkness and rain. In contrast, human drivers are able to recall road structure even under poor visibility. To endow models with this recall ability, we propose the spatial retrieval paradigm, introducing offline retrieved geographic images as an additional input. These images are easy to obtain from offline caches (e.g., Google Maps or stored autonomous driving datasets) without requiring additional sensors, making it a plug-and-play extension for existing AD tasks. For experiments, we first extend the nuScenes dataset with geographic images retrieved via Google Maps APIs and align the new data with ego-vehicle trajectories. We establish baselines across five core autonomous driving tasks: object detection, online mapping, occupancy prediction, end-to-end planning, and generative world modeling. Extensive experiments show that the extended modality could enhance the performance of certain tasks. We will open-source dataset curation code, data, and benchmarks for further study of this new autonomous driving paradigm.","@InProceedings{Jia_2026_CVPR, author = {Jia, Xiaosong and Zhang, Chenhe and Jiang, Yule and Wong, Songbur and Zhang, Zhiyuan and Chen, Chen and Zhang, Shaofeng and Zhou, Xuanhe and Yang, Xue and Yan, Junchi and Jiang, Yu-Gang}, title = {Spatial Retrieval Augmented Autonomous Driving}, booktitle = {Proceedings of the IEEE/CVF Conference on Computer Vision and Pattern Recognition (CVPR)}, month = {June}, year = {2026}, pages = {17787-17797} }"
Peng_ColaVLA_Leveraging_Cognitive_Latent_Reasoning_for_Hierarchical_Parallel_Trajectory_Planning_CVPR_2026_paper,2026,0,Vision_Language_Multimodal,Vision_Language_Multimodal|Autonomous_Driving|LLM_Reasoning_Agent,19.0,0.368,ColaVLA: Leveraging Cognitive Latent Reasoning for Hierarchical Parallel Trajectory Planning in Autonomous Driving,Qihang Peng; Xuesong Chen; Chenye Yang; Shaoshuai Shi; Hongsheng Li,5,17809-17819,True,https://openaccess.thecvf.com/content/CVPR2026/papers/Peng_ColaVLA_Leveraging_Cognitive_Latent_Reasoning_for_Hierarchical_Parallel_Trajectory_Planning_CVPR_2026_paper.pdf,https://openaccess.thecvf.com/content/CVPR2026/supplemental/Peng_ColaVLA_Leveraging_Cognitive_CVPR_2026_supplemental.zip,https://openaccess.thecvf.com/content/CVPR2026/html/Peng_ColaVLA_Leveraging_Cognitive_Latent_Reasoning_for_Hierarchical_Parallel_Trajectory_Planning_CVPR_2026_paper.html,"Autonomous driving requires generating safe and reliable trajectories from complex multimodal inputs. Traditional modular pipelines separate perception, prediction, and planning, while recent end-to-end (E2E) systems learn them jointly. Vision-language models (VLMs) further enrich this paradigm by introducing cross-modal priors and commonsense reasoning, yet current VLM-based planners face three key challenges: (i) a mismatch between discrete text reasoning and continuous control, (ii) high latency from autoregressive chain-of-thought decoding, and (iii) inefficient or non-causal planners that limit real-time deployment. We propose ColaVLA, a unified vision-language-action framework that transfers reasoning from text to a unified latent space and couples it with a hierarchical, parallel trajectory decoder. The Cognitive Latent Reasoner compresses scene understanding into compact, decision-oriented meta-action embeddings through ego-adaptive selection and only two VLM forward passes. The Hierarchical Parallel Planner then generates multi-scale, causality-consistent trajectories in a single forward pass. Together, these components preserve the generalization and interpretability of VLMs while enabling efficient, accurate and safe trajectory generation. Experiments on the nuScenes benchmark show that ColaVLA achieves state-of-the-art performance in both open-loop and closed-loop settings with favorable efficiency and robustness.","@InProceedings{Peng_2026_CVPR, author = {Peng, Qihang and Chen, Xuesong and Yang, Chenye and Shi, Shaoshuai and Li, Hongsheng}, title = {ColaVLA: Leveraging Cognitive Latent Reasoning for Hierarchical Parallel Trajectory Planning in Autonomous Driving}, booktitle = {Proceedings of the IEEE/CVF Conference on Computer Vision and Pattern Recognition (CVPR)}, month = {June}, year = {2026}, pages = {17809-17819} }"
Tan_UFO_Unifying_Feed-Forward_and_Optimization-based_Methods_for_Large_Driving_Scene_CVPR_2026_paper,2026,1,Autonomous_Driving,Autonomous_Driving,15.0,0.8,UFO: Unifying Feed-Forward and Optimization-based Methods for Large Driving Scene Modeling,Kaiyuan Tan; Yingying Shen; Ziyue Zhu; Mingfei Tu; Haohui Zhu; Haiyang Sun; Bing Wang; Guang Chen; Hangjun Ye,9,21849-21859,True,https://openaccess.thecvf.com/content/CVPR2026/papers/Tan_UFO_Unifying_Feed-Forward_and_Optimization-based_Methods_for_Large_Driving_Scene_CVPR_2026_paper.pdf,https://openaccess.thecvf.com/content/CVPR2026/supplemental/Tan_UFO_Unifying_Feed-Forward_CVPR_2026_supplemental.zip,https://openaccess.thecvf.com/content/CVPR2026/html/Tan_UFO_Unifying_Feed-Forward_and_Optimization-based_Methods_for_Large_Driving_Scene_CVPR_2026_paper.html,"Dynamic driving scene modeling is critical for autonomous driving simulation and closed-loop learning. While recent feed-forward methods offer fast inference through data-driven priors, they struggle with long-range driving sequences due to quadratic complexity in sequence length and restrictive assumptions for dynamic objects. We propose UFO, a novel recurrent paradigm that combines the strengths of optimization-based and feed-forward methods for efficient long-range 4D modeling. Our approach maintains a persistent 4D scene representation composed of scene tokens that are progressively refined as new frames arrive, enabling future observations to correct earlier uncertain predictions. A visibility-based filtering mechanism exploits the locality of 3D-to-pixel correspondence, reducing complexity from quadratic to near-linear in sequence length. For dynamic objects, we introduce object pose-guided modeling with learned lifespans, enabling complex long-range motion without kinematic assumptions. Experiments on the Waymo Open Dataset demonstrate that UFO significantly outperforms both per-scene optimization and feed-forward baselines across 2s, 8s, and zero-shot 16s sequences.","@InProceedings{Tan_2026_CVPR, author = {Tan, Kaiyuan and Shen, Yingying and Zhu, Ziyue and Tu, Mingfei and Zhu, Haohui and Sun, Haiyang and Wang, Bing and Chen, Guang and Ye, Hangjun}, title = {UFO: Unifying Feed-Forward and Optimization-based Methods for Large Driving Scene Modeling}, booktitle = {Proceedings of the IEEE/CVF Conference on Computer Vision and Pattern Recognition (CVPR)}, month = {June}, year = {2026}, pages = {21849-21859} }"
Shen_LiDAR-to-4DRadar_Diffusion_Bridge_via_Cross-Modal_Alignment_and_Translation_in_Latent_CVPR_2026_paper,2026,1,Autonomous_Driving,Autonomous_Driving|Vision_Language_Multimodal,18.0,0.556,LiDAR-to-4DRadar Diffusion Bridge via Cross-Modal Alignment and Translation in Latent Space,Dazhong Shen; Jingjing Gu; Qiang Zhou; Meng Zhao; Ying Sun,5,17110-17120,True,https://openaccess.thecvf.com/content/CVPR2026/papers/Shen_LiDAR-to-4DRadar_Diffusion_Bridge_via_Cross-Modal_Alignment_and_Translation_in_Latent_CVPR_2026_paper.pdf,https://openaccess.thecvf.com/content/CVPR2026/supplemental/Shen_LiDAR-to-4DRadar_Diffusion_Bridge_CVPR_2026_supplemental.pdf,https://openaccess.thecvf.com/content/CVPR2026/html/Shen_LiDAR-to-4DRadar_Diffusion_Bridge_via_Cross-Modal_Alignment_and_Translation_in_Latent_CVPR_2026_paper.html,"Millimeter-wave radar's all-weather capability makes it increasingly vital for autonomous perception. However, the high cost of radar data collection drives the need for data generation to augment radar datasets. Existing works mainly target partial radar representations, e.g., 2D or 3D slices, leading to information loss and limited downstream performance. To overcome these issues, we introduce the novel task of LiDAR-to-4DRadar translation, which generates complete 4D radar tensors, with three spatial and one Doppler axes, guided by LiDAR data that preserve spatial and semantic consistency. We propose a novel diffusion bridge model in an aligned LiDAR-4DRadar latent space, namely L2RLDB, to tackle this task. Specifically, first, a key-voxel-aware VAE compresses high-dimensional, noisy radar tensors into a compact latent space, while enabling precise numerical reconstruction and key-voxel identification. Second, to bridge the cross-modal gap between sparse 3D LiDAR and dense 4D radar, we develop a patch-wise contrastive learning module to align LiDAR latents with radar semantically and spatially. Finally, we formulate the translation as a diffusion bridge process between LiDAR and radar latents, enabling the synthesis of full radar tensors from Doppler-lacking LiDAR inputs. Experiments verify that L2RLDB achieves high-fidelity 4D radar generation and significantly improves downstream detection through data augmentation.","@InProceedings{Shen_2026_CVPR, author = {Shen, Dazhong and Gu, Jingjing and Zhou, Qiang and Zhao, Meng and Sun, Ying}, title = {LiDAR-to-4DRadar Diffusion Bridge via Cross-Modal Alignment and Translation in Latent Space}, booktitle = {Proceedings of the IEEE/CVF Conference on Computer Vision and Pattern Recognition (CVPR)}, month = {June}, year = {2026}, pages = {17110-17120} }"
Kim_Test-Time_Training_for_LiDAR_Semantic_Segmentation_under_Corruption_via_Geometric_CVPR_2026_paper,2026,0,Segmentation,Segmentation|Transfer_FewShot_DomainAdaptation|Autonomous_Driving,20.0,0.1,Test-Time Training for LiDAR Semantic Segmentation under Corruption via Geometric Inlier Discrimination,Hyeonseong Kim; Hyun-Kurl Jang; Kuk-Jin Yoon,3,24206-24216,True,https://openaccess.thecvf.com/content/CVPR2026/papers/Kim_Test-Time_Training_for_LiDAR_Semantic_Segmentation_under_Corruption_via_Geometric_CVPR_2026_paper.pdf,https://openaccess.thecvf.com/content/CVPR2026/supplemental/Kim_Test-Time_Training_for_CVPR_2026_supplemental.pdf,https://openaccess.thecvf.com/content/CVPR2026/html/Kim_Test-Time_Training_for_LiDAR_Semantic_Segmentation_under_Corruption_via_Geometric_CVPR_2026_paper.html,"LiDAR semantic segmentation must remain robust under various sensor and environmental corruptions to be reliable in safety-critical applications. Existing test-time adaptation methods, including approaches based on pseudo-labels and normalization statistics, have shown promising results but can still struggle under severe distribution shifts. To complement these approaches, we propose a geometry-aware test-time training framework that leverages an auxiliary self-supervised objective. Our method is based on geometric inlier discrimination (GeoID), which injects synthetic off-manifold points into the input and trains the model to distinguish geometry-consistent inliers from synthetically displaced outliers, enabling adaptation on unlabeled test data. To further stabilize this process under real corruptions, we introduce bidirectional unreliable point filtering (BiUPF), which uses inlier scores from the source-trained model to filter out unreliable regions on both original and synthetic points, focusing updates on high-confidence samples. Experiments on two large-scale corruption benchmarks, SemanticKITTI-C and nuScenes-C, show that our method consistently outperforms strong test-time adaptation baselines and improves robustness across diverse LiDAR corruptions. Our code is available at https://github.com/hskim617/GeoID.","@InProceedings{Kim_2026_CVPR, author = {Kim, Hyeonseong and Jang, Hyun-Kurl and Yoon, Kuk-Jin}, title = {Test-Time Training for LiDAR Semantic Segmentation under Corruption via Geometric Inlier Discrimination}, booktitle = {Proceedings of the IEEE/CVF Conference on Computer Vision and Pattern Recognition (CVPR)}, month = {June}, year = {2026}, pages = {24206-24216} }"
Wu_LEADER_Learning_Reliable_Local-to-Global_Correspondences_for_LiDAR_Relocalization_CVPR_2026_paper,2026,1,Autonomous_Driving,Autonomous_Driving|LowLevel_Flow_Depth_Matching,15.0,0.4,LEADER: Learning Reliable Local-to-Global Correspondences for LiDAR Relocalization,Jianshi Wu; Minghang Zhu; Dunqiang Liu; Wen Li; Sheng Ao; Siqi Shen; Chenglu Wen; Cheng Wang,8,9932-9942,True,https://openaccess.thecvf.com/content/CVPR2026/papers/Wu_LEADER_Learning_Reliable_Local-to-Global_Correspondences_for_LiDAR_Relocalization_CVPR_2026_paper.pdf,https://openaccess.thecvf.com/content/CVPR2026/supplemental/Wu_LEADER_Learning_Reliable_CVPR_2026_supplemental.pdf,https://openaccess.thecvf.com/content/CVPR2026/html/Wu_LEADER_Learning_Reliable_Local-to-Global_Correspondences_for_LiDAR_Relocalization_CVPR_2026_paper.html,"LiDAR relocalization has attracted increasing attention as it can deliver accurate 6-DoF pose estimation in complex 3D environments. Recent learning-based regression methods offer efficient solutions by directly predicting global poses without the need for explicit map storage. However, these methods often struggle in challenging scenes due to their equal treatment of all predicted points, which is vulnerable to noise and outliers. In this paper, we propose LEADER, a robust LiDAR-based relocalization framework enhanced by a simple, yet effective geometric encoder. Specifically, a Robust Projection-based Geometric Encoder architecture which captures multi-scale geometric features is first presented to enhance descriptiveness in geometric representation. A Truncated Relative Reliability loss is then formulated to model point-wise ambiguity and mitigate the influence of unreliable predictions. Extensive experiments on the Oxford RobotCar and NCLT datasets demonstrate that LEADER outperforms state-of-the-art methods, achieving 24.1% and 73.9% relative reductions in position error over existing techniques, respectively. The source code is released on https://github.com/JiansW/LEADER.","@InProceedings{Wu_2026_CVPR, author = {Wu, Jianshi and Zhu, Minghang and Liu, Dunqiang and Li, Wen and Ao, Sheng and Shen, Siqi and Wen, Chenglu and Wang, Cheng}, title = {LEADER: Learning Reliable Local-to-Global Correspondences for LiDAR Relocalization}, booktitle = {Proceedings of the IEEE/CVF Conference on Computer Vision and Pattern Recognition (CVPR)}, month = {June}, year = {2026}, pages = {9932-9942} }"
Ben_Gallant_Voxel_Grid-based_Humanoid_Locomotion_and_Local-navigation_across_3-D_Constrained_CVPR_2026_paper,2026,0,Embodied_AI_Robotics,Embodied_AI_Robotics|Autonomous_Driving,11.0,0.182,Gallant: Voxel Grid-based Humanoid Locomotion and Local-navigation across 3-D Constrained Terrains,Qingwei Ben; Botian Xu; Kailin Li; Feiyu Jia; Wentao Zhang; Jingping Wang; Jingbo Wang; Dahua Lin; Jiangmiao Pang,9,28086-28095,True,https://openaccess.thecvf.com/content/CVPR2026/papers/Ben_Gallant_Voxel_Grid-based_Humanoid_Locomotion_and_Local-navigation_across_3-D_Constrained_CVPR_2026_paper.pdf,https://openaccess.thecvf.com/content/CVPR2026/supplemental/Ben_Gallant_Voxel_Grid-based_CVPR_2026_supplemental.zip,https://openaccess.thecvf.com/content/CVPR2026/html/Ben_Gallant_Voxel_Grid-based_Humanoid_Locomotion_and_Local-navigation_across_3-D_Constrained_CVPR_2026_paper.html,"Robust humanoid locomotion requires accurate and globally consistent perception of the surrounding 3D environment. However, existing perception modules, mainly based on depth images or elevation maps, offer only partial and locally flattened views of the environment, failing to capture the full 3D structure. This paper presents Gallant, a voxel-grid-based framework for humanoid locomotion and local navigation in 3D constrained terrains. It leverages voxelized LiDAR data as a lightweight and structured perceptual representation, and employs a z-grouped 2D CNN to map this representation to the control policy, enabling fully end-to-end optimization. A high-fidelity LiDAR simulation that dynamically generates realistic observations is developed to support scalable, LiDAR-based training and ensure sim-to-real consistency. Experimental results show that Gallant's broader perceptual coverage facilitates the use of a single policy that goes beyond the limitations of previous methods confined to ground-level obstacles, extending to lateral clutter, overhead constraints, multi-level structures, and narrow passages. Gallant also firstly achieves over-90% success rates in challenging scenarios such as stair climbing and stepping onto elevated platforms through improved end-to-end optimization. Website: https://gallantloco.github.io/.","@InProceedings{Ben_2026_CVPR, author = {Ben, Qingwei and Xu, Botian and Li, Kailin and Jia, Feiyu and Zhang, Wentao and Wang, Jingping and Wang, Jingbo and Lin, Dahua and Pang, Jiangmiao}, title = {Gallant: Voxel Grid-based Humanoid Locomotion and Local-navigation across 3-D Constrained Terrains}, booktitle = {Proceedings of the IEEE/CVF Conference on Computer Vision and Pattern Recognition (CVPR)}, month = {June}, year = {2026}, pages = {28086-28095} }"
Ghilotti_TruckDrive_Long-Range_Autonomous_Highway_Driving_Dataset_CVPR_2026_paper,2026,1,Autonomous_Driving,Autonomous_Driving,6.0,0.5,TruckDrive: Long-Range Autonomous Highway Driving Dataset,Filippo Ghilotti; Edoardo Palladin; Samuel Brucker; Adam Sigal; Mario Bijelic; Felix Heide,6,10587-10598,True,https://openaccess.thecvf.com/content/CVPR2026/papers/Ghilotti_TruckDrive_Long-Range_Autonomous_Highway_Driving_Dataset_CVPR_2026_paper.pdf,https://openaccess.thecvf.com/content/CVPR2026/supplemental/Ghilotti_TruckDrive_Long-Range_Autonomous_CVPR_2026_supplemental.pdf,https://openaccess.thecvf.com/content/CVPR2026/html/Ghilotti_TruckDrive_Long-Range_Autonomous_Highway_Driving_Dataset_CVPR_2026_paper.html,"Safe highway autonomy for heavy trucks remains an open and unsolved challenge: due to long braking distances, scene understanding of hundreds of meters is required for anticipatory planning and to allow safe braking margins. However, existing driving datasets primarily cover urban scenes, with perception effectively limited to short ranges of only up to 100 meters. To address this gap, we introduce TruckDrive, a highway-scale multimodal driving dataset, captured with a sensor suite purpose-built for long range sensing: seven long-range FMCW LiDARs measuring range and radial velocity, three high-resolution short-range LiDARs, eleven 8MP surround cameras with varying focal lengths and ten 4D FMCW radars. The dataset offers 475 thousands samples with 165 thousands densely annotated frames for driving perception benchmarking up to 1,000 meters for 2D detection and 400 meters for 3D detection, depth estimation, tracking, planning and end to end driving over 20 seconds sequences at highway speeds. We find that state-of-the-art autonomous driving models do not generalize to ranges beyond 150 meters, with drops between 31% and 99% in 3D perception tasks, exposing a systematic long-range gap that current architectures and training signals cannot close.","@InProceedings{Ghilotti_2026_CVPR, author = {Ghilotti, Filippo and Palladin, Edoardo and Brucker, Samuel and Sigal, Adam and Bijelic, Mario and Heide, Felix}, title = {TruckDrive: Long-Range Autonomous Highway Driving Dataset}, booktitle = {Proceedings of the IEEE/CVF Conference on Computer Vision and Pattern Recognition (CVPR)}, month = {June}, year = {2026}, pages = {10587-10598} }"
Zhang_Spe-BEVHead_Rethinking_the_Detection_Head_Design_for_Birds-Eye-View_Object_Detection_CVPR_2026_paper,2026,0,Object_Detection,Object_Detection|Autonomous_Driving,28.0,0.25,Spe-BEVHead: Rethinking the Detection Head Design for Bird's-Eye-View Object Detection,Junshu Zhang; Sicheng Zhao; Xin Zhao; Fan Yang; Ruike Chen; Jungong Han; Guiguang Ding,7,25799-25809,True,https://openaccess.thecvf.com/content/CVPR2026/papers/Zhang_Spe-BEVHead_Rethinking_the_Detection_Head_Design_for_Birds-Eye-View_Object_Detection_CVPR_2026_paper.pdf,,https://openaccess.thecvf.com/content/CVPR2026/html/Zhang_Spe-BEVHead_Rethinking_the_Detection_Head_Design_for_Birds-Eye-View_Object_Detection_CVPR_2026_paper.html,"Bird's-Eye-View (BEV) detection has become a dominant paradigm for 3D object detection in autonomous driving, due to its strong perception capability. However, most existing methods mainly focus on constructing high-quality BEV feature representations, while neglecting the design of task-specific detection heads. In practice, they directly adopt the center-based head originally developed for 2D detection, without any specific optimization. This leads to three inherent limitations: (i) a geometric mismatch between the Gaussian kernel used for classification and the real BEV object, (ii) degraded end-to-end performance without Non-Maximum Suppression (NMS), and (iii) sparse supervisory signals. To address these issues, we propose Spe-BEVHead, a detection head specifically tailored for BEV 3D object detection. Spe-BEVHead introduces three BEV-specific adaptations: (1) a Rotated Box Kernel that generates geometry-aligned classification weights, (2) a Local Response Refinement Module (LRRM) that suppresses non-peak responses and improves end-to-end performance, and (3) a dual-branch architecture that provides richer supervisory signals to promote more robust learning while inherently preserving the performance for end-to-end inference. Extensive experiments show that Spe-BEVHead can be seamlessly integrated into existing BEV backbones, delivering direct performance gains while retaining competitive performance under the challenging end-to-end setting.","@InProceedings{Zhang_2026_CVPR, author = {Zhang, Junshu and Zhao, Sicheng and Zhao, Xin and Yang, Fan and Chen, Ruike and Han, Jungong and Ding, Guiguang}, title = {Spe-BEVHead: Rethinking the Detection Head Design for Bird's-Eye-View Object Detection}, booktitle = {Proceedings of the IEEE/CVF Conference on Computer Vision and Pattern Recognition (CVPR)}, month = {June}, year = {2026}, pages = {25799-25809} }"
Luo_Unleashing_VLA_Potentials_in_Autonomous_Driving_via_Explicit_Learning_from_CVPR_2026_paper,2026,0,Embodied_AI_Robotics,Embodied_AI_Robotics|Autonomous_Driving,20.0,0.4,Unleashing VLA Potentials in Autonomous Driving via Explicit Learning from Failures,Yuechen Luo; Fang Li; Qimao Chen; Shaoqing Xu; Jiaxin Liu; Ziying Song; Zhi-xin Yang; Fuxi Wen,8,24833-24842,True,https://openaccess.thecvf.com/content/CVPR2026/papers/Luo_Unleashing_VLA_Potentials_in_Autonomous_Driving_via_Explicit_Learning_from_CVPR_2026_paper.pdf,https://openaccess.thecvf.com/content/CVPR2026/supplemental/Luo_Unleashing_VLA_Potentials_CVPR_2026_supplemental.pdf,https://openaccess.thecvf.com/content/CVPR2026/html/Luo_Unleashing_VLA_Potentials_in_Autonomous_Driving_via_Explicit_Learning_from_CVPR_2026_paper.html,"Vision-Language-Action (VLA) models for autonomous driving often hit a performance plateau during Reinforcement Learning (RL) optimization. This stagnation arises from exploration capabilities constrained by previous Supervised Fine-Tuning (SFT), leading to ""persistent failures"" in long-tail scenarios. In these critical situations, all explored actions yield a zero-value driving score. This information-sparse reward signals a failure, yet fails to identify its root cause--whether it is due to incorrect planning, flawed reasoning, or poor trajectory execution. To address this limitation, we propose **VLA** with **E**xplicit **L**earning from **F**ailures (**ELF-VLA**), a framework that augments RL with structured diagnostic feedback. Instead of relying on a vague scalar reward, our method produces detailed, interpretable reports that identify the specific failure mode. The VLA policy then leverages this explicit feedback to generate a **Feedback-Guided Refinement**. By injecting these corrected, high-reward samples back into the RL training batch, our approach provides a targeted gradient, which enables the policy to solve critical scenarios that unguided exploration cannot. Extensive experiments demonstrate that our method unlocks the latent capabilities of VLA models, achieving state-of-the-art (SOTA) performance on the public Navsim benchmark for overall PDMS, EPDMS score and high-level planning accuracy.","@InProceedings{Luo_2026_CVPR, author = {Luo, Yuechen and Li, Fang and Chen, Qimao and Xu, Shaoqing and Liu, Jiaxin and Song, Ziying and Yang, Zhi-xin and Wen, Fuxi}, title = {Unleashing VLA Potentials in Autonomous Driving via Explicit Learning from Failures}, booktitle = {Proceedings of the IEEE/CVF Conference on Computer Vision and Pattern Recognition (CVPR)}, month = {June}, year = {2026}, pages = {24833-24842} }"
Liu_ClimaOoD_Improving_Anomaly_Segmentation_via_Physically_Realistic_Synthetic_Data_CVPR_2026_paper,2026,0,Segmentation,Segmentation|Autonomous_Driving|Diffusion_Generative|Transfer_FewShot_DomainAdaptation,10.0,0.1,ClimaOoD: Improving Anomaly Segmentation via Physically Realistic Synthetic Data,Yuxing Liu; Zheng Li; Huanhuan Liang; Ji Zhang; Zeyu Sun; Yong Liu,6,17853-17862,True,https://openaccess.thecvf.com/content/CVPR2026/papers/Liu_ClimaOoD_Improving_Anomaly_Segmentation_via_Physically_Realistic_Synthetic_Data_CVPR_2026_paper.pdf,,https://openaccess.thecvf.com/content/CVPR2026/html/Liu_ClimaOoD_Improving_Anomaly_Segmentation_via_Physically_Realistic_Synthetic_Data_CVPR_2026_paper.html,"Anomaly segmentation seeks to detect and localize unknown or out-of-distribution (OoD) objects that fall outside predefined semantic classes--a capability essential for safe autonomous driving. However, the scarcity and limited diversity of anomaly data severely constrain model generalization in open-world environments. Existing approaches mitigate this issue through synthetic data generation, either by copy-pasting external objects into driving scenes or by leveraging text-to-image diffusion models to inpaint anomalous regions. While these methods improve anomaly diversity, they often lack contextual coherence and physical realism, resulting in domain gaps between synthetic and real data. In this paper, we present ClimaDrive, a semantics-guided image-to-image framework for synthesizing semantically coherent, weather-diverse, and physically plausible OoD driving data. ClimaDrive unifies structure-guided multi-weather generation with prompt-driven anomaly inpainting, enabling the creation of visually realistic training data. Based on this framework, we construct ClimaOoD, a large-scale benchmark spanning six representative driving scenarios under both clear and adverse weather conditions.Extensive experiments on four state-of-the-art methods show that training with ClimaOoD leads to robust improvements in anomaly segmentation. Across all methods, AUROC, AP, and FPR95 show notable gains, with FPR95 dropping from 3.97 to 3.52 for RbA on Fishyscapes LAF. These results demonstrate that ClimaOoD enhances model robustness, offering valuable training data for better generalization in open-world anomaly detection.","@InProceedings{Liu_2026_CVPR, author = {Liu, Yuxing and Li, Zheng and Liang, Huanhuan and Zhang, Ji and Sun, Zeyu and Liu, Yong}, title = {ClimaOoD: Improving Anomaly Segmentation via Physically Realistic Synthetic Data}, booktitle = {Proceedings of the IEEE/CVF Conference on Computer Vision and Pattern Recognition (CVPR)}, month = {June}, year = {2026}, pages = {17853-17862} }"
Hu_Perceiving_the_Near_Reasoning_the_Distant_Coherent_Long-Horizon_Trajectory_Prediction_CVPR_2026_paper,2026,1,Autonomous_Driving,Autonomous_Driving,21.0,0.857,"Perceiving the Near, Reasoning the Distant: Coherent Long-Horizon Trajectory Prediction for Autonomous Driving",Hua Hu; Zikang Zhou; Qian Zhou; Zihao Wen; Junjie Hu; Xinhong Chen; Zhengmin Jiang; Yung-Hui Li; Jianping Wang,9,24875-24884,True,https://openaccess.thecvf.com/content/CVPR2026/papers/Hu_Perceiving_the_Near_Reasoning_the_Distant_Coherent_Long-Horizon_Trajectory_Prediction_CVPR_2026_paper.pdf,,https://openaccess.thecvf.com/content/CVPR2026/html/Hu_Perceiving_the_Near_Reasoning_the_Distant_Coherent_Long-Horizon_Trajectory_Prediction_CVPR_2026_paper.html,"Reliable long-horizon trajectory prediction requires both high positional accuracy and physically plausible temporal motion consistency. However, existing methods suffer from two fundamental limitations. First, they overlook the inherent difference in prediction logic: near-future trajectories are primarily governed by historical dynamics, whereas distant-future behaviors are driven by high-level semantic context. Yet, most methods employ a unified decoding pathway that blurs the temporal distinction.Second, although the near future is relatively easier to predict, existing methods lack mechanisms for coherent trajectory propagation across time horizons, often resulting in kinematically implausible predictions with inconsistent heading evolution and degraded long-horizon performance. To address these challenges, we propose NDPNet, a dual-stage architecture that decouples near- and distant-horizon modeling into specialized pathways, with a dedicated transition module ensuring smooth temporal bridging. Furthermore, we introduce a novel motion-aware coherence loss that explicitly embeds kinematic priors to enforce trajectory consistency. Extensive experiments show that NDPNet achieves SOTA performance on Argoverse 2 and WOMD. Notably, on WOMD, it ranks 1^ \text st in both minFDE _6 and minADE _6 across all standard horizons (3s, 5s, 8s) without ensemble learning or NMS post-processing, and is the first to achieve sub-1.75 minFDE _6 for 8s prediction, surpassing prior methods by a large margin. The code will be released subsequently.","@InProceedings{Hu_2026_CVPR, author = {Hu, Hua and Zhou, Zikang and Zhou, Qian and Wen, Zihao and Hu, Junjie and Chen, Xinhong and Jiang, Zhengmin and Li, Yung-Hui and Wang, Jianping}, title = {Perceiving the Near, Reasoning the Distant: Coherent Long-Horizon Trajectory Prediction for Autonomous Driving}, booktitle = {Proceedings of the IEEE/CVF Conference on Computer Vision and Pattern Recognition (CVPR)}, month = {June}, year = {2026}, pages = {24875-24884} }"
de_Moreau_LiDAS_Lighting-driven_Dynamic_Active_Sensing_for_Nighttime_Perception_CVPR_2026_paper,2026,1,Autonomous_Driving,Autonomous_Driving,3.0,0.333,LiDAS: Lighting-driven Dynamic Active Sensing for Nighttime Perception,Simon de Moreau; Andrei Bursuc; Hafid El Idrissi; Fabien Moutarde,4,14188-14197,True,https://openaccess.thecvf.com/content/CVPR2026/papers/de_Moreau_LiDAS_Lighting-driven_Dynamic_Active_Sensing_for_Nighttime_Perception_CVPR_2026_paper.pdf,https://openaccess.thecvf.com/content/CVPR2026/supplemental/de_Moreau_LiDAS_Lighting-driven_Dynamic_CVPR_2026_supplemental.zip,https://openaccess.thecvf.com/content/CVPR2026/html/de_Moreau_LiDAS_Lighting-driven_Dynamic_Active_Sensing_for_Nighttime_Perception_CVPR_2026_paper.html,"Nighttime environments pose significant challenges for camera-based perception, as existing methods passively rely on the scene lighting. We introduce Lighting-driven Dynamic Active Sensing (LiDAS), a closed-loop active illumination system that combines off-the-shelf visual perception models with high-definition headlights. Rather than uniformly brightening the scene, LiDAS dynamically predicts an optimal illumination field that maximizes downstream perception performance, i.e., decreasing light on empty areas to reallocate it on object regions. LiDAS enables zero-shot nighttime generalization of daytime-trained models through adaptive illumination control. Trained on synthetic data and deployed zero-shot in real-world closed-loop driving scenarios, LiDAS enables +18.7% mAP50 and +5.0% mIoU over standard low-beam at equal power. It maintains performances while reducing energy use by 40%. LiDAS complements domain-generalization methods, further strengthening robustness without retraining. By turning readily available headlights into active vision actuators, LiDAS offers a cost-effective solution to robust nighttime perception. Project page: https://simondemoreau.github.io/LiDAS/","@InProceedings{de_Moreau_2026_CVPR, author = {de Moreau, Simon and Bursuc, Andrei and El Idrissi, Hafid and Moutarde, Fabien}, title = {LiDAS: Lighting-driven Dynamic Active Sensing for Nighttime Perception}, booktitle = {Proceedings of the IEEE/CVF Conference on Computer Vision and Pattern Recognition (CVPR)}, month = {June}, year = {2026}, pages = {14188-14197} }"
Liu_URScenes_A_Multi-scenario_Dataset_for_Unstructured_Road_Environments_CVPR_2026_paper,2026,1,Autonomous_Driving,Autonomous_Driving|Object_Detection,6.0,0.0,URScenes: A Multi-scenario Dataset for Unstructured Road Environments,Runsen Liu; Aizemaitijiang Baoerhan; Zhangyu Wang; Jie Wang; Jinghao Cui; Guizhen Yu; Songyue Yang; WanCheng Sun; Mingjun Tang; Zhanbo Hua; Wenwen Luo,11,17874-17883,True,https://openaccess.thecvf.com/content/CVPR2026/papers/Liu_URScenes_A_Multi-scenario_Dataset_for_Unstructured_Road_Environments_CVPR_2026_paper.pdf,https://openaccess.thecvf.com/content/CVPR2026/supplemental/Liu_URScenes_A_Multi-scenario_CVPR_2026_supplemental.zip,https://openaccess.thecvf.com/content/CVPR2026/html/Liu_URScenes_A_Multi-scenario_Dataset_for_Unstructured_Road_Environments_CVPR_2026_paper.html,"As autonomous driving technology transitions from small-scale validation to large-scale deployment, its development in unstructured road environments has become a critical and inevitable trend. Autonomous vehicles increasingly rely on high-quality and diverse datasets for perception systems. However, existing public datasets predominantly focus on clear-weather and urban-road scenarios, leaving a significant gap in the coverage of unstructured road environments. To bridge this gap, we construct URScenes, the first multi-scenario, open-source perception dataset for unstructured road environments. The dataset consists of 472 scenes, each lasting 30 seconds, and provides over 28K annotated samples and 119K sweeps. URScenes, for the first time, covers eight typical scenarios, including rainy, snowy, foggy, dusty, high-glare, night, cloudy, and sunny conditions. Additionally, URScenes supports multi-task perception for 3D object detection, multi-object tracking, and 3D occupancy in unstructured road environments. URScenes also provides a unified annotation system and format conversion tools, enabling easy conversion to popular formats such as nuScenes, KITTI, and Waymo datasets. Finally, this study presents comparative experimental results to assess the performance of state-of-the-art algorithms on the URScenes dataset. The data and development toolkit are available at http://www.sav-lab.com.","@InProceedings{Liu_2026_CVPR, author = {Liu, Runsen and Baoerhan, Aizemaitijiang and Wang, Zhangyu and Wang, Jie and Cui, Jinghao and Yu, Guizhen and Yang, Songyue and Sun, WanCheng and Tang, Mingjun and Hua, Zhanbo and Luo, Wenwen}, title = {URScenes: A Multi-scenario Dataset for Unstructured Road Environments}, booktitle = {Proceedings of the IEEE/CVF Conference on Computer Vision and Pattern Recognition (CVPR)}, month = {June}, year = {2026}, pages = {17874-17883} }"
Xu_WAM-Flow_Parallel_Coarse-to-Fine_Motion_Planning_via_Discrete_Flow_Matching_for_CVPR_2026_paper,2026,1,Autonomous_Driving,Autonomous_Driving|Diffusion_Generative|Embodied_AI_Robotics,15.0,0.133,WAM-Flow: Parallel Coarse-to-Fine Motion Planning via Discrete Flow Matching for Autonomous Driving,Yifang Xu; Jiahao Cui; Zhihao Zhu; Hanlin Shang; Shan Luan; Mingwang Xu; Feipeng Cai; Neng Zhang; Yaoyi Li; Jia Cai; Siyu Zhu,11,24918-24928,True,https://openaccess.thecvf.com/content/CVPR2026/papers/Xu_WAM-Flow_Parallel_Coarse-to-Fine_Motion_Planning_via_Discrete_Flow_Matching_for_CVPR_2026_paper.pdf,https://openaccess.thecvf.com/content/CVPR2026/supplemental/Xu_WAM-Flow_Parallel_Coarse-to-Fine_CVPR_2026_supplemental.pdf,https://openaccess.thecvf.com/content/CVPR2026/html/Xu_WAM-Flow_Parallel_Coarse-to-Fine_Motion_Planning_via_Discrete_Flow_Matching_for_CVPR_2026_paper.html,"We introduce WAM-Flow, a vision-language-action (VLA) model that casts ego-trajectory planning as discrete flow matching over a structured token space. In contrast to autoregressive decoders, WAM-Flow performs fully parallel, bidirectional denoising, enabling coarse-to-fine refinement with a tunable compute-accuracy trade-off. Specifically, the approach combines a metric-aligned numerical tokenizer that preserves scalar geometry via triplet-margin learning, a geometry-aware flow objective and a simulator-guided GRPO alignment that integrates safety, ego progress, and comfort rewards while retaining parallel generation. A multi-stage adaptation converts a pre-trained auto-regressive backbone (Janus-1.5B) from causal decoding to non-causal flow model and strengthens road-scene competence through continued multimodal pretraining. Thanks to the inherent nature of consistency model training and parallel decoding inference, WAM-Flow achieves superior closed-loop performance against autoregressive and diffusion-based VLA baselines, with 1-step inference attaining 88.7 PDMS and 5-step inference reaching 90.3 PDMS on NAVSIM v1 benchmark. These results establish discrete flow matching as a new promising paradigm for end-to-end autonomous driving.","@InProceedings{Xu_2026_CVPR, author = {Xu, Yifang and Cui, Jiahao and Zhu, Zhihao and Shang, Hanlin and Luan, Shan and Xu, Mingwang and Cai, Feipeng and Zhang, Neng and Li, Yaoyi and Cai, Jia and Zhu, Siyu}, title = {WAM-Flow: Parallel Coarse-to-Fine Motion Planning via Discrete Flow Matching for Autonomous Driving}, booktitle = {Proceedings of the IEEE/CVF Conference on Computer Vision and Pattern Recognition (CVPR)}, month = {June}, year = {2026}, pages = {24918-24928} }"
Zhang_ProOOD_Prototype-Guided_Out-of-Distribution_3D_Occupancy_Prediction_CVPR_2026_paper,2026,0,Transfer_FewShot_DomainAdaptation,Transfer_FewShot_DomainAdaptation|Autonomous_Driving,14.0,0.071,ProOOD: Prototype-Guided Out-of-Distribution 3D Occupancy Prediction,Yuheng Zhang; Mengfei Duan; Kunyu Peng; Yuhang Wang; Di Wen; Danda Pani Paudel; Luc Van Gool; Kailun Yang,8,14241-14252,True,https://openaccess.thecvf.com/content/CVPR2026/papers/Zhang_ProOOD_Prototype-Guided_Out-of-Distribution_3D_Occupancy_Prediction_CVPR_2026_paper.pdf,https://openaccess.thecvf.com/content/CVPR2026/supplemental/Zhang_ProOOD_Prototype-Guided_Out-of-Distribution_CVPR_2026_supplemental.pdf,https://openaccess.thecvf.com/content/CVPR2026/html/Zhang_ProOOD_Prototype-Guided_Out-of-Distribution_3D_Occupancy_Prediction_CVPR_2026_paper.html,"3D semantic occupancy prediction is central to autonomous driving, yet current methods are vulnerable to long-tailed class bias and out-of-distribution (OOD) inputs, often overconfidently assigning anomalies to rare classes. We present ProOOD, a lightweight, plug-and-play method that couples prototype-guided refinement with training-free OOD scoring. ProOOD comprises (i) prototype-guided semantic imputation that fills occluded regions with class-consistent features, (ii) prototype-guided tail mining that strengthens rare-class representations to curb OOD absorption, and (iii) EchoOOD, which fuses local logit coherence with local and global prototype matching to produce reliable voxel-level OOD scores. Extensive experiments on five datasets demonstrate that ProOOD achieves state-of-the-art performance on both in-distribution 3D occupancy prediction and OOD detection. On SemanticKITTI, it surpasses baselines by +3.57% mIoU overall and +24.80% tail-class mIoU; on VAA-KITTI, it improves AuPRC_r by +19.34 points, with consistent gains across benchmarks. These improvements yield more calibrated occupancy estimates and more reliable OOD detection in safety-critical urban driving. The source code will be made publicly available.","@InProceedings{Zhang_2026_CVPR, author = {Zhang, Yuheng and Duan, Mengfei and Peng, Kunyu and Wang, Yuhang and Wen, Di and Paudel, Danda Pani and Van Gool, Luc and Yang, Kailun}, title = {ProOOD: Prototype-Guided Out-of-Distribution 3D Occupancy Prediction}, booktitle = {Proceedings of the IEEE/CVF Conference on Computer Vision and Pattern Recognition (CVPR)}, month = {June}, year = {2026}, pages = {14241-14252} }"
Ma_Gaussian-Mixture_Latent_Flow_for_Stochastic_3D_Human_Motion_Prediction_CVPR_2026_paper,2026,0,Human_Pose_Body,Human_Pose_Body|Autonomous_Driving,17.0,0.294,Gaussian-Mixture Latent Flow for Stochastic 3D Human Motion Prediction,Yue Ma; Frederick W. B. Li; Xiaohui Liang,3,7131-7141,True,https://openaccess.thecvf.com/content/CVPR2026/papers/Ma_Gaussian-Mixture_Latent_Flow_for_Stochastic_3D_Human_Motion_Prediction_CVPR_2026_paper.pdf,https://openaccess.thecvf.com/content/CVPR2026/supplemental/Ma_Gaussian-Mixture_Latent_Flow_CVPR_2026_supplemental.zip,https://openaccess.thecvf.com/content/CVPR2026/html/Ma_Gaussian-Mixture_Latent_Flow_for_Stochastic_3D_Human_Motion_Prediction_CVPR_2026_paper.html,"Stochastic human motion prediction aims to forecast future motion distributions. Although recent studies have achieved strong performance in terms of accuracy and diversity, they often overlook plausibility (e.g., resulting in physically unrealistic predictions) and uncertainty quantification, which is essential for real-world applications and downstream tasks. To address these issues, we propose a latent flow-based model equipped with a data-driven Gaussian mixture prior that more effectively disentangles diverse human behaviors than conventional single-modal priors. This prior is derived from patterns in the training data without requiring additional annotations. Furthermore, the fully invertible nature of our model enables natural uncertainty quantification through tractable likelihood computation. Experiments on the Human3.6M and AMASS datasets demonstrate that our approach achieves state-of-the-art performance in both accuracy and plausibility, while also providing reliable uncertainty estimates.","@InProceedings{Ma_2026_CVPR, author = {Ma, Yue and Li, Frederick W. B. and Liang, Xiaohui}, title = {Gaussian-Mixture Latent Flow for Stochastic 3D Human Motion Prediction}, booktitle = {Proceedings of the IEEE/CVF Conference on Computer Vision and Pattern Recognition (CVPR)}, month = {June}, year = {2026}, pages = {7131-7141} }"
Xu_W2W_Language-Model-Based_Trajectory_Prediction_with_Reinforcement_Learning_CVPR_2026_paper,2026,1,Autonomous_Driving,Autonomous_Driving|Embodied_AI_Robotics,24.0,0.542,W2W: Language-Model-Based Trajectory Prediction with Reinforcement Learning,Zirui Xu; Biao Yang; Rongrong Ni; Zhongkai Zhou; Shaobo Shen,5,23538-23548,True,https://openaccess.thecvf.com/content/CVPR2026/papers/Xu_W2W_Language-Model-Based_Trajectory_Prediction_with_Reinforcement_Learning_CVPR_2026_paper.pdf,https://openaccess.thecvf.com/content/CVPR2026/supplemental/Xu_W2W_Language-Model-Based_Trajectory_CVPR_2026_supplemental.pdf,https://openaccess.thecvf.com/content/CVPR2026/html/Xu_W2W_Language-Model-Based_Trajectory_Prediction_with_Reinforcement_Learning_CVPR_2026_paper.html,"Pedestrian trajectory prediction is crucial for applications such as autonomous driving and social robots. Recently, language model (LM)-based trajectory prediction has offered both prediction accuracy and interpretability. However, the L2 loss commonly used in trajectory prediction cannot be directly applied to LM optimization, resulting in degraded prediction performance. Moreover, current LM-based trajectory prediction methods lack explicit expressions of social interactions, and their scene descriptions are overly simplistic, making it challenging to impose practical scene constraints. To address these issues, we propose Write-to-Walk (W2W). First, we convert observed trajectories and interaction cues (companion/following/obstacle) into parsable textual prompts, so that interaction semantics are expressed more explicitly in the model input. Afterward, a T5-Small backbone is trained in a two-stage manner: (1) Full-parameter supervised fine-tuning with cross-entropy loss for language learning, enabling formatted question answering; (2) Reinforcement Learning (RL) to optimize W2W, where a reward function combining ADE error and off-road penalties strengthens scene constraints, producing future trajectories consistent with the scene context and further improving prediction accuracy. Experiments on benchmark datasets (ETH/UCY and SDD) demonstrate that W2W remains competitive with recent LM-based prediction methods and strong trajectory prediction baselines on ADE/FDE. The interpretability of LMs further supports W2W's deployment in safety-critical domains such as autonomous driving.","@InProceedings{Xu_2026_CVPR, author = {Xu, Zirui and Yang, Biao and Ni, Rongrong and Zhou, Zhongkai and Shen, Shaobo}, title = {W2W: Language-Model-Based Trajectory Prediction with Reinforcement Learning}, booktitle = {Proceedings of the IEEE/CVF Conference on Computer Vision and Pattern Recognition (CVPR)}, month = {June}, year = {2026}, pages = {23538-23548} }"
Zhao_HG-Lane_High-Fidelity_Generation_of_Lane_Scenes_under_Adverse_Weather_and_CVPR_2026_paper,2026,1,Autonomous_Driving,Autonomous_Driving,9.0,0.667,HG-Lane: High-Fidelity Generation of Lane Scenes under Adverse Weather and Lighting Conditions without Re-annotation,Daichao Zhao; Qiupu Chen; Feng He; Xin Ning; Qiankun Li,5,8439-8448,True,https://openaccess.thecvf.com/content/CVPR2026/papers/Zhao_HG-Lane_High-Fidelity_Generation_of_Lane_Scenes_under_Adverse_Weather_and_CVPR_2026_paper.pdf,https://openaccess.thecvf.com/content/CVPR2026/supplemental/Zhao_HG-Lane_High-Fidelity_Generation_CVPR_2026_supplemental.pdf,https://openaccess.thecvf.com/content/CVPR2026/html/Zhao_HG-Lane_High-Fidelity_Generation_of_Lane_Scenes_under_Adverse_Weather_and_CVPR_2026_paper.html,"Lane detection is a crucial task in autonomous driving, which is conducive to ensuring the safe operation of vehicles. However, current datasets like CULane and TuSimple have relatively limited data under extreme weather conditions, such as rain, snow and fog, which makes detection models unreliable in extreme conditions, potentially leading to serious safety-critical failures on the road. In this direction, we propose HG-Lane, a High-fidelity Generation framework for Lane Scenes under adverse weather and lighting conditions, without the need for re-annotation. Based on our framework, we further propose a benchmark that includes adverse weather and lighting conditions, with 30,000 images. Experiment results demonstrate that our method constantly and significantly improves the performance of all the related lane detection networks. Taking the state-of-the-art CLRNet as an example, the overall mF1 on our benchmark increases by 20.87%. The F1@50 for the overall, normal, snow, rain, fog, night, and dusk categories increases by 19.75%, 8.63%, 38.8%, 14.96%, 26.84%, 21.5%, and 12.04%, respectively. The Code and dataset are available at https://github.com/zdc233/HG-Lane.","@InProceedings{Zhao_2026_CVPR, author = {Zhao, Daichao and Chen, Qiupu and He, Feng and Ning, Xin and Li, Qiankun}, title = {HG-Lane: High-Fidelity Generation of Lane Scenes under Adverse Weather and Lighting Conditions without Re-annotation}, booktitle = {Proceedings of the IEEE/CVF Conference on Computer Vision and Pattern Recognition (CVPR)}, month = {June}, year = {2026}, pages = {8439-8448} }"
Wang_Drive_My_Way_Preference_Alignment_of_Vision-Language-Action_Model_for_Personalized_CVPR_2026_paper,2026,0,Embodied_AI_Robotics,Embodied_AI_Robotics|Diffusion_Generative|Vision_Language_Multimodal|Autonomous_Driving,15.0,0.2,Drive My Way: Preference Alignment of Vision-Language-Action Model for Personalized Driving,Zehao Wang; Huaide Jiang; Shuaiwu Dong; Yuping Wang; Hang Qiu; Jiachen Li,6,25204-25214,True,https://openaccess.thecvf.com/content/CVPR2026/papers/Wang_Drive_My_Way_Preference_Alignment_of_Vision-Language-Action_Model_for_Personalized_CVPR_2026_paper.pdf,https://openaccess.thecvf.com/content/CVPR2026/supplemental/Wang_Drive_My_Way_CVPR_2026_supplemental.zip,https://openaccess.thecvf.com/content/CVPR2026/html/Wang_Drive_My_Way_Preference_Alignment_of_Vision-Language-Action_Model_for_Personalized_CVPR_2026_paper.html,"Human driving behavior is inherently personal, which is shaped by long-term habits and influenced by short-term intentions. Individuals differ in how they accelerate, brake, merge, yield, and overtake across diverse situations. However, existing end-to-end autonomous driving systems either optimize for generic objectives or rely on fixed driving modes, lacking the ability to adapt to individual preferences or interpret natural language intent. To address this gap, we propose Drive My Way (DMW), a personalized Vision-Language-Action (VLA) driving framework that aligns with users' long-term driving habits and adapts to real-time user instructions. DMW learns a user embedding from our personalized driving dataset collected across multiple real drivers and conditions the policy on this embedding during planning, while natural language instructions provide additional short-term guidance. Closed-loop evaluation on the Bench2Drive benchmark demonstrates that DMW improves style instruction adaptation, and user studies show that its generated behaviors are recognizable as each driver's own style, highlighting personalization as a key capability for human-centered autonomous driving.","@InProceedings{Wang_2026_CVPR, author = {Wang, Zehao and Jiang, Huaide and Dong, Shuaiwu and Wang, Yuping and Qiu, Hang and Li, Jiachen}, title = {Drive My Way: Preference Alignment of Vision-Language-Action Model for Personalized Driving}, booktitle = {Proceedings of the IEEE/CVF Conference on Computer Vision and Pattern Recognition (CVPR)}, month = {June}, year = {2026}, pages = {25204-25214} }"
Li_Look_Before_You_Fuse_2D-Guided_Cross-Modal_Alignment_for_Robust_3D_CVPR_2026_paper,2026,1,Autonomous_Driving,Autonomous_Driving|Vision_Language_Multimodal,15.0,0.2,Look Before You Fuse: 2D-Guided Cross-Modal Alignment for Robust 3D Detection,Xiang Li; Zhangchi Hu; Xu Xiao; Bin Kong,4,11589-11598,True,https://openaccess.thecvf.com/content/CVPR2026/papers/Li_Look_Before_You_Fuse_2D-Guided_Cross-Modal_Alignment_for_Robust_3D_CVPR_2026_paper.pdf,https://openaccess.thecvf.com/content/CVPR2026/supplemental/Li_Look_Before_You_CVPR_2026_supplemental.zip,https://openaccess.thecvf.com/content/CVPR2026/html/Li_Look_Before_You_Fuse_2D-Guided_Cross-Modal_Alignment_for_Robust_3D_CVPR_2026_paper.html,"Integrating LiDAR and camera inputs into a unified Bird's-Eye-View (BEV) representation is crucial for enhancing 3D perception capabilities of autonomous vehicles. However, existing methods suffer from spatial misalignment between LiDAR and camera features, which causes inaccurate depth supervision in camera branch and erroneous fusion during cross-modal feature aggregation. The root cause of this misalignment lies in projection errors, stemming from calibration inaccuracies and rolling shutter effect.The key insight of this work is that locations of these projection errors are not random but highly predictable, as they are concentrated at object-background boundaries which 2D detectors can reliably identify. Based on this, our main motivation is to utilize 2D object priors to pre-align cross-modal features before fusion. To address local misalignment, we propose Prior Guided Depth Calibration (PGDC), which leverages 2D priors to alleviate misalignment and preserve correct cross-modal feature pairs. To resolve global misalignment, we introduce Discontinuity Aware Geometric Fusion (DAGF) to suppress residual noise from PGDC and explicitly enhance sharp depth transitions at object-background boundaries, yielding a structurally aware representation. To effectively utilize these aligned representations, we incorporate Structural Guidance Depth Modulator (SGDM), using a gated attention mechanism to efficiently fuse aligned depth and image features. Our method achieves SOTA performance on nuScenes validation dataset, with its mAP and NDS reaching 71.5% and 73.6% respectively. Additionally, on the Argoverse 2 validation set, we achieve a competitive mAP of 41.7%.","@InProceedings{Li_2026_CVPR, author = {Li, Xiang and Hu, Zhangchi and Xiao, Xu and Kong, Bin}, title = {Look Before You Fuse: 2D-Guided Cross-Modal Alignment for Robust 3D Detection}, booktitle = {Proceedings of the IEEE/CVF Conference on Computer Vision and Pattern Recognition (CVPR)}, month = {June}, year = {2026}, pages = {11589-11598} }"
An_Bezier_Degradation_Modeling_for_LiDAR-based_Human_Motion_Capture_CVPR_2026_paper,2026,1,Autonomous_Driving,Autonomous_Driving|Human_Pose_Body,18.0,0.389,Bezier Degradation Modeling for LiDAR-based Human Motion Capture,Xiaoqi An; Lin Zhao; Jun Li; Chen Gong; Jian Yang,5,14027-14037,True,https://openaccess.thecvf.com/content/CVPR2026/papers/An_Bezier_Degradation_Modeling_for_LiDAR-based_Human_Motion_Capture_CVPR_2026_paper.pdf,https://openaccess.thecvf.com/content/CVPR2026/supplemental/An_Bezier_Degradation_Modeling_CVPR_2026_supplemental.pdf,https://openaccess.thecvf.com/content/CVPR2026/html/An_Bezier_Degradation_Modeling_for_LiDAR-based_Human_Motion_Capture_CVPR_2026_paper.html,"LiDAR-based 3D human motion capture has broad applications in fields such as autonomous driving and robotics, where accurate motion reconstruction is crucial. However, existing methods often struggle with unstable inputs and severe occlusions, leading to jittery or even failed pose predictions. To address these challenges, we propose BMLiCap, a coarse-to-fine framework that models motion using temporally compressible Bezier curves. By reducing control points through a trajectory-preserving strategy, we obtain a coherent and learning-friendly motion representation. To reconstruct human actions from LiDAR point-cloud cues, we design a progressive motion-reconstruction module. Specifically, a Time-scale Motion Transformer (TMT) is introduced to predict motion curves at multiple temporal scales, and a Multi-level Motion Aggregator (MMA) is utilized to adaptively fuse the multi-scale curves to recover detailed, temporally coherent poses, effectively bridging observation gaps caused by occlusions and noise. Across four mainstream benchmarks LiDARHuman26M, FreeMotion, NoiseMotion, and SLOPER4D, BMLiCap achieves state-of-the-art accuracy and temporal continuity in complex scenes, demonstrating its ability to compensate for severe occlusions and reduce prediction jitter.","@InProceedings{An_2026_CVPR, author = {An, Xiaoqi and Zhao, Lin and Li, Jun and Gong, Chen and Yang, Jian}, title = {Bezier Degradation Modeling for LiDAR-based Human Motion Capture}, booktitle = {Proceedings of the IEEE/CVF Conference on Computer Vision and Pattern Recognition (CVPR)}, month = {June}, year = {2026}, pages = {14027-14037} }"
Tan_Latent_Chain-of-Thought_World_Modeling_for_End-to-End_Autonomous_Driving_CVPR_2026_paper,2026,1,Autonomous_Driving,Autonomous_Driving|LLM_Reasoning_Agent|Embodied_AI_Robotics,24.0,0.125,Latent Chain-of-Thought World Modeling for End-to-End Autonomous Driving,Shuhan Tan; Kashyap Chitta; Yuxiao Chen; Ran Tian; Yurong You; Yan Wang; Wenjie Luo; Yulong Cao; Philipp Krähenbühl; Marco Pavone; Boris Ivanovic,11,39724-39733,True,https://openaccess.thecvf.com/content/CVPR2026/papers/Tan_Latent_Chain-of-Thought_World_Modeling_for_End-to-End_Autonomous_Driving_CVPR_2026_paper.pdf,https://openaccess.thecvf.com/content/CVPR2026/supplemental/Tan_Latent_Chain-of-Thought_World_CVPR_2026_supplemental.pdf,https://openaccess.thecvf.com/content/CVPR2026/html/Tan_Latent_Chain-of-Thought_World_Modeling_for_End-to-End_Autonomous_Driving_CVPR_2026_paper.html,"Recent Vision-Language-Action (VLA) models for autonomous driving explore inference-time reasoning as a way to improve driving performance and safety in challenging scenarios. Most prior work uses natural language to express chain-of-thought (CoT) reasoning before producing driving actions. However, text may not be the most efficient representation for reasoning. In this work, we present Latent-CoT-Drive (LDrive): a model that expresses CoT in a latent language that captures possible outcomes of the driving actions being considered. Our approach unifies CoT reasoning and decision making by representing both in an action-aligned latent space. Instead of natural language, the model reasons by interleaving (1) action-proposal tokens, which use the same vocabulary as the model's output actions; and (2) world model tokens, which are grounded in a learned latent world model and express future outcomes of these actions. We cold start latent CoT by supervising the model's action proposals and world model tokens based on ground-truth future rollouts of the scene. We then post-train with closed-loop reinforcement learning to strengthen reasoning capabilities. On a large-scale end-to-end driving benchmark, LDrive achieves faster inference, better trajectory quality, and larger improvements from interactive reinforcement learning compared to both non-reasoning and text-reasoning baselines.","@InProceedings{Tan_2026_CVPR, author = {Tan, Shuhan and Chitta, Kashyap and Chen, Yuxiao and Tian, Ran and You, Yurong and Wang, Yan and Luo, Wenjie and Cao, Yulong and Kr\""ahenb\""uhl, Philipp and Pavone, Marco and Ivanovic, Boris}, title = {Latent Chain-of-Thought World Modeling for End-to-End Autonomous Driving}, booktitle = {Proceedings of the IEEE/CVF Conference on Computer Vision and Pattern Recognition (CVPR)}, month = {June}, year = {2026}, pages = {39724-39733} }"
Wu_GEM_Generating_LiDAR_World_Model_via_Deformable_Mamba_CVPR_2026_paper,2026,1,Autonomous_Driving,Autonomous_Driving,24.0,0.875,GEM: Generating LiDAR World Model via Deformable Mamba,Yang Wu; Zhaojiang Liu; Qiang Meng; Youquan Liu; Renliang Weng; Jianjun Qian; Jian Yang; Jin Xie,8,24227-24236,True,https://openaccess.thecvf.com/content/CVPR2026/papers/Wu_GEM_Generating_LiDAR_World_Model_via_Deformable_Mamba_CVPR_2026_paper.pdf,https://openaccess.thecvf.com/content/CVPR2026/supplemental/Wu_GEM_Generating_LiDAR_CVPR_2026_supplemental.pdf,https://openaccess.thecvf.com/content/CVPR2026/html/Wu_GEM_Generating_LiDAR_World_Model_via_Deformable_Mamba_CVPR_2026_paper.html,"World models, which simulate environmental dynamics and generate sensor observations, are gaining increasing attention in autonomous driving. However, progress in LiDAR-based world models has lagged behind those built on camera videos or occupancy data, primarily due to two core challenges: the inherent disorder of LiDAR point clouds and the difficulty of distinguishing dynamic objects from static structures. To address these issues, we propose GEM: a Generative LiDAR world model that leverages dEformable Mamba architecture, significantly improving fidelity and imaginative capability. Specifically, leveraging the structural similarity between sequential laser scanning and Mamba's processing mechanism, we first tokenize LiDAR sweeps into compact representations via a custom LiDAR scene tokenizer. After unsupervised disentanglement of tokenized features via a dynamic-static separator, a tri-path deformable Mamba is introduced to perform selective scanning and adaptive gating fusion over the disentangled features, leading to enhanced spatial-temporal understanding of the world evolution. Optionally, a planner and a BEV layout controller can be integrated to explore the model's capability for autonomous rollout and its potential to generate ""what-if"" scenarios. Extensive experiments show that GEM achieves state-of-the-art performances across diverse benchmarks and evaluation settings, demonstrating its superiority and effectiveness. Project page: https://github.com/wuyang98/GEM .","@InProceedings{Wu_2026_CVPR, author = {Wu, Yang and Liu, Zhaojiang and Meng, Qiang and Liu, Youquan and Weng, Renliang and Qian, Jianjun and Yang, Jian and Xie, Jin}, title = {GEM: Generating LiDAR World Model via Deformable Mamba}, booktitle = {Proceedings of the IEEE/CVF Conference on Computer Vision and Pattern Recognition (CVPR)}, month = {June}, year = {2026}, pages = {24227-24236} }"
Zheng_ResAD_Normalized_Residual_Trajectory_Modeling_for_End-to-End_Autonomous_Driving_CVPR_2026_paper,2026,1,Autonomous_Driving,Autonomous_Driving,26.0,0.885,ResAD: Normalized Residual Trajectory Modeling for End-to-End Autonomous Driving,Zhiyu Zheng; Shaoyu Chen; Haoran Yin; Xinbang Zhang; Jialv Zou; Xinggang Wang; Qian Zhang; Lefei Zhang,8,3729-3739,True,https://openaccess.thecvf.com/content/CVPR2026/papers/Zheng_ResAD_Normalized_Residual_Trajectory_Modeling_for_End-to-End_Autonomous_Driving_CVPR_2026_paper.pdf,https://openaccess.thecvf.com/content/CVPR2026/supplemental/Zheng_ResAD_Normalized_Residual_CVPR_2026_supplemental.pdf,https://openaccess.thecvf.com/content/CVPR2026/html/Zheng_ResAD_Normalized_Residual_Trajectory_Modeling_for_End-to-End_Autonomous_Driving_CVPR_2026_paper.html,"End-to-end autonomous driving (E2EAD) systems, which learn to predict future trajectories directly from sensor data, are fundamentally challenged by the inherent spatio-temporal imbalance of trajectory data. This imbalance creates a significant optimization burden, causing models to learn spurious correlations instead of robust driving logic, while also prioritizing uncertain, distant predictions, thereby compromising immediate safety. To address these issues, we propose ResAD, a novel Normalized Residual Trajectory Modeling framework. Instead of predicting the future trajectory directly, our approach reframes the learning task by predicting the residual from a deterministic inertial reference. This inertial reference serves as a stable physical prior, encouraging the model to focus on necessary, context-driven deviations (e.g., traffic rules and obstacles) rather than simple pattern matching. To mitigate the optimization imbalance caused by uncertain, long-term horizons, ResAD further incorporates Point-wise Normalization of the predicted residual. This re-weights the objective to prevent large errors at distant, uncertain waypoints from dominating the learning signal. On the NAVSIM v1 and v2 benchmarks, ResAD achieves state-of-the-art results of 88.8 PDMS and 85.5 EPDMS with only two denoising steps, showing that it simplifies learning and improves planning performance.","@InProceedings{Zheng_2026_CVPR, author = {Zheng, Zhiyu and Chen, Shaoyu and Yin, Haoran and Zhang, Xinbang and Zou, Jialv and Wang, Xinggang and Zhang, Qian and Zhang, Lefei}, title = {ResAD: Normalized Residual Trajectory Modeling for End-to-End Autonomous Driving}, booktitle = {Proceedings of the IEEE/CVF Conference on Computer Vision and Pattern Recognition (CVPR)}, month = {June}, year = {2026}, pages = {3729-3739} }"
Huang_FoSS_Modeling_Long-Range_Dependencies_and_Multimodal_Uncertainty_in_Trajectory_Prediction_CVPR_2026_paper,2026,1,Autonomous_Driving,Autonomous_Driving|Vision_Language_Multimodal,15.0,0.6,FoSS: Modeling Long-Range Dependencies and Multimodal Uncertainty in Trajectory Prediction via Fourier-State Space Integration,Yizhou Huang; Genze Jiang; Yihua Cheng; Kezhi Wang,4,3750-3760,True,https://openaccess.thecvf.com/content/CVPR2026/papers/Huang_FoSS_Modeling_Long-Range_Dependencies_and_Multimodal_Uncertainty_in_Trajectory_Prediction_CVPR_2026_paper.pdf,,https://openaccess.thecvf.com/content/CVPR2026/html/Huang_FoSS_Modeling_Long-Range_Dependencies_and_Multimodal_Uncertainty_in_Trajectory_Prediction_CVPR_2026_paper.html,"Accurate trajectory prediction is vital for safe autonomous driving, yet existing approaches struggle to balance modeling power and computational efficiency. Attention-based architectures incur quadratic complexity with increasing agents, while recurrent models struggle to capture long-range dependencies and fine-grained local dynamics. Building upon this, we present FoSS, a dual-branch framework that unifies frequency-domain reasoning with linear-time sequence modeling. The frequency-domain branch performs a discrete Fourier transform to decompose trajectories into amplitude components encoding global intent and phase components capturing local variations, followed by a progressive helix reordering module that preserves spectral order; two selective state-space submodules, Coarse2Fine-SSM and SpecEvolve-SSM, refine spectral features with \mathcal O (N) complexity. In parallel, a time-domain dynamic selective SSM reconstructs self-attention behavior in linear time to retain long-range temporal context. A cross-attention layer fuses temporal and spectral representations, while learnable queries generate multiple candidate trajectories, and a weighted fusion head expresses motion uncertainty. Experiments on Argoverse 1 and Argoverse 2 benchmarks demonstrate that FoSS achieves state-of-the-art accuracy while reducing computation by 22.5% and parameters by over 40%. Comprehensive ablations confirm the necessity of each component.","@InProceedings{Huang_2026_CVPR, author = {Huang, Yizhou and Jiang, Genze and Cheng, Yihua and Wang, Kezhi}, title = {FoSS: Modeling Long-Range Dependencies and Multimodal Uncertainty in Trajectory Prediction via Fourier-State Space Integration}, booktitle = {Proceedings of the IEEE/CVF Conference on Computer Vision and Pattern Recognition (CVPR)}, month = {June}, year = {2026}, pages = {3750-3760} }"
Xu_PatchScene_Patch-based_Voxel_Diffusion_Model_for_Large-Scale_Scene_Completion_CVPR_2026_paper,2026,1,Autonomous_Driving,Autonomous_Driving|Diffusion_Generative,12.0,0.25,PatchScene: Patch-based Voxel Diffusion Model for Large-Scale Scene Completion,Qingdong Xu; Jiajun Zhu; Shilin Zhu; Xinjing He; Chao Lu; Huanran Wang; Jiyao Zhang,7,16499-16508,True,https://openaccess.thecvf.com/content/CVPR2026/papers/Xu_PatchScene_Patch-based_Voxel_Diffusion_Model_for_Large-Scale_Scene_Completion_CVPR_2026_paper.pdf,https://openaccess.thecvf.com/content/CVPR2026/supplemental/Xu_PatchScene_Patch-based_Voxel_CVPR_2026_supplemental.pdf,https://openaccess.thecvf.com/content/CVPR2026/html/Xu_PatchScene_Patch-based_Voxel_Diffusion_Model_for_Large-Scale_Scene_Completion_CVPR_2026_paper.html,"We propose PatchScene, a novel diffusion-based framework for large-scale LiDAR scene completion. Unlike existing methods that rely on global latent representations or dense voxel grids, PatchScene adopts a patch-based voxel diffusion paradigm that explicitly generates fine-grained geometry within localized 3D regions. To ensure coherent reconstruction at both spatial and temporal scales, we introduce a confidence-guided spatio-temporal fusion mechanism that integrates overlapping patches and adjacent frames in a unified generative process. Furthermore, we design an Annular-Flow diffusion strategy that leverages the radial density pattern of LiDAR scans to progressively propagate high-fidelity information from near-range to far-range regions, enabling spatially unbounded scene completion. Extensive experiments on the SemanticKITTI benchmark demonstrate that PatchScene achieves state-of-the-art performance across all standard metrics, surpassing previous approaches in both geometric accuracy and temporal consistency. Remarkably, the model trained on 20 m LiDAR ranges generalizes effectively to 50 m scenes without retraining, highlighting its strong scalability and generalization capability for real-world autonomous driving applications.","@InProceedings{Xu_2026_CVPR, author = {Xu, Qingdong and Zhu, Jiajun and Zhu, Shilin and He, Xinjing and Lu, Chao and Wang, Huanran and Zhang, Jiyao}, title = {PatchScene: Patch-based Voxel Diffusion Model for Large-Scale Scene Completion}, booktitle = {Proceedings of the IEEE/CVF Conference on Computer Vision and Pattern Recognition (CVPR)}, month = {June}, year = {2026}, pages = {16499-16508} }"
Yang_Den-TP_A_Density-Balanced_Data_Curation_and_Evaluation_Framework_for_Trajectory_CVPR_2026_paper,2026,1,Autonomous_Driving,Autonomous_Driving,21.0,0.714,Den-TP: A Density-Balanced Data Curation and Evaluation Framework for Trajectory Prediction,Ruining Yang; Yi Xu; Yun Fu; Lili Su,4,10632-10641,True,https://openaccess.thecvf.com/content/CVPR2026/papers/Yang_Den-TP_A_Density-Balanced_Data_Curation_and_Evaluation_Framework_for_Trajectory_CVPR_2026_paper.pdf,https://openaccess.thecvf.com/content/CVPR2026/supplemental/Yang_Den-TP_A_Density-Balanced_CVPR_2026_supplemental.pdf,https://openaccess.thecvf.com/content/CVPR2026/html/Yang_Den-TP_A_Density-Balanced_Data_Curation_and_Evaluation_Framework_for_Trajectory_CVPR_2026_paper.html,"Trajectory prediction in autonomous driving has traditionally been studied from a model-centric perspective. However, existing datasets exhibit a strong long-tail distribution in scenario density, where common low-density cases dominate and safety-critical high-density cases are severely underrepresented. This imbalance limits model robustness and hides failure modes when standard evaluations average errors across all scenarios. We revisit trajectory prediction from a data-centric perspective and present Den-TP, a framework for density-aware dataset curation and evaluation. Den-TP first partitions data into density-conditioned regions using agent count as a dataset-agnostic proxy for interaction complexity. It then applies a gradient-based submodular selection objective to choose representative samples within each region while explicitly rebalancing across densities. The resulting subset reduces the dataset size by 50% yet preserves overall performance and significantly improves robustness in high-density scenarios. We further introduce density-conditioned evaluation protocols that reveal long-tail failure modes overlooked by conventional metrics. Experiments on Argoverse 1 and 2 with state-of-the-art models show that robust trajectory prediction depends not only on data scale, but also on balancing scenario density.","@InProceedings{Yang_2026_CVPR, author = {Yang, Ruining and Xu, Yi and Fu, Yun and Su, Lili}, title = {Den-TP: A Density-Balanced Data Curation and Evaluation Framework for Trajectory Prediction}, booktitle = {Proceedings of the IEEE/CVF Conference on Computer Vision and Pattern Recognition (CVPR)}, month = {June}, year = {2026}, pages = {10632-10641} }"
Davidson_RefAV_Towards_Planning-Centric_Scenario_Mining_CVPR_2026_paper,2026,0,Vision_Language_Multimodal,Vision_Language_Multimodal|Autonomous_Driving,11.0,0.455,RefAV: Towards Planning-Centric Scenario Mining,Cainan Davidson; Deva Ramanan; Neehar Peri,3,21537-21548,True,https://openaccess.thecvf.com/content/CVPR2026/papers/Davidson_RefAV_Towards_Planning-Centric_Scenario_Mining_CVPR_2026_paper.pdf,https://openaccess.thecvf.com/content/CVPR2026/supplemental/Davidson_RefAV_Towards_Planning-Centric_CVPR_2026_supplemental.pdf,https://openaccess.thecvf.com/content/CVPR2026/html/Davidson_RefAV_Towards_Planning-Centric_Scenario_Mining_CVPR_2026_paper.html,"Autonomous Vehicles (AVs) collect and pseudo-label terabytes of multi-modal data localized to HD maps during normal fleet testing. However, identifying interesting and safety-critical scenarios from uncurated driving logs remains a significant challenge. Traditional scenario mining techniques are error-prone and prohibitively time-consuming, often relying on hand-crafted structured queries. In this work, we revisit spatio-temporal scenario mining through the lens of recent vision-language models (VLMs) to detect whether a described scenario occurs in a driving log and, if so, precisely localize it in both time and space. To address this problem, we introduce RefAV, a large-scale dataset of 10,000 diverse natural language queries that describe complex multi-agent interactions relevant to motion planning derived from 1000 driving logs in the Argoverse 2 Sensor dataset. We evaluate several referential multi-object trackers and present an empirical analysis of our baselines. Notably, we find that naively repurposing off-the-shelf VLMs yields poor performance, suggesting that scenario mining presents unique challenges. Lastly, we discuss our recently held competition and share insights from the community. Our code and dataset are available on GitHub and Argoverse.","@InProceedings{Davidson_2026_CVPR, author = {Davidson, Cainan and Ramanan, Deva and Peri, Neehar}, title = {RefAV: Towards Planning-Centric Scenario Mining}, booktitle = {Proceedings of the IEEE/CVF Conference on Computer Vision and Pattern Recognition (CVPR)}, month = {June}, year = {2026}, pages = {21537-21548} }"
Cho_DSERT-RoLL_Robust_Multi-Modal_Perception_for_Diverse_Driving_Conditions_with_Stereo_CVPR_2026_paper,2026,1,Autonomous_Driving,Autonomous_Driving|Vision_Language_Multimodal,12.0,0.333,"DSERT-RoLL: Robust Multi-Modal Perception for Diverse Driving Conditions with Stereo Event-RGB-Thermal Cameras, 4D Radar, and Dual-LiDAR",Hoonhee Cho; Jae-Young Kang; Yuhwan Jeong; Yunseo Yang; Wonyoung Lee; Youngho Kim; Kuk-Jin Yoon,7,33022-33035,True,https://openaccess.thecvf.com/content/CVPR2026/papers/Cho_DSERT-RoLL_Robust_Multi-Modal_Perception_for_Diverse_Driving_Conditions_with_Stereo_CVPR_2026_paper.pdf,https://openaccess.thecvf.com/content/CVPR2026/supplemental/Cho_DSERT-RoLL_Robust_Multi-Modal_CVPR_2026_supplemental.pdf,https://openaccess.thecvf.com/content/CVPR2026/html/Cho_DSERT-RoLL_Robust_Multi-Modal_Perception_for_Diverse_Driving_Conditions_with_Stereo_CVPR_2026_paper.html,"In this paper, we present DSERT-RoLL, a driving dataset that incorporates stereo event, RGB, and thermal cameras together with 4D radar and dual LiDAR, collected across diverse weather and illumination conditions. The dataset provides precise 2D and 3D bounding boxes with track IDs and ego vehicle odometry, enabling fair comparisons within and across sensor combinations. It is designed to alleviate data scarcity for novel sensors such as event cameras and 4D radar and to support systematic studies of their behavior. We establish unified 3D and 2D benchmarks that enable direct comparison of characteristics and strengths across sensor families and within each family. We report baselines for representative single modality and multimodal methods and provide protocols that encourage research on different fusion strategies and sensor combinations. In addition, we propose a fusion framework that integrates sensor specific cues into a unified feature space and improves 3D detection robustness under varied weather and lighting.","@InProceedings{Cho_2026_CVPR, author = {Cho, Hoonhee and Kang, Jae-Young and Jeong, Yuhwan and Yang, Yunseo and Lee, Wonyoung and Kim, Youngho and Yoon, Kuk-Jin}, title = {DSERT-RoLL: Robust Multi-Modal Perception for Diverse Driving Conditions with Stereo Event-RGB-Thermal Cameras, 4D Radar, and Dual-LiDAR}, booktitle = {Proceedings of the IEEE/CVF Conference on Computer Vision and Pattern Recognition (CVPR)}, month = {June}, year = {2026}, pages = {33022-33035} }"
Jiang_Spectral-Geometric_Neural_Fields_for_Pose-Free_LiDAR_View_Synthesis_CVPR_2026_paper,2026,0,Neural_Rendering_NeRF_3DGS,Neural_Rendering_NeRF_3DGS|Autonomous_Driving|LowLevel_Flow_Depth_Matching,27.0,0.333,Spectral-Geometric Neural Fields for Pose-Free LiDAR View Synthesis,Yinuo Jiang; Jun Cheng; Yiran Wang; Cheng Cheng,4,2993-3003,True,https://openaccess.thecvf.com/content/CVPR2026/papers/Jiang_Spectral-Geometric_Neural_Fields_for_Pose-Free_LiDAR_View_Synthesis_CVPR_2026_paper.pdf,https://openaccess.thecvf.com/content/CVPR2026/supplemental/Jiang_Spectral-Geometric_Neural_Fields_CVPR_2026_supplemental.pdf,https://openaccess.thecvf.com/content/CVPR2026/html/Jiang_Spectral-Geometric_Neural_Fields_for_Pose-Free_LiDAR_View_Synthesis_CVPR_2026_paper.html,"Neural Radiance Fields (NeRF) have shown remarkable success in image novel view synthesis (NVS), inspiring extensions to LiDAR NVS. However, most methods heavily rely on accurate camera poses for scene reconstruction. The sparsity and textureless nature of LiDAR data also present distinct challenges, leading to geometric holes and discontinuous surfaces. To address these issues, we propose SG-NLF, a pose-free LiDAR NeRF framework that integrates spectral information with geometric consistency. Specifically, we design a hybrid representation based on spectral priors to reconstruct smooth geometry. For pose optimization, we construct a confidence-aware graph based on feature compatibility to achieve global alignment. In addition, an adversarial learning strategy is introduced to enforce cross-frame consistency, thereby enhancing reconstruction quality. Comprehensive experiments demonstrate the effectiveness of our framework, especially in challenging low-frequency scenarios. Compared to previous state-of-the-art methods, SG-NLF improves reconstruction quality and pose accuracy by over 35.8% and 68.8%. Our work can provide a novel perspective for LiDAR view synthesis.","@InProceedings{Jiang_2026_CVPR, author = {Jiang, Yinuo and Cheng, Jun and Wang, Yiran and Cheng, Cheng}, title = {Spectral-Geometric Neural Fields for Pose-Free LiDAR View Synthesis}, booktitle = {Proceedings of the IEEE/CVF Conference on Computer Vision and Pattern Recognition (CVPR)}, month = {June}, year = {2026}, pages = {2993-3003} }"
Jiang_Perception_Characteristics_Distance_Measuring_Stability_and_Robustness_of_Perception_System_CVPR_2026_paper,2026,0,Trustworthy_Security_Privacy,Trustworthy_Security_Privacy|Autonomous_Driving,10.0,0.4,Perception Characteristics Distance: Measuring Stability and Robustness of Perception System in Dynamic Conditions under a Certain Decision Rule,Boyu Jiang; Liang Shi; Zhengzhi Lin; Lanxin Xiang; Loren Stowe; Feng Guo,6,4829-4838,True,https://openaccess.thecvf.com/content/CVPR2026/papers/Jiang_Perception_Characteristics_Distance_Measuring_Stability_and_Robustness_of_Perception_System_CVPR_2026_paper.pdf,https://openaccess.thecvf.com/content/CVPR2026/supplemental/Jiang_Perception_Characteristics_Distance_CVPR_2026_supplemental.pdf,https://openaccess.thecvf.com/content/CVPR2026/html/Jiang_Perception_Characteristics_Distance_Measuring_Stability_and_Robustness_of_Perception_System_CVPR_2026_paper.html,"The safety of autonomous driving systems (ADS) depends on accurate perception across distance and driving conditions. The outputs of AI perception algorithms are stochastic, which has a major impact on decision making and safety outcomes, including time-to-collision estimation. However, current perception evaluation metrics do not reflect the stochastic nature of perception algorithms. We therefore introduce the Perception Characteristics Distance (PCD), a novel metric incorporating model output uncertainty as represented by the farthest distance at which an object can be reliably detected. To represent a system's overall perception capability in terms of reliable detection distance, we used the averaged PCD values across multiple detection quality and probabilistic thresholds to produce the average PCD (aPCD). For empirical validation, we present the SensorRainFall dataset, collected on the Virginia Smart Roads using a sensor-equipped vehicle (cameras, radar, and LiDAR) controlled under different weather (clear and rainy) and illumination conditions (daylight, streetlight, and night). The dataset includes ground-truth distances, bounding boxes, and segmentation masks for target objects. Experiments with state-of-the-art models show that aPCD captures meaningful differences across weather, daylight, and illumination conditions, which traditional evaluation metrics fail to reflect. PCD provides an uncertainty-aware measure of perception performance, supporting safer and more robust ADS operation, while the SensorRainFall dataset offers a valuable benchmark for evaluation. The SensorRainFall dataset is publicly available at https://www.kaggle.com/datasets/datadrivenwheels/sensorrainfall, and the evaluation code is available at https://github.com/datadrivenwheels/PCD_Python","@InProceedings{Jiang_2026_CVPR, author = {Jiang, Boyu and Shi, Liang and Lin, Zhengzhi and Xiang, Lanxin and Stowe, Loren and Guo, Feng}, title = {Perception Characteristics Distance: Measuring Stability and Robustness of Perception System in Dynamic Conditions under a Certain Decision Rule}, booktitle = {Proceedings of the IEEE/CVF Conference on Computer Vision and Pattern Recognition (CVPR)}, month = {June}, year = {2026}, pages = {4829-4838} }"
Liu_Open-Ended_Instruction_Realization_with_LLM-Enabled_Multi-Planner_Scheduling_in_Autonomous_Vehicles_CVPR_2026_paper,2026,0,LLM_Reasoning_Agent,LLM_Reasoning_Agent|Autonomous_Driving,22.0,0.455,Open-Ended Instruction Realization with LLM-Enabled Multi-Planner Scheduling in Autonomous Vehicles,Jiawei Liu; Xun Gong; Fen Fang; Muli Yang; Bohao Qu; Yunfeng Hu; Hong Chen; Xulei Yang; Qing Guo,9,32070-32081,True,https://openaccess.thecvf.com/content/CVPR2026/papers/Liu_Open-Ended_Instruction_Realization_with_LLM-Enabled_Multi-Planner_Scheduling_in_Autonomous_Vehicles_CVPR_2026_paper.pdf,https://openaccess.thecvf.com/content/CVPR2026/supplemental/Liu_Open-Ended_Instruction_Realization_CVPR_2026_supplemental.zip,https://openaccess.thecvf.com/content/CVPR2026/html/Liu_Open-Ended_Instruction_Realization_with_LLM-Enabled_Multi-Planner_Scheduling_in_Autonomous_Vehicles_CVPR_2026_paper.html,"Most Human-Machine Interaction (HMI) research overlooks the maneuvering needs of passengers in autonomous driving (AD). Natural language offers an intuitive interface, yet translating passenger open-ended instructions into control signals--without sacrificing interpretability and traceability--remains a challenge. This study proposes an instruction-realization framework that leverages a large language model (LLM) to interpret instructions, generates executable scripts that schedule multiple model predictive control (MPC)-based motion planners based on real-time feedback, and converts planned trajectories into control signals. This scheduling-centric design decouples semantic reasoning from vehicle control at different timescales, establishing a transparent, traceable decision-making chain from high-level instructions to low-level actions. Due to the absence of high-fidelity evaluation tools, this study introduces a benchmark for open-ended instruction realization in a closed-loop setting. Comprehensive experiments reveal that the framework significantly improves task-completion rates over instruction-realization baselines, reduces LLM query costs, achieves safety and compliance on par with specialized AD approaches, and exhibits considerable tolerance to LLM inference latency. For more qualitative illustrations and a clearer understanding, please refer to Supplementary Material.","@InProceedings{Liu_2026_CVPR, author = {Liu, Jiawei and Gong, Xun and Fang, Fen and Yang, Muli and Qu, Bohao and Hu, Yunfeng and Chen, Hong and Yang, Xulei and Guo, Qing}, title = {Open-Ended Instruction Realization with LLM-Enabled Multi-Planner Scheduling in Autonomous Vehicles}, booktitle = {Proceedings of the IEEE/CVF Conference on Computer Vision and Pattern Recognition (CVPR)}, month = {June}, year = {2026}, pages = {32070-32081} }"
Liu_DrivePI_Spatial-aware_4D_MLLM_for_Unified_Autonomous_Driving_Understanding_Perception_CVPR_2026_paper,2026,0,LLM_Reasoning_Agent,LLM_Reasoning_Agent|Autonomous_Driving|Embodied_AI_Robotics,21.0,0.429,"DrivePI: Spatial-aware 4D MLLM for Unified Autonomous Driving Understanding, Perception, Prediction and Planning",Zhe Liu; Runhui Huang; Rui Yang; Siming Yan; Zining Wang; Lu Hou; Di Lin; Xiang Bai; Hengshuang Zhao,9,3688-3698,True,https://openaccess.thecvf.com/content/CVPR2026/papers/Liu_DrivePI_Spatial-aware_4D_MLLM_for_Unified_Autonomous_Driving_Understanding_Perception_CVPR_2026_paper.pdf,https://openaccess.thecvf.com/content/CVPR2026/supplemental/Liu_DrivePI_Spatial-aware_4D_CVPR_2026_supplemental.pdf,https://openaccess.thecvf.com/content/CVPR2026/html/Liu_DrivePI_Spatial-aware_4D_MLLM_for_Unified_Autonomous_Driving_Understanding_Perception_CVPR_2026_paper.html,"Although multi-modal large language models (MLLMs) have shown strong capabilities across diverse domains, their application in generating fine-grained 3D perception and prediction outputs in autonomous driving remains underexplored. In this paper, we propose DrivePI, a novel spatial-aware 4D MLLM that serves as a unified Vision-Language-Action (VLA) framework that is also compatible with vision-action (VA) models. Our method jointly performs spatial understanding, 3D perception (i.e., 3D occupancy), prediction (i.e., occupancy flow), and planning (i.e., action outputs) in parallel through end-to-end optimization. To obtain both precise geometric information and rich visual appearance, our approach integrates point clouds, multi-view images, and language instructions within a unified MLLM architecture. We further develop a data engine to generate text-occupancy and text-flow QA pairs for 4D spatial understanding. Remarkably, with only a 0.5B Qwen2.5 model as MLLM backbone, DrivePI as a single unified model matches or exceeds both existing VLA models and specialized VA models. Specifically, compared to VLA models, DrivePI outperforms OpenDriveVLA-7B by 2.5% mean accuracy on nuScenes-QA and reduces collision rate by 70% over ORION (from 0.37% to 0.11%) on nuScenes. Against specialized VA models, DrivePI surpasses FB-OCC by 10.3 RayIoU for 3D occupancy on OpenOcc, reduces the mAVE from 0.591 to 0.509 for occupancy flow on OpenOcc, and achieves 32% lower L2 error than VAD (from 0.72m to 0.49m) for planning on nuScenes. Code will be available at https://github.com/happinesslz/DrivePI.","@InProceedings{Liu_2026_CVPR, author = {Liu, Zhe and Huang, Runhui and Yang, Rui and Yan, Siming and Wang, Zining and Hou, Lu and Lin, Di and Bai, Xiang and Zhao, Hengshuang}, title = {DrivePI: Spatial-aware 4D MLLM for Unified Autonomous Driving Understanding, Perception, Prediction and Planning}, booktitle = {Proceedings of the IEEE/CVF Conference on Computer Vision and Pattern Recognition (CVPR)}, month = {June}, year = {2026}, pages = {3688-3698} }"
Xu_WOD-E2E_Waymo_Open_Dataset_for_End-to-End_Driving_in_Challenging_Long-tail_CVPR_2026_paper,2026,1,Autonomous_Driving,Autonomous_Driving|Transfer_FewShot_DomainAdaptation|LLM_Reasoning_Agent,12.0,0.0,WOD-E2E: Waymo Open Dataset for End-to-End Driving in Challenging Long-tail Scenarios,Runsheng Xu; Hubert Lin; Wonseok Jeon; Hao Feng; Yuliang Zou; Liting Sun; John Gorman; Kate Tolstaya; Sarah Tang; Brandyn White; Ben Sapp; Mingxing Tan; Jyh-Jing Hwang; Dragomir Anguelov,14,3709-3718,True,https://openaccess.thecvf.com/content/CVPR2026/papers/Xu_WOD-E2E_Waymo_Open_Dataset_for_End-to-End_Driving_in_Challenging_Long-tail_CVPR_2026_paper.pdf,https://openaccess.thecvf.com/content/CVPR2026/supplemental/Xu_WOD-E2E_Waymo_Open_CVPR_2026_supplemental.pdf,https://openaccess.thecvf.com/content/CVPR2026/html/Xu_WOD-E2E_Waymo_Open_Dataset_for_End-to-End_Driving_in_Challenging_Long-tail_CVPR_2026_paper.html,"Vision-based end-to-end (E2E) driving has garnered interest in the research community due to its scalability and synergy with multimodal large language models (MLLMs). However, current E2E driving benchmarks primarily feature nominal scenarios paired with existing open-loop evaluation metrics that fall short in capturing the multimodal nature of driving or effectively evaluating performance in long-tail scenarios. To address these gaps, we introduce the Waymo Open Dataset for End-to-End Driving (WOD-E2E). WOD-E2E contains 4,021 driving segments (approximately 12 hours), specifically curated for challenging long-tail scenarios that are rare in daily life with an occurring frequency of less than 0.03%. Each segment in WOD-E2E includes the high-level routing information, ego states, and 360-degree camera views from 8 surrounding cameras. To evaluate E2E driving performance on these long-tail situations, we propose a novel open-loop evaluation metric: Rater Feedback Score (RFS). Unlike conventional distance-based metrics, RFS measures how closely a predicted trajectory matches rater-annotated trajectory preference labels. WOD-E2E includes rater preference labels for validation, and a separate held out test set is used for the 2025 WOD-E2E Challenge benchmark leaderboard.","@InProceedings{Xu_2026_CVPR, author = {Xu, Runsheng and Lin, Hubert and Jeon, Wonseok and Feng, Hao and Zou, Yuliang and Sun, Liting and Gorman, John and Tolstaya, Kate and Tang, Sarah and White, Brandyn and Sapp, Ben and Tan, Mingxing and Hwang, Jyh-Jing and Anguelov, Dragomir}, title = {WOD-E2E: Waymo Open Dataset for End-to-End Driving in Challenging Long-tail Scenarios}, booktitle = {Proceedings of the IEEE/CVF Conference on Computer Vision and Pattern Recognition (CVPR)}, month = {June}, year = {2026}, pages = {3709-3718} }"
Chen_DGGT_Feedforward_4D_Reconstruction_of_Dynamic_Driving_Scenes_using_Unposed_CVPR_2026_paper,2026,1,Autonomous_Driving,Autonomous_Driving|LowLevel_Flow_Depth_Matching|Neural_Rendering_NeRF_3DGS,15.0,0.2,DGGT: Feedforward 4D Reconstruction of Dynamic Driving Scenes using Unposed Images,Xiaoxue Chen; Ziyi Xiong; Yuantao Chen; Gen Li; Nan Wang; Hongcheng Luo; Long Chen; Haiyang Sun; Bing Wang; Guang Chen; Hongyang Li; Ya-Qin Zhang; Hangjun Ye; Hao Zhao,14,1265-1276,True,https://openaccess.thecvf.com/content/CVPR2026/papers/Chen_DGGT_Feedforward_4D_Reconstruction_of_Dynamic_Driving_Scenes_using_Unposed_CVPR_2026_paper.pdf,https://openaccess.thecvf.com/content/CVPR2026/supplemental/Chen_DGGT_Feedforward_4D_CVPR_2026_supplemental.pdf,https://openaccess.thecvf.com/content/CVPR2026/html/Chen_DGGT_Feedforward_4D_Reconstruction_of_Dynamic_Driving_Scenes_using_Unposed_CVPR_2026_paper.html,"Autonomous driving needs fast, scalable 4D reconstruction and re-simulation for training and evaluation, yet most methods for dynamic driving scenes still rely on per-scene optimization, known camera calibration, or short frame windows, making them slow and impractical. We revisit this problem from a feedforward perspective and introduce Driving Gaussian Grounded Transformer (DGGT), a unified framework for pose-free dynamic scene reconstruction. We note that the existing formulations, treating camera pose as a required input, limit flexibility and scalability. Instead, we reformulate pose as an output of the model, enabling reconstruction directly from sparse, unposed images and supporting an arbitrary number of views for long sequences. Our approach jointly predicts per-frame 3D Gaussian maps and camera parameters, disentangles dynamics with a lightweight dynamic head, and preserves temporal consistency with a lifespan head that modulates visibility over time. A diffusion-based rendering refinement further reduces motion/interpolation artifacts and improves novel-view quality under sparse inputs. The result is a single-pass, pose-free algorithm that achieves state-of-the-art performance and speed. Trained and evaluated on large-scale driving benchmarks (Waymo, nuScenes, Argoverse2), our method outperforms prior work both when trained on each dataset and in zero-shot transfer across datasets, and it scales well as the number of input frames increases.","@InProceedings{Chen_2026_CVPR, author = {Chen, Xiaoxue and Xiong, Ziyi and Chen, Yuantao and Li, Gen and Wang, Nan and Luo, Hongcheng and Chen, Long and Sun, Haiyang and Wang, Bing and Chen, Guang and Li, Hongyang and Zhang, Ya-Qin and Ye, Hangjun and Zhao, Hao}, title = {DGGT: Feedforward 4D Reconstruction of Dynamic Driving Scenes using Unposed Images}, booktitle = {Proceedings of the IEEE/CVF Conference on Computer Vision and Pattern Recognition (CVPR)}, month = {June}, year = {2026}, pages = {1265-1276} }"
Guo_x2-Fusion_Cross-Modality_and_Cross-Dimension_Flow_Estimation_in_Event_Edge_Space_CVPR_2026_paper,2026,0,LowLevel_Flow_Depth_Matching,LowLevel_Flow_Depth_Matching|Vision_Language_Multimodal|Autonomous_Driving,12.0,0.333,x^2-Fusion: Cross-Modality and Cross-Dimension Flow Estimation in Event Edge Space,Ruishan Guo; Ciyu Ruan; Haoyang Wang; Zihang Gong; Jingao Xu; Xinlei Chen,6,15145-15155,True,https://openaccess.thecvf.com/content/CVPR2026/papers/Guo_x2-Fusion_Cross-Modality_and_Cross-Dimension_Flow_Estimation_in_Event_Edge_Space_CVPR_2026_paper.pdf,https://openaccess.thecvf.com/content/CVPR2026/supplemental/Guo_x2-Fusion_Cross-Modality_and_CVPR_2026_supplemental.pdf,https://openaccess.thecvf.com/content/CVPR2026/html/Guo_x2-Fusion_Cross-Modality_and_Cross-Dimension_Flow_Estimation_in_Event_Edge_Space_CVPR_2026_paper.html,"Estimating dense 2D optical flow and 3D scene flow is essential for dynamic scene understanding. Recent work combines images, LiDAR, and event data to jointly predict 2D and 3D motion, yet most approaches operate in separate heterogeneous feature spaces. Without a shared latent space that all modalities can align to, these systems rely on multiple modality-specific blocks, leaving cross-sensor mismatches unresolved and making fusion unnecessarily complex. Event cameras naturally provide a spatiotemporal edge signal, which we can treat as an intrinsic edge field to anchor a unified latent representation, termed the Event Edge Space. Building on this idea, we introduce x^2-Fusion, which reframes multimodal fusion as representation unification: event-derived spatiotemporal edges define an edge-centric homogeneous space, and image and LiDAR features are explicitly aligned in this shared representation. Within this space, we perform reliability-aware adaptive fusion to estimate modality reliability and emphasize stable cues under degradation. We further employ cross-dimension contrast learning to tightly couple 2D optical flow with 3D scene flow. Extensive experiments on both synthetic and real benchmarks show that x^2-Fusion achieves state-of-the-art accuracy under standard conditions and delivers substantial improvements in challenging scenarios.","@InProceedings{Guo_2026_CVPR, author = {Guo, Ruishan and Ruan, Ciyu and Wang, Haoyang and Gong, Zihang and Xu, Jingao and Chen, Xinlei}, title = {x{\textasciicircum}2-Fusion: Cross-Modality and Cross-Dimension Flow Estimation in Event Edge Space}, booktitle = {Proceedings of the IEEE/CVF Conference on Computer Vision and Pattern Recognition (CVPR)}, month = {June}, year = {2026}, pages = {15145-15155} }"
Qiu_RPGFusion_4D_Radar_Prior-Guided_Multi-Modal_Fusion_for_3D_Detection_CVPR_2026_paper,2026,1,Autonomous_Driving,Autonomous_Driving|Object_Detection|Vision_Language_Multimodal,12.0,0.25,RPGFusion: 4D Radar Prior-Guided Multi-Modal Fusion for 3D Detection,Xin Qiu; Wenjie Liu,2,284-294,True,https://openaccess.thecvf.com/content/CVPR2026/papers/Qiu_RPGFusion_4D_Radar_Prior-Guided_Multi-Modal_Fusion_for_3D_Detection_CVPR_2026_paper.pdf,,https://openaccess.thecvf.com/content/CVPR2026/html/Qiu_RPGFusion_4D_Radar_Prior-Guided_Multi-Modal_Fusion_for_3D_Detection_CVPR_2026_paper.html,"Accurate 3D object detection in autonomous driving relies on effectively combining complementary information from multiple sensors. 4D millimeter-wave radar provides sparse yet physically reliable measurements, whose potential for enhancing sensor fusion has not been fully utilized. In this work, we propose Radar Prior Guided Fusion(RPGFusion), a practical 4D radar-camera fusion framework. We first generate radar prior maps that encode spatial confidence and depth cues. These priors guide image feature sampling while preventing the uneven BEV feature distribution (near-dense, far-sparse) caused by Lift-Splat-Shoot view transformation. To address the sparsity and noise inherent in point clouds, we adopt a hybrid robust encoding and sparse-to-dense feature propagation. We further introduce spatial alignment and semantic fusion modules to reconcile geometric and semantic differences between modalities, yielding more consistent and complementary BEV representations. Extensive experiments on the public View-of-Delft and TJ4DRadSet show that RPGFusion outperforms prior radar-camera fusion methods, achieving SOTA performance. Our work not only uses 4D radar signals to guide image BEV queries, but also enables robust radar feature encoding and densification for 3D perception, demonstrating the strong potential of 4D radar.","@InProceedings{Qiu_2026_CVPR, author = {Qiu, Xin and Liu, Wenjie}, title = {RPGFusion: 4D Radar Prior-Guided Multi-Modal Fusion for 3D Detection}, booktitle = {Proceedings of the IEEE/CVF Conference on Computer Vision and Pattern Recognition (CVPR)}, month = {June}, year = {2026}, pages = {284-294} }"
Du_SparseWorld-TC_Trajectory-Conditioned_Sparse_Occupancy_World_Model_CVPR_2026_paper,2026,1,Autonomous_Driving,Autonomous_Driving,9.0,0.778,SparseWorld-TC: Trajectory-Conditioned Sparse Occupancy World Model,Jiayuan Du; Yiming Zhao; Zhenglong Guo; Yong Pan; Wenbo Hou; Zhihui Hao; Kun Zhan; Qijun Chen,8,7425-7434,True,https://openaccess.thecvf.com/content/CVPR2026/papers/Du_SparseWorld-TC_Trajectory-Conditioned_Sparse_Occupancy_World_Model_CVPR_2026_paper.pdf,https://openaccess.thecvf.com/content/CVPR2026/supplemental/Du_SparseWorld-TC_Trajectory-Conditioned_Sparse_CVPR_2026_supplemental.pdf,https://openaccess.thecvf.com/content/CVPR2026/html/Du_SparseWorld-TC_Trajectory-Conditioned_Sparse_Occupancy_World_Model_CVPR_2026_paper.html,"This paper introduces a novel architecture for trajectory-conditioned forecasting of future 3D scene occupancy. In contrast to methods that rely on variational autoencoders (VAEs) to generate discrete occupancy tokens, which inherently limit representational capacity, our approach predicts multi-frame future occupancy in an end-to-end manner directly from raw image features. Inspired by the success of attention-based transformer architectures in foundational vision and language models such as GPT and VGGT, we employ a sparse occupancy representation that bypasses the intermediate bird's eye view (BEV) projection and its explicit geometric priors. This design allows the transformer to capture spatiotemporal dependencies more effectively. By avoiding both the finite-capacity constraint of discrete tokenization and the structural limitations of BEV representations, our method achieves state-of-the-art performance on the nuScenes benchmark for 1-3 second occupancy forecasting, outperforming existing approaches by a significant margin. Furthermore, it demonstrates robust scene dynamics understanding, consistently delivering high accuracy under arbitrary future trajectory conditioning.","@InProceedings{Du_2026_CVPR, author = {Du, Jiayuan and Zhao, Yiming and Guo, Zhenglong and Pan, Yong and Hou, Wenbo and Hao, Zhihui and Zhan, Kun and Chen, Qijun}, title = {SparseWorld-TC: Trajectory-Conditioned Sparse Occupancy World Model}, booktitle = {Proceedings of the IEEE/CVF Conference on Computer Vision and Pattern Recognition (CVPR)}, month = {June}, year = {2026}, pages = {7425-7434} }"
Strong_Learning_to_Drive_is_a_Free_Gift_Large-Scale_Label-Free_Autonomy_CVPR_2026_paper,2026,1,Autonomous_Driving,Autonomous_Driving|SelfSupervised_Representation,21.0,0.429,Learning to Drive is a Free Gift: Large-Scale Label-Free Autonomy Pretraining from Unposed In-The-Wild Videos,Matthew Strong; Wei-Jer Chang; Quentin Herau; Jiezhi Yang; Yihan Hu; Chensheng Peng; Wei Zhan,7,32144-32153,True,https://openaccess.thecvf.com/content/CVPR2026/papers/Strong_Learning_to_Drive_is_a_Free_Gift_Large-Scale_Label-Free_Autonomy_CVPR_2026_paper.pdf,https://openaccess.thecvf.com/content/CVPR2026/supplemental/Strong_Learning_to_Drive_CVPR_2026_supplemental.pdf,https://openaccess.thecvf.com/content/CVPR2026/html/Strong_Learning_to_Drive_is_a_Free_Gift_Large-Scale_Label-Free_Autonomy_CVPR_2026_paper.html,"Ego-centric driving videos available online provide an abundant source of visual data for autonomous driving, yet their lack of annotations makes it difficult to learn representations that capture both semantic structure and 3D geometry. Recent advances in large feedforward spatial models demonstrate that point maps and ego-motion can be inferred in a single forward pass, suggesting a promising direction for scalable driving perception. We therefore propose a label-free, teacher-guided framework for learning autonomous driving representations directly from unposed videos. Unlike prior self-supervised approaches that focus primarily on frame-to-frame consistency, we posit that safe and reactive driving depends critically on temporal context. To this end, we leverage a feedforward architecture equipped with a lightweight autoregressive module, trained using multi-modal supervisory signals that guide the model to jointly predict current and future point maps, camera poses, semantic layouts, and motion masks. Multi-modal teachers provide sequence-level pseudo-supervision, enabling LFG to learn a unified pseudo-4D representation from raw YouTube videos without poses, labels, or LiDAR. The resulting encoder not only transfers effectively to downstream autonomous driving planning on the NAVSIM benchmark, surpassing multi-camera and LiDAR baselines with only a single monocular camera, but also yields strong performance when evaluated on a range of semantic, geometric, and motion prediction tasks. These geometry- and motion-aware features position LFG as a compelling video-centric foundation model for autonomous driving.","@InProceedings{Strong_2026_CVPR, author = {Strong, Matthew and Chang, Wei-Jer and Herau, Quentin and Yang, Jiezhi and Hu, Yihan and Peng, Chensheng and Zhan, Wei}, title = {Learning to Drive is a Free Gift: Large-Scale Label-Free Autonomy Pretraining from Unposed In-The-Wild Videos}, booktitle = {Proceedings of the IEEE/CVF Conference on Computer Vision and Pattern Recognition (CVPR)}, month = {June}, year = {2026}, pages = {32144-32153} }"
Li_SABER_Spatially_Consistent_3D_Universal_Adversarial_Objects_for_BEV_Detectors_CVPR_2026_paper,2026,1,Autonomous_Driving,Autonomous_Driving|Object_Detection,21.0,0.429,SABER: Spatially Consistent 3D Universal Adversarial Objects for BEV Detectors,Aixuan Li; Mochu Xiang; Bosen Hou; Zhexiong Wan; Jing Zhang; Yuchao Dai,6,25841-25850,True,https://openaccess.thecvf.com/content/CVPR2026/papers/Li_SABER_Spatially_Consistent_3D_Universal_Adversarial_Objects_for_BEV_Detectors_CVPR_2026_paper.pdf,https://openaccess.thecvf.com/content/CVPR2026/supplemental/Li_SABER_Spatially_Consistent_CVPR_2026_supplemental.pdf,https://openaccess.thecvf.com/content/CVPR2026/html/Li_SABER_Spatially_Consistent_3D_Universal_Adversarial_Objects_for_BEV_Detectors_CVPR_2026_paper.html,"Adversarial robustness of BEV 3D object detectors is critical for autonomous driving (AD). Existing invasive attacks require altering the target vehicle itself (e.g. attaching patches), making them unrealistic and impractical for real-world evaluation. While non-invasive attacks that place adversarial objects in the environment are more practical, current methods still lack the multi-view and temporal consistency needed for physically plausible threats. In this paper, we present the first framework for generating universal, non-invasive, and 3D consistent adversarial objects that expose fundamental vulnerabilities for BEV 3D object detectors. Instead of modifying target vehicles, our method inserts rendered objects into scenes with an occlusion-aware module that enforces physical plausibility across views and time. To maintain attack effectiveness across views and frames, we optimize adversarial object appearance using a BEV spatial feature-guided optimization strategy that attacks the detector's internal representations. Extensive experiments demonstrate that our learned universal adversarial objects can consistently degrade multiple BEV detectors from various viewpoints and distances. More importantly, the new environment-manipulation attack paradigm exposes models' over-reliance on contextual cues and provides a practical pipeline for robustness evaluation in AD systems.","@InProceedings{Li_2026_CVPR, author = {Li, Aixuan and Xiang, Mochu and Hou, Bosen and Wan, Zhexiong and Zhang, Jing and Dai, Yuchao}, title = {SABER: Spatially Consistent 3D Universal Adversarial Objects for BEV Detectors}, booktitle = {Proceedings of the IEEE/CVF Conference on Computer Vision and Pattern Recognition (CVPR)}, month = {June}, year = {2026}, pages = {25841-25850} }"
Nguyen_LEAD_Minimizing_Learner-Expert_Asymmetry_in_End-to-End_Driving_CVPR_2026_paper,2026,1,Autonomous_Driving,Autonomous_Driving|Embodied_AI_Robotics,12.0,0.083,LEAD: Minimizing Learner-Expert Asymmetry in End-to-End Driving,Long Nguyen; Micha Fauth; Bernhard Jaeger; Daniel Dauner; Maximilian Igl; Andreas Geiger; Kashyap Chitta,7,39775-39785,True,https://openaccess.thecvf.com/content/CVPR2026/papers/Nguyen_LEAD_Minimizing_Learner-Expert_Asymmetry_in_End-to-End_Driving_CVPR_2026_paper.pdf,https://openaccess.thecvf.com/content/CVPR2026/supplemental/Nguyen_LEAD_Minimizing_Learner-Expert_CVPR_2026_supplemental.pdf,https://openaccess.thecvf.com/content/CVPR2026/html/Nguyen_LEAD_Minimizing_Learner-Expert_Asymmetry_in_End-to-End_Driving_CVPR_2026_paper.html,"Simulators can generate virtually unlimited driving data, yet imitation learning policies in simulation still struggle to achieve robust closed-loop performance. Motivated by this gap, we empirically study how misalignment between privileged expert demonstrations and sensor-based student observations can limit the effectiveness of imitation learning. More precisely, experts have significantly higher visibility (e.g., ignoring occlusions) and far lower uncertainty (e.g., knowing other vehicles' actions), making them difficult to imitate reliably. Furthermore, navigational intent (i.e., the route to follow) is under-specified in student models at test time via only a single target point. We demonstrate that these asymmetries can measurably limit driving performance in CARLA and offer practical interventions to address them. After careful modifications to narrow the gaps between expert and student, our TransFuser v6 (TFv6) student policy achieves a new state of the art on all major publicly available CARLA closed-loop benchmarks, reaching 95 DS on Bench2Drive and more than doubling prior performances on Longest6 v2 and Town13. Additionally, by integrating perception supervision from our dataset into a shared sim-to-real pipeline, we show consistent gains on the NAVSIM and Waymo Vision-Based End-to-End driving benchmarks. Our code, data, and models are publicly available at https://github.com/kesai-labs/lead.","@InProceedings{Nguyen_2026_CVPR, author = {Nguyen, Long and Fauth, Micha and Jaeger, Bernhard and Dauner, Daniel and Igl, Maximilian and Geiger, Andreas and Chitta, Kashyap}, title = {LEAD: Minimizing Learner-Expert Asymmetry in End-to-End Driving}, booktitle = {Proceedings of the IEEE/CVF Conference on Computer Vision and Pattern Recognition (CVPR)}, month = {June}, year = {2026}, pages = {39775-39785} }"
Wang_Sensor2Sensor_Cross-Embodiment_Sensor_Conversion_for_Autonomous_Driving_CVPR_2026_paper,2026,1,Autonomous_Driving,Autonomous_Driving,18.0,0.667,Sensor2Sensor: Cross-Embodiment Sensor Conversion for Autonomous Driving,Jiahao Wang; Bo Sun; Yijing Bai; Vincent Casser; Songyou Peng; Zehao Zhu; Meng-Li Shih; Xander Masotto; Shih-Yang Su; Kanaad Parvate; Tiancheng Ge; Linn Bieske; Dragomir Anguelov; Mingxing Tan; Chiyu Max Jiang,15,32093-32102,True,https://openaccess.thecvf.com/content/CVPR2026/papers/Wang_Sensor2Sensor_Cross-Embodiment_Sensor_Conversion_for_Autonomous_Driving_CVPR_2026_paper.pdf,https://openaccess.thecvf.com/content/CVPR2026/supplemental/Wang_Sensor2Sensor_Cross-Embodiment_Sensor_CVPR_2026_supplemental.zip,https://openaccess.thecvf.com/content/CVPR2026/html/Wang_Sensor2Sensor_Cross-Embodiment_Sensor_Conversion_for_Autonomous_Driving_CVPR_2026_paper.html,"Robust training and validation of Autonomous Driving Systems (ADS) require massive, diverse datasets. Proprietary data collected by Autonomous Vehicle (AV) fleets, while high-fidelity, are limited in scale, diversity of sensor configurations, as well as geographic and long-tail-behavioral coverage. In contrast, in-the-wild data from sources like dashcams offers immense scale and diversity, capturing critical long-tail scenarios and novel environments. However, this unstructured, in-the-wild video data is incompatible with ADS expecting structured, multi-modal sensor inputs for validation and training. To bridge this data gap, we propose Sensor2Sensor, a novel generative modeling paradigm that translates in-the-wild monocular dashcam videos into a high-fidelity, multi-modal sensor suite (AV logs) comprising multi-view camera images and LiDAR point clouds. A core challenge is the lack of paired training data. We address this by converting real AV logs into dashcam-style videos via 4D Gaussian Splatting (4DGS) reconstruction and novel-view rendering. Sensor2Sensor then utilizes a diffusion architecture to perform the generative conversion. We perform comprehensive quantitative evaluations on the fidelity and realism of the generated sensor data. We demonstrate Sensor2Sensor's practical utility by converting challenging in-the-wild internet and dashcam footage into realistic, multi-modal data formats, further unlocking vast external data sources for AV development.","@InProceedings{Wang_2026_CVPR, author = {Wang, Jiahao and Sun, Bo and Bai, Yijing and Casser, Vincent and Peng, Songyou and Zhu, Zehao and Shih, Meng-Li and Masotto, Xander and Su, Shih-Yang and Parvate, Kanaad and Ge, Tiancheng and Bieske, Linn and Anguelov, Dragomir and Tan, Mingxing and Jiang, Chiyu Max}, title = {Sensor2Sensor: Cross-Embodiment Sensor Conversion for Autonomous Driving}, booktitle = {Proceedings of the IEEE/CVF Conference on Computer Vision and Pattern Recognition (CVPR)}, month = {June}, year = {2026}, pages = {32093-32102} }"
Wang_Long-SCOPE_Fully_Sparse_Long-Range_Cooperative_3D_Perception_CVPR_2026_paper,2026,1,Autonomous_Driving,Autonomous_Driving,6.0,1.0,Long-SCOPE: Fully Sparse Long-Range Cooperative 3D Perception,Jiahao Wang; Zikun Xu; Yuner Zhang; Zhongwei Jiang; Chenyang Lu; Shuocheng Yang; Yuxuan Wang; Jiaru Zhong; Chuang Zhang; Shaobing Xu; Jianqiang Wang,11,11599-11609,True,https://openaccess.thecvf.com/content/CVPR2026/papers/Wang_Long-SCOPE_Fully_Sparse_Long-Range_Cooperative_3D_Perception_CVPR_2026_paper.pdf,,https://openaccess.thecvf.com/content/CVPR2026/html/Wang_Long-SCOPE_Fully_Sparse_Long-Range_Cooperative_3D_Perception_CVPR_2026_paper.html,"Cooperative 3D perception via Vehicle-to-Everything communication is a promising paradigm for enhancing autonomous driving, offering extended sensing horizons and occlusion resolution. However, the practical deployment of existing methods is hindered at long distances by two critical bottlenecks: the quadratic computational scaling of dense BEV representations and the fragility of feature association mechanisms under significant observation and alignment errors. To overcome these limitations, we introduce Long-SCOPE, a fully sparse framework designed for robust long-distance cooperative 3D perception. Our method features two novel components: a Geometry-guided Query Generation module to accurately detect small, distant objects, and a learnable Context-Aware Association module that robustly matches cooperative queries despite severe positional noise. Experiments on the V2X-Seq and Griffin datasets validate that Long-SCOPE achieves state-of-the-art performance, particularly in challenging 100-150m long-range settings, while maintaining highly competitive computation and communication costs.","@InProceedings{Wang_2026_CVPR, author = {Wang, Jiahao and Xu, Zikun and Zhang, Yuner and Jiang, Zhongwei and Lu, Chenyang and Yang, Shuocheng and Wang, Yuxuan and Zhong, Jiaru and Zhang, Chuang and Xu, Shaobing and Wang, Jianqiang}, title = {Long-SCOPE: Fully Sparse Long-Range Cooperative 3D Perception}, booktitle = {Proceedings of the IEEE/CVF Conference on Computer Vision and Pattern Recognition (CVPR)}, month = {June}, year = {2026}, pages = {11599-11609} }"
Tu_TrafficAlign_Aligning_Large_Language_Models_for_Traffic_Scenario_Generation_CVPR_2026_paper,2026,1,Autonomous_Driving,Autonomous_Driving|LLM_Reasoning_Agent,21.0,0.0,TrafficAlign: Aligning Large Language Models for Traffic Scenario Generation,Zhi Tu; Liangkun Niu; Tianyi Zhang,3,39744-39754,True,https://openaccess.thecvf.com/content/CVPR2026/papers/Tu_TrafficAlign_Aligning_Large_Language_Models_for_Traffic_Scenario_Generation_CVPR_2026_paper.pdf,https://openaccess.thecvf.com/content/CVPR2026/supplemental/Tu_TrafficAlign_Aligning_Large_CVPR_2026_supplemental.pdf,https://openaccess.thecvf.com/content/CVPR2026/html/Tu_TrafficAlign_Aligning_Large_Language_Models_for_Traffic_Scenario_Generation_CVPR_2026_paper.html,"Recent research has investigated the use of large language models (LLMs) to generate traffic scenarios for autonomous driving. However, pretrained LLMs often fail to align with real-world traffic distributions. In this work, we present TrafficAlign, an automated framework that synthesizes traffic scenarios based on real-world driving videos, performs data validation, and aligns LLMs with the synthesized scenarios. The evaluation shows that traffic scenarios generated by TrafficAlign are highly effective, revealing up to 10.8% more collisions on average across three autonomous driving models than state-of-the-art methods. Furthermore, fine-tuning these driving models with TrafficAlign-generated scenarios significantly reduced collision rates by 36.1% compared with the original models. A qualitative study using traffic datasets from six geographically diverse regions shows that TrafficAlign-generated scenarios exhibit strong alignment with corresponding traffic distributions in these regions.","@InProceedings{Tu_2026_CVPR, author = {Tu, Zhi and Niu, Liangkun and Zhang, Tianyi}, title = {TrafficAlign: Aligning Large Language Models for Traffic Scenario Generation}, booktitle = {Proceedings of the IEEE/CVF Conference on Computer Vision and Pattern Recognition (CVPR)}, month = {June}, year = {2026}, pages = {39744-39754} }"
Wei_Progressive_Guessing_to_Fixed_Point_Rethinking_Human_Motion_Prediction_with_CVPR_2026_paper,2026,1,Autonomous_Driving,Autonomous_Driving|Human_Pose_Body,12.0,0.333,Progressive Guessing to Fixed Point: Rethinking Human Motion Prediction with Deep Equilibrium Models,Dong Wei; Huaijiang Sun; Fan Liu; Yuhui Zheng,4,16454-16463,True,https://openaccess.thecvf.com/content/CVPR2026/papers/Wei_Progressive_Guessing_to_Fixed_Point_Rethinking_Human_Motion_Prediction_with_CVPR_2026_paper.pdf,https://openaccess.thecvf.com/content/CVPR2026/supplemental/Wei_Progressive_Guessing_to_CVPR_2026_supplemental.pdf,https://openaccess.thecvf.com/content/CVPR2026/html/Wei_Progressive_Guessing_to_Fixed_Point_Rethinking_Human_Motion_Prediction_with_CVPR_2026_paper.html,"Many recent human motion prediction methods adopt a multi-stage refinement framework, where each stage produces an initial guess of future poses for the next stage. These guesses are progressively refined towards the target prediction through a sequence of spatial-temporal reasoning stages.However, such a cascaded design incurs large computation and memory overheads that grow at least linearly with network depth, and lack an explicit stopping criteria.In this paper, we propose MotionDEQ, a deep equilibrium motion predictor that reformulates progressive guessing paradigm as a fixed point problem within an implicit layer. This formulation is conceptually equivalent to performing infinitely many refinement steps, but requires only O(1) training memory and can be solved efficiently through any black-box solvers. We carefully design this implicit refinement process by integrating Euclidean geometric transformations into equilibrium learning, allowing the entire network to be equivariant. We also find DEQs naturally fit the real-world scenario where motion data comes streamingly: the converged fixed point can be reused as a warm initial guess, to help recycle the redundant inference computation when making subsequent predictions.Our experiments demonstrate that MotionDEQ achieves the state-of-the-art prediction performances with superior memory efficiency, using fewer than 300K parameters with 55.3mm prediction error at 400ms on the Human3.6M dataset.","@InProceedings{Wei_2026_CVPR, author = {Wei, Dong and Sun, Huaijiang and Liu, Fan and Zheng, Yuhui}, title = {Progressive Guessing to Fixed Point: Rethinking Human Motion Prediction with Deep Equilibrium Models}, booktitle = {Proceedings of the IEEE/CVF Conference on Computer Vision and Pattern Recognition (CVPR)}, month = {June}, year = {2026}, pages = {16454-16463} }"
Cao_OccAny_Generalized_Unconstrained_Urban_3D_Occupancy_CVPR_2026_paper,2026,1,Autonomous_Driving,Autonomous_Driving|SelfSupervised_Representation,6.0,0.0,OccAny: Generalized Unconstrained Urban 3D Occupancy,Anh-Quan Cao; Tuan-Hung Vu,2,28599-28609,True,https://openaccess.thecvf.com/content/CVPR2026/papers/Cao_OccAny_Generalized_Unconstrained_Urban_3D_Occupancy_CVPR_2026_paper.pdf,https://openaccess.thecvf.com/content/CVPR2026/supplemental/Cao_OccAny_Generalized_Unconstrained_CVPR_2026_supplemental.pdf,https://openaccess.thecvf.com/content/CVPR2026/html/Cao_OccAny_Generalized_Unconstrained_Urban_3D_Occupancy_CVPR_2026_paper.html,"Relying on in-domain annotations and precise sensor-rig priors, existing 3D occupancy prediction methods are limited in both scalability and out-of-domain generalization. While recent visual geometry foundation models exhibit strong generalization capabilities, they were mainly designed for general purposes and lack one or more key ingredients required for urban occupancy prediction, namely metric prediction, geometry completion in cluttered scenes and adaptation to urban scenarios. We address this gap and present OccAny, the first unconstrained urban 3D occupancy model capable of operating on out-of-domain uncalibrated scenes to predict and complete metric occupancy coupled with segmentation features. is versatile and can predict occupancy from sequential, monocular, or surround-view images. Our contributions are three-fold: (i) we propose the first generalized 3D occupancy framework with (ii)Segmentation Forcing that improves occupancy quality while enabling mask-level prediction, and (iii) a Novel View Rendering pipeline that infers novel-view geometry to enable test-time view augmentation for geometry completion. Extensive experiments demonstrate that OccAny outperforms all visual geometry baselines on 3D occupancy prediction task, while remaining competitive with in-domain self-supervised methods across three input settings on two established urban occupancy prediction datasets. Our code is available at https://github.com/valeoai/OccAny .","@InProceedings{Cao_2026_CVPR, author = {Cao, Anh-Quan and Vu, Tuan-Hung}, title = {OccAny: Generalized Unconstrained Urban 3D Occupancy}, booktitle = {Proceedings of the IEEE/CVF Conference on Computer Vision and Pattern Recognition (CVPR)}, month = {June}, year = {2026}, pages = {28599-28609} }"
Li_AMap_Distilling_Future_Priors_for_Ahead-Aware_Online_HD_Map_Construction_CVPR_2026_paper,2026,1,Autonomous_Driving,Autonomous_Driving,18.0,0.778,AMap: Distilling Future Priors for Ahead-Aware Online HD Map Construction,Ruikai Li; Xinrun Li; Mengwei Xie; Hao Shan; Shoumeng Qiu; Xinyuan Chang; Yizhe Fan; Feng Xiong; Han Jiang; Yilong Ren; Haiyang Yu; Mu Xu; Yang Long; Varun Ojha; Zhiyong Cui,15,24906-24917,True,https://openaccess.thecvf.com/content/CVPR2026/papers/Li_AMap_Distilling_Future_Priors_for_Ahead-Aware_Online_HD_Map_Construction_CVPR_2026_paper.pdf,https://openaccess.thecvf.com/content/CVPR2026/supplemental/Li_AMap_Distilling_Future_CVPR_2026_supplemental.pdf,https://openaccess.thecvf.com/content/CVPR2026/html/Li_AMap_Distilling_Future_Priors_for_Ahead-Aware_Online_HD_Map_Construction_CVPR_2026_paper.html,"Online High-Definition (HD) map construction is pivotal for autonomous driving. While recent approaches leverage historical temporal fusion to improve performance, we identify a critical safety flaw in this paradigm: it is inherently ""spatially backward-looking."" These methods predominantly enhance map reconstruction in traversed areas, offering minimal improvement for the unseen road ahead. Crucially, our analysis of downstream planning tasks reveals a severe asymmetry: while rearward perception errors are often tolerable, inaccuracies in the forward region directly precipitate hazardous driving maneuvers. To bridge this safety gap, we propose AMap, a novel framework for Ahead-aware online HD Mapping. We pioneer a ""distill-from-future"" paradigm, where a teacher model with privileged access to future temporal contexts guides a lightweight student model restricted to the current frame. This process implicitly compresses prospective knowledge into the student model, endowing it with ""look-ahead"" capabilities at zero inference-time cost. Technically, we introduce a Multi-Level BEV Distillation strategy with spatial masking and an Asymmetric Query Adaptation module to effectively transfer future-aware representations to the student's static queries. Extensive experiments on the nuScenes and Argoverse 2 benchmark demonstrate that AMap significantly enhances current-frame perception. Most notably, it outperforms state-of-the-art temporal models in critical forward regions while maintaining the efficiency of current-frame inference.","@InProceedings{Li_2026_CVPR, author = {Li, Ruikai and Li, Xinrun and Xie, Mengwei and Shan, Hao and Qiu, Shoumeng and Chang, Xinyuan and Fan, Yizhe and Xiong, Feng and Jiang, Han and Ren, Yilong and Yu, Haiyang and Xu, Mu and Long, Yang and Ojha, Varun and Cui, Zhiyong}, title = {AMap: Distilling Future Priors for Ahead-Aware Online HD Map Construction}, booktitle = {Proceedings of the IEEE/CVF Conference on Computer Vision and Pattern Recognition (CVPR)}, month = {June}, year = {2026}, pages = {24906-24917} }"
Yuan_Adaptive_3D_Perception_for_Small_Aerial_Targets_Under_Sparse_Sampling_CVPR_2026_paper,2026,1,Autonomous_Driving,Autonomous_Driving|Efficiency_Compression|Embodied_AI_Robotics,9.0,0.333,Adaptive 3D Perception for Small Aerial Targets Under Sparse Sampling via Reinforcement Learning,Shenghai Yuan; Wei Yihan; Jason Yee; Zhuoran Qiao; boyang lou; Enwen Hu,6,39064-39074,True,https://openaccess.thecvf.com/content/CVPR2026/papers/Yuan_Adaptive_3D_Perception_for_Small_Aerial_Targets_Under_Sparse_Sampling_CVPR_2026_paper.pdf,,https://openaccess.thecvf.com/content/CVPR2026/html/Yuan_Adaptive_3D_Perception_for_Small_Aerial_Targets_Under_Sparse_Sampling_CVPR_2026_paper.html,"Detecting small aerial targets (SATs) in long-range LiDAR is challenging because motion causes extreme variations in point density, breaking fixed-voxel and static-threshold assumptions in standard 3D detection and tracking. To address the challenges, we introduce A3PRL, an RL-driven adaptive perception framework that closes the loop between LiDAR sensing and tracking. A3PRL uses a sparsity-aware proposal stage with Temporal Dispersion Signatures and velocity-change cues, and a lightweight 5D policy that jointly adjusts voxel resolution, detection sensitivity, and association gating from label-free statistics of sparsity, foreground acceptance, and track stability. The policy is trained with privileged ground-truth trajectories to optimize a reward balancing geometric accuracy, temporal stability, and regularized acceptance, but runs fully label-free at test time. On the public MMAUD benchmark, training on V1 and evaluating on unseen V2/V3, A3PRL reduces 3D localization error by about 19% over its non-RL counterpart and consistently outperforms LiDAR-only and multimodal baselines under both day and night conditions. The same policy is able to transfer to other SAT datasets with heterogeneous scan patterns, maintaining accurate and stable trajectories.","@InProceedings{Yuan_2026_CVPR, author = {Yuan, Shenghai and Yihan, Wei and Yee, Jason and Qiao, Zhuoran and lou, boyang and Hu, Enwen}, title = {Adaptive 3D Perception for Small Aerial Targets Under Sparse Sampling via Reinforcement Learning}, booktitle = {Proceedings of the IEEE/CVF Conference on Computer Vision and Pattern Recognition (CVPR)}, month = {June}, year = {2026}, pages = {39064-39074} }"
Li_SpaceDrive_Infusing_Spatial_Awareness_into_VLM-based_Autonomous_Driving_CVPR_2026_paper,2026,0,Vision_Language_Multimodal,Vision_Language_Multimodal|Autonomous_Driving,21.0,0.286,SpaceDrive: Infusing Spatial Awareness into VLM-based Autonomous Driving,Peizheng Li; Zhenghao Zhang; David Holtz; Hang Yu; Yutong Yang; Yuzhi Lai; Rui Song; Andreas Geiger; Andreas Zell,9,40096-40107,True,https://openaccess.thecvf.com/content/CVPR2026/papers/Li_SpaceDrive_Infusing_Spatial_Awareness_into_VLM-based_Autonomous_Driving_CVPR_2026_paper.pdf,https://openaccess.thecvf.com/content/CVPR2026/supplemental/Li_SpaceDrive_Infusing_Spatial_CVPR_2026_supplemental.pdf,https://openaccess.thecvf.com/content/CVPR2026/html/Li_SpaceDrive_Infusing_Spatial_Awareness_into_VLM-based_Autonomous_Driving_CVPR_2026_paper.html,"End-to-end autonomous driving methods built on vision language models (VLMs) have undergone rapid development driven by their universal visual understanding and strong reasoning capabilities obtained from the large-scale pretraining. However, we find that current VLMs struggle to understand fine-grained 3D spatial relationships which is a fundamental requirement for systems interacting with the physical world. To address this issue, we propose SpaceDrive, a spatial-aware VLM-based driving framework that treats spatial information as explicit positional encodings (PEs) instead of textual digit tokens, enabling joint reasoning over semantic and spatial representations. SpaceDrive employs a universal positional encoder to all 3D coordinates derived from multi-view depth estimation, historical ego-states, and text prompts. These 3D PEs are first superimposed to augment the corresponding 2D visual tokens. Meanwhile, they serve as a task-agnostic coordinate representation, replacing the digit-wise numerical tokens as both inputs and outputs for the VLM. This mechanism enables the model to better index specific visual semantics in spatial reasoning and directly regress trajectory coordinates rather than generating digit-by-digit, thereby enhancing planning accuracy. Extensive experiments validate that SpaceDrive achieves state-of-the-art open-loop performance on the nuScenes dataset and the second-best Driving Score of 78.02 on the Bench2Drive closed-loop benchmark over existing VLM-based methods. Code is available at: https://github.com/zhenghao2519/SpaceDrive.","@InProceedings{Li_2026_CVPR, author = {Li, Peizheng and Zhang, Zhenghao and Holtz, David and Yu, Hang and Yang, Yutong and Lai, Yuzhi and Song, Rui and Geiger, Andreas and Zell, Andreas}, title = {SpaceDrive: Infusing Spatial Awareness into VLM-based Autonomous Driving}, booktitle = {Proceedings of the IEEE/CVF Conference on Computer Vision and Pattern Recognition (CVPR)}, month = {June}, year = {2026}, pages = {40096-40107} }"
Wan_EagleVision_A_Dual-Stage_Framework_with_BEV-grounding-based_Chain-of-Thought_for_Spatial_Intelligence_CVPR_2026_paper,2026,0,LLM_Reasoning_Agent,LLM_Reasoning_Agent|Autonomous_Driving,21.0,0.143,EagleVision: A Dual-Stage Framework with BEV-grounding-based Chain-of-Thought for Spatial Intelligence,Jiaxu Wan; Xu Wang; Mengwei Xie; Hang Zhang; Mu Xu; Yang Han; Ding Yuan; Hong Zhang; Yifan Yang,9,38637-38646,True,https://openaccess.thecvf.com/content/CVPR2026/papers/Wan_EagleVision_A_Dual-Stage_Framework_with_BEV-grounding-based_Chain-of-Thought_for_Spatial_Intelligence_CVPR_2026_paper.pdf,https://openaccess.thecvf.com/content/CVPR2026/supplemental/Wan_EagleVision_A_Dual-Stage_CVPR_2026_supplemental.pdf,https://openaccess.thecvf.com/content/CVPR2026/html/Wan_EagleVision_A_Dual-Stage_Framework_with_BEV-grounding-based_Chain-of-Thought_for_Spatial_Intelligence_CVPR_2026_paper.html,"Video-based spatial reasoning -- such as estimating distances, judging directions, or understanding layouts from multiple views -- requires selecting informative frames and, when needed, actively seeking additional viewpoints during inference. Existing multimodal large language models (MLLMs) consume a fixed set of uniformly sampled frames and cannot request new views once reasoning begins, often missing the geometric cues necessary for reliable spatial judgments. We present EagleVision, a dual-stage framework that combines geometry-aware frame selection with active, Bird's-Eye-View (BEV)-grounded reasoning. In the first stage (macro perception), a semantics-perspective-fusion determinantal point process (SPF-DPP) selects a compact set of keyframes that jointly maximize semantic relevance and viewpoint diversity under a fixed token budget. In the second stage (micro verification), the model performs iterative spatial Chain-of-Thought: at each step it can either reason in text or predict a pose on the BEV plane to retrieve the nearest real frame, forming a closed-loop hypothesize-look-verify cycle. The querying policy is trained purely via reinforcement learning with a spatial grounding reward, requiring no human-annotated reasoning traces. On VSI-Bench and SQA3D, EagleVision achieves state-of-the-art performance among open-source vision-language models.","@InProceedings{Wan_2026_CVPR, author = {Wan, Jiaxu and Wang, Xu and Xie, Mengwei and Zhang, Hang and Xu, Mu and Han, Yang and Yuan, Ding and Zhang, Hong and Yang, Yifan}, title = {EagleVision: A Dual-Stage Framework with BEV-grounding-based Chain-of-Thought for Spatial Intelligence}, booktitle = {Proceedings of the IEEE/CVF Conference on Computer Vision and Pattern Recognition (CVPR)}, month = {June}, year = {2026}, pages = {38637-38646} }"
Gui_Beyond_Rule-Based_Agents_Active_Markov_Games_for_Realistic_Multi-Agent_Interaction_CVPR_2026_paper,2026,0,LLM_Reasoning_Agent,LLM_Reasoning_Agent|Autonomous_Driving,18.0,0.167,Beyond Rule-Based Agents: Active Markov Games for Realistic Multi-Agent Interaction in Autonomous Driving,Yuan Gui; Hongchen Luo; Jiao Wang; Liqi Qu,4,10689-10698,True,https://openaccess.thecvf.com/content/CVPR2026/papers/Gui_Beyond_Rule-Based_Agents_Active_Markov_Games_for_Realistic_Multi-Agent_Interaction_CVPR_2026_paper.pdf,https://openaccess.thecvf.com/content/CVPR2026/supplemental/Gui_Beyond_Rule-Based_Agents_CVPR_2026_supplemental.pdf,https://openaccess.thecvf.com/content/CVPR2026/html/Gui_Beyond_Rule-Based_Agents_Active_Markov_Games_for_Realistic_Multi-Agent_Interaction_CVPR_2026_paper.html,"Current research in autonomous driving heavily relies on large-scale driving datasets for model fitting or trial-and-error learning strategies in simulation environments. However, these approaches suffer from limited behavioral diversity and fail to cover complex edge-case interactions. To address these limitations, we model the driving environment as an Active Markov Game (AMG) and introduce a multi-agent co-evolutionary training framework for more realistic interactive learning. The AMG formulation extends traditional Markov games by explicitly making state transitions and rewards dependent on the evolving strategies of the agents, thus capturing the interactive dynamics and strategic coupling between the ego vehicle and surrounding agents. Building on this, our multi-agent co-evolutionary training mechanism jointly optimizes the ego vehicle's policy and a diverse pool of opponent strategies, allowing all agents to adapt to each other's behaviors during training. This game-theoretic approach produces a robust ego agent capable of handling diverse, non-stationary driving strategies, overcoming the ""non-responsive opponent"" limitation found in prior methods. In CARLA simulations of unsignalized intersections and long-tail scenarios, our method performs exceptionally well, achieving near-perfect success rates (98%), and significantly outperforming state-of-the-art baselines such as PPO, DDPG, and IPPO in terms of generalization, safety margins, and control smoothness. These results demonstrate that our approach substantially enhances the robustness, safety, and strategic adaptability of autonomous driving in complex multi-agent environments.","@InProceedings{Gui_2026_CVPR, author = {Gui, Yuan and Luo, Hongchen and Wang, Jiao and Qu, Liqi}, title = {Beyond Rule-Based Agents: Active Markov Games for Realistic Multi-Agent Interaction in Autonomous Driving}, booktitle = {Proceedings of the IEEE/CVF Conference on Computer Vision and Pattern Recognition (CVPR)}, month = {June}, year = {2026}, pages = {10689-10698} }"
Zhou_Generalizing_Visual_Geometry_Priors_to_Sparse_Gaussian_Occupancy_Prediction_CVPR_2026_paper,2026,1,Autonomous_Driving,Autonomous_Driving,12.0,0.75,Generalizing Visual Geometry Priors to Sparse Gaussian Occupancy Prediction,Changqing Zhou; Yueru Luo; Changhao Chen,3,28578-28587,True,https://openaccess.thecvf.com/content/CVPR2026/papers/Zhou_Generalizing_Visual_Geometry_Priors_to_Sparse_Gaussian_Occupancy_Prediction_CVPR_2026_paper.pdf,https://openaccess.thecvf.com/content/CVPR2026/supplemental/Zhou_Generalizing_Visual_Geometry_CVPR_2026_supplemental.pdf,https://openaccess.thecvf.com/content/CVPR2026/html/Zhou_Generalizing_Visual_Geometry_Priors_to_Sparse_Gaussian_Occupancy_Prediction_CVPR_2026_paper.html,"Accurate 3D scene understanding is essential for embodied intelligence, with occupancy prediction emerging as a key task for reasoning about both objects and free space. Existing approaches largely rely on depth priors (e.g., DepthAnything) but make only limited use of 3D cues, restricting performance and generalization. Recently, visual geometry models such as VGGT have shown strong capability in providing rich 3D priors, but similar to monocular depth foundation models, they still operate at the level of visible surfaces rather than volumetric interiors, motivating us to explore how to more effectively leverage these increasingly powerful geometry priors for 3D occupancy prediction. We present GPOcc, a framework that leverages generalizable visual geometry priors (GPs) for monocular occupancy prediction. Our method extends surface points inward along camera rays to generate volumetric samples, which are represented as Gaussian primitives for probabilistic occupancy inference. To handle streaming input, we further design a training-free incremental update strategy that fuses per-frame Gaussians into a unified global representation. Experiments on Occ-ScanNet and EmbodiedOcc-ScanNet demonstrate significant gains: GPOcc improves mIoU by +9.99 in the monocular setting and +11.79 in the streaming setting over prior state of the art. Under the same depth prior, it achieves +6.73 mIoU while running 2.65 times faster. These results highlight that GPOcc leverages geometry priors more effectively and efficiently. Code will be released at https://github.com/JuIvyy/GPOcc.","@InProceedings{Zhou_2026_CVPR, author = {Zhou, Changqing and Luo, Yueru and Chen, Changhao}, title = {Generalizing Visual Geometry Priors to Sparse Gaussian Occupancy Prediction}, booktitle = {Proceedings of the IEEE/CVF Conference on Computer Vision and Pattern Recognition (CVPR)}, month = {June}, year = {2026}, pages = {28578-28587} }"
Ikeda_Ghost-FWL_A_Large-Scale_Full-Waveform_LiDAR_Dataset_for_Ghost_Detection_and_CVPR_2026_paper,2026,1,Autonomous_Driving,Autonomous_Driving|Object_Detection,21.0,0.524,Ghost-FWL: A Large-Scale Full-Waveform LiDAR Dataset for Ghost Detection and Removal,Kazuma Ikeda; Ryosei Hara; Rokuto Nagata; Ozora Sako; Zihao Ding; Takahiro Kado; Ibuki Fujioka; Taro Beppu; Mariko Isogawa; Kentaro Yoshioka,10,17164-17173,True,https://openaccess.thecvf.com/content/CVPR2026/papers/Ikeda_Ghost-FWL_A_Large-Scale_Full-Waveform_LiDAR_Dataset_for_Ghost_Detection_and_CVPR_2026_paper.pdf,https://openaccess.thecvf.com/content/CVPR2026/supplemental/Ikeda_Ghost-FWL_A_Large-Scale_CVPR_2026_supplemental.pdf,https://openaccess.thecvf.com/content/CVPR2026/html/Ikeda_Ghost-FWL_A_Large-Scale_Full-Waveform_LiDAR_Dataset_for_Ghost_Detection_and_CVPR_2026_paper.html,"LiDAR has become an essential sensing modality in autonomous driving, robotics, and smart-city applications. However, ghost points (or ghost), which are false reflections caused by multi-path laser returns from glass and reflective surfaces, severely degrade 3D mapping and localization accuracy. Prior ghost removal rely on geometric consistency in dense point clouds, failing on mobile LiDAR's sparse, dynamic data. We address this by exploiting full-waveform LiDAR (FWL), which captures complete temporal intensity profiles rather than just peak distances, providing crucial cues for distinguishing ghosts from genuine reflections in mobile scenarios. As this is a new task, we present Ghost-FWL, the first and largest annotated mobile FWL dataset for ghost detection and removal. Ghost-FWL comprises 24K frames across 10 diverse scenes with 7.5 billion peak-level annotations, which is 100x larger than existing annotated FWL datasets. Experiments show that our baseline outperforms existing methods in ghost removal accuracy, and our ghost removal further enhance downstream tasks such as LiDAR-based SLAM (66% trajectory error reduction) and 3D object detection (50x false positive reduction).","@InProceedings{Ikeda_2026_CVPR, author = {Ikeda, Kazuma and Hara, Ryosei and Nagata, Rokuto and Sako, Ozora and Ding, Zihao and Kado, Takahiro and Fujioka, Ibuki and Beppu, Taro and Isogawa, Mariko and Yoshioka, Kentaro}, title = {Ghost-FWL: A Large-Scale Full-Waveform LiDAR Dataset for Ghost Detection and Removal}, booktitle = {Proceedings of the IEEE/CVF Conference on Computer Vision and Pattern Recognition (CVPR)}, month = {June}, year = {2026}, pages = {17164-17173} }"
Yang_GA-VLN_Geometry-Aware_BEV_Representation_for_Efficient_Vision-Language_Navigation_CVPR_2026_paper,2026,0,Embodied_AI_Robotics,Embodied_AI_Robotics|Autonomous_Driving|Vision_Language_Multimodal,27.0,0.333,GA-VLN: Geometry-Aware BEV Representation for Efficient Vision-Language Navigation,Jiahao Yang; Zihan Wang; Xiangyang Li; Xing Zhu; Yujun Shen; Yinghao Xu; Shuqiang Jiang,7,40053-40063,True,https://openaccess.thecvf.com/content/CVPR2026/papers/Yang_GA-VLN_Geometry-Aware_BEV_Representation_for_Efficient_Vision-Language_Navigation_CVPR_2026_paper.pdf,https://openaccess.thecvf.com/content/CVPR2026/supplemental/Yang_GA-VLN_Geometry-Aware_BEV_CVPR_2026_supplemental.pdf,https://openaccess.thecvf.com/content/CVPR2026/html/Yang_GA-VLN_Geometry-Aware_BEV_Representation_for_Efficient_Vision-Language_Navigation_CVPR_2026_paper.html,"Despite significant progress in Vision-Language Navigation (VLN), existing approaches still rely on dense RGB videos that produce excessive patch tokens and lack explicit spatial structure, resulting in substantial computational overhead and limited spatial reasoning. To address these issues, we introduce the Geometry-Aware BEV (GA-BEV) --a compact, 3D-grounded feature representation that integrates both explicit and implicit geometric cues into multimodal large language model (MLLM)-based navigation systems. We construct BEV spatial maps from RGB-D inputs by projecting visual features into 3D space and aggregating them into an agent-centric layout that preserves geometric consistency while reducing token redundancy. To further enrich geometric understanding, we incorporate features from a pretrained 3D foundation model into the BEV space, injecting structural priors learned from large-scale 3D reconstruction tasks. Together, these complementary cues--explicit depth-based projection and implicit learned priors--yield compact yet spatially expressive representations that substantially improve navigation efficiency and performance. Experiments show that our method achieves state-of-the-art results using only navigation data, without DAgger augmentation or mixed VQA training, demonstrating the robustness and data efficiency of the proposed GA-VLN framework.","@InProceedings{Yang_2026_CVPR, author = {Yang, Jiahao and Wang, Zihan and Li, Xiangyang and Zhu, Xing and Shen, Yujun and Xu, Yinghao and Jiang, Shuqiang}, title = {GA-VLN: Geometry-Aware BEV Representation for Efficient Vision-Language Navigation}, booktitle = {Proceedings of the IEEE/CVF Conference on Computer Vision and Pattern Recognition (CVPR)}, month = {June}, year = {2026}, pages = {40053-40063} }"
Dan_OptiMVMap_Offline_Vectorized_Map_Construction_via_Optimal_Multi-vehicle_Perspectives_CVPR_2026_paper,2026,1,Autonomous_Driving,Autonomous_Driving,6.0,1.0,OptiMVMap: Offline Vectorized Map Construction via Optimal Multi-vehicle Perspectives,Zedong Dan; Zijie Wang; Wei Zhang; Xiangru Lin; Weiming Zhang; Xiao Tan; Jingdong Wang; Liang Lin; Guanbin Li,9,18140-18149,True,https://openaccess.thecvf.com/content/CVPR2026/papers/Dan_OptiMVMap_Offline_Vectorized_Map_Construction_via_Optimal_Multi-vehicle_Perspectives_CVPR_2026_paper.pdf,https://openaccess.thecvf.com/content/CVPR2026/supplemental/Dan_OptiMVMap_Offline_Vectorized_CVPR_2026_supplemental.pdf,https://openaccess.thecvf.com/content/CVPR2026/html/Dan_OptiMVMap_Offline_Vectorized_Map_Construction_via_Optimal_Multi-vehicle_Perspectives_CVPR_2026_paper.html,"Offline vectorized maps constitute critical infrastructure for high-precision autonomous driving and mapping services. Existing approaches rely predominantly on single ego-vehicle trajectories, which fundamentally suffer from viewpoint insufficiency: while memory-based methods extend observation time by aggregating ego-trajectory frames, they lack the spatial diversity needed to reveal occluded regions. Incorporating views from surrounding vehicles offers complementary perspectives, yet naive fusion introduces three key challenges: computational cost from large candidate pools, redundancy from near-collinear viewpoints, and noise from pose errors and occlusion artifacts. We present OptiMVMap, which reformulates multi-vehicle mapping as a select-then-fuse problem to address these challenges systematically. An Optimal Vehicle Selection (OVS) module strategically identifies a compact subset of helpers that maximally reduce ego-centric uncertainty in occluded regions, addressing computation and redundancy challenges. Cross-Vehicle Attention (CVA) and Semantic-aware Noise Filter (SNF) then perform pose-tolerant alignment and artifact suppression before BEV-level fusion, addressing the noise challenge. This targeted pipeline yields more complete and topologically faithful maps with substantially fewer views than indiscriminate aggregation. On nuScenes and Argoverse2, OptiMVMap improves MapTRv2 by +10.5 mAP and +9.3 mAP, respectively, and surpasses memory-augmented baselines MVMap and HRMapNet by +6.2 mAP and +3.8 mAP on nuScenes. These results demonstrate that uncertainty-guided selection of helper vehicles is essential for efficient and accurate multi-vehicle vectorized mapping. The code is released at https://github.com/DanZeDong/OptiMVMap.","@InProceedings{Dan_2026_CVPR, author = {Dan, Zedong and Wang, Zijie and Zhang, Wei and Lin, Xiangru and Zhang, Weiming and Tan, Xiao and Wang, Jingdong and Lin, Liang and Li, Guanbin}, title = {OptiMVMap: Offline Vectorized Map Construction via Optimal Multi-vehicle Perspectives}, booktitle = {Proceedings of the IEEE/CVF Conference on Computer Vision and Pattern Recognition (CVPR)}, month = {June}, year = {2026}, pages = {18140-18149} }"
Tang_E3AD_An_Emotion-Aware_Vision-Language-Action_Model_for_Human-Centric_End-to-End_Autonomous_Driving_CVPR_2026_paper,2026,1,Autonomous_Driving,Autonomous_Driving|Embodied_AI_Robotics|Vision_Language_Multimodal,27.0,0.333,E3AD: An Emotion-Aware Vision-Language-Action Model for Human-Centric End-to-End Autonomous Driving,Yihong Tang; Haicheng Liao; Tong Nie; Junlin He; Ao Qu; Kehua Chen; Wei Ma; Zhenning Li; Lijun Sun; Chengzhong Xu,10,10610-10620,True,https://openaccess.thecvf.com/content/CVPR2026/papers/Tang_E3AD_An_Emotion-Aware_Vision-Language-Action_Model_for_Human-Centric_End-to-End_Autonomous_Driving_CVPR_2026_paper.pdf,https://openaccess.thecvf.com/content/CVPR2026/supplemental/Tang_E3AD_An_Emotion-Aware_CVPR_2026_supplemental.pdf,https://openaccess.thecvf.com/content/CVPR2026/html/Tang_E3AD_An_Emotion-Aware_Vision-Language-Action_Model_for_Human-Centric_End-to-End_Autonomous_Driving_CVPR_2026_paper.html,"End-to-end autonomous driving (AD) systems increasingly adopt vision-language-action (VLA) models, yet they ignore the passenger's emotional state, which is central to comfort and AD acceptance. We introduce Open-Domain End-to-End (OD-E2E) AD, where an autonomous vehicle must interpret free-form natural-language commands, infer the emotion, and plan a physically feasible trajectory. We propose E3AD, an emotion-aware VLA framework that augments semantic understanding with two cognitively inspired components: a continuous Valence-Arousal-Dominance (VAD) emotion model that captures tone and urgency from language, and a dual-pathway spatial reasoning module that fuses egocentric and allocentric views for human-like spatial cognition. A consistency-oriented training scheme, combining modality pretraining with preference-based alignment, further enforces coherence between emotional intent and driving actions. Across real-world datasets, E3AD improves visual grounding and waypoint planning and achieves state-of-the-art (SOTA) VAD correlation for emotion estimation. These results show that injecting emotion into VLA-style driving yields more human-aligned grounding, planning, and feedback.","@InProceedings{Tang_2026_CVPR, author = {Tang, Yihong and Liao, Haicheng and Nie, Tong and He, Junlin and Qu, Ao and Chen, Kehua and Ma, Wei and Li, Zhenning and Sun, Lijun and Xu, Chengzhong}, title = {E3AD: An Emotion-Aware Vision-Language-Action Model for Human-Centric End-to-End Autonomous Driving}, booktitle = {Proceedings of the IEEE/CVF Conference on Computer Vision and Pattern Recognition (CVPR)}, month = {June}, year = {2026}, pages = {10610-10620} }"
