paper_id,year,is_primary,primary_topic,all_topics,topic_score,confidence,title,authors,n_authors,pages,has_abstract,pdf_url,supp_url,detail_url,abstract,bibtex
Wu_TALON_Test-time_Adaptive_Learning_for_On-the-Fly_Category_Discovery_CVPR_2026_paper,2026,1,Efficiency_Compression,Efficiency_Compression,6.0,0.5,TALON: Test-time Adaptive Learning for On-the-Fly Category Discovery,Yanan Wu; Yuhan Yan; Tailai Chen; Zhixiang Chi; ZiZhang Wu; Yi Jin; Yang Wang; Zhenbo Li,8,22259-22269,True,https://openaccess.thecvf.com/content/CVPR2026/papers/Wu_TALON_Test-time_Adaptive_Learning_for_On-the-Fly_Category_Discovery_CVPR_2026_paper.pdf,https://openaccess.thecvf.com/content/CVPR2026/supplemental/Wu_TALON_Test-time_Adaptive_CVPR_2026_supplemental.pdf,https://openaccess.thecvf.com/content/CVPR2026/html/Wu_TALON_Test-time_Adaptive_Learning_for_On-the-Fly_Category_Discovery_CVPR_2026_paper.html,"On-the-fly category discovery (OCD) aims to recognize known categories while simultaneously discovering novel ones from an unlabeled online stream, using a model trained only on labeled data. Existing approaches freeze the feature extractor trained offline and employ a hash-based framework that quantizes features into binary codes as class prototypes. However, discovering novel categories with a fixed knowledge base is counterintuitive, as the learning potential of incoming data is entirely neglected. In addition, feature quantization introduces information loss, diminishes representational expressiveness, and amplifies intra-class variance. It often results in category explosion, where a single class is fragmented into multiple pseudo-classes. To overcome these limitations, we propose a test-time adaptation framework that enables learning through discovery. It incorporates two complementary strategies: a semantic-aware prototype update and a stable test-time encoder update. The former dynamically refines class prototypes to enhance classification, whereas the latter integrates new information directly into the parameter space. Together, these components allow the model to continuously expand its knowledge base with newly encountered samples. Furthermore, we introduce a margin-aware logit calibration in the offline stage to enlarge inter-class margins and improve intra-class compactness, thereby reserving embedding space for future class discovery. Experiments on standard OCD benchmarks demonstrate that our method substantially outperforms existing hash-based state-of-the-art approaches, yielding notable improvements in novel-class accuracy and effectively mitigating category explosion. The code is publicly available at https://github.com/ynanwu/TALON.","@InProceedings{Wu_2026_CVPR, author = {Wu, Yanan and Yan, Yuhan and Chen, Tailai and Chi, Zhixiang and Wu, ZiZhang and Jin, Yi and Wang, Yang and Li, Zhenbo}, title = {TALON: Test-time Adaptive Learning for On-the-Fly Category Discovery}, booktitle = {Proceedings of the IEEE/CVF Conference on Computer Vision and Pattern Recognition (CVPR)}, month = {June}, year = {2026}, pages = {22259-22269} }"
Jia_Quant_Experts_Token-aware_Adaptive_Error_Reconstruction_with_Mixture_of_Experts_CVPR_2026_paper,2026,1,Efficiency_Compression,Efficiency_Compression|Vision_Language_Multimodal|LLM_Reasoning_Agent,22.0,0.091,Quant Experts: Token-aware Adaptive Error Reconstruction with Mixture of Experts for Large Vision-Language Models Quantization,Chenwei Jia; Baoting Li; Xuchong Zhang; Mingzhuo Wei; Bochen Lin; Hongbin Sun,6,24716-24726,True,https://openaccess.thecvf.com/content/CVPR2026/papers/Jia_Quant_Experts_Token-aware_Adaptive_Error_Reconstruction_with_Mixture_of_Experts_CVPR_2026_paper.pdf,https://openaccess.thecvf.com/content/CVPR2026/supplemental/Jia_Quant_Experts_Token-aware_CVPR_2026_supplemental.pdf,https://openaccess.thecvf.com/content/CVPR2026/html/Jia_Quant_Experts_Token-aware_Adaptive_Error_Reconstruction_with_Mixture_of_Experts_CVPR_2026_paper.html,"Post-Training Quantization (PTQ) has emerged as an effective technique for alleviating the substantial computational and memory overheads of Vision-Language Models (VLMs) by compressing both weights and activations without retraining the full model. Existing PTQ methods primarily rely on static identification and global compensation of sensitive or outlier channels, yet they often overlook the distributional differences of these important channels across inputs, leading to unsatisfactory quantization. In this work, we observe that the distributions and occurrence frequencies of important channels vary significantly both across modalities and among tokens, even within the same modality. Accordingly, we propose Quant Experts (QE), a token-aware adaptive error compensation with mixture-of-experts for VLMs quantization. QE divides the important channels into token-independent and token-dependent groups. For the former, a shared expert is designed for most tokens to compensate for global quantization error using a low-rank adapter. For the latter, routed experts including multiple routed low-rank adapters are elaborated to compensate for local quantization error related to specific tokens. Extensive experiments demonstrate that QE consistently enhances task accuracy across various quantization settings and model scales, ranging from 2B to 70B parameters, while maintaining performance comparable to full-precision models.","@InProceedings{Jia_2026_CVPR, author = {Jia, Chenwei and Li, Baoting and Zhang, Xuchong and Wei, Mingzhuo and Lin, Bochen and Sun, Hongbin}, title = {Quant Experts: Token-aware Adaptive Error Reconstruction with Mixture of Experts for Large Vision-Language Models Quantization}, booktitle = {Proceedings of the IEEE/CVF Conference on Computer Vision and Pattern Recognition (CVPR)}, month = {June}, year = {2026}, pages = {24716-24726} }"
Cheng_LongStream_Long-Sequence_Streaming_Autoregressive_Visual_Geometry_CVPR_2026_paper,2026,1,Efficiency_Compression,Efficiency_Compression,6.0,0.167,LongStream: Long-Sequence Streaming Autoregressive Visual Geometry,Chong Cheng; Xianda Chen; Tao Xie; Wei Yin; Weiqiang Ren; Qian Zhang; Xiaoyang Guo; Hao Wang,8,272-283,True,https://openaccess.thecvf.com/content/CVPR2026/papers/Cheng_LongStream_Long-Sequence_Streaming_Autoregressive_Visual_Geometry_CVPR_2026_paper.pdf,https://openaccess.thecvf.com/content/CVPR2026/supplemental/Cheng_LongStream_Long-Sequence_Streaming_CVPR_2026_supplemental.zip,https://openaccess.thecvf.com/content/CVPR2026/html/Cheng_LongStream_Long-Sequence_Streaming_Autoregressive_Visual_Geometry_CVPR_2026_paper.html,"Long-sequence streaming 3D reconstruction remains a significant open challenge. Existing autoregressive models often fail when processing long sequences because they anchor poses to the first frame, leading to attention decay, scale drift, and extrapolation errors. We introduce LongStream, a novel gauge-decoupled streaming visual geometry model for metric-scale scene reconstruction across thousands of frames under a strictly online, future-invisible setting. Our approach is threefold. First, we discard the first-frame anchor and predict keyframe-relative poses. This reformulates long-range extrapolation into a constant-difficulty local task. Second, we introduce orthogonal scale learning. This method fully disentangles geometry from scale estimation to suppress drift. Finally, we identify attention bias issues in Transformers, including attention-sink reliance and long-term KV-cache saturation. We propose cache-consistent training combined with periodic cache refresh. This approach suppresses attention biases and contamination over ultra-long sequences and reduces the gap between training and inference. Experiments show that LongStream achieves state-of-the-art performance, enabling stable, metric-scale reconstruction over kilometer-scale sequences at 18 FPS.","@InProceedings{Cheng_2026_CVPR, author = {Cheng, Chong and Chen, Xianda and Xie, Tao and Yin, Wei and Ren, Weiqiang and Zhang, Qian and Guo, Xiaoyang and Wang, Hao}, title = {LongStream: Long-Sequence Streaming Autoregressive Visual Geometry}, booktitle = {Proceedings of the IEEE/CVF Conference on Computer Vision and Pattern Recognition (CVPR)}, month = {June}, year = {2026}, pages = {272-283} }"
Ma_Pluggable_Pruning_with_Contiguous_Layer_Distillation_for_Diffusion_Transformers_CVPR_2026_paper,2026,0,Diffusion_Generative,Diffusion_Generative|Efficiency_Compression,19.0,0.368,Pluggable Pruning with Contiguous Layer Distillation for Diffusion Transformers,Jian Ma; Qirong Peng; Xujie Zhu; Peixing Xie; Chen Chen; Haonan Lu,6,18640-18650,True,https://openaccess.thecvf.com/content/CVPR2026/papers/Ma_Pluggable_Pruning_with_Contiguous_Layer_Distillation_for_Diffusion_Transformers_CVPR_2026_paper.pdf,https://openaccess.thecvf.com/content/CVPR2026/supplemental/Ma_Pluggable_Pruning_with_CVPR_2026_supplemental.zip,https://openaccess.thecvf.com/content/CVPR2026/html/Ma_Pluggable_Pruning_with_Contiguous_Layer_Distillation_for_Diffusion_Transformers_CVPR_2026_paper.html,"Diffusion Transformers (DiTs) have shown exceptional performance in image generation, yet their large parameter counts incur high computational costs, impeding deployment in resource-constrained settings. To address this, we propose Pluggable Pruning with Contiguous Layer Distillation (PPCL), a flexible structured pruning framework specifically designed for DiT architectures. First, we identify redundant layer intervals through a linear probing mechanism combined with the first-order differential trend analysis of similarity metrics. Subsequently, we propose a plug-and-play teacher-student alternating distillation scheme tailored to integrate depth-wise and width-wise pruning within a single training phase. This distillation framework enables flexible knowledge transfer across diverse pruning ratios, eliminating the need for per-configuration retraining. Extensive experiments on multiple Multi-Modal Diffusion Transformer architecture models demonstrate that PPCL achieves a 50% reduction in parameter count compared to the full model, with less than 3% degradation in key objective metrics. Notably, our method maintains high-quality image generation capabilities while achieving higher compression ratios, rendering it well-suited for resource-constrained environments.","@InProceedings{Ma_2026_CVPR, author = {Ma, Jian and Peng, Qirong and Zhu, Xujie and Xie, Peixing and Chen, Chen and Lu, Haonan}, title = {Pluggable Pruning with Contiguous Layer Distillation for Diffusion Transformers}, booktitle = {Proceedings of the IEEE/CVF Conference on Computer Vision and Pattern Recognition (CVPR)}, month = {June}, year = {2026}, pages = {18640-18650} }"
Wu_An_Efficient_Token_Compression_Framework_for_Visual_Object_Tracking_CVPR_2026_paper,2026,0,Tracking_MOT,Tracking_MOT|Efficiency_Compression,21.0,0.571,An Efficient Token Compression Framework for Visual Object Tracking,Weijing Wu; Qihua Liang; Bineng Zhong; Haiying Xia; Zhiyi Mo; Shuxiang Song,6,6857-6867,True,https://openaccess.thecvf.com/content/CVPR2026/papers/Wu_An_Efficient_Token_Compression_Framework_for_Visual_Object_Tracking_CVPR_2026_paper.pdf,,https://openaccess.thecvf.com/content/CVPR2026/html/Wu_An_Efficient_Token_Compression_Framework_for_Visual_Object_Tracking_CVPR_2026_paper.html,"Refining visual representations by eliminating their internal feature-level redundancy is crucial for simultaneously optimizing the performance and computational cost of models in visual tracking. To enhance their performance, many contemporary Transformer-based trackers leverage a larger number of historical template frames to capture richer spatio-temporal cues. However, this strategy leads to a massive number of input visual tokens. This creates two critical issues: it imposes a quadratic computational burden and can also degrade the tracker's overall performance. To bridge this gap, we propose a compress-then-interact tracking framework, ETCTrack, that learns to efficiently compress template tokens from historical template frames into a robust target representation, moving beyond handcrafted rules. Our method first employs the Adaptive Token Compressor to dynamically construct compact yet highly discriminative template tokens by filtering out redundant visual tokens. These refined template tokens are then processed by our Hierarchical Interaction Encoder to achieve a deep, adaptive interaction with the search features. Refined search features ensure subsequent precise target localization. Experiments on seven benchmarks demonstrate that our method outperforms current state-of-the-art trackers. ETCTrack-B224 reduces the number of template tokens by 60%, leading to a 21.4% reduction in MACs with only a 0.4% drop in accuracy. The source code are available at https://github.com/PJD-WJ/ETCTrack.","@InProceedings{Wu_2026_CVPR, author = {Wu, Weijing and Liang, Qihua and Zhong, Bineng and Xia, Haiying and Mo, Zhiyi and Song, Shuxiang}, title = {An Efficient Token Compression Framework for Visual Object Tracking}, booktitle = {Proceedings of the IEEE/CVF Conference on Computer Vision and Pattern Recognition (CVPR)}, month = {June}, year = {2026}, pages = {6857-6867} }"
Mori_Rethinking_Asymmetric_Quantization_Hidden_Symmetry_in_Vision_Model_Weights_CVPR_2026_paper,2026,1,Efficiency_Compression,Efficiency_Compression,20.0,0.75,Rethinking Asymmetric Quantization: Hidden Symmetry in Vision Model Weights,Masafumi Mori; Shinya Gongyo; Mitsuru Ambai,3,33609-33620,True,https://openaccess.thecvf.com/content/CVPR2026/papers/Mori_Rethinking_Asymmetric_Quantization_Hidden_Symmetry_in_Vision_Model_Weights_CVPR_2026_paper.pdf,https://openaccess.thecvf.com/content/CVPR2026/supplemental/Mori_Rethinking_Asymmetric_Quantization_CVPR_2026_supplemental.pdf,https://openaccess.thecvf.com/content/CVPR2026/html/Mori_Rethinking_Asymmetric_Quantization_Hidden_Symmetry_in_Vision_Model_Weights_CVPR_2026_paper.html,"Post-training quantization (PTQ) enables rapid deployment of deep pretrained models. In the low-bit regime, recent PTQ methods for vision models adopt asymmetric quantization (AsymQ), introducing zero-point offsets to mitigate quantization errors. However, these offsets impose substantial hardware overhead and fail to fully capture the non-symmetric structure of pretrained weight distributions, leaving many quantization levels unused.In this paper, we reveal a hidden symmetry in the pretrained weights: after removing a few sparse outliers, the distribution becomes nearly symmetric.Accordingly, we propose Dense and Additive Sparse Quantization (DASQ), which decomposes the weights into dense and sparse matrices.The dense component captures the symmetric structure around zero, while the sparse component models the removed outliers, and both can be processed in parallel and can be implemented with efficient zero-point-free computation.Experiments on image classification, object detection, and instance segmentation show that DASQ surpasses state-of-the-art PTQ methods with lower BOPs. On an FPGA, DASQ also demonstrates higher accuracy and lower power consumption than AsymQ at comparable throughput.","@InProceedings{Mori_2026_CVPR, author = {Mori, Masafumi and Gongyo, Shinya and Ambai, Mitsuru}, title = {Rethinking Asymmetric Quantization: Hidden Symmetry in Vision Model Weights}, booktitle = {Proceedings of the IEEE/CVF Conference on Computer Vision and Pattern Recognition (CVPR)}, month = {June}, year = {2026}, pages = {33609-33620} }"
Tenison_AdaBet_Gradient-free_Layer_Selection_for_Efficient_Training_of_Deep_Neural_CVPR_2026_paper,2026,1,Efficiency_Compression,Efficiency_Compression,6.0,1.0,AdaBet: Gradient-free Layer Selection for Efficient Training of Deep Neural Networks,Irene Tenison; Soumyajit Chatterjee; Fahim Kawsar; Mohammad Malekzadeh,4,20233-20242,True,https://openaccess.thecvf.com/content/CVPR2026/papers/Tenison_AdaBet_Gradient-free_Layer_Selection_for_Efficient_Training_of_Deep_Neural_CVPR_2026_paper.pdf,https://openaccess.thecvf.com/content/CVPR2026/supplemental/Tenison_AdaBet_Gradient-free_Layer_CVPR_2026_supplemental.pdf,https://openaccess.thecvf.com/content/CVPR2026/html/Tenison_AdaBet_Gradient-free_Layer_Selection_for_Efficient_Training_of_Deep_Neural_CVPR_2026_paper.html,"To utilize pre-trained neural networks on edge and mobile devices, we often require efficient adaptation to user-specific runtime data distributions while operating under limited compute and memory resources. On-device retraining with a target dataset can facilitate such adaptations; however, it remains impractical due to the increasing depth of modern neural nets, as well as the computational overhead associated with gradient-based optimization across all layers. Current approaches reduce training cost by selecting a subset of layers for retraining; however, they rely on labeled data, at least one full-model backpropagation, or server-side meta-training, limiting their suitability for constrained devices. We introduce AdaBet, a gradient-free layer selection approach to rank important layers, followed by important channels of these layers, by analyzing topological features of their activation spaces through Betti Numbers and using forward passes alone. AdaBet allows selecting layers and channels with high learning capacity, which are important for retraining and adaptation, without requiring labels or gradients. Evaluating AdaBet on sixteen pairs of benchmark models and datasets shows AdaBet achieves an average gain of 2.5% more classification accuracy over gradient-based baselines while reducing average peak memory consumption by 40%. We open-source our code at https://github.com/Nokia-Bell-Labs/efficient_layer_selection","@InProceedings{Tenison_2026_CVPR, author = {Tenison, Irene and Chatterjee, Soumyajit and Kawsar, Fahim and Malekzadeh, Mohammad}, title = {AdaBet: Gradient-free Layer Selection for Efficient Training of Deep Neural Networks}, booktitle = {Proceedings of the IEEE/CVF Conference on Computer Vision and Pattern Recognition (CVPR)}, month = {June}, year = {2026}, pages = {20233-20242} }"
Xiang_Fine-Grained_Post-Training_Quantization_for_Large_Vision_Language_Models_with_Quantization-Aware_CVPR_2026_paper,2026,1,Efficiency_Compression,Efficiency_Compression|Recognition_Classification|Vision_Language_Multimodal|LLM_Reasoning_Agent,30.0,0.5,Fine-Grained Post-Training Quantization for Large Vision Language Models with Quantization-Aware Integrated Gradients,Ziwei Xiang; Fanhu Zeng; Hongjian Fang; Rui-Qi Wang; Renxing Chen; Yanan Zhu; Yi Chen; Peipei Yang; Xu-Yao Zhang,9,3500-3510,True,https://openaccess.thecvf.com/content/CVPR2026/papers/Xiang_Fine-Grained_Post-Training_Quantization_for_Large_Vision_Language_Models_with_Quantization-Aware_CVPR_2026_paper.pdf,https://openaccess.thecvf.com/content/CVPR2026/supplemental/Xiang_Fine-Grained_Post-Training_Quantization_CVPR_2026_supplemental.pdf,https://openaccess.thecvf.com/content/CVPR2026/html/Xiang_Fine-Grained_Post-Training_Quantization_for_Large_Vision_Language_Models_with_Quantization-Aware_CVPR_2026_paper.html,"Large Vision Language Models (LVLMs) have achieved remarkable success in a wide range of downstream tasks that require multimodal interaction, but their powerful capabilities come with substantial computational and memory overhead, which hinders practical deployment. Among numerous acceleration techniques, post-training quantization is a popular and effective strategy for reducing memory cost and accelerating inference. However, existing LVLM quantization methods typically measure token sensitivity at the modality level, which fails to capture the rich and complex cross-token interactions and falls short in quantitatively measuring the quantization error at the token level. As tokens interact within the model, the distinction between modalities gradually diminishes, suggesting the need for fine-grained calibration. Inspired by axiomatic attribution in mechanistic interpretability, we introduce a fine-grained quantization strategy based on Quantization-aware Integrated Gradients (QIG), which leverages integrated gradients to quantitatively evaluate token sensitivity and push the granularity from modality level to token level, reflecting both inter-modality and intra-modality dynamics. Extensive experiments on multiple LVLMs under both W4A8 and W3A16 settings show that our method consistently improves accuracy across models and benchmarks with negligible latency overhead. For example, under 3-bit weight-only quantization, our method improves the average accuracy of LLaVA-onevision-7B by 1.60%, reducing the gap to its full-precision counterpart to only 1.33%. The code is available at https://github.com/ucas-xiang/QIG.","@InProceedings{Xiang_2026_CVPR, author = {Xiang, Ziwei and Zeng, Fanhu and Fang, Hongjian and Wang, Rui-Qi and Chen, Renxing and Zhu, Yanan and Chen, Yi and Yang, Peipei and Zhang, Xu-Yao}, title = {Fine-Grained Post-Training Quantization for Large Vision Language Models with Quantization-Aware Integrated Gradients}, booktitle = {Proceedings of the IEEE/CVF Conference on Computer Vision and Pattern Recognition (CVPR)}, month = {June}, year = {2026}, pages = {3500-3510} }"
Choi_DocPrune_Efficient_Document_Question_Answering_via_Background_Question_and_Comprehension-aware_CVPR_2026_paper,2026,1,Efficiency_Compression,Efficiency_Compression,32.0,0.812,"DocPrune: Efficient Document Question Answering via Background, Question, and Comprehension-aware Token Pruning",Joonmyung Choi; Sanghyeok Lee; Jongha Kim; Sehyung Kim; Dohwan Ko; Jihyung Kil; Hyunwoo J. Kim,7,3543-3552,True,https://openaccess.thecvf.com/content/CVPR2026/papers/Choi_DocPrune_Efficient_Document_Question_Answering_via_Background_Question_and_Comprehension-aware_CVPR_2026_paper.pdf,https://openaccess.thecvf.com/content/CVPR2026/supplemental/Choi_DocPrune_Efficient_Document_CVPR_2026_supplemental.pdf,https://openaccess.thecvf.com/content/CVPR2026/html/Choi_DocPrune_Efficient_Document_Question_Answering_via_Background_Question_and_Comprehension-aware_CVPR_2026_paper.html,"Recent advances in vision-language models have shown strong performance across diverse multimodal tasks, including document question answering that leverages structured visual cues from text, tables, and figures. However, unlike natural images, document images contain large backgrounds and only sparse supporting evidence, leading to the waste of substantial computational resources, especially for long documents. We observe that existing token reduction methods for natural images and videos fall short in utilizing the structural sparsity unique to documents. To address this, we propose DOCPRUNE, a training-free document token pruning framework designed for efficient long document understanding. The proposed method preserves only the essential tokens for the task while removing unnecessary ones, such as background or question-irrelevant tokens. Moreover, it automatically selects the appropriate layers to initiate token pruning based on the model's level of comprehension. Our experiments on the M3DocRAG benchmark show that DOCPRUNE improves throughput by 3.0x and 3.3x in the encoder and decoder, respectively, while boosting the F1 score by +1.0, achieving both higher accuracy and efficiency without any additional training.","@InProceedings{Choi_2026_CVPR, author = {Choi, Joonmyung and Lee, Sanghyeok and Kim, Jongha and Kim, Sehyung and Ko, Dohwan and Kil, Jihyung and Kim, Hyunwoo J.}, title = {DocPrune: Efficient Document Question Answering via Background, Question, and Comprehension-aware Token Pruning}, booktitle = {Proceedings of the IEEE/CVF Conference on Computer Vision and Pattern Recognition (CVPR)}, month = {June}, year = {2026}, pages = {3543-3552} }"
Kerssies_A_Frame_is_Worth_One_Token_Efficient_Generative_World_Modeling_CVPR_2026_paper,2026,1,Efficiency_Compression,Efficiency_Compression,5.0,0.2,A Frame is Worth One Token: Efficient Generative World Modeling with Delta Tokens,Tommie Kerssies; Gabriele Berton; Ju He; Qihang Yu; Wufei Ma; Daan de Geus; Gijs Dubbelman; Liang-Chieh Chen,8,27978-27988,True,https://openaccess.thecvf.com/content/CVPR2026/papers/Kerssies_A_Frame_is_Worth_One_Token_Efficient_Generative_World_Modeling_CVPR_2026_paper.pdf,https://openaccess.thecvf.com/content/CVPR2026/supplemental/Kerssies_A_Frame_is_CVPR_2026_supplemental.pdf,https://openaccess.thecvf.com/content/CVPR2026/html/Kerssies_A_Frame_is_Worth_One_Token_Efficient_Generative_World_Modeling_CVPR_2026_paper.html,"Anticipating diverse future states is a central challenge in video world modeling. Discriminative world models produce deterministic predictions that implicitly average over possible futures, while existing generative world models remain computationally expensive. Recent work demonstrates that predicting the future in the feature space of a vision foundation model (VFM), rather than a latent space optimized for pixel reconstruction, requires significantly fewer world model parameters. However, most such approaches remain discriminative. In this work, we introduce DeltaWorld, a generative VFM-based world model that efficiently generates diverse plausible futures. At the core of DeltaWorld is DeltaTok, a tokenizer that encodes the feature difference between consecutive frames into a single continuous ""delta"" token, reducing video from a three-dimensional spatio-temporal representation to a one-dimensional temporal sequence. For example, this yields a 1,024x token reduction with 512x512 frames. Delta tokens enable efficient and effective multi-hypothesis training, where many diverse futures are generated in parallel and only the best is supervised. At inference, this leads to diverse predictions in a single forward pass. Experiments on dense forecasting tasks demonstrate that DeltaWorld forecasts futures that more closely align with real-world outcomes, while having over 35x fewer parameters and using 2,000x fewer FLOPs than existing generative world models. Project page: https://deltatok.github.io.","@InProceedings{Kerssies_2026_CVPR, author = {Kerssies, Tommie and Berton, Gabriele and He, Ju and Yu, Qihang and Ma, Wufei and de Geus, Daan and Dubbelman, Gijs and Chen, Liang-Chieh}, title = {A Frame is Worth One Token: Efficient Generative World Modeling with Delta Tokens}, booktitle = {Proceedings of the IEEE/CVF Conference on Computer Vision and Pattern Recognition (CVPR)}, month = {June}, year = {2026}, pages = {27978-27988} }"
Zhang_High-Quality_and_Efficient_Turbulence_Mitigation_with_Events_CVPR_2026_paper,2026,1,Efficiency_Compression,Efficiency_Compression,4.0,1.0,High-Quality and Efficient Turbulence Mitigation with Events,Xiaoran Zhang; Jian Ding; Yuxing Duan; Haoyue Liu; Gang Chen; Yi Chang; Luxin Yan,7,29514-29525,True,https://openaccess.thecvf.com/content/CVPR2026/papers/Zhang_High-Quality_and_Efficient_Turbulence_Mitigation_with_Events_CVPR_2026_paper.pdf,https://openaccess.thecvf.com/content/CVPR2026/supplemental/Zhang_High-Quality_and_Efficient_CVPR_2026_supplemental.zip,https://openaccess.thecvf.com/content/CVPR2026/html/Zhang_High-Quality_and_Efficient_Turbulence_Mitigation_with_Events_CVPR_2026_paper.html,"Turbulence mitigation (TM) is highly ill-posed due to the stochastic nature of atmospheric turbulence. Most methods rely on multiple frames recorded by conventional cameras to capture stable patterns in natural scenarios. However, they inevitably suffer from a trade-off between accuracy and efficiency: more frames enhance restoration at the cost of higher system latency and larger data overhead. Event cameras, equipped with microsecond temporal resolution and efficient sensing of dynamic changes, offer an opportunity to break the bottleneck. In this work, we present EHETM, a high-quality and efficient TM method inspired by the superiority of events to model motions in continuous sequences. We discover two key phenomena: (1) turbulence-induced events exhibit distinct polarity alternation correlated with sharp image gradients, providing structural cues for restoring scenes; and (2) dynamic objects form spatiotemporally coherent ""event tubes"" in contrast to irregular patterns within turbulent events, providing motion priors for disentangling objects from turbulence. Based on these insights, we design two complementary modules that respectively leverage polarity-weighted gradients for scene refinement and event-tube constraints for motion decoupling, achieving high-quality restoration with few frames. Furthermore, we construct two real-world event-frame turbulence datasets covering atmospheric and thermal cases. Extensive experiments show that EHETM outperforms SOTA methods, especially under scenes with dynamic objects, while reducing data overhead and system latency by approximately 77.3% and 89.5%, respectively.","@InProceedings{Zhang_2026_CVPR, author = {Zhang, Xiaoran and Ding, Jian and Duan, Yuxing and Liu, Haoyue and Chen, Gang and Chang, Yi and Yan, Luxin}, title = {High-Quality and Efficient Turbulence Mitigation with Events}, booktitle = {Proceedings of the IEEE/CVF Conference on Computer Vision and Pattern Recognition (CVPR)}, month = {June}, year = {2026}, pages = {29514-29525} }"
Wang_Rethinking_Token_Reduction_for_Large_Vision-Language_Models_CVPR_2026_paper,2026,0,Vision_Language_Multimodal,Vision_Language_Multimodal|LLM_Reasoning_Agent|Efficiency_Compression,21.0,0.095,Rethinking Token Reduction for Large Vision-Language Models,Yi Wang; Haofei Zhang; Qihan Huang; Anda Cao; Gongfan Fang; Wei Wang; Xuan Jin; Jie Song; Mingli Song; Xinchao Wang,10,24727-24737,True,https://openaccess.thecvf.com/content/CVPR2026/papers/Wang_Rethinking_Token_Reduction_for_Large_Vision-Language_Models_CVPR_2026_paper.pdf,https://openaccess.thecvf.com/content/CVPR2026/supplemental/Wang_Rethinking_Token_Reduction_CVPR_2026_supplemental.pdf,https://openaccess.thecvf.com/content/CVPR2026/html/Wang_Rethinking_Token_Reduction_for_Large_Vision-Language_Models_CVPR_2026_paper.html,"Large Vision-Language Models (LVLMs) excel in visual understanding and reasoning, but the excessive visual tokens lead to high inference costs. Although recent token reduction methods mitigate this issue, they mainly target single-turn Visual Question Answering (VQA), leaving the more practical multi-turn VQA (MT-VQA) scenario largely unexplored. MT-VQA introduces additional challenges, as subsequent questions are unknown beforehand and may refer to arbitrary image regions, making existing reduction strategies ineffective. Specifically, current approaches fall into two categories: prompt-dependent methods, which bias toward the initial text prompt and discard information useful for subsequent turns; prompt-agnostic ones, which, though technically applicable to multi-turn settings, rely on heuristic reduction metrics such as attention scores, leading to suboptimal performance. In this paper, we propose a learning-based prompt-agnostic method, termed MetaCompress, overcoming the limitations of heuristic designs. We begin by formulating token reduction as a learnable compression mapping, unifying existing formats such as pruning and merging into a single learning objective. Upon this formulation, we introduce a data-efficient training paradigm capable of learning optimal compression mappings with limited computational costs. Extensive experiments on MT-VQA benchmarks and across multiple LVLM architectures demonstrate that MetaCompress achieves superior efficiency-accuracy trade-offs while maintaining strong generalization across dialogue turns. Our code is available at https://github.com/MArSha1147/MetaCompress.","@InProceedings{Wang_2026_CVPR, author = {Wang, Yi and Zhang, Haofei and Huang, Qihan and Cao, Anda and Fang, Gongfan and Wang, Wei and Jin, Xuan and Song, Jie and Song, Mingli and Wang, Xinchao}, title = {Rethinking Token Reduction for Large Vision-Language Models}, booktitle = {Proceedings of the IEEE/CVF Conference on Computer Vision and Pattern Recognition (CVPR)}, month = {June}, year = {2026}, pages = {24727-24737} }"
Xue_Stand-In_A_Lightweight_and_Plug-and-Play_Identity_Control_for_Video_Generation_CVPR_2026_paper,2026,0,Video_Action_Recognition,Video_Action_Recognition|Efficiency_Compression,18.0,0.556,Stand-In: A Lightweight and Plug-and-Play Identity Control for Video Generation,Bowen Xue; Zheng-Peng Duan; Qixin Yan; Wenjing Wang; Hao Liu; Chun-Le Guo; Chongyi Li; Chen Li; Jing Lyu,9,23314-23324,True,https://openaccess.thecvf.com/content/CVPR2026/papers/Xue_Stand-In_A_Lightweight_and_Plug-and-Play_Identity_Control_for_Video_Generation_CVPR_2026_paper.pdf,,https://openaccess.thecvf.com/content/CVPR2026/html/Xue_Stand-In_A_Lightweight_and_Plug-and-Play_Identity_Control_for_Video_Generation_CVPR_2026_paper.html,"Generating high-fidelity human videos that match user-specified identities is important yet challenging in the field of generative AI.Existing methods often rely on an excessive number of training parameters and lack compatibility with other AIGC tools.In this paper, we propose Stand-In, a lightweight and plug-and-play framework for identity preservation in video generation.Specifically, we introduce a conditional image branch into the pre-trained video generation model.Identity control is achieved through restricted self-attentions with conditional position mapping.Thanks to these designs, which greatly preserve the pretrained prior of the video generation model, our approach is able to outperform other full-parameter training methods in video quality and identity preservation, even with just 1% additional parameters and only 2000 training pairs.Moreover, our framework can be seamlessly integrated for other tasks, such as subject-driven video generation, pose-referenced video generation, stylization, and face swapping.Code and dataset will be available to the community.","@InProceedings{Xue_2026_CVPR, author = {Xue, Bowen and Duan, Zheng-Peng and Yan, Qixin and Wang, Wenjing and Liu, Hao and Guo, Chun-Le and Li, Chongyi and Li, Chen and Lyu, Jing}, title = {Stand-In: A Lightweight and Plug-and-Play Identity Control for Video Generation}, booktitle = {Proceedings of the IEEE/CVF Conference on Computer Vision and Pattern Recognition (CVPR)}, month = {June}, year = {2026}, pages = {23314-23324} }"
Nan_Accelerating_Autoregressive_Video_Diffusion_via_History-Guided_Cache_and_Residual_Correction_CVPR_2026_paper,2026,1,Efficiency_Compression,Efficiency_Compression|Video_Action_Recognition|Diffusion_Generative,15.0,0.333,Accelerating Autoregressive Video Diffusion via History-Guided Cache and Residual Correction,Kepan Nan; Wangbo Zhao; Penghao Zhou; Jun Li; Zhenheng Yang; Jian Yang; Ying Tai,7,43740-43750,True,https://openaccess.thecvf.com/content/CVPR2026/papers/Nan_Accelerating_Autoregressive_Video_Diffusion_via_History-Guided_Cache_and_Residual_Correction_CVPR_2026_paper.pdf,https://openaccess.thecvf.com/content/CVPR2026/supplemental/Nan_Accelerating_Autoregressive_Video_CVPR_2026_supplemental.pdf,https://openaccess.thecvf.com/content/CVPR2026/html/Nan_Accelerating_Autoregressive_Video_Diffusion_via_History-Guided_Cache_and_Residual_Correction_CVPR_2026_paper.html,"Caching-based acceleration methods have recently driven significant progress in efficient video generation with diffusion models. However, we identify a critical limitation when directly applying these acceleration techniques to auto-regressive video diffusion models, which generate long videos by sequentially synthesizing segments conditioned on historical context. In such settings, any approximation errors introduced by acceleration tend to propagate and accumulate over time, resulting in severe error accumulation and progressive degradation of video quality. To address this challenge, we propose ARCache, the first training-free caching-based acceleration framework specifically designed for auto-regressive video diffusion models. ARCache improves both the timing and quality of caching through two key components. First, History-Guided Cache (HGC) leverages historical information to adaptively schedule caching for each segment, enabling more accurate and efficient cache utilization. Second, Enhanced Residual Correction (ERC) adaptively refines the residual trajectory for subsequent segments, effectively mitigating error accumulation while introducing minimal computational overhead. Extensive experiments on FramePack-F1, SkyReels-V2, and auto-regressive world model Matrix-Game demonstrate that ARCache achieves state-of-the-art acceleration and visual fidelity.","@InProceedings{Nan_2026_CVPR, author = {Nan, Kepan and Zhao, Wangbo and Zhou, Penghao and Li, Jun and Yang, Zhenheng and Yang, Jian and Tai, Ying}, title = {Accelerating Autoregressive Video Diffusion via History-Guided Cache and Residual Correction}, booktitle = {Proceedings of the IEEE/CVF Conference on Computer Vision and Pattern Recognition (CVPR)}, month = {June}, year = {2026}, pages = {43740-43750} }"
Lv_HyperNAS_Enhancing_Architecture_Representation_for_NAS_Predictor_via_Hypernetwork_CVPR_2026_paper,2026,1,Efficiency_Compression,Efficiency_Compression,15.0,0.8,HyperNAS: Enhancing Architecture Representation for NAS Predictor via Hypernetwork,Jindi Lv; Yuhao Zhou; Yuxin Tian; Qing Ye; Wentao Feng; Jiancheng Lv,6,12955-12965,True,https://openaccess.thecvf.com/content/CVPR2026/papers/Lv_HyperNAS_Enhancing_Architecture_Representation_for_NAS_Predictor_via_Hypernetwork_CVPR_2026_paper.pdf,https://openaccess.thecvf.com/content/CVPR2026/supplemental/Lv_HyperNAS_Enhancing_Architecture_CVPR_2026_supplemental.pdf,https://openaccess.thecvf.com/content/CVPR2026/html/Lv_HyperNAS_Enhancing_Architecture_Representation_for_NAS_Predictor_via_Hypernetwork_CVPR_2026_paper.html,"Time-intensive performance evaluations significantly impede progress in Neural Architecture Search (NAS). To address this, neural predictors leverage surrogate models trained on proxy datasets, allowing for direct performance predictions for new architectures.However, these predictors often exhibit poor generalization due to their limited ability to capture intricate relationships among various architectures. In this paper, we propose HyperNAS, a novel neural predictor paradigm for enhancing architecture representation learning. HyperNAS consists of two primary components: a global encoding scheme and a shared hypernetwork. The global encoding scheme is devised to capture the comprehensive macro-structure information, while the shared hypernetwork serves as an auxiliary task to enhance the investigation of inter-architecture patterns. To ensure training stability, we further develop a dynamic adaptive multi-task loss to facilitate personalized exploration on the Pareto front. Extensive experiments across five representative search spaces, including ViTs, demonstrate the advantages of HyperNAS, particularly in few-shot scenarios. For instance, HyperNAS strikes new state-of-the-art results, with 97.60% top-1 accuracy on CIFAR-10 and 82.4% top-1 accuracy on ImageNet, using at least 5.0xfewer samples.","@InProceedings{Lv_2026_CVPR, author = {Lv, Jindi and Zhou, Yuhao and Tian, Yuxin and Ye, Qing and Feng, Wentao and Lv, Jiancheng}, title = {HyperNAS: Enhancing Architecture Representation for NAS Predictor via Hypernetwork}, booktitle = {Proceedings of the IEEE/CVF Conference on Computer Vision and Pattern Recognition (CVPR)}, month = {June}, year = {2026}, pages = {12955-12965} }"
Wang_HTTM_Head-wise_Temporal_Token_Merging_for_Faster_VGGT_CVPR_2026_paper,2026,1,Efficiency_Compression,Efficiency_Compression|LowLevel_Flow_Depth_Matching,15.0,0.6,HTTM: Head-wise Temporal Token Merging for Faster VGGT,Weitian Wang; Lukas Meiner; Rai Shubham; Cecilia De La Parra; Akash Kumar,5,26379-26388,True,https://openaccess.thecvf.com/content/CVPR2026/papers/Wang_HTTM_Head-wise_Temporal_Token_Merging_for_Faster_VGGT_CVPR_2026_paper.pdf,https://openaccess.thecvf.com/content/CVPR2026/supplemental/Wang_HTTM_Head-wise_Temporal_CVPR_2026_supplemental.pdf,https://openaccess.thecvf.com/content/CVPR2026/html/Wang_HTTM_Head-wise_Temporal_Token_Merging_for_Faster_VGGT_CVPR_2026_paper.html,"The Visual Geometry Grounded Transformer (VGGT) marks a significant leap forward in 3D scene reconstruction, as it is the first model that directly infers all key 3D attributes (camera poses, depths, and dense geometry) jointly in one pass. However, this joint inference mechanism requires global attention layers that perform all-to-all attention computation on tokens from all views. For reconstruction of large scenes with long-sequence inputs, this causes a significant latency bottleneck. In this paper, we propose head-wise temporal merging (HTTM), a training-free 3D token merging method for accelerating VGGT. Existing merging techniques merge tokens uniformly across different attention heads, resulting in identical tokens in the layers' output, which hinders the model's representational ability. HTTM tackles this problem by merging tokens in multi-head granularity, which preserves the uniqueness of feature tokens after head concatenation. Additionally, this enables HTTM to leverage the spatial locality and temporal correspondence observed at the head level to achieve higher merging ratios with lower merging costs compared to existing methods. Thus, HTTM achieves up to 7x acceleration with negligible performance drops in a GPU-based inference.","@InProceedings{Wang_2026_CVPR, author = {Wang, Weitian and Meiner, Lukas and Shubham, Rai and De La Parra, Cecilia and Kumar, Akash}, title = {HTTM: Head-wise Temporal Token Merging for Faster VGGT}, booktitle = {Proceedings of the IEEE/CVF Conference on Computer Vision and Pattern Recognition (CVPR)}, month = {June}, year = {2026}, pages = {26379-26388} }"
Haghighi_SenCache_Accelerating_Diffusion_Model_Inference_via_Sensitivity-Aware_Caching_CVPR_2026_paper,2026,1,Efficiency_Compression,Efficiency_Compression|Diffusion_Generative|Restoration_Enhancement,13.0,0.077,SenCache: Accelerating Diffusion Model Inference via Sensitivity-Aware Caching,Yasaman Haghighi; Alexandre Alahi,2,14295-14304,True,https://openaccess.thecvf.com/content/CVPR2026/papers/Haghighi_SenCache_Accelerating_Diffusion_Model_Inference_via_Sensitivity-Aware_Caching_CVPR_2026_paper.pdf,https://openaccess.thecvf.com/content/CVPR2026/supplemental/Haghighi_SenCache_Accelerating_Diffusion_CVPR_2026_supplemental.pdf,https://openaccess.thecvf.com/content/CVPR2026/html/Haghighi_SenCache_Accelerating_Diffusion_Model_Inference_via_Sensitivity-Aware_Caching_CVPR_2026_paper.html,"Diffusion models achieve state-of-the-art video generation quality, but their inference remains expensive due to the large number of sequential denoising steps. This has motivated a growing line of research on accelerating diffusion inference. Among training-free acceleration methods, caching reduces computation by reusing previously computed model outputs across timesteps. Existing caching methods rely on heuristic criteria to choose cache/reuse timesteps and require extensive tuning. We address this limitation with a principled sensitivity-aware caching framework. Specifically, we formalize the caching error through an analysis of the model output sensitivity to perturbations in the denoising inputs, i.e., the noisy latent and the timestep, and show that this sensitivity is a key predictor of caching error. Based on this analysis, we propose Sensitivity-Aware Caching (SenCache), a dynamic caching policy that adaptively selects caching timesteps on a per-sample basis. Our framework provides a theoretical basis for adaptive caching, explains why prior empirical heuristics can be partially effective, and extends them to a dynamic, sample-specific approach. Experiments on Wan 2.1, CogVideoX, and LTX-Video show that SenCache achieves better visual quality than existing caching methods under similar computational budgets.","@InProceedings{Haghighi_2026_CVPR, author = {Haghighi, Yasaman and Alahi, Alexandre}, title = {SenCache: Accelerating Diffusion Model Inference via Sensitivity-Aware Caching}, booktitle = {Proceedings of the IEEE/CVF Conference on Computer Vision and Pattern Recognition (CVPR)}, month = {June}, year = {2026}, pages = {14295-14304} }"
Park_Basis-Oriented_Low-rank_Transfer_for_Few-Shot_and_Test-Time_Adaptation_CVPR_2026_paper,2026,0,Transfer_FewShot_DomainAdaptation,Transfer_FewShot_DomainAdaptation|Efficiency_Compression,18.0,0.444,Basis-Oriented Low-rank Transfer for Few-Shot and Test-Time Adaptation,Junghwan Park; Woojin Cho; Junhyuk Heo; Darongsae Kwon; Kookjin Lee,5,860-870,True,https://openaccess.thecvf.com/content/CVPR2026/papers/Park_Basis-Oriented_Low-rank_Transfer_for_Few-Shot_and_Test-Time_Adaptation_CVPR_2026_paper.pdf,https://openaccess.thecvf.com/content/CVPR2026/supplemental/Park_Basis-Oriented_Low-rank_Transfer_CVPR_2026_supplemental.pdf,https://openaccess.thecvf.com/content/CVPR2026/html/Park_Basis-Oriented_Low-rank_Transfer_for_Few-Shot_and_Test-Time_Adaptation_CVPR_2026_paper.html,"Adapting large pre-trained models to unseen tasks under tight data and compute budgets remains challenging. Meta-learning approaches explicitly learn good initializations, but they require an additional meta-training phase over many tasks, incur high training cost, and can be unstable. At the same time, the number of task-specific pre-trained models continues to grow, yet the question of how to transfer them to new tasks with minimal additional training remains relatively underexplored. We propose BOLT (Basis-Oriented Low-rank Transfer), a framework that reuses existing fine-tuned models not by merging weights, but instead by extracting an orthogonal, task-informed spectral basis and adapting within that subspace.In the offline phase, BOLT collects dominant singular directions from multiple task vectors and orthogonalizes them per layer to form reusable bases. In the online phase, we freeze these bases and train only a small set of diagonal coefficients per layer for the new task, yielding a rank-controlled update with very few trainable parameters. This design provides (i) a strong, training-free initialization for unseen tasks, obtained by pooling source-task coefficients--along with a lightweight rescaling step--while leveraging the shared orthogonal bases, and (ii) a parameter-efficient fine-tuning (PEFT) path that, in our experiments, achieves robust performance compared to common PEFT baselines as well as a representative meta-learned initialization. Our results show that constraining adaptation to a task-informed orthogonal subspace provides an effective alternative for unseen-task transfer.","@InProceedings{Park_2026_CVPR, author = {Park, Junghwan and Cho, Woojin and Heo, Junhyuk and Kwon, Darongsae and Lee, Kookjin}, title = {Basis-Oriented Low-rank Transfer for Few-Shot and Test-Time Adaptation}, booktitle = {Proceedings of the IEEE/CVF Conference on Computer Vision and Pattern Recognition (CVPR)}, month = {June}, year = {2026}, pages = {860-870} }"
Huang_LRDUN_A_Low-Rank_Deep_Unfolding_Network_for_Efficient_Spectral_Compressive_CVPR_2026_paper,2026,1,Efficiency_Compression,Efficiency_Compression,10.0,1.0,LRDUN: A Low-Rank Deep Unfolding Network for Efficient Spectral Compressive Imaging,He Huang; Yujun Guo; Wei He,3,10556-10566,True,https://openaccess.thecvf.com/content/CVPR2026/papers/Huang_LRDUN_A_Low-Rank_Deep_Unfolding_Network_for_Efficient_Spectral_Compressive_CVPR_2026_paper.pdf,https://openaccess.thecvf.com/content/CVPR2026/supplemental/Huang_LRDUN_A_Low-Rank_CVPR_2026_supplemental.pdf,https://openaccess.thecvf.com/content/CVPR2026/html/Huang_LRDUN_A_Low-Rank_Deep_Unfolding_Network_for_Efficient_Spectral_Compressive_CVPR_2026_paper.html,"Deep unfolding networks (DUNs) have achieved remarkable success and become the mainstream paradigm for spectral compressive imaging (SCI) reconstruction. Existing DUNs are derived from full-HSI imaging models, where each stage operates directly on the high-dimensional HSI, refining the entire data cube based on the single 2D coded measurement. However, this paradigm leads to computational redundancy and suffers from the ill-posed nature of mapping 2D residuals back to 3D space of HSI. In this paper, we propose two novel imaging models corresponding to the spectral basis and subspace image by explicitly integrating low-rank (LR) decomposition with the sensing model. Compared to recovering the full HSI, estimating these compact low-dimensional components significantly mitigates the ill-posedness. Building upon these novel models, we develop the Low-Rank Deep Unfolding Network (LRDUN), which jointly solves the two subproblems within an unfolded proximal gradient descent (PGD) framework. Furthermore, we introduce a Generalized Feature Unfolding Mechanism (GFUM) that decouples the physical rank in the data-fidelity term from the feature dimensionality in the prior module, enhancing the representational capacity and flexibility of the network. Extensive experiments on simulated and real datasets demonstrate that the proposed LRDUN achieves state-of-the-art (SOTA) reconstruction quality with significantly reduced computational cost. Code is available at https://github.com/huang-he99/LRDUN.","@InProceedings{Huang_2026_CVPR, author = {Huang, He and Guo, Yujun and He, Wei}, title = {LRDUN: A Low-Rank Deep Unfolding Network for Efficient Spectral Compressive Imaging}, booktitle = {Proceedings of the IEEE/CVF Conference on Computer Vision and Pattern Recognition (CVPR)}, month = {June}, year = {2026}, pages = {10556-10566} }"
Chen_Multi-level_Causal_LLM-based_Text-to-Motion_Generation_with_Human_Alignment_CVPR_2026_paper,2026,0,LLM_Reasoning_Agent,LLM_Reasoning_Agent|Efficiency_Compression|Recognition_Classification,19.0,0.526,Multi-level Causal LLM-based Text-to-Motion Generation with Human Alignment,Xiaodong Chen; Qian Bao; Xudong Liu; Jianping Fang; Jintao Fang; Yongdong Zhang; Tao Mei; Wu Liu,8,9342-9351,True,https://openaccess.thecvf.com/content/CVPR2026/papers/Chen_Multi-level_Causal_LLM-based_Text-to-Motion_Generation_with_Human_Alignment_CVPR_2026_paper.pdf,https://openaccess.thecvf.com/content/CVPR2026/supplemental/Chen_Multi-level_Causal_LLM-based_CVPR_2026_supplemental.pdf,https://openaccess.thecvf.com/content/CVPR2026/html/Chen_Multi-level_Causal_LLM-based_Text-to-Motion_Generation_with_Human_Alignment_CVPR_2026_paper.html,"Although progress has been made in LLM-based text-driven motion generation, it still has the limitations of generating fine-grained and semantically consistent motions. These limitations stem from: 1) fine-grained motion quantization errors; 2) mismatches between causal reasoning language and non-causal motion representation; and 3) lack of human preference alignment. To solve them, this paper proposes MoTiGA, a multi-level causal LLM-based text-to-motion generation framework with human alignment. Firstly, MoTiGA employs Causal RVQ-VAE for multi-level causal fine-grained motion representation, then explores iterative residual quantization and causal convolutions to reduce fine-grained motion quantization errors, while preserving the causality as language presentation. Furthermore, the framework incorporates a time-lagged causal prediction strategy, enabling parallel prediction across motion token levels while maintaining temporal dependencies. Finally, to enhance human alignment, we propose Multi-level Hybrid-weighted Preference Optimization (MHPO), which dynamically adjusts semantic similarity weighting and continuous similarity scores. For MHPO, we also release the HumanML3D-R dataset, the first large-scale preference dataset for motion generation, with 101,490 human preference pairs. Evaluations show MoTiGA's superior performance, with an 82.3% FID improvement on HumanML3D and a 64.7% improvement on KIT-ML over other LLM-based methods.","@InProceedings{Chen_2026_CVPR, author = {Chen, Xiaodong and Bao, Qian and Liu, Xudong and Fang, Jianping and Fang, Jintao and Zhang, Yongdong and Mei, Tao and Liu, Wu}, title = {Multi-level Causal LLM-based Text-to-Motion Generation with Human Alignment}, booktitle = {Proceedings of the IEEE/CVF Conference on Computer Vision and Pattern Recognition (CVPR)}, month = {June}, year = {2026}, pages = {9342-9351} }"
Lei_CORE_Compact_Object-centric_REpresentations_as_a_New_Paradigm_for_Token_CVPR_2026_paper,2026,1,Efficiency_Compression,Efficiency_Compression,15.0,0.8,CORE: Compact Object-centric REpresentations as a New Paradigm for Token Merging in LVLMs,Jingyu Lei; Gaoang Wang; Der-Horng Lee,3,39593-39605,True,https://openaccess.thecvf.com/content/CVPR2026/papers/Lei_CORE_Compact_Object-centric_REpresentations_as_a_New_Paradigm_for_Token_CVPR_2026_paper.pdf,https://openaccess.thecvf.com/content/CVPR2026/supplemental/Lei_CORE_Compact_Object-centric_CVPR_2026_supplemental.pdf,https://openaccess.thecvf.com/content/CVPR2026/html/Lei_CORE_Compact_Object-centric_REpresentations_as_a_New_Paradigm_for_Token_CVPR_2026_paper.html,"Large Vision-Language Models (LVLMs) usually suffer from prohibitive computational and memory costs due to the quadratic growth of visual tokens with image resolution. Existing token compression methods, while varied, often lack a high-level semantic understanding, leading to suboptimal merges, information redundancy, or context loss. To address these limitations, we introduce CORE (Compact Object-centric REpresentations), a new paradigm for visual token compression. CORE leverages an efficient segmentation decoder to generate object masks, which serve as a high-level semantic prior to guide the merging of visual tokens into a compact set of object-centric representations. Furthermore, a novel centroid-guided sorting mechanism restores a coherent spatial order to the merged tokens, preserving vital positional information. Extensive experiments show that CORE not only establishes a new state-of-the-art on six authoritative benchmarks for fixed-rate compression, but also achieves dramatic efficiency gains in adaptive-rate settings. Even under extreme compression, after aggressively retaining with only 2.2% of all visual tokens, CORE still maintains 97.4% of baseline performance. Our work demonstrates the superiority of object-centric representations for efficient and effective LVLM processing. The code is available at https://github.com/jingyulei/CORE.","@InProceedings{Lei_2026_CVPR, author = {Lei, Jingyu and Wang, Gaoang and Lee, Der-Horng}, title = {CORE: Compact Object-centric REpresentations as a New Paradigm for Token Merging in LVLMs}, booktitle = {Proceedings of the IEEE/CVF Conference on Computer Vision and Pattern Recognition (CVPR)}, month = {June}, year = {2026}, pages = {39593-39605} }"
Du_CoIn_Coverage_and_Informativeness-Guided_Token_Reduction_for_Efficient_Large_Multimodal_CVPR_2026_paper,2026,0,Vision_Language_Multimodal,Vision_Language_Multimodal|LLM_Reasoning_Agent|Efficiency_Compression,22.0,0.182,CoIn: Coverage and Informativeness-Guided Token Reduction for Efficient Large Multimodal Models,Chenxi Du; Yongheng Deng; Jiani Liu; Yujia Zhang; Xi Chen; Ju Ren,6,10492-10501,True,https://openaccess.thecvf.com/content/CVPR2026/papers/Du_CoIn_Coverage_and_Informativeness-Guided_Token_Reduction_for_Efficient_Large_Multimodal_CVPR_2026_paper.pdf,https://openaccess.thecvf.com/content/CVPR2026/supplemental/Du_CoIn_Coverage_and_CVPR_2026_supplemental.pdf,https://openaccess.thecvf.com/content/CVPR2026/html/Du_CoIn_Coverage_and_Informativeness-Guided_Token_Reduction_for_Efficient_Large_Multimodal_CVPR_2026_paper.html,"Large Multimodal Models (LMMs) have shown remarkable success in visual understanding tasks. LMMs encode visual and textual inputs into tokens, which are then processed by Large Language Models (LLMs). However, the large number of visual tokens poses a major bottleneck for inference efficiency and memory usage. Reducing visual tokens is a promising training-free solution, but existing methods remain limited. Importance-based approaches suffer from poor generalization, are incompatible with kernel-level inference optimizations, and only consider information from a single modality. Diversity-based strategies typically focus on pairwise token redundancy and treat all tokens as equally important. Recent attempts to sequentially combine importance and diversity criteria still fail to address the intrinsic drawbacks of their underlying metrics. To address these limitations, we reformulate visual token reduction as an optimal subset selection problem jointly guided by two complementary objectives: informativeness and coverage. Informativeness is quantified through per-token intrinsic saliency and visual-textual alignment, while coverage is enforced via a volume-based subset selection criterion that ensures global representativeness in the visual feature space. This joint formulation effectively integrates visual saliency, cross-modal alignment, and global coverage in an end-to-end token selection process, yielding a computationally efficient, model-agnostic framework compatible with modern inference accelerators. Extensive experiments demonstrate that CoIn substantially reduces computation and memory cost while maintaining strong task performance.","@InProceedings{Du_2026_CVPR, author = {Du, Chenxi and Deng, Yongheng and Liu, Jiani and Zhang, Yujia and Chen, Xi and Ren, Ju}, title = {CoIn: Coverage and Informativeness-Guided Token Reduction for Efficient Large Multimodal Models}, booktitle = {Proceedings of the IEEE/CVF Conference on Computer Vision and Pattern Recognition (CVPR)}, month = {June}, year = {2026}, pages = {10492-10501} }"
Shen_A_Unified_Framework_for_Knowledge_Transfer_in_Bidirectional_Model_Scaling_CVPR_2026_paper,2026,1,Efficiency_Compression,Efficiency_Compression,4.0,0.5,A Unified Framework for Knowledge Transfer in Bidirectional Model Scaling,Jianlu Shen; Fu Feng; Jiaze Xu; Yucheng Xie; Jiaqi Lv; Xin Geng,6,34535-34545,True,https://openaccess.thecvf.com/content/CVPR2026/papers/Shen_A_Unified_Framework_for_Knowledge_Transfer_in_Bidirectional_Model_Scaling_CVPR_2026_paper.pdf,https://openaccess.thecvf.com/content/CVPR2026/supplemental/Shen_A_Unified_Framework_CVPR_2026_supplemental.pdf,https://openaccess.thecvf.com/content/CVPR2026/html/Shen_A_Unified_Framework_for_Knowledge_Transfer_in_Bidirectional_Model_Scaling_CVPR_2026_paper.html,"Transferring pre-trained knowledge from a source model to a target model of a different architectural size is a key challenge for flexible and efficient model scaling. However, current parameter-space methods treat Small-to-Large (S2L) and Large-to-Small (L2S) scaling as separate, incompatible problems, focusing on parameter synthesis and selection, respectively.This fragmented perspective has resulted in specialized tools, hindering a unified, bidirectional framework.In this paper, we propose BoT (Bidirectional knowledge Transfer), the first size-agnostic framework to unify S2L and L2S scaling.Our core insight is to treat model weights as continuous signals, where models of different sizes represent distinct discretizations of the transferable knowledge.This multi-resolution perspective directly casts S2L and L2S scaling as the signal processing operations of upsampling and downsampling, naturally leading to the adoption of the Discrete Wavelet Transform (DWT) and its Inverse (IDWT).BoT leverages the recursive nature of wavelets, using the decomposition level as a dynamic scaling factor to bridge disparate model sizes in a parameter-free and computationally efficient manner. Extensive experiments on DeiT, BERT, and GPT demonstrate significant pre-training FLOPs savings (up to 67.1% for S2L, 52.8% for L2S) and state-of-the-art performance on benchmarks like GLUE and SQuAD.","@InProceedings{Shen_2026_CVPR, author = {Shen, Jianlu and Feng, Fu and Xu, Jiaze and Xie, Yucheng and Lv, Jiaqi and Geng, Xin}, title = {A Unified Framework for Knowledge Transfer in Bidirectional Model Scaling}, booktitle = {Proceedings of the IEEE/CVF Conference on Computer Vision and Pattern Recognition (CVPR)}, month = {June}, year = {2026}, pages = {34535-34545} }"
Jeong_Training-free_Mixed-Resolution_Latent_Upsampling_for_Spatially_Accelerated_Diffusion_Transformers_CVPR_2026_paper,2026,0,Diffusion_Generative,Diffusion_Generative|Efficiency_Compression,15.0,0.333,Training-free Mixed-Resolution Latent Upsampling for Spatially Accelerated Diffusion Transformers,Wongi Jeong; Kyungryeol Lee; Hoigi Seo; Se Young Chun,4,18673-18682,True,https://openaccess.thecvf.com/content/CVPR2026/papers/Jeong_Training-free_Mixed-Resolution_Latent_Upsampling_for_Spatially_Accelerated_Diffusion_Transformers_CVPR_2026_paper.pdf,https://openaccess.thecvf.com/content/CVPR2026/supplemental/Jeong_Training-free_Mixed-Resolution_Latent_CVPR_2026_supplemental.pdf,https://openaccess.thecvf.com/content/CVPR2026/html/Jeong_Training-free_Mixed-Resolution_Latent_Upsampling_for_Spatially_Accelerated_Diffusion_Transformers_CVPR_2026_paper.html,"Diffusion transformers (DiTs) offer excellent scalability for high-fidelity generation, but their computational overhead poses a great challenge for practical deployment. Existing acceleration methods primarily exploit the temporal dimension, whereas spatial acceleration remains underexplored. In this work, we investigate spatial acceleration for DiTs via latent upsampling. We found that naive latent upsampling for spatial acceleration introduces artifacts, primarily due to aliasing in high-frequency edge regions and mismatching from noise-timestep discrepancies. Then, based on these findings and analyses, we propose a training-free spatial acceleration framework, dubbed Region-Adaptive Latent Upsampling (RALU), to mitigate those artifacts while achieving spatial acceleration of DiTs by our mixed-resolution latent upsampling. RALU achieves artifact-free, efficient acceleration with early upsampling only on artifact-prone edge regions and noise-timestep matching for different latent resolutions, leading to up to 7.0xspeedup on FLUX-1.dev and 3.0xon Stable Diffusion 3 with negligible quality degradation. Furthermore, our RALU is complementarily applicable to existing temporal acceleration methods and timestep-distilled models, leading to up to 15.9xspeedup.","@InProceedings{Jeong_2026_CVPR, author = {Jeong, Wongi and Lee, Kyungryeol and Seo, Hoigi and Chun, Se Young}, title = {Training-free Mixed-Resolution Latent Upsampling for Spatially Accelerated Diffusion Transformers}, booktitle = {Proceedings of the IEEE/CVF Conference on Computer Vision and Pattern Recognition (CVPR)}, month = {June}, year = {2026}, pages = {18673-18682} }"
Li_PersonaLive_Expressive_Portrait_Image_Animation_for_Live_Streaming_CVPR_2026_paper,2026,1,Efficiency_Compression,Efficiency_Compression,6.0,0.5,PersonaLive! Expressive Portrait Image Animation for Live Streaming,Zhiyuan Li; Chi-Man Pun; Chen Fang; Jue Wang; Xiaodong Cun,5,18118-18128,True,https://openaccess.thecvf.com/content/CVPR2026/papers/Li_PersonaLive_Expressive_Portrait_Image_Animation_for_Live_Streaming_CVPR_2026_paper.pdf,https://openaccess.thecvf.com/content/CVPR2026/supplemental/Li_PersonaLive_Expressive_Portrait_CVPR_2026_supplemental.pdf,https://openaccess.thecvf.com/content/CVPR2026/html/Li_PersonaLive_Expressive_Portrait_Image_Animation_for_Live_Streaming_CVPR_2026_paper.html,"Current diffusion-based portrait animation models predominantly focus on enhancing visual quality and expression realism, while overlooking generation latency and real-time performance, which restricts their application range in the live streaming scenario. We propose PersonaLive, a novel diffusion-based framework towards streaming real-time portrait animation with multi-stage training recipes. Specifically, we first adopt hybrid implicit signals, namely implicit facial representations and 3D implicit keypoints, to achieve expressive image-level motion control. Then, a fewer-step appearance distillation strategy is proposed to eliminate appearance redundancy in the denoising process, greatly improving inference efficiency. Finally, we introduce an autoregressive micro-chunk streaming generation paradigm equipped with a sliding training strategy and a historical keyframe mechanism to enable low-latency and stable long-term video generation. Extensive experiments demonstrate that PersonaLive achieves state-of-the-art performance with up to **7-22**xspeedup over prior diffusion-based portrait animation models. The code will be publicly available.","@InProceedings{Li_2026_CVPR, author = {Li, Zhiyuan and Pun, Chi-Man and Fang, Chen and Wang, Jue and Cun, Xiaodong}, title = {PersonaLive! Expressive Portrait Image Animation for Live Streaming}, booktitle = {Proceedings of the IEEE/CVF Conference on Computer Vision and Pattern Recognition (CVPR)}, month = {June}, year = {2026}, pages = {18118-18128} }"
Sanyal_NanoSD_Edge_Efficient_Foundation_Model_for_Real_Time_Image_Restoration_CVPR_2026_paper,2026,0,Restoration_Enhancement,Restoration_Enhancement|Efficiency_Compression|Diffusion_Generative|SelfSupervised_Representation,24.0,0.292,NanoSD: Edge Efficient Foundation Model for Real Time Image Restoration,Subhajit Sanyal; Srinivas Soumitri Miriyala; Akshay Janardan Bankar; Manjunath Arveti; Sowmya Vajrala; Shreyas Pandith; Sravanth Kodavanti; Abhishek Ameta; Harshit Harshit; Amit Satish Unde,10,8449-8459,True,https://openaccess.thecvf.com/content/CVPR2026/papers/Sanyal_NanoSD_Edge_Efficient_Foundation_Model_for_Real_Time_Image_Restoration_CVPR_2026_paper.pdf,https://openaccess.thecvf.com/content/CVPR2026/supplemental/Sanyal_NanoSD_Edge_Efficient_CVPR_2026_supplemental.pdf,https://openaccess.thecvf.com/content/CVPR2026/html/Sanyal_NanoSD_Edge_Efficient_Foundation_Model_for_Real_Time_Image_Restoration_CVPR_2026_paper.html,"Latent diffusion models such as Stable Diffusion 1.5 offer strong generative priors that are highly valuable for image restoration, yet their full pipelines remain too computationally heavy for deployment on edge devices. Existing lightweight variants predominantly compress the denoising U-Net or reduce the diffusion trajectory, which disrupts the underlying latent manifold and limits generalization beyond a single task. We introduce NanoSD, a family of Pareto-optimal diffusion foundation models distilled from Stable Diffusion 1.5 through network surgery, feature-wise generative distillation, and structured architectural scaling jointly applied to the U-Net and the VAE encoder-decoder. This full-pipeline co-design preserves the generative prior while producing models that occupy distinct operating points along the accuracy-latency-size frontier (e.g., 130M-315M parameters, achieving real-time inference down to 20ms on mobile-class NPUs). We show that parameter reduction alone does not correlate with hardware efficiency, and we provide an analysis revealing how architectural balance, feature routing, and latent-space preservation jointly shape true on-device latency. When used as a drop-in backbone, NanoSD enables state-of-the-art performance across image super-resolution, image deblurring, face restoration, and monocular depth estimation, outperforming prior lightweight diffusion models in both perceptual quality and practical deployability. NanoSD establishes a general-purpose diffusion foundation model family suitable for real-time visual generation and restoration on edge devices.","@InProceedings{Sanyal_2026_CVPR, author = {Sanyal, Subhajit and Miriyala, Srinivas Soumitri and Bankar, Akshay Janardan and Arveti, Manjunath and Vajrala, Sowmya and Pandith, Shreyas and Kodavanti, Sravanth and Ameta, Abhishek and Harshit, Harshit and Unde, Amit Satish}, title = {NanoSD: Edge Efficient Foundation Model for Real Time Image Restoration}, booktitle = {Proceedings of the IEEE/CVF Conference on Computer Vision and Pattern Recognition (CVPR)}, month = {June}, year = {2026}, pages = {8449-8459} }"
Kada_Teacher-Guided_Routing_for_Sparse_Vision_Mixture-of-Experts_CVPR_2026_paper,2026,1,Efficiency_Compression,Efficiency_Compression,2.0,1.0,Teacher-Guided Routing for Sparse Vision Mixture-of-Experts,Masahiro Kada; Ryota Yoshihashi; Satoshi Ikehata; Rei Kawakami; Ikuro Sato,5,6198-6208,True,https://openaccess.thecvf.com/content/CVPR2026/papers/Kada_Teacher-Guided_Routing_for_Sparse_Vision_Mixture-of-Experts_CVPR_2026_paper.pdf,https://openaccess.thecvf.com/content/CVPR2026/supplemental/Kada_Teacher-Guided_Routing_for_CVPR_2026_supplemental.pdf,https://openaccess.thecvf.com/content/CVPR2026/html/Kada_Teacher-Guided_Routing_for_Sparse_Vision_Mixture-of-Experts_CVPR_2026_paper.html,"Recent progress in deep learning has been driven by increasingly large-scale models, but the resulting computational cost has become a critical bottleneck. Sparse Mixture of Experts (MoE) offers an effective solution by activating only a small subset of experts for each input, achieving high scalability without sacrificing inference speed. Although effective, sparse MoE training exhibits characteristic optimization difficulties. Because the router receives informative gradients only through the experts selected in the forward pass, it suffers from gradient blocking and obtains little information from unselected routes. This limited, highly localized feedback makes it difficult for the router to learn appropriate expert-selection scores and often leads to unstable routing dynamics, such as fluctuating expert assignments during training. To address this issue, we propose TGR-MoE: Teacher-Guided Routing for Sparse Vision Mixture-of-Experts, a simple yet effective method that stabilizes router learning using supervision derived from a pretrained dense teacher model. TGR-MoE constructs a teacher router from the teacher's intermediate representations and uses its routing outputs as pseudo-supervision for the student router, suppressing frequent routing fluctuations during training and enabling knowledge-guided expert selection from the early stages of training. Extensive experiments on ImageNet-1K and CIFAR-100 demonstrate that TGR consistently improves both accuracy and routing consistency, while maintaining stable training even under highly sparse configurations.","@InProceedings{Kada_2026_CVPR, author = {Kada, Masahiro and Yoshihashi, Ryota and Ikehata, Satoshi and Kawakami, Rei and Sato, Ikuro}, title = {Teacher-Guided Routing for Sparse Vision Mixture-of-Experts}, booktitle = {Proceedings of the IEEE/CVF Conference on Computer Vision and Pattern Recognition (CVPR)}, month = {June}, year = {2026}, pages = {6198-6208} }"
Li_DeltaQuant_4-bit_Video_Diffusion_Models_with_Spatiotemporal_Delta_Smoothing_CVPR_2026_paper,2026,1,Efficiency_Compression,Efficiency_Compression|Diffusion_Generative,17.0,0.294,DeltaQuant: 4-bit Video Diffusion Models with Spatiotemporal Delta Smoothing,Xingyang Li; Samuel Tesfai; Zhekai Zhang; Haocheng Xi; Shuo Yang; Lvmin Zhang; Yufei Sun; Kelly Peng; Maneesh Agrawala; Ion Stoica; Kurt Keutzer; Jun-Yan Zhu; Song Han; Yujun Lin; Muyang Li,15,43578-43588,True,https://openaccess.thecvf.com/content/CVPR2026/papers/Li_DeltaQuant_4-bit_Video_Diffusion_Models_with_Spatiotemporal_Delta_Smoothing_CVPR_2026_paper.pdf,https://openaccess.thecvf.com/content/CVPR2026/supplemental/Li_DeltaQuant_4-bit_Video_CVPR_2026_supplemental.pdf,https://openaccess.thecvf.com/content/CVPR2026/html/Li_DeltaQuant_4-bit_Video_Diffusion_Models_with_Spatiotemporal_Delta_Smoothing_CVPR_2026_paper.html,"Video diffusion models have achieved remarkable generative performance, but their substantial computational and memory costs pose significant challenges for deployment, especially on consumer GPUs. As recent advances in attention optimization mitigate previous computational bottlenecks, linear layers now dominate both computational cost and inference memory. In this work, we focus on quantizing both weights and activations to 4 bits to accelerate these layers. Previous methods, such as SVDQuant, overlook the highly dynamic nature of activations across denoising timesteps, where outlier channels and magnitudes vary dramatically. However, video data inherently exhibits strong activation similarity among neighboring tokens in space and time, which we term spatiotemporal activation similarity, analogous to how video codecs exploit intra- and inter-frame redundancy. Leveraging this property, we introduce DeltaQuant, which partitions activations into local 3D spatiotemporal cubes and uses each cube's mean token as a \coretoken, quantizing only the small differences (delta tokens) to 4 bits while keeping core tokens in FP8. This decomposition substantially reduces quantization error with minimal overhead.For weight quantization, DeltaQuant incorporates SVDQuant's low-rank decomposition to further reduce quantization error.We also implement an efficient kernel that translates DeltaQuant's computational benefits into real-world speedups.Extensive experiments on Wan 2.2 I2V, Wan 2.2 T2V, and LTX-Video T2V demonstrate that DeltaQuant maintains high generation fidelity.On Wan 2.2, it compresses model size by 2.9x and reduces memory footprint by 2.3x. DeltaQuant is compatible with efficient attention mechanisms and few-step distillation. When integrated with these techniques, it achieves an additional 3.0x acceleration, for a total 111.8x end-to-end speedup. Code and models will be released upon publication.","@InProceedings{Li_2026_CVPR, author = {Li, Xingyang and Tesfai, Samuel and Zhang, Zhekai and Xi, Haocheng and Yang, Shuo and Zhang, Lvmin and Sun, Yufei and Peng, Kelly and Agrawala, Maneesh and Stoica, Ion and Keutzer, Kurt and Zhu, Jun-Yan and Han, Song and Lin, Yujun and Li, Muyang}, title = {DeltaQuant: 4-bit Video Diffusion Models with Spatiotemporal Delta Smoothing}, booktitle = {Proceedings of the IEEE/CVF Conference on Computer Vision and Pattern Recognition (CVPR)}, month = {June}, year = {2026}, pages = {43578-43588} }"
Li_Otil_Accelerating_Diffusion_Model_Inference_via_Communication-Efficient_Multi-GPU_Parallelism_CVPR_2026_paper,2026,0,Diffusion_Generative,Diffusion_Generative|Efficiency_Compression,18.0,0.556,Otil: Accelerating Diffusion Model Inference via Communication-Efficient Multi-GPU Parallelism,Xin Li; Shujun Tian; Tao Lu; Han Bao; Zonghui Wang; Wenzhi Chen,6,38487-38497,True,https://openaccess.thecvf.com/content/CVPR2026/papers/Li_Otil_Accelerating_Diffusion_Model_Inference_via_Communication-Efficient_Multi-GPU_Parallelism_CVPR_2026_paper.pdf,https://openaccess.thecvf.com/content/CVPR2026/supplemental/Li_Otil_Accelerating_Diffusion_CVPR_2026_supplemental.pdf,https://openaccess.thecvf.com/content/CVPR2026/html/Li_Otil_Accelerating_Diffusion_Model_Inference_via_Communication-Efficient_Multi-GPU_Parallelism_CVPR_2026_paper.html,"Diffusion models (DMs) have recently achieved remarkable success across diverse modalities, including high-fidelity image and video synthesis.However, their inherent step sequential denoising process introduces substantial cumulative latency, which significantly degrades user experience. While existing multi-GPU parallelization motheds can alleviate latency, they often incur prohibitive GPU-GPU communication overhead, offsetting much of the performance gain.We present Otil (Only Transmit Informative Latents), a communication-efficient parallel framework for accelerating diffusion inference.% Otil can minimizes redundant data exchange across GPUs while preserving generation quality.Our key insight is that latent activations change only marginally between consecutive denoising process. Leveraging this property, Otil identifies and synchronizes only the most informative latent sub-blocks and introduces a dynamic polling mechanism that periodically revisits all spatial regions, ensuring complete coverage without unnecessary communication. The framework is fully plug-and-play and remains compatible with fast sample and architectural acceleration algorithms, without requiring any retraining or architectural modification.Otil reduces GPU-GPU communication up to 87.5% compared with SOTA parallelism methods, achieving 1.8xspeedup on two GPUs with Stable Diffusion v1.5 and 2.6xon four GPUs with Stable Diffusion XL. When combined with few-step samplers (30 steps) and LoRA models, the acceleration further increases to 2.46x-2.84xon 2 GPUs. These demonstrate the strong potential of Otil for scalable and efficient multi-GPU diffusion inference while preserving generation fidelity.","@InProceedings{Li_2026_CVPR, author = {Li, Xin and Tian, Shujun and Lu, Tao and Bao, Han and Wang, Zonghui and Chen, Wenzhi}, title = {Otil: Accelerating Diffusion Model Inference via Communication-Efficient Multi-GPU Parallelism}, booktitle = {Proceedings of the IEEE/CVF Conference on Computer Vision and Pattern Recognition (CVPR)}, month = {June}, year = {2026}, pages = {38487-38497} }"
Tan_VDE_Training-Free_Accelerating_Rectified_Flow_Model_via_Velocity_Decomposition_and_CVPR_2026_paper,2026,0,Diffusion_Generative,Diffusion_Generative|Efficiency_Compression,10.0,0.3,VDE: Training-Free Accelerating Rectified Flow Model via Velocity Decomposition and Estimation,Junwen Tan; Jinglin Liang; Hongyuan Chen; Shuangping Huang,4,37918-37928,True,https://openaccess.thecvf.com/content/CVPR2026/papers/Tan_VDE_Training-Free_Accelerating_Rectified_Flow_Model_via_Velocity_Decomposition_and_CVPR_2026_paper.pdf,https://openaccess.thecvf.com/content/CVPR2026/supplemental/Tan_VDE_Training-Free_Accelerating_CVPR_2026_supplemental.pdf,https://openaccess.thecvf.com/content/CVPR2026/html/Tan_VDE_Training-Free_Accelerating_Rectified_Flow_Model_via_Velocity_Decomposition_and_CVPR_2026_paper.html,"Though rectified flow models have achieved remarkable performance in image, video, and 3D generation, their practical deployments are challenged by slow inference speeds. Prior acceleration methods reuse cached features from previous steps, which neglects the growing mismatch between static caches and the evolving input, leading to reduced output fidelity. This work proposes Velocity Decomposition and Estimation (VDE), a training-free acceleration method that shifts the paradigm from caching-and-reusing to decomposing-and-estimating. Specifically, VDE decomposes the model's velocity into components parallel and orthogonal to the input, exploiting their temporal predictability and directional consistency for precise, input-adaptive estimation. To prevent error accumulation, it periodically anchors the model's state via full forward passes. Extensive experiments on image and video generation tasks demonstrate that VDE achieves substantial acceleration with minimal loss in visual quality. Notably, VDE accelerates Flux by 3.22x and achieves an LPIPS of 0.069 on Qwen-Image, outperforming the best baseline with a 52.2% reduction. Code: https://github.com/Tan-Junwen/VDE","@InProceedings{Tan_2026_CVPR, author = {Tan, Junwen and Liang, Jinglin and Chen, Hongyuan and Huang, Shuangping}, title = {VDE: Training-Free Accelerating Rectified Flow Model via Velocity Decomposition and Estimation}, booktitle = {Proceedings of the IEEE/CVF Conference on Computer Vision and Pattern Recognition (CVPR)}, month = {June}, year = {2026}, pages = {37918-37928} }"
Zhao_PHASE-Net_Physics-Grounded_Harmonic_Attention_System_for_Efficient_Remote_Photoplethysmography_Measurement_CVPR_2026_paper,2026,1,Efficiency_Compression,Efficiency_Compression,4.0,0.0,PHASE-Net: Physics-Grounded Harmonic Attention System for Efficient Remote Photoplethysmography Measurement,Bo Zhao; Dan Guo; Junzhe Cao; Yong Xu; Bochao Zou; Tao Tan; Yue Sun; Zitong Yu,8,21198-21207,True,https://openaccess.thecvf.com/content/CVPR2026/papers/Zhao_PHASE-Net_Physics-Grounded_Harmonic_Attention_System_for_Efficient_Remote_Photoplethysmography_Measurement_CVPR_2026_paper.pdf,https://openaccess.thecvf.com/content/CVPR2026/supplemental/Zhao_PHASE-Net_Physics-Grounded_Harmonic_CVPR_2026_supplemental.pdf,https://openaccess.thecvf.com/content/CVPR2026/html/Zhao_PHASE-Net_Physics-Grounded_Harmonic_Attention_System_for_Efficient_Remote_Photoplethysmography_Measurement_CVPR_2026_paper.html,"Remote photoplethysmography (rPPG) measurement enables non-contact physiological monitoring but suffers from accuracy degradation under head motion and illumination changes. Existing deep learning methods are mostly heuristic and lack theoretical grounding, limiting robustness and interpretability. In this work, we propose a physics-informed rPPG paradigm derived from the Navier-Stokes equations of hemodynamics, showing that the pulse signal follows a second-order dynamical system whose discrete solution naturally leads to a causal convolution, justifying the use of a Temporal Convolutional Network (TCN). Based on this principle, we design the PHASE-Net, a lightweight model with three key components: 1) Zero-FLOPs Axial Swapper module to swap or transpose a few spatial channels to mix distant facial regions, boosting cross-region feature interaction without changing temporal order; 2) Adaptive Spatial Filter to learn a soft spatial mask per frame to highlight signal-rich areas and suppress noise for cleaner feature maps; and 3) Gated TCN, a causal dilated TCN with gating that models long-range temporal dynamics for accurate pulse recovery. Extensive experiments demonstrate that PHASE-Net achieves state-of-the-art performance and strong efficiency, offering a theoretically grounded and deployment-ready rPPG solution.","@InProceedings{Zhao_2026_CVPR, author = {Zhao, Bo and Guo, Dan and Cao, Junzhe and Xu, Yong and Zou, Bochao and Tan, Tao and Sun, Yue and Yu, Zitong}, title = {PHASE-Net: Physics-Grounded Harmonic Attention System for Efficient Remote Photoplethysmography Measurement}, booktitle = {Proceedings of the IEEE/CVF Conference on Computer Vision and Pattern Recognition (CVPR)}, month = {June}, year = {2026}, pages = {21198-21207} }"
Tao_OmniZip_Audio-Guided_Dynamic_Token_Compression_for_Fast_Omnimodal_Large_Language_CVPR_2026_paper,2026,1,Efficiency_Compression,Efficiency_Compression|Audio_Visual|LLM_Reasoning_Agent|Video_Action_Recognition,20.0,0.25,OmniZip: Audio-Guided Dynamic Token Compression for Fast Omnimodal Large Language Models,Keda Tao; Kele Shao; Bohan Yu; Weiqiang Wang; Jian Liu; Huan Wang,6,17682-17692,True,https://openaccess.thecvf.com/content/CVPR2026/papers/Tao_OmniZip_Audio-Guided_Dynamic_Token_Compression_for_Fast_Omnimodal_Large_Language_CVPR_2026_paper.pdf,https://openaccess.thecvf.com/content/CVPR2026/supplemental/Tao_OmniZip_Audio-Guided_Dynamic_CVPR_2026_supplemental.pdf,https://openaccess.thecvf.com/content/CVPR2026/html/Tao_OmniZip_Audio-Guided_Dynamic_Token_Compression_for_Fast_Omnimodal_Large_Language_CVPR_2026_paper.html,"Omnimodal large language models (OmniLLMs) have attracted increasing research attention of late towards unified audio-video understanding. However, the high computational cost of processing longer joint audio-video token sequences has become a key bottleneck. Existing token compression methods have not addressed the emerging need to jointly compress multimodal tokens. To bridge this gap, we present OmniZip, a training-free, audio-guided audio-visual token-compression framework that optimizes multimodal token representation and accelerates model inference. Specifically, OmniZip first identifies salient audio tokens, then computes an audio retention score for each time group to capture information density, thereby dynamically guiding video token pruning and preserving cues from audio anchors enhanced by cross-modal similarity. For each time window, OmniZip compresses the video tokens using an interleaved spatio-temporal scheme. Extensive results demonstrate the merits of OmniZip: it achieves a 3.42x inference speedup and a 1.4x memory reduction over other top-performing counterparts, while maintaining the performance of OmniLLMs without training.","@InProceedings{Tao_2026_CVPR, author = {Tao, Keda and Shao, Kele and Yu, Bohan and Wang, Weiqiang and Liu, Jian and Wang, Huan}, title = {OmniZip: Audio-Guided Dynamic Token Compression for Fast Omnimodal Large Language Models}, booktitle = {Proceedings of the IEEE/CVF Conference on Computer Vision and Pattern Recognition (CVPR)}, month = {June}, year = {2026}, pages = {17682-17692} }"
Wang_Prune_Wisely_Reconstruct_Sharply_Compact_3D_Gaussian_Splatting_via_Adaptive_CVPR_2026_paper,2026,0,Neural_Rendering_NeRF_3DGS,Neural_Rendering_NeRF_3DGS|Efficiency_Compression,18.0,0.333,"Prune Wisely, Reconstruct Sharply: Compact 3D Gaussian Splatting via Adaptive Pruning and Difference-of-Gaussian Primitives",Haoran Wang; Guoxi Huang; Fan Zhang; David Bull; Nantheera Anantrasirichai,5,11716-11725,True,https://openaccess.thecvf.com/content/CVPR2026/papers/Wang_Prune_Wisely_Reconstruct_Sharply_Compact_3D_Gaussian_Splatting_via_Adaptive_CVPR_2026_paper.pdf,https://openaccess.thecvf.com/content/CVPR2026/supplemental/Wang_Prune_Wisely_Reconstruct_CVPR_2026_supplemental.pdf,https://openaccess.thecvf.com/content/CVPR2026/html/Wang_Prune_Wisely_Reconstruct_Sharply_Compact_3D_Gaussian_Splatting_via_Adaptive_CVPR_2026_paper.html,"Recent significant advances in 3D scene representation have been driven by 3D Gaussian Splatting (3DGS), which has enabled real-time rendering with photorealistic quality. 3DGS often requires a large number of primitives to achieve high fidelity, leading to redundant representations and high resource consumption, thereby limiting its scalability for complex or large-scale scenes. Consequently, effective pruning strategies and more expressive primitives that can reduce redundancy while preserving visual quality are crucial for practical deployment. We propose an efficient, integrated reconstruction-aware pruning strategy that adaptively determines pruning timing and refining intervals based on reconstruction quality, thus reducing model size while enhancing rendering quality. Moreover, we introduce a 3D Difference-of-Gaussians primitive that jointly models both positive and negative densities in a single primitive, improving the expressiveness of Gaussians under compact configurations. Our method significantly improves model compactness, achieving up to 90% reduction in Gaussian-count while delivering visual quality that is similar to, or in some cases better than, that produced by state-of-the-art methods.","@InProceedings{Wang_2026_CVPR, author = {Wang, Haoran and Huang, Guoxi and Zhang, Fan and Bull, David and Anantrasirichai, Nantheera}, title = {Prune Wisely, Reconstruct Sharply: Compact 3D Gaussian Splatting via Adaptive Pruning and Difference-of-Gaussian Primitives}, booktitle = {Proceedings of the IEEE/CVF Conference on Computer Vision and Pattern Recognition (CVPR)}, month = {June}, year = {2026}, pages = {11716-11725} }"
Wu_Neural_Dynamic_GI_Random-Access_Neural_Compression_for_Temporal_Lightmaps_in_CVPR_2026_paper,2026,1,Efficiency_Compression,Efficiency_Compression,2.0,1.0,Neural Dynamic GI: Random-Access Neural Compression for Temporal Lightmaps in Dynamic Lighting Environments,Jianhui Wu; Jian Zhou; Zhi Zhou; Zhangjin Huang; Chao Li,5,5316-5325,True,https://openaccess.thecvf.com/content/CVPR2026/papers/Wu_Neural_Dynamic_GI_Random-Access_Neural_Compression_for_Temporal_Lightmaps_in_CVPR_2026_paper.pdf,https://openaccess.thecvf.com/content/CVPR2026/supplemental/Wu_Neural_Dynamic_GI_CVPR_2026_supplemental.zip,https://openaccess.thecvf.com/content/CVPR2026/html/Wu_Neural_Dynamic_GI_Random-Access_Neural_Compression_for_Temporal_Lightmaps_in_CVPR_2026_paper.html,"High-quality global illumination (GI) in real-time rendering is commonly achieved using precomputed lighting techniques, with lightmap as the standard choice. To support GI for static objects in dynamic lighting environments, multiple lightmaps at different lighting conditions need to be precomputed, which incurs substantial storage and memory overhead.To overcome this limitation, we propose Neural Dynamic GI (NDGI), a novel compression technique specifically designed for temporal lightmap sets. Our method utilizes multi-dimensional feature maps and lightweight neural networks to integrate the temporal information instead of storing multiple sets explicitly, which significantly reduces the storage size of lightmaps. Additionally, we introduce a block compression (BC) simulation strategy during the training process, which enables BC compression on the final generated feature maps and further improves the compression ratio. To enable efficient real-time decompression, we also integrate a virtual texturing (VT) system with our neural representation. Compared with prior methods, our approach achieves high-quality dynamic GI while maintaining remarkably low storage and memory requirements, with only modest real-time decompression overhead. To facilitate further research in this direction, we will release our temporal lightmap dataset precomputed in multiple scenes featuring diverse temporal variations.","@InProceedings{Wu_2026_CVPR, author = {Wu, Jianhui and Zhou, Jian and Zhou, Zhi and Huang, Zhangjin and Li, Chao}, title = {Neural Dynamic GI: Random-Access Neural Compression for Temporal Lightmaps in Dynamic Lighting Environments}, booktitle = {Proceedings of the IEEE/CVF Conference on Computer Vision and Pattern Recognition (CVPR)}, month = {June}, year = {2026}, pages = {5316-5325} }"
Xie_StreamRAG_Enhancing_Real-Time_Video_Understanding_with_Retrieval_Augmentation_CVPR_2026_paper,2026,0,Video_Action_Recognition,Video_Action_Recognition|Segmentation|Efficiency_Compression,15.0,0.533,StreamRAG: Enhancing Real-Time Video Understanding with Retrieval Augmentation,Junlin Xie; Quanlong Zheng; Ruifei Zhang; Kuo Wang; Yanhao Zhang; Jinguo Luo; Haonan Lu; Xiang Wan; Guanbin Li,9,38870-38879,True,https://openaccess.thecvf.com/content/CVPR2026/papers/Xie_StreamRAG_Enhancing_Real-Time_Video_Understanding_with_Retrieval_Augmentation_CVPR_2026_paper.pdf,https://openaccess.thecvf.com/content/CVPR2026/supplemental/Xie_StreamRAG_Enhancing_Real-Time_CVPR_2026_supplemental.pdf,https://openaccess.thecvf.com/content/CVPR2026/html/Xie_StreamRAG_Enhancing_Real-Time_Video_Understanding_with_Retrieval_Augmentation_CVPR_2026_paper.html,"The transition of Retrieval-Augmented Generation (RAG) from offline video analysis to online, streaming scenarios presents a set of critical, unexplored challenges. These include the need for on-the-fly semantic segmentation of continuous video, the inherent tension between low-latency processing and high-quality knowledge extraction, and the demand for query-specific temporal reasoning. We propose StreamRAG, a novel framework designed to overcome these hurdles. StreamRAG is built upon three core technical pillars: (1) a Stream Event Segmentation (SES) module that performs real-time boundary detection to chunk the stream into meaningful units; (2) a Token-Reusing Accelerator that drastically cuts down captioning latency by leveraging computational overlap between consecutive frames; and (3) a Dynamic Retrieval Gate that modulates the retrieval scope and strategy based on the query's temporal sensitivity and contextual similarity. Empirical evaluation confirms that StreamRAG establishes a new state-of-the-art, delivering superior accuracy with minimal latency in streaming video comprehension.","@InProceedings{Xie_2026_CVPR, author = {Xie, Junlin and Zheng, Quanlong and Zhang, Ruifei and Wang, Kuo and Zhang, Yanhao and Luo, Jinguo and Lu, Haonan and Wan, Xiang and Li, Guanbin}, title = {StreamRAG: Enhancing Real-Time Video Understanding with Retrieval Augmentation}, booktitle = {Proceedings of the IEEE/CVF Conference on Computer Vision and Pattern Recognition (CVPR)}, month = {June}, year = {2026}, pages = {38870-38879} }"
Cogo_Leveraging_Multispectral_Sensors_for_Color_Correction_in_Mobile_Cameras_CVPR_2026_paper,2026,1,Efficiency_Compression,Efficiency_Compression,3.0,1.0,Leveraging Multispectral Sensors for Color Correction in Mobile Cameras,Luca Cogo; Marco Buzzelli; Simone Bianco; Javier Vazquez-Corral; Raimondo Schettini,5,12438-12447,True,https://openaccess.thecvf.com/content/CVPR2026/papers/Cogo_Leveraging_Multispectral_Sensors_for_Color_Correction_in_Mobile_Cameras_CVPR_2026_paper.pdf,https://openaccess.thecvf.com/content/CVPR2026/supplemental/Cogo_Leveraging_Multispectral_Sensors_CVPR_2026_supplemental.pdf,https://openaccess.thecvf.com/content/CVPR2026/html/Cogo_Leveraging_Multispectral_Sensors_for_Color_Correction_in_Mobile_Cameras_CVPR_2026_paper.html,"Recent advances in snapshot multispectral (MS) imaging have enabled compact, low-cost spectral sensors for consumer and mobile devices. By capturing richer spectral information than conventional RGB sensors, these systems can enhance key imaging tasks, including color correction. However, most existing methods treat the color correction pipeline in separate stages, often discarding MS data early in the process. We propose a unified, learning-based framework that performs end-to-end color correction and jointly leverages data from a high-resolution RGB sensor and an auxiliary low-resolution MS sensor. Our approach integrates the full pipeline within a single model, producing coherent and color-accurate outputs. We demonstrate the flexibility and generality of our framework by refactoring two different state-of-the-art image-to-image architectures. To support training and evaluation, we construct a dedicated dataset by aggregating and repurposing publicly available spectral datasets, rendering under multiple RGB camera sensitivities. Extensive experiments show that our approach improves color accuracy and stability, reducing error by up to 50% compared to RGB-only and MS-driven baselines. Code, models and dataset available at: https://lucacogo.github.io/Mobile-Spectral-CC/.","@InProceedings{Cogo_2026_CVPR, author = {Cogo, Luca and Buzzelli, Marco and Bianco, Simone and Vazquez-Corral, Javier and Schettini, Raimondo}, title = {Leveraging Multispectral Sensors for Color Correction in Mobile Cameras}, booktitle = {Proceedings of the IEEE/CVF Conference on Computer Vision and Pattern Recognition (CVPR)}, month = {June}, year = {2026}, pages = {12438-12447} }"
Li_LiteSense_Lifting_Lightweight_ToF_with_RGB_for_High-Resolution_Metric_Depth_CVPR_2026_paper,2026,0,LowLevel_Flow_Depth_Matching,LowLevel_Flow_Depth_Matching|Efficiency_Compression,18.0,0.556,LiteSense: Lifting Lightweight ToF with RGB for High-Resolution Metric Depth Estimation,Yusheng Li; Lizhi Lou; Yan Tang; Zekai Miao; Shaoming Zhang; Jianmei Wang,6,5783-5792,True,https://openaccess.thecvf.com/content/CVPR2026/papers/Li_LiteSense_Lifting_Lightweight_ToF_with_RGB_for_High-Resolution_Metric_Depth_CVPR_2026_paper.pdf,https://openaccess.thecvf.com/content/CVPR2026/supplemental/Li_LiteSense_Lifting_Lightweight_CVPR_2026_supplemental.pdf,https://openaccess.thecvf.com/content/CVPR2026/html/Li_LiteSense_Lifting_Lightweight_ToF_with_RGB_for_High-Resolution_Metric_Depth_CVPR_2026_paper.html,"Metric depth estimation aims to recover depth maps with absolute scale, high resolution, and cross-scene consistency from visual observations. Existing approaches either rely on large-scale models or costly sensors to preserve metric accuracy and generalization, both ill-suited to resource-constrained deployment. In this paper, we propose LiteSense, a lightweight RGB-ToF fusion framework that leverages compact normalized histogram (CNH) signals together with RGB cues to achieve efficient and reliable metric depth estimation. Specifically, LiteSense leverages a U-Net-style encoder-decoder that forms an RGB-D input by concatenating RGB with upsampled ToF depth, providing explicit metric priors. To address resolution disparity and recover fine details, we introduce the **Patch-wise CNH Spatial Injection (PCSI)** module, which leverages zone-wise histogram measurements via cross-attention to guide high-level feature fusion. Extensively evaluated on NYUv2 and SUN RGB-D, LiteSense consistently outperforms monocular baselines and DELTAR with substantially lower computational cost, and demonstrates promising zero-shot generalization. We further introduce THDR3K, the first indoor RGB-ToF-CNH dataset, where LiteSense achieves real-world accuracy comparable to--and in challenging cases surpassing--Intel RealSense. All the relevant source codes and the collected dataset are available at GitHub.","@InProceedings{Li_2026_CVPR, author = {Li, Yusheng and Lou, Lizhi and Tang, Yan and Miao, Zekai and Zhang, Shaoming and Wang, Jianmei}, title = {LiteSense: Lifting Lightweight ToF with RGB for High-Resolution Metric Depth Estimation}, booktitle = {Proceedings of the IEEE/CVF Conference on Computer Vision and Pattern Recognition (CVPR)}, month = {June}, year = {2026}, pages = {5783-5792} }"
Xu_MoEActok_A_MoE-based_Action_Tokenizer_for_Vision-Language-Action_Models_CVPR_2026_paper,2026,0,Embodied_AI_Robotics,Embodied_AI_Robotics|Vision_Language_Multimodal|Efficiency_Compression,21.0,0.286,MoEActok: A MoE-based Action Tokenizer for Vision-Language-Action Models,Chunpu Xu; Zhixuan Liang; Tianshuo Yang; Chi-Min Chan; Yang Xiao; Jessie Wang; Xiaokang Yang; Yao Mu,8,28042-28051,True,https://openaccess.thecvf.com/content/CVPR2026/papers/Xu_MoEActok_A_MoE-based_Action_Tokenizer_for_Vision-Language-Action_Models_CVPR_2026_paper.pdf,,https://openaccess.thecvf.com/content/CVPR2026/html/Xu_MoEActok_A_MoE-based_Action_Tokenizer_for_Vision-Language-Action_Models_CVPR_2026_paper.html,"Recent works on vision-language-action (VLA) models have made great progress in exploring action tokenizers that convert continuous control signals into discrete tokens to align with LLM/VLM training paradigms.These approaches typically train a single tokenizer over entire manipulation trajectories, which often comprise multiple distinct skills and thus pose a challenging optimization trade-off.To address this issue, we introduce MoEActok, a novel action tokenizer that employs a mixture-of-experts (MoE) quantizer to produce skill-aware discrete representations for VLA models. MoEActok utilizes a clustering-driven MoE VQ-VAE mechanism in which each expert specializes in a particular skill.The key components are: (a) an action-skill decoupling strategy that uses k-means clustering to group action chunks, aligning clusters having similar skills; (b) a skill-aware training paradigm that augments VLA models with skill-conditioned context, improving skill grounding; and (c) an adapter that projects shared encoder representations into skill-specific latent spaces for specialized quantization, and subsequently harmonize the heterogeneous quantized representations back into a unified space for coherent reconstruction by the shared decoder.We evaluate MoEActok-based VLA models against multiple prior action tokenizer baselines in the RoboTwin and Simpler-Env simulators, and further assess zero-shot transfer on three real-world tasks. Across both simulated and real-world settings, MoEActok-based VLA substantially outperforms existing discrete tokenization methods.","@InProceedings{Xu_2026_CVPR, author = {Xu, Chunpu and Liang, Zhixuan and Yang, Tianshuo and Chan, Chi-Min and Xiao, Yang and Wang, Jessie and Yang, Xiaokang and Mu, Yao}, title = {MoEActok: A MoE-based Action Tokenizer for Vision-Language-Action Models}, booktitle = {Proceedings of the IEEE/CVF Conference on Computer Vision and Pattern Recognition (CVPR)}, month = {June}, year = {2026}, pages = {28042-28051} }"
Su_RaPA_Enhancing_Transferable_Targeted_Attacks_via_Random_Parameter_Pruning_CVPR_2026_paper,2026,1,Efficiency_Compression,Efficiency_Compression,8.0,0.625,RaPA: Enhancing Transferable Targeted Attacks via Random Parameter Pruning,Tongrui Su; Qingbin Li; Shengyu Zhu; Wei Chen; Xueqi Cheng,5,6538-6548,True,https://openaccess.thecvf.com/content/CVPR2026/papers/Su_RaPA_Enhancing_Transferable_Targeted_Attacks_via_Random_Parameter_Pruning_CVPR_2026_paper.pdf,https://openaccess.thecvf.com/content/CVPR2026/supplemental/Su_RaPA_Enhancing_Transferable_CVPR_2026_supplemental.pdf,https://openaccess.thecvf.com/content/CVPR2026/html/Su_RaPA_Enhancing_Transferable_Targeted_Attacks_via_Random_Parameter_Pruning_CVPR_2026_paper.html,"Compared to untargeted attacks, targeted transfer-based attack still suffers from much lower Attack Success Rates (ASRs), although significant improvements have been achieved by kinds of methods, such as diversifying input, stabilizing the gradient, and re-training surrogate models. In this paper, we find that adversarial examples generated by existing methods rely heavily on a small subset of surrogate model parameters, which limits their transferability to unseen target models. Inspired by this finding, we propose Random Parameter Pruning Attack (RaPA), which introduces parameter-level randomization during the attack process. At each optimization step, RaPA randomly prunes model parameters to generate diverse yet semantically consistent surrogate variants. We show that this parameter-level randomization is equivalent to adding an importance-equalization regularizer, thereby alleviating the over-reliance issue. Extensive experiments across both CNN and Transformer architectures demonstrate that RaPA substantially enhances transferability. In the challenging case of transferring from CNN-based to Transformer-based models, RaPA achieves up to 11.7% higher average ASRs than state-of-the-art baselines (with 33.3% ASRs), while being training-free, cross-architecture efficient, and easily integrated into existing attack frameworks. Code is available on https://github.com/molarsu/RaPA.","@InProceedings{Su_2026_CVPR, author = {Su, Tongrui and Li, Qingbin and Zhu, Shengyu and Chen, Wei and Cheng, Xueqi}, title = {RaPA: Enhancing Transferable Targeted Attacks via Random Parameter Pruning}, booktitle = {Proceedings of the IEEE/CVF Conference on Computer Vision and Pattern Recognition (CVPR)}, month = {June}, year = {2026}, pages = {6538-6548} }"
Wang_UniCompress_Token_Compression_for_Unified_Vision-Language_Understanding_and_Generation_CVPR_2026_paper,2026,1,Efficiency_Compression,Efficiency_Compression|Vision_Language_Multimodal,16.0,0.188,UniCompress: Token Compression for Unified Vision-Language Understanding and Generation,Ziyao Wang; Chen Chen; Jingtao Li; Weiming Zhuang; Jiabo Huang; Ang Li; Lingjuan Lyu,7,24663-24674,True,https://openaccess.thecvf.com/content/CVPR2026/papers/Wang_UniCompress_Token_Compression_for_Unified_Vision-Language_Understanding_and_Generation_CVPR_2026_paper.pdf,,https://openaccess.thecvf.com/content/CVPR2026/html/Wang_UniCompress_Token_Compression_for_Unified_Vision-Language_Understanding_and_Generation_CVPR_2026_paper.html,"Unified models aim to support both understanding and generation by encoding images into discrete tokens and processing them alongside text within a single autoregressive framework. This unified design offers architectural simplicity and cross-modal synergy, which facilitates shared parameterization, consistent training objectives, and seamless transfer between modalities. However, the large number of visual tokens required by such models introduces substantial computation and memory overhead, and this inefficiency directly hinders deployment in resource constrained scenarios such as embodied AI systems. In this work, we propose a unified token compression algorithm UniCompress that significantly reduces visual token count while preserving performance on both image understanding and generation tasks. Our method introduces a plug-in compression and decompression mechanism guided with learnable global meta tokens. The framework is lightweight and modular, enabling efficient integration into existing models without full retraining. Experimental results show that our approach reduces image tokens by up to (4x), achieves substantial gains in inference latency and training cost, and incurs only minimal performance degradation, which demonstrates the promise of token-efficient unified modeling for real world multimodal applications.","@InProceedings{Wang_2026_CVPR, author = {Wang, Ziyao and Chen, Chen and Li, Jingtao and Zhuang, Weiming and Huang, Jiabo and Li, Ang and Lyu, Lingjuan}, title = {UniCompress: Token Compression for Unified Vision-Language Understanding and Generation}, booktitle = {Proceedings of the IEEE/CVF Conference on Computer Vision and Pattern Recognition (CVPR)}, month = {June}, year = {2026}, pages = {24663-24674} }"
Wu_MeToM_Metadata-Guided_Token_Merging_for_Efficient_Video_LLMs_CVPR_2026_paper,2026,1,Efficiency_Compression,Efficiency_Compression|LLM_Reasoning_Agent,23.0,0.348,MeToM: Metadata-Guided Token Merging for Efficient Video LLMs,Zhuojie Wu; Shijie Wang; Xin Yu,3,10441-10450,True,https://openaccess.thecvf.com/content/CVPR2026/papers/Wu_MeToM_Metadata-Guided_Token_Merging_for_Efficient_Video_LLMs_CVPR_2026_paper.pdf,https://openaccess.thecvf.com/content/CVPR2026/supplemental/Wu_MeToM_Metadata-Guided_Token_CVPR_2026_supplemental.pdf,https://openaccess.thecvf.com/content/CVPR2026/html/Wu_MeToM_Metadata-Guided_Token_Merging_for_Efficient_Video_LLMs_CVPR_2026_paper.html,"Video Large Language Models (VLLMs) encounter significant computational challenges due to the large volume of visual tokens generated from multiple frames. Existing visual token pruning methods fail to account for the uneven spatiotemporal information density, thus squandering scarce token budgets on regions with low information density. In this paper, we propose a training-free Metadata-guided Token Merging framework (MeToM) that leverages intrinsic video metadata to adaptively allocate budgets and merge visual tokens based on content complexity. Specifically, MeToM exploits residual data from codec metadata as spatial information density cues. It merges less informative regions during tokenization, avoiding redundant encoding and improving the efficiency of the visual encoder. Additionally, MeToM captures temporal variations in information density by utilizing the average Group of Pictures (GoP) packet size to represent scene complexity. This mechanism enables dynamic per-frame token allocation across time, assigning more tokens to content-complex frames and fewer tokens to information-sparse ones. Finally, we merge low-contribution visual tokens via multi-layer attention to reduce prefill FLOPs and the visual KV-cache footprint inside the LLM. Extensive experimental results demonstrate that MeToM outperforms prior state-of-the-art methods. Notably, it achieves a 2.65xinference speedup over the baseline VLLM without sacrificing accuracy.","@InProceedings{Wu_2026_CVPR, author = {Wu, Zhuojie and Wang, Shijie and Yu, Xin}, title = {MeToM: Metadata-Guided Token Merging for Efficient Video LLMs}, booktitle = {Proceedings of the IEEE/CVF Conference on Computer Vision and Pattern Recognition (CVPR)}, month = {June}, year = {2026}, pages = {10441-10450} }"
Liu_Frequency_Switching_Mechanism_for_Parameter-Efficient_Multi-Task_Learning_CVPR_2026_paper,2026,1,Efficiency_Compression,Efficiency_Compression,6.0,1.0,Frequency Switching Mechanism for Parameter-Efficient Multi-Task Learning,Shih-Wen Liu; Yen-Chang Chen; Wei-Ta Chu; Fu-En Yang; Yu-Chiang Frank Wang,5,20273-20282,True,https://openaccess.thecvf.com/content/CVPR2026/papers/Liu_Frequency_Switching_Mechanism_for_Parameter-Efficient_Multi-Task_Learning_CVPR_2026_paper.pdf,https://openaccess.thecvf.com/content/CVPR2026/supplemental/Liu_Frequency_Switching_Mechanism_CVPR_2026_supplemental.pdf,https://openaccess.thecvf.com/content/CVPR2026/html/Liu_Frequency_Switching_Mechanism_for_Parameter-Efficient_Multi-Task_Learning_CVPR_2026_paper.html,"Multi-task learning (MTL) aims to enable a single model to solve multiple tasks efficiently; however, current parameter-efficient fine-tuning (PEFT) methods remain largely limited to single-task adaptation. We introduce Free Sinewich, a parameter-efficient multi-task learning framework that enables near-zero-cost weight modulation via frequency switching (Free). Specifically, a Sine-AWB (Sinewich) layer combines low-rank factors and convolutional priors into a single kernel, which is then modulated elementwise by a sinusoidal transformation to produce task-specialized weights. A lightweight Clock Net is introduced to produce bounded frequencies that stabilize this modulation during training. Theoretically, sine modulation enhances the rank of low-rank adapters, while frequency separation decorrelates the weights of different tasks. On dense prediction benchmarks, Free Sinewich achieves state-of-the-art performance-efficiency trade-offs (e.g., up to +5.39% improvement over single-task fine-tuning with only 6.53M trainable parameters), offering a compact and scalable paradigm based on frequency-based parameter sharing.","@InProceedings{Liu_2026_CVPR, author = {Liu, Shih-Wen and Chen, Yen-Chang and Chu, Wei-Ta and Yang, Fu-En and Wang, Yu-Chiang Frank}, title = {Frequency Switching Mechanism for Parameter-Efficient Multi-Task Learning}, booktitle = {Proceedings of the IEEE/CVF Conference on Computer Vision and Pattern Recognition (CVPR)}, month = {June}, year = {2026}, pages = {20273-20282} }"
Lin_CAST_Context-Aware_Dynamic_Latent_Space_Transformation_for_Interactive_Text-to-Image_Retrieval_CVPR_2026_paper,2026,0,Diffusion_Generative,Diffusion_Generative|Efficiency_Compression|Recognition_Classification,15.0,0.6,CAST: Context-Aware Dynamic Latent Space Transformation for Interactive Text-to-Image Retrieval,Xuanzuo Lin; Min Zhang; Daizong Liu; Zhiwen Zuo; Xun Yang; Changting Lin; Xun Wang; Jianfeng Dong,8,38794-38803,True,https://openaccess.thecvf.com/content/CVPR2026/papers/Lin_CAST_Context-Aware_Dynamic_Latent_Space_Transformation_for_Interactive_Text-to-Image_Retrieval_CVPR_2026_paper.pdf,https://openaccess.thecvf.com/content/CVPR2026/supplemental/Lin_CAST_Context-Aware_Dynamic_CVPR_2026_supplemental.pdf,https://openaccess.thecvf.com/content/CVPR2026/html/Lin_CAST_Context-Aware_Dynamic_Latent_Space_Transformation_for_Interactive_Text-to-Image_Retrieval_CVPR_2026_paper.html,"Interactive Text-to-Image Retrieval (I-TIR) aims to refine image retrieval results through natural language dialogues, which allows users to progressively supplement or correct their search intention across multiple rounds, enabling a more precise and user-aligned visual search experience.However, existing methods perform cross-modal retrieval within a fixed multimodal feature space, mapping all dialogue text and images onto the same static embedding manifold.Such static formulation easily causes semantic vagueness, making it difficult to capture subtle embedding shifts in the user's updated intention for fine-grained retrieval.To address this limitation, we propose Context-Aware Latent Space Transformation (CAST), a lightweight framework that dynamically transforms the common latent space of both textual and visual representations according to the specific evolving user's search intention, enabling fine-grained and adaptive semantic alignment.The core of CAST is the Context-Aware Space Regulator (CASR), a crucial space transformation module composed of two key components: (1) the Context-Aware Low-Rank Projector (CLP), which learns to predict the projection direction of embedding space based on the intent's context;and (2) the Context-Guided Modulator (CGM), which adaptively determines appropriate projection strength. CASR is highly lightweight, adding negligible parameters and computational overhead, and can be seamlessly integrated into diverse I-TIR frameworks.Extensive experiments demonstrate the effectiveness of our proposed framework, indicating that it can serve as a general, plug-and-play solution for efficient and scalable interactive text-to-image retrieval. Our source code is available at https://github.com/HuiGuanLab/CAST.","@InProceedings{Lin_2026_CVPR, author = {Lin, Xuanzuo and Zhang, Min and Liu, Daizong and Zuo, Zhiwen and Yang, Xun and Lin, Changting and Wang, Xun and Dong, Jianfeng}, title = {CAST: Context-Aware Dynamic Latent Space Transformation for Interactive Text-to-Image Retrieval}, booktitle = {Proceedings of the IEEE/CVF Conference on Computer Vision and Pattern Recognition (CVPR)}, month = {June}, year = {2026}, pages = {38794-38803} }"
Liu_RoadSceneBench_A_Lightweight_Benchmark_for_Mid-Level_Road_Scene_Understanding_CVPR_2026_paper,2026,1,Efficiency_Compression,Efficiency_Compression|Vision_Language_Multimodal,8.0,0.25,RoadSceneBench: A Lightweight Benchmark for Mid-Level Road Scene Understanding,Xiyan Liu; Han Wang; Yuhu Wang; Junjie Cai; Zhe Cao; Jianzhong Yang; Zhen Lu,7,23720-23729,True,https://openaccess.thecvf.com/content/CVPR2026/papers/Liu_RoadSceneBench_A_Lightweight_Benchmark_for_Mid-Level_Road_Scene_Understanding_CVPR_2026_paper.pdf,,https://openaccess.thecvf.com/content/CVPR2026/html/Liu_RoadSceneBench_A_Lightweight_Benchmark_for_Mid-Level_Road_Scene_Understanding_CVPR_2026_paper.html,"Understanding mid-level road semantics, which capture the structural and contextual cues that link low-level perception to high-level planning, is essential for reliable autonomous driving and digital map construction. However, existing benchmarks primarily target perception tasks such as detection or segmentation, overlooking the reasoning capabilities required to infer road topology and dynamic scene structure. To address this gap, we present RoadSceneBench, a lightweight yet information-rich benchmark designed to evaluate and advance visual reasoning in complex road environments. Unlike large-scale perception datasets, RoadSceneBench emphasizes relational understanding and structural consistency, encouraging models to capture the underlying logic of real-world road scenes. Furthermore, to enhance reasoning reliability, we propose Hierarchical Relational Reward Propagation with Temporal Consistency (HRRP-T), a training framework for Vision-Language Models (VLMs) in which reward signals adaptively promote spatial coherence and semantic alignment throughout the reasoning process. This paradigm enables models to move beyond static recognition toward geometry-aware and temporally consistent reasoning. Extensive experiments demonstrate that our method achieves state-of-the-art performance across diverse road configurations. RoadSceneBench thus provides a compact yet powerful foundation for studying mid-level road semantics and fostering structure-aware autonomous perception. Our dataset is available at https://github.com/XiyanLiu/RoadSceneBench.","@InProceedings{Liu_2026_CVPR, author = {Liu, Xiyan and Wang, Han and Wang, Yuhu and Cai, Junjie and Cao, Zhe and Yang, Jianzhong and Lu, Zhen}, title = {RoadSceneBench: A Lightweight Benchmark for Mid-Level Road Scene Understanding}, booktitle = {Proceedings of the IEEE/CVF Conference on Computer Vision and Pattern Recognition (CVPR)}, month = {June}, year = {2026}, pages = {23720-23729} }"
Fan_Vision-Oriented_Lightweight_Neural_Architecture_Search_with_Budget-Adaptive_Evaluation_CVPR_2026_paper,2026,1,Efficiency_Compression,Efficiency_Compression,26.0,1.0,Vision-Oriented Lightweight Neural Architecture Search with Budget-Adaptive Evaluation,Yi Fan; Yu-Bin Yang,2,41985-41995,True,https://openaccess.thecvf.com/content/CVPR2026/papers/Fan_Vision-Oriented_Lightweight_Neural_Architecture_Search_with_Budget-Adaptive_Evaluation_CVPR_2026_paper.pdf,https://openaccess.thecvf.com/content/CVPR2026/supplemental/Fan_Vision-Oriented_Lightweight_Neural_CVPR_2026_supplemental.pdf,https://openaccess.thecvf.com/content/CVPR2026/html/Fan_Vision-Oriented_Lightweight_Neural_Architecture_Search_with_Budget-Adaptive_Evaluation_CVPR_2026_paper.html,"In the deep-learning-based computer vision community, Neural Architecture Search (NAS) has become the de-facto tool for acquiring task-optimal network structures. Nevertheless, NAS methods are trapped in a fundamental accuracy-efficiency dilemma: training-based approaches deliver reliable performance but incur prohibitive search costs, whereas training-free strategies are ultra-fast but often yield relatively unreliable rankings. To reconcile this conflict, we propose a vision-oriented lightweight training-based NAS framework. We first design six micro vision tasks whose training time is negligible, yet together they probe a broad spectrum of representational capacities. Built upon these tasks, we introduce a budget-adaptive performance evaluator to produce the most accurate ranking attainable within the limit. Experiments on popular NAS benchmarks show that our method achieves a ranking correlation higher than existing methods. Furthermore, we construct a search space from prevalent neural blocks and run our method at a cost close to training-free methods; the discovered architecture surpasses the current state-of-the-art under identical training recipes. Our codes are available at https://github.com/fanyi-plus/tf-nas.","@InProceedings{Fan_2026_CVPR, author = {Fan, Yi and Yang, Yu-Bin}, title = {Vision-Oriented Lightweight Neural Architecture Search with Budget-Adaptive Evaluation}, booktitle = {Proceedings of the IEEE/CVF Conference on Computer Vision and Pattern Recognition (CVPR)}, month = {June}, year = {2026}, pages = {41985-41995} }"
Sheng_CADC_Content_Adaptive_Diffusion-Based_Generative_Image_Compression_CVPR_2026_paper,2026,1,Efficiency_Compression,Efficiency_Compression,11.0,0.727,CADC: Content Adaptive Diffusion-Based Generative Image Compression,Xihua Sheng; Lingyu Zhu; Tianyu Zhang; Dong Liu; Shiqi Wang; Jing Wang,6,32936-32946,True,https://openaccess.thecvf.com/content/CVPR2026/papers/Sheng_CADC_Content_Adaptive_Diffusion-Based_Generative_Image_Compression_CVPR_2026_paper.pdf,https://openaccess.thecvf.com/content/CVPR2026/supplemental/Sheng_CADC_Content_Adaptive_CVPR_2026_supplemental.pdf,https://openaccess.thecvf.com/content/CVPR2026/html/Sheng_CADC_Content_Adaptive_Diffusion-Based_Generative_Image_Compression_CVPR_2026_paper.html,"Diffusion-based generative image compression has demonstrated remarkable potential for achieving realistic reconstruction at ultra-low bitrates. The key to unlocking this potential lies in making the entire compression process content-adaptive, ensuring that the encoder's representation and the decoder's generative prior are dynamically aligned with the semantic and structural characteristics of the input image. However, existing methods suffer from three critical limitations that prevent effective content adaptation. First, isotropic quantization applies a uniform quantization step, failing to adapt to the spatially varying complexity of image content and creating a misalignment with the diffusion model's noise-dependent prior. Second, the information concentration bottleneck---arising from the dimensional mismatch between the high-dimensional noisy latent and the diffusion decoder's fixed input---prevents the model from adaptively preserving essential semantic information in the primary channels. Third, existing textual conditioning strategies either need significant textual bitrate overhead or rely on generic, content-agnostic textual prompts, thereby failing to provide adaptive semantic guidance efficiently. To overcome these limitations, we propose a content-adaptive diffusion-based image codec (CADC) with three technical innovations: 1) an Uncertainty-Guided Adaptive Quantization (UGAQ) method that learns spatial uncertainty maps to adaptively align quantization distortion with content characteristics; 2) an Auxiliary Decoder-Guided Information Concentration (ADGIC) method that uses a lightweight auxiliary decoder to enforce content-aware information preservation in the primary latent channels; and 3) a Bitrate-Free Adaptive Textual Conditioning (BFATC) method that derives content-aware textual descriptions from the auxiliary reconstructed image, enabling semantic guidance without bitrate cost. Comprehensive experimental results show that our codec achieves state-of-the-art perceptual quality at ultra-low bitrates.","@InProceedings{Sheng_2026_CVPR, author = {Sheng, Xihua and Zhu, Lingyu and Zhang, Tianyu and Liu, Dong and Wang, Shiqi and Wang, Jing}, title = {CADC: Content Adaptive Diffusion-Based Generative Image Compression}, booktitle = {Proceedings of the IEEE/CVF Conference on Computer Vision and Pattern Recognition (CVPR)}, month = {June}, year = {2026}, pages = {32936-32946} }"
Kim_ZOO-Prune_Training-Free_Token_Pruning_via_Zeroth-Order_Gradient_Estimation_in_Vision-Language_CVPR_2026_paper,2026,1,Efficiency_Compression,Efficiency_Compression|Vision_Language_Multimodal,24.0,0.042,ZOO-Prune: Training-Free Token Pruning via Zeroth-Order Gradient Estimation in Vision-Language Models,Youngeun Kim; Youjia Zhang; Huiling Liu; Aecheon Jung; Sunwoo Lee; Sungeun Hong,6,39572-39582,True,https://openaccess.thecvf.com/content/CVPR2026/papers/Kim_ZOO-Prune_Training-Free_Token_Pruning_via_Zeroth-Order_Gradient_Estimation_in_Vision-Language_CVPR_2026_paper.pdf,https://openaccess.thecvf.com/content/CVPR2026/supplemental/Kim_ZOO-Prune_Training-Free_Token_CVPR_2026_supplemental.pdf,https://openaccess.thecvf.com/content/CVPR2026/html/Kim_ZOO-Prune_Training-Free_Token_Pruning_via_Zeroth-Order_Gradient_Estimation_in_Vision-Language_CVPR_2026_paper.html,"Large Vision-Language Models (VLMs) enable strong multimodal reasoning but incur heavy inference costs from redundant visual tokens. Token pruning alleviates this issue, yet existing approaches face limitations. Attention-based methods rely on raw attention scores, which are often unstable across layers and heads and can lead to redundant selections. Diversity-based methods improve robustness by selecting tokens far apart in feature space, but risk dropping regions needed for accurate prediction. We propose ZOO-Prune, a training-free framework built on the intuition that highly sensitive tokens have a stronger influence on the model's output and capture complementary visual cues rather than redundant ones. To achieve this, we estimate token sensitivity using zeroth-order perturbations at the lightweight projection layer. This measures how small random perturbations affect the projected features and enables efficient approximation of each token's influence without backpropagation. Extensive experiments across multiple VLMs and benchmarks show that ZOO-Prune consistently outperforms prior methods while pruning up to 94.4% of tokens without sacrificing accuracy. Our method also improves efficiency, reaching up to 2.30x faster end-to-end inference compared to the baseline. Code is available at https://aim-skku.github.io/ZOO-Prune.","@InProceedings{Kim_2026_CVPR, author = {Kim, Youngeun and Zhang, Youjia and Liu, Huiling and Jung, Aecheon and Lee, Sunwoo and Hong, Sungeun}, title = {ZOO-Prune: Training-Free Token Pruning via Zeroth-Order Gradient Estimation in Vision-Language Models}, booktitle = {Proceedings of the IEEE/CVF Conference on Computer Vision and Pattern Recognition (CVPR)}, month = {June}, year = {2026}, pages = {39572-39582} }"
Patel_VibeToken_Scaling_1D_Image_Tokenizers_and_Autoregressive_Models_for_Dynamic_CVPR_2026_paper,2026,0,Diffusion_Generative,Diffusion_Generative|Efficiency_Compression,7.0,0.143,VibeToken: Scaling 1D Image Tokenizers and Autoregressive Models for Dynamic Resolution Generations,Maitreya Patel; Jingtao Li; Weiming Zhuang; Yezhou Yang; Lingjuan Lv,5,2058-2068,True,https://openaccess.thecvf.com/content/CVPR2026/papers/Patel_VibeToken_Scaling_1D_Image_Tokenizers_and_Autoregressive_Models_for_Dynamic_CVPR_2026_paper.pdf,https://openaccess.thecvf.com/content/CVPR2026/supplemental/Patel_VibeToken_Scaling_1D_CVPR_2026_supplemental.pdf,https://openaccess.thecvf.com/content/CVPR2026/html/Patel_VibeToken_Scaling_1D_Image_Tokenizers_and_Autoregressive_Models_for_Dynamic_CVPR_2026_paper.html,"We introduce an efficient, resolution-agnostic autoregressive (AR) image synthesis approach that generalizes to arbitrary resolutions and aspect ratios, narrowing the gap to diffusion models at scale. At its core is VibeToken, a novel resolution-agnostic 1D Transformer-based image tokenizer that encodes images into a dynamic, user-controllable sequence of 32-256 tokens, achieving a state-of-the-art efficiency and performance trade-off. Building on VibeToken, we present VibeToken-Gen, a class-conditioned AR generator with out-of-the-box support for arbitrary resolutions while requiring significantly fewer compute resources. Notably, VibeToken-Gen synthesizes 1024x1024 images using only 64 tokens and achieves 3.94 gFID; by comparison, a diffusion-based state-of-the-art alternative requires 1,024 tokens and attains 5.87 gFID. In contrast to fixed-resolution AR models such as LlamaGen - whose inference FLOPs grow quadratically with resolution ( 11T FLOPs at 1024x1024) - VibeToken-Gen maintains a constant 179G FLOPs (63.4x efficient) independent of resolution. We hope VibeToken can help unlock the wide adoption of AR visual generative models in production use cases. Project page: https://github.com/SonyResearch/VibeToken","@InProceedings{Patel_2026_CVPR, author = {Patel, Maitreya and Li, Jingtao and Zhuang, Weiming and Yang, Yezhou and Lv, Lingjuan}, title = {VibeToken: Scaling 1D Image Tokenizers and Autoregressive Models for Dynamic Resolution Generations}, booktitle = {Proceedings of the IEEE/CVF Conference on Computer Vision and Pattern Recognition (CVPR)}, month = {June}, year = {2026}, pages = {2058-2068} }"
Di_PAMotion_Physics-Aware_Motion_Generation_for_Full-Body_Interaction_with_Multiple_Objects_CVPR_2026_paper,2026,1,Efficiency_Compression,Efficiency_Compression,3.0,0.0,PAMotion: Physics-Aware Motion Generation for Full-Body Interaction with Multiple Objects,Yan Di; Yuheng Li; Yaoxing Wang; Mengge Liu; Shan Gao; Xiangyang Ji,6,30661-30674,True,https://openaccess.thecvf.com/content/CVPR2026/papers/Di_PAMotion_Physics-Aware_Motion_Generation_for_Full-Body_Interaction_with_Multiple_Objects_CVPR_2026_paper.pdf,https://openaccess.thecvf.com/content/CVPR2026/supplemental/Di_PAMotion_Physics-Aware_Motion_CVPR_2026_supplemental.zip,https://openaccess.thecvf.com/content/CVPR2026/html/Di_PAMotion_Physics-Aware_Motion_Generation_for_Full-Body_Interaction_with_Multiple_Objects_CVPR_2026_paper.html,"We present PAMotion, a physics-aware diffusion framework for generating realistic full-body human interactions with multiple objects.Existing diffusion-based methods that jointly synthesize human and object motions often struggle to capture the intricate physical interactions--especially those involving complex hand-object contacts. To address this issue, in this paper, we begin with our key observation: in everyday, slow-motion scenarios, object accelerations inherently reveal the underlying physical interactions.If an object's acceleration aligns with gravity, it is likely in free motion with no physical contact from human or other objects; otherwise, it must be in contact--directly or indirectly--with the human body. Building on this intuition, PAMotion jointly models full-body human motion, object motion, and their corresponding accelerations, enforcing physical plausibility through a physics-aware interaction loss.In this loss, we softly penalizes violations of consistency between object acceleration and human-object contact states. PAMotion follows a coarse-to-fine pipline: we first synthesize global torso and object translations, then conditionally refine hand motions and object rotations, achieving both high-level motion-text consistency and low-level physical fidelity. Experiments on two challenging datasets HIMO and ParaHome demonstrate that PAMotion achieves state-of-the-art performance in generating realistic, physically consistent full-body manipulation sequences involving multiple objects. Our code is released at https://github.com/liyuheng520/PAMotion.","@InProceedings{Di_2026_CVPR, author = {Di, Yan and Li, Yuheng and Wang, Yaoxing and Liu, Mengge and Gao, Shan and Ji, Xiangyang}, title = {PAMotion: Physics-Aware Motion Generation for Full-Body Interaction with Multiple Objects}, booktitle = {Proceedings of the IEEE/CVF Conference on Computer Vision and Pattern Recognition (CVPR)}, month = {June}, year = {2026}, pages = {30661-30674} }"
Zhang_Ultra-Low_Bitrate_Perceptual_Image_Compression_with_Shallow_Encoder_CVPR_2026_paper,2026,1,Efficiency_Compression,Efficiency_Compression,3.0,1.0,Ultra-Low Bitrate Perceptual Image Compression with Shallow Encoder,Tianyu Zhang; Dong Liu; Chang Wen Chen,3,12118-12128,True,https://openaccess.thecvf.com/content/CVPR2026/papers/Zhang_Ultra-Low_Bitrate_Perceptual_Image_Compression_with_Shallow_Encoder_CVPR_2026_paper.pdf,https://openaccess.thecvf.com/content/CVPR2026/supplemental/Zhang_Ultra-Low_Bitrate_Perceptual_CVPR_2026_supplemental.pdf,https://openaccess.thecvf.com/content/CVPR2026/html/Zhang_Ultra-Low_Bitrate_Perceptual_Image_Compression_with_Shallow_Encoder_CVPR_2026_paper.html,"Ultra-low bitrate image compression (below 0.05 bits per pixel) is increasingly critical for bandwidth-constrained and computation-limited encoding scenarios such as edge devices. Existing frameworks typically rely on large pretrained encoders (e.g., VAEs or tokenizer-based models) and perform transform coding within their generative latent space. While these approaches achieve impressive perceptual fidelity, their reliance on heavy encoder networks makes them unsuitable for deployment on weak sender devices. In this work, we explore the feasibility of applying shallow encoders for ultra-low bitrate compression and propose a novel Asymmetric Extreme Image Compression (AEIC) framework that pursues simultaneously encoding simplicity and decoding quality. Specifically, AEIC employs moderate or even shallow encoder networks, while leveraging an one-step diffusion decoder to maintain high-fidelity and high-realism reconstructions under extreme bitrates. To further enhance the efficiency of shallow encoders, we design a dual-side feature distillation scheme that transfers knowledge from AEIC with moderate encoders to its shallow encoder variants. Experiments show that AEIC not only outperforms existing methods on rate-distortion-perception performance at ultra-low bitrates, but also delivers exceptional encoding efficiency for 35.8 FPS on 1080P images, while maintaining competitive decoding speed compared to existing methods. Code is available at https://github.com/LuizScarlet/AEIC.","@InProceedings{Zhang_2026_CVPR, author = {Zhang, Tianyu and Liu, Dong and Chen, Chang Wen}, title = {Ultra-Low Bitrate Perceptual Image Compression with Shallow Encoder}, booktitle = {Proceedings of the IEEE/CVF Conference on Computer Vision and Pattern Recognition (CVPR)}, month = {June}, year = {2026}, pages = {12118-12128} }"
Qin_FreqSIC_Frequency-aware_Stereo_Image_Compression_with_Bi-directional_Checkerboard_Context_Model_CVPR_2026_paper,2026,1,Efficiency_Compression,Efficiency_Compression,4.0,1.0,FreqSIC: Frequency-aware Stereo Image Compression with Bi-directional Checkerboard Context Model,Shiyu Qin; Yongkang Lu; Yimin Zhou; Jiawei Li; Yifan Ren; Yuerong Xue; Shu-Tao Xia; Bin Chen,8,19393-19402,True,https://openaccess.thecvf.com/content/CVPR2026/papers/Qin_FreqSIC_Frequency-aware_Stereo_Image_Compression_with_Bi-directional_Checkerboard_Context_Model_CVPR_2026_paper.pdf,https://openaccess.thecvf.com/content/CVPR2026/supplemental/Qin_FreqSIC_Frequency-aware_Stereo_CVPR_2026_supplemental.pdf,https://openaccess.thecvf.com/content/CVPR2026/html/Qin_FreqSIC_Frequency-aware_Stereo_Image_Compression_with_Bi-directional_Checkerboard_Context_Model_CVPR_2026_paper.html,"Stereo image compression is essential for a wide range of 3D vision. Recent methods have demonstrated strong capabilities in eliminating inter-view redundancy and enabling compact entropy coding via spatial-domain stereo transformation and advanced autoregressive entropy models. However, these approaches often suffer from high-frequency information loss and incur considerable coding latency. To overcome these limitations, we propose a novel frequency stereo context transfer (FSCT) module. Unlike spatial-domain methods, the FSCT module separately captures inter-view redundancy in high- and low-frequency components and dynamically balances their contributions to preserve reconstruction quality. In addition, we replace the conventional autoregressive framework with a checkerboard strategy and integrate the FSCT module to model inter-view priors, enabling faster and more efficient entropy coding. Extensive experiments demonstrate that our method achieves state-of-the-art rate-distortion performance among existing stereo image compression approaches, while also attaining the lowest coding latency.","@InProceedings{Qin_2026_CVPR, author = {Qin, Shiyu and Lu, Yongkang and Zhou, Yimin and Li, Jiawei and Ren, Yifan and Xue, Yuerong and Xia, Shu-Tao and Chen, Bin}, title = {FreqSIC: Frequency-aware Stereo Image Compression with Bi-directional Checkerboard Context Model}, booktitle = {Proceedings of the IEEE/CVF Conference on Computer Vision and Pattern Recognition (CVPR)}, month = {June}, year = {2026}, pages = {19393-19402} }"
Fan_What_Do_Visual_Tokens_Really_Encode_Uncovering_Sparsity_and_Redundancy_CVPR_2026_paper,2026,0,LLM_Reasoning_Agent,LLM_Reasoning_Agent|Efficiency_Compression,21.0,0.381,What Do Visual Tokens Really Encode? Uncovering Sparsity and Redundancy in Multimodal Large Language Models,Yingqi Fan; Junlong Tong; Anhao Zhao; Xiaoyu Shen,4,11987-11997,True,https://openaccess.thecvf.com/content/CVPR2026/papers/Fan_What_Do_Visual_Tokens_Really_Encode_Uncovering_Sparsity_and_Redundancy_CVPR_2026_paper.pdf,https://openaccess.thecvf.com/content/CVPR2026/supplemental/Fan_What_Do_Visual_CVPR_2026_supplemental.pdf,https://openaccess.thecvf.com/content/CVPR2026/html/Fan_What_Do_Visual_Tokens_Really_Encode_Uncovering_Sparsity_and_Redundancy_CVPR_2026_paper.html,"Multimodal large language models (MLLMs) project visual tokens into the embedding space of language models, yet the internal structuring and processing of visual semantics remain poorly understood. In this work, we introduce a two-fold analytical framework featuring a novel probing tool, EmbedLens, to conduct a fine-grained analysis. We uncover a pronounced semantic sparsity at the input level: visual tokens consistently partition into sink, dead, and alive categories. Remarkably, only the alive tokens, comprising ~60% of the total input, carry image-specific meaning. Furthermore, using a targeted patch-compression benchmark, we demonstrate that these alive tokens already encode rich, fine-grained cues (e.g., objects, colors, and OCR) prior to entering the LLM. Internal visual computations (such as visual attention and feed-forward networks) are redundant for most standard tasks. For the small subset of highly vision-centric tasks that actually benefit from internal processing, we reveal that alive tokens naturally align with intermediate LLM layers rather than the initial embedding space, indicating that shallow-layer processing is unnecessary and that direct mid-layer injection is both sufficient. Ultimately, our findings provide a unified mechanistic view of visual token processing, paving the way for more efficient and interpretable MLLM architectures through selective token pruning, minimized visual computation, and mid-layer injection.","@InProceedings{Fan_2026_CVPR, author = {Fan, Yingqi and Tong, Junlong and Zhao, Anhao and Shen, Xiaoyu}, title = {What Do Visual Tokens Really Encode? Uncovering Sparsity and Redundancy in Multimodal Large Language Models}, booktitle = {Proceedings of the IEEE/CVF Conference on Computer Vision and Pattern Recognition (CVPR)}, month = {June}, year = {2026}, pages = {11987-11997} }"
Chen_Co-Me_Confidence_Guided_Token_Merging_for_Visual_Geometric_Transformers_CVPR_2026_paper,2026,1,Efficiency_Compression,Efficiency_Compression,22.0,1.0,Co-Me: Confidence Guided Token Merging for Visual Geometric Transformers,Yutian Chen; Yuheng Qiu; Ruogu Li; Jay Patrikar; Sebastian Scherer,5,14590-14599,True,https://openaccess.thecvf.com/content/CVPR2026/papers/Chen_Co-Me_Confidence_Guided_Token_Merging_for_Visual_Geometric_Transformers_CVPR_2026_paper.pdf,https://openaccess.thecvf.com/content/CVPR2026/supplemental/Chen_Co-Me_Confidence_Guided_CVPR_2026_supplemental.pdf,https://openaccess.thecvf.com/content/CVPR2026/html/Chen_Co-Me_Confidence_Guided_Token_Merging_for_Visual_Geometric_Transformers_CVPR_2026_paper.html,"We propose Confidence-Guided Token Merging (Co-Me), an acceleration mechanism for visual geometric transformers without retraining or finetuning the base model. Co-Me distilled a light-weight confidence predictor to rank tokens by uncertainty and selectively merge low-confidence ones, effectively reducing computation while maintaining spatial coverage. Compared to similarity-based merging or pruning, the confidence signal in Co-Me reliably indicates regions emphasized by the transformer, enabling substantial acceleration without degrading performance. Co-Me applies seamlessly to various multi-view and streaming visual geometric transformers, achieving speedups that scale with sequence length. When applied to VGGT and Pi3, Co-Me achieves up to 21.5x and 20.4x speedup, making visual geometric transformers practical for real-time 3D perception and reconstruction.","@InProceedings{Chen_2026_CVPR, author = {Chen, Yutian and Qiu, Yuheng and Li, Ruogu and Patrikar, Jay and Scherer, Sebastian}, title = {Co-Me: Confidence Guided Token Merging for Visual Geometric Transformers}, booktitle = {Proceedings of the IEEE/CVF Conference on Computer Vision and Pattern Recognition (CVPR)}, month = {June}, year = {2026}, pages = {14590-14599} }"
Wang_Accelerating_Streaming_Video_Large_Language_Models_via_Hierarchical_Token_Compression_CVPR_2026_paper,2026,1,Efficiency_Compression,Efficiency_Compression|LLM_Reasoning_Agent|Video_Action_Recognition,21.0,0.0,Accelerating Streaming Video Large Language Models via Hierarchical Token Compression,Yiyu Wang; Xuyang Liu; Xiyan Gui; Xinying Lin; Boxue Yang; Chenfei Liao; Tailai Chen; Linfeng Zhang,8,18523-18533,True,https://openaccess.thecvf.com/content/CVPR2026/papers/Wang_Accelerating_Streaming_Video_Large_Language_Models_via_Hierarchical_Token_Compression_CVPR_2026_paper.pdf,https://openaccess.thecvf.com/content/CVPR2026/supplemental/Wang_Accelerating_Streaming_Video_CVPR_2026_supplemental.pdf,https://openaccess.thecvf.com/content/CVPR2026/html/Wang_Accelerating_Streaming_Video_Large_Language_Models_via_Hierarchical_Token_Compression_CVPR_2026_paper.html,"Streaming Video Large Language Models (VideoLLMs) have demonstrated impressive performance across various video understanding tasks, but they face significant challenges in real-time deployment due to the high computational cost of processing dense visual tokens from continuous video streams. In streaming video scenarios, the primary bottleneck lies in the Vision Transformer (ViT) encoding stage, where redundant processing of temporally similar frames leads to inefficiency. Additionally, inflated token sequences during LLM pre-filling further exacerbate latency and memory overhead. To address these challenges, we propose Streaming Token Compression (STC), a plug-and-play hierarchical framework that seamlessly integrates into existing streaming VideoLLMs, optimizing both ViT encoding and LLM pre-filling stages to accelerate processing. STC introduces two token-level accelerators: STC-Cacher, which reduces ViT encoding overhead by caching and reusing features from temporally similar frames, and STC-Pruner, which compresses the visual token sequence before it enters the LLM, preserving only the most salient tokens based on both spatial and temporal relevance. Extensive experiments on four baseline streaming VideoLLMs across five benchmarks demonstrate that STC outperforms other compression methods. Notably, STC retains up to 99% of accuracy on the ReKV framework while reducing ViT encoding latency and LLM pre-filling latency by 24.5% and 45.3%.","@InProceedings{Wang_2026_CVPR, author = {Wang, Yiyu and Liu, Xuyang and Gui, Xiyan and Lin, Xinying and Yang, Boxue and Liao, Chenfei and Chen, Tailai and Zhang, Linfeng}, title = {Accelerating Streaming Video Large Language Models via Hierarchical Token Compression}, booktitle = {Proceedings of the IEEE/CVF Conference on Computer Vision and Pattern Recognition (CVPR)}, month = {June}, year = {2026}, pages = {18523-18533} }"
Sun_AVGGT_Rethinking_Global_Attention_for_Accelerating_VGGT_CVPR_2026_paper,2026,1,Efficiency_Compression,Efficiency_Compression,6.0,0.5,AVGGT: Rethinking Global Attention for Accelerating VGGT,Xianbing Sun; Zhikai Zhu; Zhengyu Lou; Bo Yang; Jinyang Tang; Liqing Zhang; He Wang; Jianfu Zhang,8,251-260,True,https://openaccess.thecvf.com/content/CVPR2026/papers/Sun_AVGGT_Rethinking_Global_Attention_for_Accelerating_VGGT_CVPR_2026_paper.pdf,https://openaccess.thecvf.com/content/CVPR2026/supplemental/Sun_AVGGT_Rethinking_Global_CVPR_2026_supplemental.pdf,https://openaccess.thecvf.com/content/CVPR2026/html/Sun_AVGGT_Rethinking_Global_Attention_for_Accelerating_VGGT_CVPR_2026_paper.html,"Models such as VGGT and \pi^3 have shown strong multi-view 3D performance, but their heavy reliance on global self-attention results in high computational cost. Existing sparse-attention variants offer partial speedups, yet lack a systematic analysis of how global attention contributes to multi-view reasoning. In this paper, we first conduct an in-depth investigation of the global attention modules in VGGT and \pi^3 to better understand their roles. Our analysis reveals a clear division of roles in the alternating global-frame architecture: early global layers do not form meaningful correspondences, middle layers perform cross-view alignment, and last layers provide only minor refinements. Guided by these findings, we propose a training-free two-step acceleration scheme: (1) converting early global layers into frame attention, and (2) subsampling global attention by subsampling K/V over patch tokens with diagonal preservation and a mean-fill component. We instantiate this strategy on VGGT and \pi^3 and evaluate across standard pose and point-map benchmarks. Our method achieves substantial inference acceleration across different context lengths, yielding about 2xspeedup at 100 frames, 4--5xat 300 frames, and 8--10xat 800 frames, while matching or slightly improving the accuracy of the original models and remaining robust in extremely dense multi-view settings where prior sparse-attention baselines fail.","@InProceedings{Sun_2026_CVPR, author = {Sun, Xianbing and Zhu, Zhikai and Lou, Zhengyu and Yang, Bo and Tang, Jinyang and Zhang, Liqing and Wang, He and Zhang, Jianfu}, title = {AVGGT: Rethinking Global Attention for Accelerating VGGT}, booktitle = {Proceedings of the IEEE/CVF Conference on Computer Vision and Pattern Recognition (CVPR)}, month = {June}, year = {2026}, pages = {251-260} }"
Zhan_High-Fidelity_Mobile_Avatars_with_Pruned_Local_Blendshapes_CVPR_2026_paper,2026,1,Efficiency_Compression,Efficiency_Compression,9.0,0.556,High-Fidelity Mobile Avatars with Pruned Local Blendshapes,Youyi Zhan; He Wang; Tianjia Shao; Kun Zhou,4,32345-32356,True,https://openaccess.thecvf.com/content/CVPR2026/papers/Zhan_High-Fidelity_Mobile_Avatars_with_Pruned_Local_Blendshapes_CVPR_2026_paper.pdf,https://openaccess.thecvf.com/content/CVPR2026/supplemental/Zhan_High-Fidelity_Mobile_Avatars_CVPR_2026_supplemental.pdf,https://openaccess.thecvf.com/content/CVPR2026/html/Zhan_High-Fidelity_Mobile_Avatars_with_Pruned_Local_Blendshapes_CVPR_2026_paper.html,"We propose a method to reconstruct high-fidelity human avatars from multi-view video that can run on mobile devices. Many works can model high-quality Gaussian-based full-body avatars from multi-view video. However, these methods require heavy computation to obtain pose-dependent appearance, making deployment on mobile devices very difficult. Recent methods distill from pretrained models and model pose-dependent nonlinear Gaussian attributes by linearly combining global pose features with blendshapes. Although they can run on mobile devices, they suffer some loss of detail. We observe that nearby Gaussians are often highly correlated within a local region of the body, and can be linearly modeled with less error. Therefore, we use local linear blendshapes in small body parts to capture global nonlinear changes of Gaussian attributes. To further reduce computation and model size, we propose to remove blendshapes for Gaussians whose attributes change little, yielding a minimal blendshape representation. Our method is an end-to-end training method without a pretrained model. To make it run on multiple devices, we implement our method using WebGPU. Experiments show that our method can render high-quality human avatars with better details, and can reach 120 FPS at 2K resolution on mobile devices.","@InProceedings{Zhan_2026_CVPR, author = {Zhan, Youyi and Wang, He and Shao, Tianjia and Zhou, Kun}, title = {High-Fidelity Mobile Avatars with Pruned Local Blendshapes}, booktitle = {Proceedings of the IEEE/CVF Conference on Computer Vision and Pattern Recognition (CVPR)}, month = {June}, year = {2026}, pages = {32345-32356} }"
Wang_Neural_Differentiation_in_Deep_Networks_A_Theoretical_Framework_for_Expressivity_CVPR_2026_paper,2026,1,Efficiency_Compression,Efficiency_Compression,9.0,0.556,Neural Differentiation in Deep Networks: A Theoretical Framework for Expressivity and Representational Diversity,Boyuan Wang; Richard Jiang,2,41944-41953,True,https://openaccess.thecvf.com/content/CVPR2026/papers/Wang_Neural_Differentiation_in_Deep_Networks_A_Theoretical_Framework_for_Expressivity_CVPR_2026_paper.pdf,https://openaccess.thecvf.com/content/CVPR2026/supplemental/Wang_Neural_Differentiation_in_CVPR_2026_supplemental.pdf,https://openaccess.thecvf.com/content/CVPR2026/html/Wang_Neural_Differentiation_in_Deep_Networks_A_Theoretical_Framework_for_Expressivity_CVPR_2026_paper.html,"We begin by developing a mathematical framework of neural differentiation, formulated at the level of individual neurons. This framework formalizes the principle that each neuron should acquire a distinct representational role within the network, thereby avoiding redundancy and maximizing collective expressivity. Differentiation is quantified through the Neural Differentiation Index (NDI), a loss-aware measure that characterizes neuron significance from geometric, informational, and curvature-based perspectives within a unified framework. The NDI enables a rigorous characterization of how strongly a neuron diverges from its peers in both function and importance, and supports theoretical guarantees: we establish formal bounds on the error increase under NDI-guided elimination, thereby providing provable safety margins for network compression. Building on this foundation, we introduce Neural Differentiation Pruning (NDP) as a practical instantiation. NDP leverages NDI to perform adaptive, training-time neuron sparsification, followed by targeted fine-tuning, guiding networks toward compact yet highly differentiated backbones. Although the terminology draws loose intuition from biological differentiation, the framework is fully mathematical and architecture-agnostic. Experiments on modern vision benchmarks and architectures show that NDP achieves substantial structured sparsity while maintaining--or even improving--accuracy and robustness, underscoring the practical impact of the differentiation framework.","@InProceedings{Wang_2026_CVPR, author = {Wang, Boyuan and Jiang, Richard}, title = {Neural Differentiation in Deep Networks: A Theoretical Framework for Expressivity and Representational Diversity}, booktitle = {Proceedings of the IEEE/CVF Conference on Computer Vision and Pattern Recognition (CVPR)}, month = {June}, year = {2026}, pages = {41944-41953} }"
Zhang_Hybrid_Token_Compression_for_Vision-Language_Models_CVPR_2026_paper,2026,0,Vision_Language_Multimodal,Vision_Language_Multimodal|Efficiency_Compression,26.0,0.423,Hybrid Token Compression for Vision-Language Models,Jusheng Zhang; Xiaoyang Guo; Kaitong Cai; Qinhan Lv; Yijia Fan; Wenhao Chai; Jian Wang; Keze Wang,8,31889-31899,True,https://openaccess.thecvf.com/content/CVPR2026/papers/Zhang_Hybrid_Token_Compression_for_Vision-Language_Models_CVPR_2026_paper.pdf,,https://openaccess.thecvf.com/content/CVPR2026/html/Zhang_Hybrid_Token_Compression_for_Vision-Language_Models_CVPR_2026_paper.html,"Vision-language models (VLMs) have transformed multimodal reasoning, but feeding hundreds of visual patch tokens to LLMs incurs quadratic computational costs, straining memory and context windows. Traditional approaches face a trade-off: continuous compression dilutes high-level semantics like object identities, while discrete quantization loses granular details such as textures. We challenge this by introducing **HTC-VLM**, a hybrid framework that disentangles semantics and appearance through dual channels, i.e., a continuous pathway for fine-grained details via ViT patches and a discrete pathway for symbolic anchors using MGVQ quantization projected to four tokens. These are fused into a 580-token hybrid sequence and compressed to one token via a disentanglement attention mask and a `<voco>` bottleneck, ensuring efficient, grounded representations.HTC-VLM achieves an average performance retention of **87.2%** across seven benchmarks (GQA, VQAv2, MMBench, MME, POPE, SEED-Bench, ScienceQA-Image), outperforming the leading continuous baseline at **81.0%** with a 580-to-1 compression ratio. Attention analyses show the compressed token prioritizes the discrete anchor, validating its semantic guidance. Our work demonstrates that a minimalist hybrid can resolve the efficiency-fidelity dilemma, advancing scalable VLMs.","@InProceedings{Zhang_2026_CVPR, author = {Zhang, Jusheng and Guo, Xiaoyang and Cai, Kaitong and Lv, Qinhan and Fan, Yijia and Chai, Wenhao and Wang, Jian and Wang, Keze}, title = {Hybrid Token Compression for Vision-Language Models}, booktitle = {Proceedings of the IEEE/CVF Conference on Computer Vision and Pattern Recognition (CVPR)}, month = {June}, year = {2026}, pages = {31889-31899} }"
Qi_Pointer-CAD_Unifying_B-Rep_and_Command_Sequences_via_Pointer-based_Edges__CVPR_2026_paper,2026,0,Face_Biometrics,Face_Biometrics|LLM_Reasoning_Agent|3D_Reconstruction|Efficiency_Compression,12.0,0.0,Pointer-CAD: Unifying B-Rep and Command Sequences via Pointer-based Edges & Faces Selection,Dacheng Qi; Chenyu Wang; Jingwei Xu; Tianzhe Chu; Zibo Zhao; Wen Liu; Wenrui Ding; Yi Ma; Shenghua Gao,9,17377-17387,True,https://openaccess.thecvf.com/content/CVPR2026/papers/Qi_Pointer-CAD_Unifying_B-Rep_and_Command_Sequences_via_Pointer-based_Edges__CVPR_2026_paper.pdf,https://openaccess.thecvf.com/content/CVPR2026/supplemental/Qi_Pointer-CAD_Unifying_B-Rep_CVPR_2026_supplemental.pdf,https://openaccess.thecvf.com/content/CVPR2026/html/Qi_Pointer-CAD_Unifying_B-Rep_and_Command_Sequences_via_Pointer-based_Edges__CVPR_2026_paper.html,"Constructing computer-aided design (CAD) models is labor-intensive but essential for engineering and manufacturing. Recent advances in Large Language Models (LLMs) have inspired the LLM-based CAD generation by representing CAD as command sequences. But these methods struggle in practical scenarios because command sequence representation does not support entity selection (e.g. faces or edges), limiting its ability to support complex editing operations such as chamfer or fillet. Further, the discretization of a continuous variable during sketch and extrude operations may result in topological errors. To address these limitations, we present Pointer-CAD, a novel LLM-based CAD generation framework that leverages a pointer-based command sequence representation to explicitly incorporate the geometric information of B-rep models into sequential modeling. In particular, Pointer-CAD decomposes CAD model generation into steps, conditioning the generation of each subsequent step on both the textual description and the B-rep generated from previous steps. Whenever an operation requires the selection of a specific geometric entity, the LLM predicts a Pointer that selects the most feature-consistent candidate from the available set. Such a selection operation also reduces the quantization error in the command sequence-based representation. To support the training of Pointer-CAD, we develop a data annotation pipeline that produces expert-level natural language descriptions and apply it to build a dataset of approximately 575K CAD models. Extensive experimental results demonstrate that Pointer-CAD effectively supports the generation of complex geometric structures and reduces segmentation error to an extremely low level, achieving a significant improvement over prior command sequence methods, thereby significantly mitigating the topological inaccuracies introduced by quantization error. Our code is available at https://github.com/Snitro/Pointer-CAD.","@InProceedings{Qi_2026_CVPR, author = {Qi, Dacheng and Wang, Chenyu and Xu, Jingwei and Chu, Tianzhe and Zhao, Zibo and Liu, Wen and Ding, Wenrui and Ma, Yi and Gao, Shenghua}, title = {Pointer-CAD: Unifying B-Rep and Command Sequences via Pointer-based Edges \& Faces Selection}, booktitle = {Proceedings of the IEEE/CVF Conference on Computer Vision and Pattern Recognition (CVPR)}, month = {June}, year = {2026}, pages = {17377-17387} }"
Gao_CryoKRAQEN_Kernel-Regularized_Annealing_for_Quantized_Embedding_Networks_in_Cryo-EM_Heterogeneous_CVPR_2026_paper,2026,1,Efficiency_Compression,Efficiency_Compression,12.0,0.75,CryoKRAQEN: Kernel-Regularized Annealing for Quantized Embedding Networks in Cryo-EM Heterogeneous Reconstruction,Wenyuan Gao; Yutan Wu; Xuming He,3,28298-28307,True,https://openaccess.thecvf.com/content/CVPR2026/papers/Gao_CryoKRAQEN_Kernel-Regularized_Annealing_for_Quantized_Embedding_Networks_in_Cryo-EM_Heterogeneous_CVPR_2026_paper.pdf,https://openaccess.thecvf.com/content/CVPR2026/supplemental/Gao_CryoKRAQEN_Kernel-Regularized_Annealing_CVPR_2026_supplemental.pdf,https://openaccess.thecvf.com/content/CVPR2026/html/Gao_CryoKRAQEN_Kernel-Regularized_Annealing_for_Quantized_Embedding_Networks_in_Cryo-EM_Heterogeneous_CVPR_2026_paper.html,"Heterogeneous reconstruction in cryo-electron microscopy (Cryo-EM) is fundamental for understanding macromolecular structural diversity, yet remains challenging due to extreme noise, continuous conformational changes, and ambiguous image-to-structure mappings. Existing neural approaches often rely on encoder--decoder pipelines or fixed codebooks, which can be computationally demanding or struggle with complex heterogeneity. We propose CryoKRAQEN, a decoder-only framework that integrates triplane implicit representations with kernel-guided latent assignment and quantized embeddings to improve stability and structural discrimination. The method avoids encoder dependencies and mitigates collapse during training, enabling accurate modeling of both conformational and compositional variations. Across diverse Cryo-EM benchmarks, CryoKRAQEN delivers competitive performance, robust reconstructions, and interpretable latent organization compared to state-of-the-art neural and classical methods.","@InProceedings{Gao_2026_CVPR, author = {Gao, Wenyuan and Wu, Yutan and He, Xuming}, title = {CryoKRAQEN: Kernel-Regularized Annealing for Quantized Embedding Networks in Cryo-EM Heterogeneous Reconstruction}, booktitle = {Proceedings of the IEEE/CVF Conference on Computer Vision and Pattern Recognition (CVPR)}, month = {June}, year = {2026}, pages = {28298-28307} }"
Chen_mVLM_A_Vision_Language_Model_for_mNPUs_CVPR_2026_paper,2026,0,Vision_Language_Multimodal,Vision_Language_Multimodal|Efficiency_Compression,21.0,0.524,mVLM: A Vision Language Model for mNPUs,Zijie Chen; Guiyun Fan; Zhaoxing Yang; Rong Ding; Haiming Jin,5,18892-18902,True,https://openaccess.thecvf.com/content/CVPR2026/papers/Chen_mVLM_A_Vision_Language_Model_for_mNPUs_CVPR_2026_paper.pdf,,https://openaccess.thecvf.com/content/CVPR2026/html/Chen_mVLM_A_Vision_Language_Model_for_mNPUs_CVPR_2026_paper.html,"The proliferation of low-power intelligent processors with integrated Neural Processing Units (NPUs), called mNPUs, has created new opportunities for on-device generative AI, benefitting end devices like smart wearables and small robots. However, deploying Vision-Language Models (VLMs) on mNPUs is severely hindered by stringent memory constraints and limited operator support. To bridge this critical gap, we propose mVLM, the first lightweight-oriented VLM architecture designed for mNPUs. It is comprised of our proposed OverMod encoder and AttSSM decoder. OverMod is a lightweight dynamic convolutional network inspired by biomimetic vision, incorporating our novel Global Spatial Modulation mechanism to enable adaptive, high-fidelity feature extraction using only NPU-friendly operators. AttSSM leverages a highly efficient State Space Model (SSM) core, augmented with multi-scale feature fusion and Global Context Dynamic Modulation mechanism, to perform robust sequential modeling. Furthermore, we introduce a coordinated full-parameter quantization strategy that preserves precision across the encoder-decoder boundary, alongside hand-optimized operators for unsupported modules like SSMs. mVLM achieves a competitive CIDEr score of 117.8 on the COCO Karpathy test split and, for the first time, demonstrates the feasibility of millisecond-level VLM inference on a mNPU platform.","@InProceedings{Chen_2026_CVPR, author = {Chen, Zijie and Fan, Guiyun and Yang, Zhaoxing and Ding, Rong and Jin, Haiming}, title = {mVLM: A Vision Language Model for mNPUs}, booktitle = {Proceedings of the IEEE/CVF Conference on Computer Vision and Pattern Recognition (CVPR)}, month = {June}, year = {2026}, pages = {18892-18902} }"
Zhang_Roots_Beneath_the_Cut_Uncovering_the_Risk_of_Concept_Revival_CVPR_2026_paper,2026,0,Diffusion_Generative,Diffusion_Generative|Efficiency_Compression,15.0,0.2,Roots Beneath the Cut: Uncovering the Risk of Concept Revival in Pruning-Based Unlearning for Diffusion Models,Ci Zhang; Zhaojun Ding; Chence Yang; Jun Liu; Xiaoming Zhai; Shaoyi Huang; Beiwen Li; Xiaolong Ma; Jin Lu; Geng Yuan,10,35872-35881,True,https://openaccess.thecvf.com/content/CVPR2026/papers/Zhang_Roots_Beneath_the_Cut_Uncovering_the_Risk_of_Concept_Revival_CVPR_2026_paper.pdf,https://openaccess.thecvf.com/content/CVPR2026/supplemental/Zhang_Roots_Beneath_the_CVPR_2026_supplemental.pdf,https://openaccess.thecvf.com/content/CVPR2026/html/Zhang_Roots_Beneath_the_Cut_Uncovering_the_Risk_of_Concept_Revival_CVPR_2026_paper.html,"Pruning-based unlearning has recently emerged as a fast, training-free, and data-independent approach to remove undesired concepts from diffusion models. It promises high efficiency and robustness, offering an attractive alternative to traditional fine-tuning or editing-based unlearning. However, in this paper we uncover a hidden danger behind this promising paradigm. We find that the locations of pruned weights, typically set to zero during unlearning, can act as side-channel signals that leak critical information about the erased concepts.To verify this vulnerability, we design a novel attack framework capable of reviving erased concepts from pruned diffusion models in a fully data-free and training-free manner. Our experiments confirm that pruning-based unlearning is not inherently secure, as erased concepts can be effectively revived without any additional data or retraining.Finally, we explore potential defense strategies and advocate safer pruning mechanisms that conceal pruning locations while preserving unlearning effectiveness, providing practical insights for designing more secure pruning-based unlearning frameworks.","@InProceedings{Zhang_2026_CVPR, author = {Zhang, Ci and Ding, Zhaojun and Yang, Chence and Liu, Jun and Zhai, Xiaoming and Huang, Shaoyi and Li, Beiwen and Ma, Xiaolong and Lu, Jin and Yuan, Geng}, title = {Roots Beneath the Cut: Uncovering the Risk of Concept Revival in Pruning-Based Unlearning for Diffusion Models}, booktitle = {Proceedings of the IEEE/CVF Conference on Computer Vision and Pattern Recognition (CVPR)}, month = {June}, year = {2026}, pages = {35872-35881} }"
Wang_SRA_2_Variational_Autoencoder_Self-Representation_Alignment__for_Efficient_Diffusion_CVPR_2026_paper,2026,0,Diffusion_Generative,Diffusion_Generative|Efficiency_Compression,9.0,0.333,SRA 2: Variational Autoencoder Self-Representation Alignment for Efficient Diffusion Training,Mengmeng Wang; Dengyang Jiang; Liuzhuozheng Li; Yucheng Lin; Guojiang Shen; Xiangjie Kong; Yong Liu; Guang Dai; Jingdong Wang,9,32978-32987,True,https://openaccess.thecvf.com/content/CVPR2026/papers/Wang_SRA_2_Variational_Autoencoder_Self-Representation_Alignment__for_Efficient_Diffusion_CVPR_2026_paper.pdf,https://openaccess.thecvf.com/content/CVPR2026/supplemental/Wang_SRA_2_Variational_CVPR_2026_supplemental.pdf,https://openaccess.thecvf.com/content/CVPR2026/html/Wang_SRA_2_Variational_Autoencoder_Self-Representation_Alignment__for_Efficient_Diffusion_CVPR_2026_paper.html,"Denoising-based diffusion transformers, despite their strong generation performance, suffer from inefficient training convergence. Existing methods addressing this issue, such as REPA (relying on external representation encoders) or SRA (requiring dual-model setups), inevitably incur heavy computational overhead during training due to external dependencies. To tackle these challenges, this paper proposes SRA 2, a lightweight intrinsic self-representation alignment framework for efficient diffusion training. SRA 2 leverages off-the-shelf pre-trained Variational Autoencoder (VAE) features: their reconstruction property ensures inherent encoding of visual priors like rich texture details, structural patterns, and basic semantic information. Specifically, SRA 2 aligns the intermediate latent features of diffusion transformers with VAE features via a lightweight projection layer, supervised by a feature alignment loss. This design accelerates training without extra representation encoders or dual-model maintenance, resulting in a simple yet effective pipeline. Extensive experiments demonstrate that SRA 2 improves both generation quality and training convergence speed compared to vanilla diffusion transformers, matches or outperforms state-of-the-art acceleration methods, and incurs merely 4% extra GFLOPs with zero additional cost for external guidance models.","@InProceedings{Wang_2026_CVPR, author = {Wang, Mengmeng and Jiang, Dengyang and Li, Liuzhuozheng and Lin, Yucheng and Shen, Guojiang and Kong, Xiangjie and Liu, Yong and Dai, Guang and Wang, Jingdong}, title = {SRA 2: Variational Autoencoder Self-Representation Alignment for Efficient Diffusion Training}, booktitle = {Proceedings of the IEEE/CVF Conference on Computer Vision and Pattern Recognition (CVPR)}, month = {June}, year = {2026}, pages = {32978-32987} }"
Maliha_CIGMA_Causal_Information-Gain_Mechanistic_Attribution_of_Attention_Heads_in_Vision_CVPR_2026_paper,2026,1,Efficiency_Compression,Efficiency_Compression,7.0,0.571,CIGMA: Causal Information-Gain Mechanistic Attribution of Attention Heads in Vision Transformers,Maisha Maliha; Dean F. Hougen,2,9891-9900,True,https://openaccess.thecvf.com/content/CVPR2026/papers/Maliha_CIGMA_Causal_Information-Gain_Mechanistic_Attribution_of_Attention_Heads_in_Vision_CVPR_2026_paper.pdf,https://openaccess.thecvf.com/content/CVPR2026/supplemental/Maliha_CIGMA_Causal_Information-Gain_CVPR_2026_supplemental.pdf,https://openaccess.thecvf.com/content/CVPR2026/html/Maliha_CIGMA_Causal_Information-Gain_Mechanistic_Attribution_of_Attention_Heads_in_Vision_CVPR_2026_paper.html,"Vision Transformers often rely on spurious background correlations rather than foreground object features. While prior model pruning approaches focus solely on improving accuracy, they lack interpretability and fail to verify whether predictions are actually made by focusing on the main foreground object, providing no causal validation of which components drive spurious behavior. We introduce Causal Information Gain Mechanistic Attribution (CIGMA), a general framework for explaining the internal computation of Vision Transformers. CIGMA provides a mechanistic, information theoretic explanation by quantifying the importance of each attention head and determining whether it supports the main object or routes spurious background cues. It ranks attention heads by measuring object versus context reliance with Jensen Shannon based information gain computed from the model's full predictive distributions after two complementary edits, removing the object region and removing the surrounding context, which reveals a spurious subnet that carries background signals and a complementary set of evidence aligned heads. Evaluated on CIFAR-10, CIFAR-100, and Tiny-ImageNet across three VLM architectures (InternVL2-26B, LLaVA-1.6, LLaVA-1.5-13B), CIGMA improves accuracy by 7.6 to 24.8 percentage points over unmodified models while reducing background reliance by 79.5% to 88.1%, substantially outperforming all baselines, demonstrating that causal head-level interventions enable more effective spurious correlation mitigation than token pruning or retraining approaches.","@InProceedings{Maliha_2026_CVPR, author = {Maliha, Maisha and Hougen, Dean F.}, title = {CIGMA: Causal Information-Gain Mechanistic Attribution of Attention Heads in Vision Transformers}, booktitle = {Proceedings of the IEEE/CVF Conference on Computer Vision and Pattern Recognition (CVPR)}, month = {June}, year = {2026}, pages = {9891-9900} }"
Li_Geometry-Guided_3D_Visual_Token_Pruning_for_Video-Language_Models_CVPR_2026_paper,2026,1,Efficiency_Compression,Efficiency_Compression,26.0,0.846,Geometry-Guided 3D Visual Token Pruning for Video-Language Models,Han Li; Zehao Huang; Jiahui Fu; Naiyan Wang; Si Liu,5,9615-9625,True,https://openaccess.thecvf.com/content/CVPR2026/papers/Li_Geometry-Guided_3D_Visual_Token_Pruning_for_Video-Language_Models_CVPR_2026_paper.pdf,https://openaccess.thecvf.com/content/CVPR2026/supplemental/Li_Geometry-Guided_3D_Visual_CVPR_2026_supplemental.pdf,https://openaccess.thecvf.com/content/CVPR2026/html/Li_Geometry-Guided_3D_Visual_Token_Pruning_for_Video-Language_Models_CVPR_2026_paper.html,"Multimodal large language models have demonstrated remarkable capabilities in 2D vision, motivating their extension to 3D scene understanding. Recent studies represent 3D scenes as 3D spatial videos composed of image sequences with depth and camera pose information, enabling pre-trained video-language models to perform 3D reasoning tasks. However, the large number of visual tokens in spatial videos remains a major bottleneck for efficient inference. Existing pruning methods overlook the view consistency of spatial videos and the spatial diversity of the remaining tokens, which prevents them from effectively removing inter-frame redundancy and preserving scene completeness. In this paper, we propose Geo3DPruner, a Geometry-Guided 3D Visual Token Pruning framework. Geo3DPruner first models cross-frame relevance through geometry-aware global attention, and then performs a two-stage pruning process. The intra-voxel stage selects representative multi-view features within each voxel, while the inter-voxel stage preserves spatial diversity by selecting a globally distributed subset of voxels. Extensive experiments on multiple 3D scene understanding benchmarks demonstrate that Geo3DPruner retains over 90% of the original performance while pruning 90% of visual tokens, significantly outperforming existing text-guided and vision-guided pruning methods.","@InProceedings{Li_2026_CVPR, author = {Li, Han and Huang, Zehao and Fu, Jiahui and Wang, Naiyan and Liu, Si}, title = {Geometry-Guided 3D Visual Token Pruning for Video-Language Models}, booktitle = {Proceedings of the IEEE/CVF Conference on Computer Vision and Pattern Recognition (CVPR)}, month = {June}, year = {2026}, pages = {9615-9625} }"
Bai_DRiffusion_Draft-and-Refine_Process_Parallelizes_Diffusion_Models_with_Ease_CVPR_2026_paper,2026,0,Diffusion_Generative,Diffusion_Generative|Efficiency_Compression,15.0,0.6,DRiffusion: Draft-and-Refine Process Parallelizes Diffusion Models with Ease,Runsheng Bai; Chengyu Zhang; Yangdong Deng,3,16551-16560,True,https://openaccess.thecvf.com/content/CVPR2026/papers/Bai_DRiffusion_Draft-and-Refine_Process_Parallelizes_Diffusion_Models_with_Ease_CVPR_2026_paper.pdf,https://openaccess.thecvf.com/content/CVPR2026/supplemental/Bai_DRiffusion_Draft-and-Refine_Process_CVPR_2026_supplemental.pdf,https://openaccess.thecvf.com/content/CVPR2026/html/Bai_DRiffusion_Draft-and-Refine_Process_Parallelizes_Diffusion_Models_with_Ease_CVPR_2026_paper.html,"Diffusion models have achieved remarkable success in generating high-fidelity content but suffer from slow, iterative sampling, resulting in high latency that limits their use in interactive applications. We introduce DRiffusion, a parallel sampling framework that parallelizes diffusion inference through a draft-and-refine process. DRiffusion employs skip transitions to generate multiple draft states for future timesteps and computes their corresponding noises in parallel, which are then used in the standard denoising process to produce refined results. Theoretically, our method achieves an acceleration rate of \tfrac 1 n or \tfrac 2 n+1 , depending on whether the conservative or aggressive mode is used, where n denotes the number of devices. Empirically, DRiffusion attains 1.4x-3.7x speedup across multiple diffusion models while incur minimal degradation in generation quality: on MS-COCO dataset, both FID and CLIP remain largely on par with those of the original model, while PickScore and HPSv2.1 show only minor average drops of 0.17 and 0.43, respectively. These results verify that DRiffusion delivers substantial acceleration and preserves perceptual quality.","@InProceedings{Bai_2026_CVPR, author = {Bai, Runsheng and Zhang, Chengyu and Deng, Yangdong}, title = {DRiffusion: Draft-and-Refine Process Parallelizes Diffusion Models with Ease}, booktitle = {Proceedings of the IEEE/CVF Conference on Computer Vision and Pattern Recognition (CVPR)}, month = {June}, year = {2026}, pages = {16551-16560} }"
Li_Anti-Degradation_Lifelong_Multi-View_Clustering_CVPR_2026_paper,2026,1,Efficiency_Compression,Efficiency_Compression,3.0,0.0,Anti-Degradation Lifelong Multi-View Clustering,Xingfeng Li; Hao Pan; Honglin Yuan; Yuan Sun; Xujian Zhao; Jiaqi Lin; Zhenwen Ren,7,8749-8759,True,https://openaccess.thecvf.com/content/CVPR2026/papers/Li_Anti-Degradation_Lifelong_Multi-View_Clustering_CVPR_2026_paper.pdf,https://openaccess.thecvf.com/content/CVPR2026/supplemental/Li_Anti-Degradation_Lifelong_Multi-View_CVPR_2026_supplemental.pdf,https://openaccess.thecvf.com/content/CVPR2026/html/Li_Anti-Degradation_Lifelong_Multi-View_Clustering_CVPR_2026_paper.html,"In real-world scenarios, new views are continuously collected over time, forming a dynamic view stream. To handle such evolving data, a lifelong multi-view clustering framework is needed instead of a static model. However, large discrepancies across views make it challenging to learn new knowledge while preserving previously acquired information. There are few methods use consistency alignment or knowledge distillation to align new knowledge with old ones. However, these strategies cannot fundamentally prevent knowledge degradation, since new knowledge inevitably interferes with the learned representation space. To overcome this limitation, we propose a new Anti-degradation Lifelong Multi-view Clustering (ALMC) framework. Specifically, we innovatively propose a null-space-projection knowledge base anti-degradation technique, which ensures that new knowledge updates to the model only occur in directions orthogonal to the retained knowledge, thus preventing catastrophic forgetting of knowledge and degradation of clustering performance, and provides theoretical proof for this. Extensive experiments on multiple multi-view benchmark datasets demonstrate superior performance in multi-view clustering.","@InProceedings{Li_2026_CVPR, author = {Li, Xingfeng and Pan, Hao and Yuan, Honglin and Sun, Yuan and Zhao, Xujian and Lin, Jiaqi and Ren, Zhenwen}, title = {Anti-Degradation Lifelong Multi-View Clustering}, booktitle = {Proceedings of the IEEE/CVF Conference on Computer Vision and Pattern Recognition (CVPR)}, month = {June}, year = {2026}, pages = {8749-8759} }"
Tu_SpeeDe3DGS_Speedy_Deformable_3D_Gaussian_Splatting_with_Temporal_Pruning_and_CVPR_2026_paper,2026,0,Neural_Rendering_NeRF_3DGS,Neural_Rendering_NeRF_3DGS|Efficiency_Compression,18.0,0.5,SpeeDe3DGS: Speedy Deformable 3D Gaussian Splatting with Temporal Pruning and Motion Grouping,Allen Tu; Haiyang Ying; Alex Hanson; Yonghan Lee; Tom Goldstein; Matthias Zwicker,6,26083-26093,True,https://openaccess.thecvf.com/content/CVPR2026/papers/Tu_SpeeDe3DGS_Speedy_Deformable_3D_Gaussian_Splatting_with_Temporal_Pruning_and_CVPR_2026_paper.pdf,https://openaccess.thecvf.com/content/CVPR2026/supplemental/Tu_SpeeDe3DGS_Speedy_Deformable_CVPR_2026_supplemental.pdf,https://openaccess.thecvf.com/content/CVPR2026/html/Tu_SpeeDe3DGS_Speedy_Deformable_3D_Gaussian_Splatting_with_Temporal_Pruning_and_CVPR_2026_paper.html,"Dynamic extensions of 3D Gaussian Splatting (3DGS) achieve high-quality reconstructions through neural motion fields, but per-Gaussian neural inference makes these models computationally expensive. Building on DeformableGS, we introduce Speedy Deformable 3D Gaussian Splatting (SpeeDe3DGS), which bridges this efficiency-fidelity gap through three complementary modules: Temporal Sensitivity Pruning (TSP) removes low-impact Gaussians via temporally aggregated sensitivity analysis, Temporal Sensitivity Sampling (TSS) perturbs timestamps to suppress floaters and improve temporal coherence, and GroupFlow distills the learned deformation field into shared SE(3) transformations for efficient groupwise motion. On the 50 dynamic scenes in MonoDyGauBench, integrating TSP and TSS into DeformableGS accelerates rendering by 6.78x on average while maintaining neural-field fidelity and using 10x fewer primitives. Adding GroupFlow culminates in 13.71x faster rendering and 2.53x shorter training, surpassing all baselines in speed while preserving superior image quality.","@InProceedings{Tu_2026_CVPR, author = {Tu, Allen and Ying, Haiyang and Hanson, Alex and Lee, Yonghan and Goldstein, Tom and Zwicker, Matthias}, title = {SpeeDe3DGS: Speedy Deformable 3D Gaussian Splatting with Temporal Pruning and Motion Grouping}, booktitle = {Proceedings of the IEEE/CVF Conference on Computer Vision and Pattern Recognition (CVPR)}, month = {June}, year = {2026}, pages = {26083-26093} }"
Shu_LiteVGGT_Boosting_Vanilla_VGGT_via_Geometry-aware_Cached_Token_Merging_CVPR_2026_paper,2026,1,Efficiency_Compression,Efficiency_Compression,21.0,0.857,LiteVGGT: Boosting Vanilla VGGT via Geometry-aware Cached Token Merging,Zhijian Shu; Cheng Lin; Tao Xie; Wei Yin; Ben Li; Zhiyuan Pu; Weize Li; Yao Yao; Xun Cao; Xiaoyang Guo; Xiao-Xiao Long,11,36422-36432,True,https://openaccess.thecvf.com/content/CVPR2026/papers/Shu_LiteVGGT_Boosting_Vanilla_VGGT_via_Geometry-aware_Cached_Token_Merging_CVPR_2026_paper.pdf,https://openaccess.thecvf.com/content/CVPR2026/supplemental/Shu_LiteVGGT_Boosting_Vanilla_CVPR_2026_supplemental.zip,https://openaccess.thecvf.com/content/CVPR2026/html/Shu_LiteVGGT_Boosting_Vanilla_VGGT_via_Geometry-aware_Cached_Token_Merging_CVPR_2026_paper.html,"3D vision foundation models like Visual Geometry Grounded Transformer (VGGT) have advanced greatly in geometric perception. However it is time-consuming and memory-intensive for long sequences, limiting application to large-scale scenes beyond hundreds of images. To address this, we propose LiteVGGT, achieving up to 10x speedup and substantial memory reduction, enabling efficient processing of 1000-image scenes. We derive two key insights for 3D reconstruction: 1) tokens from local image regions have inherent geometric correlations, leading to high similarity and computational redundancy; 2) token similarity across adjacent network layers remains stable, allowing for reusable merge decisions. Guided by these, we design a simple yet efficient strategy, dubbed geometry-aware cached token merging . We analyze each token's geometric importance, optimizing anchor token selection to better preserve key information for reconstruction. We also cache and reuse merge indices across layers, substantially reducing latency with minimal accuracy impact. This strategy retains VGGT's core performance, enabling efficient fine-tuning and FP8 quantization for further gains. Extensive experiments validate LiteVGGT's effectiveness, scalability, and robustness.","@InProceedings{Shu_2026_CVPR, author = {Shu, Zhijian and Lin, Cheng and Xie, Tao and Yin, Wei and Li, Ben and Pu, Zhiyuan and Li, Weize and Yao, Yao and Cao, Xun and Guo, Xiaoyang and Long, Xiao-Xiao}, title = {LiteVGGT: Boosting Vanilla VGGT via Geometry-aware Cached Token Merging}, booktitle = {Proceedings of the IEEE/CVF Conference on Computer Vision and Pattern Recognition (CVPR)}, month = {June}, year = {2026}, pages = {36422-36432} }"
Wang_Improving_Sparse_Autoencoder_with_Dynamic_Attention_CVPR_2026_paper,2026,1,Efficiency_Compression,Efficiency_Compression,6.0,0.5,Improving Sparse Autoencoder with Dynamic Attention,Dongsheng Wang; Jinsen Zhang; Dawei Su; Hui Huang,4,41996-42006,True,https://openaccess.thecvf.com/content/CVPR2026/papers/Wang_Improving_Sparse_Autoencoder_with_Dynamic_Attention_CVPR_2026_paper.pdf,https://openaccess.thecvf.com/content/CVPR2026/supplemental/Wang_Improving_Sparse_Autoencoder_CVPR_2026_supplemental.pdf,https://openaccess.thecvf.com/content/CVPR2026/html/Wang_Improving_Sparse_Autoencoder_with_Dynamic_Attention_CVPR_2026_paper.html,"Recently, sparse autoencoders (SAEs) have emerged as a promising technique for interpreting activations in foundation models by disentangling features into a sparse set of concepts. However, identifying the optimal level of sparsity for each neuron remains challenging in practice: excessive sparsity might lead to poor reconstruction, whereas insufficient sparsity harms interpretability. While existing activation functions such as ReLU and TopK provide certain sparsity guarantees, they typically require additional sparsity regularization or cherry-picked hyperparameters. We show in this paper that adaptive sparse attention mechanisms using sparsemax can bridge this trade-off, due to their ability to determine the number of concepts in a data-dependent manner.Specifically, we first explore a new class of SAEs based on the cross-attention architecture with the latent features as queries and the learnable dictionary as the key and value matrices. To encourage sparse pattern learning, we employ a sparsemax-based attention strategy that automatically infers a sparse set of concepts according to the complexity of each neuron, resulting in a more flexible and efficient activation function. Through comprehensive evaluation and visualization, we show that our approach successfully achieves lower reconstruction loss while producing high-quality concepts. Moreover, the sparsity level automatically determined by our approach can serve as tuning guidance to improve existing SAEs. The code is available at https://github.com/qyj-bkjx/Sparsemax-SAE.","@InProceedings{Wang_2026_CVPR, author = {Wang, Dongsheng and Zhang, Jinsen and Su, Dawei and Huang, Hui}, title = {Improving Sparse Autoencoder with Dynamic Attention}, booktitle = {Proceedings of the IEEE/CVF Conference on Computer Vision and Pattern Recognition (CVPR)}, month = {June}, year = {2026}, pages = {41996-42006} }"
Xie_Saliency-Driven_Token_Merging_for_Vision_Transformers_CVPR_2026_paper,2026,0,Segmentation,Segmentation|Efficiency_Compression,18.0,0.056,Saliency-Driven Token Merging for Vision Transformers,Weiying Xie; Xiaoyu Chen; Xin Zhang; Chenhe Hao; Jitao Ma; Yunsong Li; Leyuan Fang,7,32184-32193,True,https://openaccess.thecvf.com/content/CVPR2026/papers/Xie_Saliency-Driven_Token_Merging_for_Vision_Transformers_CVPR_2026_paper.pdf,https://openaccess.thecvf.com/content/CVPR2026/supplemental/Xie_Saliency-Driven_Token_Merging_CVPR_2026_supplemental.pdf,https://openaccess.thecvf.com/content/CVPR2026/html/Xie_Saliency-Driven_Token_Merging_for_Vision_Transformers_CVPR_2026_paper.html,"Vision Transformers (ViTs) exhibit robust performance across diverse visual scenarios. However, their efficiency is constrained by excessive token counts. Token merging offers a viable solution for achieving efficient ViTs. Existing methods merge tokens based solely on specific characteristics within the attention mechanism, which changes significantly across layers. In this paper, we propose a novel training-free SAliency-Driven Token Merging (SAD-TM) approach by leveraging not only the semantic relevance in the attention space but also the latent visual saliency of input patches. Our SAD-TM is inspired by the discovery that saliency-based statistics can directly capture the causal relationship between model input and output, regardless of the layers. Based on the observation, we develop a method that is mathematically formulated to merge tokens with high saliency outliers. The principle behind our merging is that tokens with high saliency outliers usually imply inconsistencies with the global gradient direction, and thus can be merged safely. Besides, our systematic analysis indicates that class attention shows considerable variation across early blocks, so a deferred merging strategy is introduced to optimize the selection of merging rates. In a training-free manner, SAD-TM demonstrates superior performance across various ViT architectures. Especially, with a FLOPs compression of 23.08% on DeiT-Tiny, SAD-TM achieves a Top-1 Accuracy comparable to the pretrained baseline on ImageNet dataset. The code will be available soon.","@InProceedings{Xie_2026_CVPR, author = {Xie, Weiying and Chen, Xiaoyu and Zhang, Xin and Hao, Chenhe and Ma, Jitao and Li, Yunsong and Fang, Leyuan}, title = {Saliency-Driven Token Merging for Vision Transformers}, booktitle = {Proceedings of the IEEE/CVF Conference on Computer Vision and Pattern Recognition (CVPR)}, month = {June}, year = {2026}, pages = {32184-32193} }"
Pham_Post-training_Feature_Pruning_for_Fundus_Images_Classification_CVPR_2026_paper,2026,1,Efficiency_Compression,Efficiency_Compression|Recognition_Classification,10.0,0.4,Post-training Feature Pruning for Fundus Images Classification,Van-Nguyen Pham; Duc-Tai Le; Junghyun Bum; Hyunseung Choo,4,37590-37599,True,https://openaccess.thecvf.com/content/CVPR2026/papers/Pham_Post-training_Feature_Pruning_for_Fundus_Images_Classification_CVPR_2026_paper.pdf,https://openaccess.thecvf.com/content/CVPR2026/supplemental/Pham_Post-training_Feature_Pruning_CVPR_2026_supplemental.pdf,https://openaccess.thecvf.com/content/CVPR2026/html/Pham_Post-training_Feature_Pruning_for_Fundus_Images_Classification_CVPR_2026_paper.html,"Deep neural networks have achieved strong performance in fundus image classification, yet their flattened feature representations are often highly redundant. Such redundancy can lead to poor generalization across imaging devices, reduced interpretability, and inefficient use of model capacity. To address this issue, this study proposes a post-training feature pruning framework, termed greedy feature pruning (GFP) , which removes weak or redundant dimensions from the flattened features of trained backbones. GFP employs a greedy build-up process guided by performance metrics on the training set, constrained by a minimum feature keeping ratio, to identify compact yet discriminative subsets of features. Experiments are conducted on five public fundus datasets covering multiple tasks, including diabetic retinopathy detection (DDR, Messidor-2), glaucoma detection (PAPILA), multi-label classification (ODIR) and multi-class retinal disease classification (RETINA), using EfficientNetV2, ViT, and CoAtNet as backbones. Results show that GFP consistently improves AUROC and AUPRC across datasets while reducing the number of flattened features by up to 96%. Feature visualizations and quantitative analyses confirm that GFP enhances the compactness and separability of latent features. Moreover, cross-dataset evaluation demonstrates that GFP improves transferability between datasets, indicating better domain robustness. Overall, the proposed GFP framework provides a simple yet effective approach for compressing feature representations and improving both discriminability and generalization in fundus image classification.","@InProceedings{Pham_2026_CVPR, author = {Pham, Van-Nguyen and Le, Duc-Tai and Bum, Junghyun and Choo, Hyunseung}, title = {Post-training Feature Pruning for Fundus Images Classification}, booktitle = {Proceedings of the IEEE/CVF Conference on Computer Vision and Pattern Recognition (CVPR)}, month = {June}, year = {2026}, pages = {37590-37599} }"
Li_Edge-RecViT_Efficient_Vision_Transformer_via_Semantic-Refined_Dynamic_Recursion_CVPR_2026_paper,2026,1,Efficiency_Compression,Efficiency_Compression,6.0,0.5,Edge-RecViT: Efficient Vision Transformer via Semantic-Refined Dynamic Recursion,YiZhou Li; Jinyi Xu; Mingyu Yin; Xianyi Zhao,4,12987-12996,True,https://openaccess.thecvf.com/content/CVPR2026/papers/Li_Edge-RecViT_Efficient_Vision_Transformer_via_Semantic-Refined_Dynamic_Recursion_CVPR_2026_paper.pdf,https://openaccess.thecvf.com/content/CVPR2026/supplemental/Li_Edge-RecViT_Efficient_Vision_CVPR_2026_supplemental.pdf,https://openaccess.thecvf.com/content/CVPR2026/html/Li_Edge-RecViT_Efficient_Vision_Transformer_via_Semantic-Refined_Dynamic_Recursion_CVPR_2026_paper.html,"Vision Transformers (ViTs) have achieved remarkable progress in visual and multimodal tasks, yet their deployment remains costly. Token-adaptive methods reduce FLOPs through dynamic depth computation, but they face two limitations: (1) Global attention overemphasizes highly similar foreground regions, causing token-adaptive modules to assign the deepest computation to semantically weak foreground tokens while prematurely exiting edge tokens rich in structural cues (as shown in Fig. 1); (2) Although token-adaption lowers FLOPs, it still relies on large parameter sets, and deep-layer weights remain underutilized due to early token exit. Parameter sharing could address redundancy but is difficult to apply in ViTs, where hierarchical abstraction typically requires diverse transformations. To address these issues, we propose Edge-RecViT, an Edge-Adaptive Dynamic Recursive Vision Transformer that integrates an edge-aware token-adaptive ranker with a recursive transformer using fully shared parameters in its hidden layers. Edge-RecViT dynamically allocates computation based on semantic richness: structurally informative edge tokens receive deeper refinement, whereas redundant low-information tokens exit early. Extensive experiments show that Edge-RecViT provides an excellent trade-off among accuracy, FLOPs, and parameter efficiency. On ImageNet-1K, it matches DeiT within 0.3% Top-1 accuracy while reducing FLOPs by 30.5% (35.1 to 24.39 GFLOPs). At the Base level, parameter drops from 86M to 23.21M with higher accuracy than ViT-Base; compared with ViT-Large, parameters are reduced by 93% while maintaining superior accuracy.","@InProceedings{Li_2026_CVPR, author = {Li, YiZhou and Xu, Jinyi and Yin, Mingyu and Zhao, Xianyi}, title = {Edge-RecViT: Efficient Vision Transformer via Semantic-Refined Dynamic Recursion}, booktitle = {Proceedings of the IEEE/CVF Conference on Computer Vision and Pattern Recognition (CVPR)}, month = {June}, year = {2026}, pages = {12987-12996} }"
Liu_Gated_Condition_Injection_without_Multimodal_Attention_Towards_Controllable_Linear-Attention_Transformers_CVPR_2026_paper,2026,0,Diffusion_Generative,Diffusion_Generative|Efficiency_Compression|Vision_Language_Multimodal,7.0,0.143,Gated Condition Injection without Multimodal Attention: Towards Controllable Linear-Attention Transformers,Yuhe Liu; Zhenxiong Tan; Yujia Hu; Songhua Liu; Xinchao Wang,5,23388-23397,True,https://openaccess.thecvf.com/content/CVPR2026/papers/Liu_Gated_Condition_Injection_without_Multimodal_Attention_Towards_Controllable_Linear-Attention_Transformers_CVPR_2026_paper.pdf,https://openaccess.thecvf.com/content/CVPR2026/supplemental/Liu_Gated_Condition_Injection_CVPR_2026_supplemental.pdf,https://openaccess.thecvf.com/content/CVPR2026/html/Liu_Gated_Condition_Injection_without_Multimodal_Attention_Towards_Controllable_Linear-Attention_Transformers_CVPR_2026_paper.html,"Recent advances in diffusion-based controllable visual generation have led to remarkable improvements in image quality. However, these powerful models are typically deployed on cloud servers due to their large computational demands, raising serious concerns about user data privacy. To enable secure and efficient on-device generation, we explore in this paper controllable diffusion models built upon linear attention architectures, which offer superior scalability and efficiency, even on edge devices. Yet, our experiments reveal that existing controllable generation frameworks, such as ControlNet and OminiControl, either lack the flexibility to support multiple heterogeneous condition types or suffer from slow convergence on such linear-attention models. To address these limitations, we propose a novel controllable diffusion framework tailored for linear attention backbones like SANA. The core of our method lies in a unified gated conditioning module working in a dual-path pipeline, which effectively integrates multi-type conditional inputs, such as spatially aligned and non-aligned cues. Extensive experiments on multiple tasks and benchmarks demonstrate that our approach achieves state-of-the-art controllable generation performance based on linear-attention models, surpassing existing methods in terms of fidelity and controllability.","@InProceedings{Liu_2026_CVPR, author = {Liu, Yuhe and Tan, Zhenxiong and Hu, Yujia and Liu, Songhua and Wang, Xinchao}, title = {Gated Condition Injection without Multimodal Attention: Towards Controllable Linear-Attention Transformers}, booktitle = {Proceedings of the IEEE/CVF Conference on Computer Vision and Pattern Recognition (CVPR)}, month = {June}, year = {2026}, pages = {23388-23397} }"
Kang_FlashDecoder_Real-Time_Latent-to-Pixel_Streaming_Decoder_with_Transformers_CVPR_2026_paper,2026,0,Video_Action_Recognition,Video_Action_Recognition|Efficiency_Compression,7.0,0.143,FlashDecoder: Real-Time Latent-to-Pixel Streaming Decoder with Transformers,Minguk Kang; Suha Kwak,2,5294-5305,True,https://openaccess.thecvf.com/content/CVPR2026/papers/Kang_FlashDecoder_Real-Time_Latent-to-Pixel_Streaming_Decoder_with_Transformers_CVPR_2026_paper.pdf,https://openaccess.thecvf.com/content/CVPR2026/supplemental/Kang_FlashDecoder_Real-Time_Latent-to-Pixel_CVPR_2026_supplemental.pdf,https://openaccess.thecvf.com/content/CVPR2026/html/Kang_FlashDecoder_Real-Time_Latent-to-Pixel_Streaming_Decoder_with_Transformers_CVPR_2026_paper.html,"Real-time video generation demands fast decoding as much as fast denoising, yet current latent video diffusion models rely on 3D convolutional decoders that are slow and memory-intensive at high resolutions or for long video. We introduce FlashDecoder, a fast, memory-efficient pure-Transformer video decoder that decodes latents to pixels frame by frame. At each step, the current frame attends only to a fixed-size window of past frames through a rolling KV cache. The fixed temporal window keeps decoding fast and memory bounded regardless of video length, enabling constant-latency streaming. Because frames are processed sequentially, temporal causality is enforced without explicit attention masks, enabling training at resolutions up to 1080p and matching the reconstruction quality of convolutional decoders. On the Wan2.1 and Wan2.2 latent spaces, FlashDecoder matches each convolutional decoder in reconstruction quality (e.g., 41.55 vs. 41.49 dB PSNR at 1080p) while decoding 3.6x-4.7x faster with up to 11x less memory on a single H100 GPU. With architecture-aware inference optimizations, the speedup widens to 12x.","@InProceedings{Kang_2026_CVPR, author = {Kang, Minguk and Kwak, Suha}, title = {FlashDecoder: Real-Time Latent-to-Pixel Streaming Decoder with Transformers}, booktitle = {Proceedings of the IEEE/CVF Conference on Computer Vision and Pattern Recognition (CVPR)}, month = {June}, year = {2026}, pages = {5294-5305} }"
Xu_Cross-Architecture_Adaptation_Cloud-Edge_Continual_Test-Time_Adaptation_with_Dynamic_Sampling_and_CVPR_2026_paper,2026,0,Transfer_FewShot_DomainAdaptation,Transfer_FewShot_DomainAdaptation|Efficiency_Compression,12.0,0.333,Cross-Architecture Adaptation: Cloud-Edge Continual Test-Time Adaptation with Dynamic Sampling and Heterogeneous Distillation,Zirui Xu; Xianhang Chu; Jiahao Li; Xu Yang; Cheng Deng,5,39901-39910,True,https://openaccess.thecvf.com/content/CVPR2026/papers/Xu_Cross-Architecture_Adaptation_Cloud-Edge_Continual_Test-Time_Adaptation_with_Dynamic_Sampling_and_CVPR_2026_paper.pdf,https://openaccess.thecvf.com/content/CVPR2026/supplemental/Xu_Cross-Architecture_Adaptation_Cloud-Edge_CVPR_2026_supplemental.pdf,https://openaccess.thecvf.com/content/CVPR2026/html/Xu_Cross-Architecture_Adaptation_Cloud-Edge_Continual_Test-Time_Adaptation_with_Dynamic_Sampling_and_CVPR_2026_paper.html,"Cloud-Edge Continual Test-Time Adaptation (CTTA)--with edge devices processing real-time data and the cloud offering strong computing power--is a critical paradigm for models that adapt to dynamic data distributions in real-world scenarios. However, most existing frameworks assume architectural homogeneity between cloud and edge CNNs, which poses a significant performance bottleneck, particularly given the rapid emergence of Transformer-based models. Current methods fail to bridge this architectural gap, resulting in significant deficiencies in adaptation accuracy and practical applicability. To address this, we propose a novel Cross-Architecture Adaptation (CAA) framework for heterogeneous Cloud-Edge CTTA that enables effective adaptation to shifting data distributions. Specifically, CAA deploys a large Transformer-based teacher model on the cloud for robust feature extraction and prediction, and a lightweight CNN-based student model on edge devices to fit resource constraints. Based on such cloud-edge models, a synergistic edge-to-cloud communication strategy, Multi-criteria Dynamic Cross-domain Sampling, ensures only the most informative, class-balanced samples are uploaded, minimizing communication costs while guaranteeing stable, unbiased adaptation. Moreover, a Multi-level Adaptive Heterogeneous Distillation module is proposed to facilitate effective knowledge transfer across the architecturally disparate models, and improve the learning efficiency of the edge one. Experiments on several benchmarks demonstrate that CAA achieves state-of-the-art performance with low edge resource consumption and minimal edge-to-cloud communication overhead.","@InProceedings{Xu_2026_CVPR, author = {Xu, Zirui and Chu, Xianhang and Li, Jiahao and Yang, Xu and Deng, Cheng}, title = {Cross-Architecture Adaptation: Cloud-Edge Continual Test-Time Adaptation with Dynamic Sampling and Heterogeneous Distillation}, booktitle = {Proceedings of the IEEE/CVF Conference on Computer Vision and Pattern Recognition (CVPR)}, month = {June}, year = {2026}, pages = {39901-39910} }"
Tan_UZ3DVG_Unaided_Zero-Shot_3D_Visual_Grounding_with_Generated_Language_Conditions_CVPR_2026_paper,2026,0,LLM_Reasoning_Agent,LLM_Reasoning_Agent|Vision_Language_Multimodal|Efficiency_Compression,9.0,0.0,UZ3DVG: Unaided Zero-Shot 3D Visual Grounding with Generated Language Conditions,Wenbin Tan; Jiawen Lin; Yuan Xie; Yachao Zhang; Yanyun Qu,5,9547-9557,True,https://openaccess.thecvf.com/content/CVPR2026/papers/Tan_UZ3DVG_Unaided_Zero-Shot_3D_Visual_Grounding_with_Generated_Language_Conditions_CVPR_2026_paper.pdf,https://openaccess.thecvf.com/content/CVPR2026/supplemental/Tan_UZ3DVG_Unaided_Zero-Shot_CVPR_2026_supplemental.pdf,https://openaccess.thecvf.com/content/CVPR2026/html/Tan_UZ3DVG_Unaided_Zero-Shot_3D_Visual_Grounding_with_Generated_Language_Conditions_CVPR_2026_paper.html,"Zero-Shot 3D Visual Grounding (Zero-Shot 3DVG) aims to localize target objects in 3D scenes from natural language descriptions without relying on instance-wise description annotations. Existing methods rely on extra 2D images during inference and/or require multi-turn interactions with large language models (LLMs) or vision-language models (VLMs), which increase latency, computational cost, and deployment complexity. To overcome these limitations, we propose Unaided Zero-shot 3D Visual Grounding with generated language conditions (UZ3DVG), which is fed with 3D point clouds and textual descriptions only during inference and does not depend on external models. This is a new training paradigm: a VLM is employed solely to produce object-wise descriptions (pseudo labels) and reasoning chains for training a lightweight 3DVG model with robust spatial reasoning. Specifically, the introduced Open-Vocabulary Multi-Source Spatial Annotation and Reasoning Chain Generator processes RGB-D images or 3D-projected 2D images from open-world scenes to generate spatial pseudo-labels and reasoning chains for training. Then, we propose Reasoning Chain Distillation, which transfers reasoning knowledge extracted by a large teacher network to a lightweight student network. To represent both global and local geometric relationships, the Geometry-Aware Spatial Modeling (GeoSM) module is introduced to align textual reasoning with 3D spatial structures. Experiments show that UZ3DVG achieves SOTA zero-shot performance on ScanRefer and NR3D, with inference speeds up to 7.69 \mathrm FPS , approximately 38 times faster than SOTA methods. The code is available at https://github.com/tanwb/UZ3DVG.","@InProceedings{Tan_2026_CVPR, author = {Tan, Wenbin and Lin, Jiawen and Xie, Yuan and Zhang, Yachao and Qu, Yanyun}, title = {UZ3DVG: Unaided Zero-Shot 3D Visual Grounding with Generated Language Conditions}, booktitle = {Proceedings of the IEEE/CVF Conference on Computer Vision and Pattern Recognition (CVPR)}, month = {June}, year = {2026}, pages = {9547-9557} }"
Xiao_BinaryAttention_One-Bit_QK-Attention_for_Vision_and_Diffusion_Transformers_CVPR_2026_paper,2026,0,Diffusion_Generative,Diffusion_Generative|Efficiency_Compression,12.0,0.167,BinaryAttention: One-Bit QK-Attention for Vision and Diffusion Transformers,Chaodong Xiao; Zhengqiang Zhang; Lei Zhang,3,12106-12117,True,https://openaccess.thecvf.com/content/CVPR2026/papers/Xiao_BinaryAttention_One-Bit_QK-Attention_for_Vision_and_Diffusion_Transformers_CVPR_2026_paper.pdf,https://openaccess.thecvf.com/content/CVPR2026/supplemental/Xiao_BinaryAttention_One-Bit_QK-Attention_CVPR_2026_supplemental.pdf,https://openaccess.thecvf.com/content/CVPR2026/html/Xiao_BinaryAttention_One-Bit_QK-Attention_for_Vision_and_Diffusion_Transformers_CVPR_2026_paper.html,"Transformers have achieved widespread and remarkable success, while the computational complexity of their attention modules remains a major bottleneck for vision tasks. Existing methods mainly employ 8-bit or 4-bit quantization to balance efficiency and accuracy. In this paper, with theoretical justification, we indicate that binarization of attention preserves the essential similarity relationships, and propose BinaryAttention, an effective method for fast and accurate 1-bit qk-attention. Specifically, we retain only the sign of queries and keys in computing the attention, and replace the floating dot products with bit-wise operations, significantly reducing the computational cost. We mitigate the inherent information loss under 1-bit quantization by incorporating a learnable bias, and enable end-to-end acceleration. To maintain the accuracy of attention, we adopt quantization-aware training and self-distillation techniques, mitigating quantization errors while ensuring sign-aligned similarity. BinaryAttention is more than 2xfaster than FlashAttention2 on A100 GPUs. Extensive experiments on vision transformer and diffusion transformer benchmarks demonstrate that BinaryAttention matches or even exceeds full-precision attention, validating its effectiveness. Our work provides a highly efficient and effective alternative to full-precision attention, pushing the frontier of low-bit transformers for vision tasks. The codes and models can be found at https://github.com/EdwardChasel/BinaryAttention.","@InProceedings{Xiao_2026_CVPR, author = {Xiao, Chaodong and Zhang, Zhengqiang and Zhang, Lei}, title = {BinaryAttention: One-Bit QK-Attention for Vision and Diffusion Transformers}, booktitle = {Proceedings of the IEEE/CVF Conference on Computer Vision and Pattern Recognition (CVPR)}, month = {June}, year = {2026}, pages = {12106-12117} }"
Haji-Ali_One_Model_Many_Budgets_Elastic_Latent_Interfaces_for_Diffusion_Transformers_CVPR_2026_paper,2026,0,Diffusion_Generative,Diffusion_Generative|Efficiency_Compression,14.0,0.571,"One Model, Many Budgets: Elastic Latent Interfaces for Diffusion Transformers",Moayed Haji-Ali; Willi Menapace; Ivan Skorokhodov; Dogyun Park; Anil Kag; Michael Vasilkovsky; Sergey Tulyakov; Vicente Ordonez; Aliaksandr Siarohin,9,4558-4568,True,https://openaccess.thecvf.com/content/CVPR2026/papers/Haji-Ali_One_Model_Many_Budgets_Elastic_Latent_Interfaces_for_Diffusion_Transformers_CVPR_2026_paper.pdf,https://openaccess.thecvf.com/content/CVPR2026/supplemental/Haji-Ali_One_Model_Many_CVPR_2026_supplemental.pdf,https://openaccess.thecvf.com/content/CVPR2026/html/Haji-Ali_One_Model_Many_Budgets_Elastic_Latent_Interfaces_for_Diffusion_Transformers_CVPR_2026_paper.html,"Diffusion transformers (DiTs) achieve high generative quality but lock FLOPs to image resolution, limiting principled latency-quality trade-offs, and allocate computation uniformly across input spatial tokens, wasting resource allocation to unimportant regions. We introduce Elastic Latent Interface Transformer (ELIT), a drop-in, DiT-compatible mechanism that decouples input image size from compute. Our approach inserts a latent interface, a learnable variable-length token sequence on which standard transformer blocks can operate. Lightweight Read and Write cross-attention layers move information between spatial tokens and latents and prioritize important input regions. By training with random dropping of tail latents, ELIT learns to produce importance-ordered representations with earlier latents capturing global structure while later ones contain information to refine details. At inference, the number of latents can be dynamically adjusted to match compute constraints. ELIT is deliberately minimal, adding two cross-attention layers while leaving the rectified flow objective and the DiT stack unchanged. Across datasets and architectures (DiT, U-ViT, HDiT, MM-DiT), ELIT delivers consistent gains. On ImageNet-1K 512px, ELIT delivers an average gain of 35.3% and 39.6% in FID and FDD scores.","@InProceedings{Haji-Ali_2026_CVPR, author = {Haji-Ali, Moayed and Menapace, Willi and Skorokhodov, Ivan and Park, Dogyun and Kag, Anil and Vasilkovsky, Michael and Tulyakov, Sergey and Ordonez, Vicente and Siarohin, Aliaksandr}, title = {One Model, Many Budgets: Elastic Latent Interfaces for Diffusion Transformers}, booktitle = {Proceedings of the IEEE/CVF Conference on Computer Vision and Pattern Recognition (CVPR)}, month = {June}, year = {2026}, pages = {4558-4568} }"
Chen_One_Layers_Trash_is_Another_Layers_Treasure_Adaptive_Layer-wise_Visual_CVPR_2026_paper,2026,1,Efficiency_Compression,Efficiency_Compression,17.0,0.706,One Layer's Trash is Another Layer's Treasure: Adaptive Layer-wise Visual Token Selection in LVLMs,Yongru Chen; Kai Zhang; Zeliang Zong; Yuchen Lu; Wenming Tan; Ye Ren; Jilin Hu,7,17672-17681,True,https://openaccess.thecvf.com/content/CVPR2026/papers/Chen_One_Layers_Trash_is_Another_Layers_Treasure_Adaptive_Layer-wise_Visual_CVPR_2026_paper.pdf,https://openaccess.thecvf.com/content/CVPR2026/supplemental/Chen_One_Layers_Trash_CVPR_2026_supplemental.pdf,https://openaccess.thecvf.com/content/CVPR2026/html/Chen_One_Layers_Trash_is_Another_Layers_Treasure_Adaptive_Layer-wise_Visual_CVPR_2026_paper.html,"Large Vision-Language Models (LVLMs) have achieved remarkable success across diverse multimodal tasks, yet their practical deployment remains constrained by the computational burden arising from lengthy visual tokens. While visual token pruning has emerged as a promising solution, existing methods suffer from a fundamental limitation: once tokens are pruned at a specific layer, they become inaccessible to all subsequent layers, leading to premature information loss that can compromise model performance. Through empirical studies, we observe that different layers exhibit distinct visual region focus, indicating a varying optimal token subset across layers. Motivated by this insight, we propose Adaptive Layer-wise Visual Token Selection (ALVTS), a novel framework that breaks away from the conventional static token pruning paradigm. ALVTS incorporates a lightweight token selector to identify and route important tokens for further processing, while allowing less important tokens to skip the layer, thus minimizing computational redundancy. These two streams of tokens are seamlessly reintegrated before being fed into subsequent layers, facilitating adaptive compression across the entire model. Grounded in our importance consistency constrained low-rank approximation, the proposed token selection module closely emulates the full attention mechanism, effectively capturing its essential patterns without requiring model retraining. Extensive experiments on LLaVA-1.5, LLaVA-NeXT, and Qwen2.5-VL validate the effectiveness of our method. With an 89% token compression ratio, ALVTS retains 96.7% of the original model's accuracy, achieving a superior efficiency-accuracy trade-off for LVLM inference.","@InProceedings{Chen_2026_CVPR, author = {Chen, Yongru and Zhang, Kai and Zong, Zeliang and Lu, Yuchen and Tan, Wenming and Ren, Ye and Hu, Jilin}, title = {One Layer's Trash is Another Layer's Treasure: Adaptive Layer-wise Visual Token Selection in LVLMs}, booktitle = {Proceedings of the IEEE/CVF Conference on Computer Vision and Pattern Recognition (CVPR)}, month = {June}, year = {2026}, pages = {17672-17681} }"
Peruzzo_Multi-Scale_Local_Speculative_Decoding_for_Image_Generation_CVPR_2026_paper,2026,0,Diffusion_Generative,Diffusion_Generative|Efficiency_Compression,12.0,0.417,Multi-Scale Local Speculative Decoding for Image Generation,Elia Peruzzo; Guillaume Sautière; Amirhossein Habibian,3,5253-5262,True,https://openaccess.thecvf.com/content/CVPR2026/papers/Peruzzo_Multi-Scale_Local_Speculative_Decoding_for_Image_Generation_CVPR_2026_paper.pdf,https://openaccess.thecvf.com/content/CVPR2026/supplemental/Peruzzo_Multi-Scale_Local_Speculative_CVPR_2026_supplemental.pdf,https://openaccess.thecvf.com/content/CVPR2026/html/Peruzzo_Multi-Scale_Local_Speculative_Decoding_for_Image_Generation_CVPR_2026_paper.html,"Autoregressive (AR) models have achieved remarkable success in image synthesis, yet their sequential nature imposes significant latency constraints. Speculative Decoding offers a promising avenue for acceleration, but existing approaches are limited by token-level ambiguity and lack of spatial awareness. In this work, we introduce Multi-Scale Local Speculative Decoding (MuLo-SD), a novel framework that combines multi-resolution drafting with spatially informed verification to accelerate AR image generation. Our method leverages a low-resolution drafter paired with an up-sampling step to propose candidate image tokens, which are then verified in parallel by a high-resolution target model. Crucially, we incorporate a local rejection and resampling mechanism, enabling efficient correction of draft errors by focusing on spatial neighborhoods rather than raster-scan resampling after the first rejection. When integrated with parallel decoding resampling, \methodname achieves substantial speedups -- up to 5x -- outperforming both speculative decoding and parallel decoding baselines in terms of acceleration, while maintaining comparable semantic alignment and perceptual quality. These results are validated using GenEval, DPG-Bench, and FID/HPSv2 on the MS-COCO 5k validation split. Extensive ablations highlight the impact of up-sampling design, probability pooling, and local rejection and resampling with neighborhood expansion. Our approach sets a new state-of-the-art in speculative decoding for image synthesis, bridging the gap between efficiency and fidelity.","@InProceedings{Peruzzo_2026_CVPR, author = {Peruzzo, Elia and Sauti\`ere, Guillaume and Habibian, Amirhossein}, title = {Multi-Scale Local Speculative Decoding for Image Generation}, booktitle = {Proceedings of the IEEE/CVF Conference on Computer Vision and Pattern Recognition (CVPR)}, month = {June}, year = {2026}, pages = {5253-5262} }"
Zhang_Memory-Efficient_Transfer_Learning_with_Fading_Side_Networks_via_Masked_Dual_CVPR_2026_paper,2026,0,Transfer_FewShot_DomainAdaptation,Transfer_FewShot_DomainAdaptation|Efficiency_Compression,10.0,0.3,Memory-Efficient Transfer Learning with Fading Side Networks via Masked Dual Path Distillation,Yutong Zhang; Jiaxin Chen; Honglin Chen; Kaiqi Zheng; Shengcai Liao; Hanwen Zhong; Weixin Li; Yunhong Wang,8,25043-25054,True,https://openaccess.thecvf.com/content/CVPR2026/papers/Zhang_Memory-Efficient_Transfer_Learning_with_Fading_Side_Networks_via_Masked_Dual_CVPR_2026_paper.pdf,https://openaccess.thecvf.com/content/CVPR2026/supplemental/Zhang_Memory-Efficient_Transfer_Learning_CVPR_2026_supplemental.pdf,https://openaccess.thecvf.com/content/CVPR2026/html/Zhang_Memory-Efficient_Transfer_Learning_with_Fading_Side_Networks_via_Masked_Dual_CVPR_2026_paper.html,"Memory-efficient transfer learning (METL) approaches have recently achieved promising performance in adapting pre-trained models to downstream tasks. They avoid applying gradient backpropagation in large backbones, thus significantly reducing the number of trainable parameters and high memory consumption during fine-tuning. However, since they typically employ a lightweight and learnable side network, these methods inevitably introduce additional memory and time overhead during inference, which contradicts the ultimate goal of efficient transfer learning. To address the above issue, we propose a novel approach dubbed Masked Dual Path Distillation (MDPD) to accelerate inference while retaining parameter and memory efficiency in fine-tuning with fading side networks. Specifically, MDPD develops a framework that enhances the performance by mutually distilling the frozen backbones and learnable side networks in fine-tuning, and discard the side network during inference without sacrificing accuracy. Moreover, we design a novel feature-based knowledge distillation method for the encoder structure with multiple layers. Extensive experiments on distinct backbones across vision/language-only and vision-and-language tasks demonstrate that our method not only accelerates inference by at least 25.2% while keeping parameter and memory consumption comparable, but also remarkably promotes the accuracy compared to SOTA approaches. The source code is available at https://github.com/Zhang-VKk/MDPD.","@InProceedings{Zhang_2026_CVPR, author = {Zhang, Yutong and Chen, Jiaxin and Chen, Honglin and Zheng, Kaiqi and Liao, Shengcai and Zhong, Hanwen and Li, Weixin and Wang, Yunhong}, title = {Memory-Efficient Transfer Learning with Fading Side Networks via Masked Dual Path Distillation}, booktitle = {Proceedings of the IEEE/CVF Conference on Computer Vision and Pattern Recognition (CVPR)}, month = {June}, year = {2026}, pages = {25043-25054} }"
Xu_MeshMosaic_Scaling_Artist_Mesh_Generation_via_Local-to-Global_Assembly_CVPR_2026_paper,2026,1,Efficiency_Compression,Efficiency_Compression,9.0,0.556,MeshMosaic: Scaling Artist Mesh Generation via Local-to-Global Assembly,Rui Xu; Tianyang Xue; Qiujie Dong; Le Wan; Zhe Zhu; Peng Li; Zhiyang Dou; Cheng Lin; Shiqing Xin; Yuan Liu; Wenping Wang; Taku Komura,12,20003-20013,True,https://openaccess.thecvf.com/content/CVPR2026/papers/Xu_MeshMosaic_Scaling_Artist_Mesh_Generation_via_Local-to-Global_Assembly_CVPR_2026_paper.pdf,https://openaccess.thecvf.com/content/CVPR2026/supplemental/Xu_MeshMosaic_Scaling_Artist_CVPR_2026_supplemental.pdf,https://openaccess.thecvf.com/content/CVPR2026/html/Xu_MeshMosaic_Scaling_Artist_Mesh_Generation_via_Local-to-Global_Assembly_CVPR_2026_paper.html,"Scaling artist-designed meshes to high triangle numbers remains challenging for autoregressive generative models. Existing transformer-based methods suffer from long-sequence bottlenecks and limited quantization resolution, primarily due to the large number of tokens required and constrained quantization granularity. These issues prevent faithful reproduction of fine geometric details and structured density patterns. We introduce MeshMosaic, a novel local-to-global framework for artist mesh generation that scales to over 100K triangles--substantially surpassing prior methods, which typically handle only around 8K faces. MeshMosaic first segments shapes into patches, generating each patch autoregressively and leveraging shared boundary conditions to promote coherence, symmetry, and seamless connectivity between neighboring regions. This strategy enhances scalability to high-resolution meshes by quantizing patches individually, resulting in more symmetrical and organized mesh density and structure. Extensive experiments across multiple public datasets demonstrate that MeshMosaic significantly outperforms state-of-the-art methods in both geometric fidelity and user preference, supporting superior detail representation and practical mesh generation for real-world applications.","@InProceedings{Xu_2026_CVPR, author = {Xu, Rui and Xue, Tianyang and Dong, Qiujie and Wan, Le and Zhu, Zhe and Li, Peng and Dou, Zhiyang and Lin, Cheng and Xin, Shiqing and Liu, Yuan and Wang, Wenping and Komura, Taku}, title = {MeshMosaic: Scaling Artist Mesh Generation via Local-to-Global Assembly}, booktitle = {Proceedings of the IEEE/CVF Conference on Computer Vision and Pattern Recognition (CVPR)}, month = {June}, year = {2026}, pages = {20003-20013} }"
Zhu_Seele_A_Unified_Acceleration_Framework_for_Real-Time_Gaussian_Splatting_on_CVPR_2026_paper,2026,1,Efficiency_Compression,Efficiency_Compression|Neural_Rendering_NeRF_3DGS,18.0,0.0,Seele: A Unified Acceleration Framework for Real-Time Gaussian Splatting on Mobile Devices,He Zhu; Xiaotong Huang; Zihan Liu; Weikai Lin; Xiaohong Liu; Zhezhi He; Jingwen Leng; Minyi Guo; Yu Feng,9,25979-25989,True,https://openaccess.thecvf.com/content/CVPR2026/papers/Zhu_Seele_A_Unified_Acceleration_Framework_for_Real-Time_Gaussian_Splatting_on_CVPR_2026_paper.pdf,https://openaccess.thecvf.com/content/CVPR2026/supplemental/Zhu_Seele_A_Unified_CVPR_2026_supplemental.pdf,https://openaccess.thecvf.com/content/CVPR2026/html/Zhu_Seele_A_Unified_Acceleration_Framework_for_Real-Time_Gaussian_Splatting_on_CVPR_2026_paper.html,"3D Gaussian Splatting (3DGS) has become a crucial rendering technique for many real-time applications. How- ever, the limited hardware resources on today's mobile platforms hinder these applications, as they struggle to achieve real-time performance. In this paper, we propose SEELE, a general framework designed to accelerate the 3DGS pipeline for resource-constrained mobile devices. Specifically, we propose two GPU-oriented techniques: hybrid preprocessing and contribution-aware rasterization. Hybrid preprocessing alleviates the GPU compute and memory pressure by reducing the number of irrelevant Gaussians during rendering. The key is to combine our view-dependent scene representation with online filtering. Meanwhile, contribution-aware rasterization improves the GPU utilization at the rasterization stage by prioritizing Gaussians with high contributions while reducing computations for those with low contributions. Both techniques can be seamlessly integrated into existing 3DGS pipelines with minimal fine-tuning. Collectively, our framework achieves up to 6.3x speedup and 39.1% model reduction while achieving superior rendering quality compared to existing methods. Our codes will be released upon publication.","@InProceedings{Zhu_2026_CVPR, author = {Zhu, He and Huang, Xiaotong and Liu, Zihan and Lin, Weikai and Liu, Xiaohong and He, Zhezhi and Leng, Jingwen and Guo, Minyi and Feng, Yu}, title = {Seele: A Unified Acceleration Framework for Real-Time Gaussian Splatting on Mobile Devices}, booktitle = {Proceedings of the IEEE/CVF Conference on Computer Vision and Pattern Recognition (CVPR)}, month = {June}, year = {2026}, pages = {25979-25989} }"
Zeng_Gaussian_Splatting-based_Low-Rank_Tensor_Representation_for_Multi-Dimensional_Image_Recovery_CVPR_2026_paper,2026,0,Neural_Rendering_NeRF_3DGS,Neural_Rendering_NeRF_3DGS|Restoration_Enhancement|Efficiency_Compression,18.0,0.444,Gaussian Splatting-based Low-Rank Tensor Representation for Multi-Dimensional Image Recovery,Yiming Zeng; Xi-Le Zhao; Wei-Hao Wu; Teng-Yu Ji; Chao Wang,5,19360-19369,True,https://openaccess.thecvf.com/content/CVPR2026/papers/Zeng_Gaussian_Splatting-based_Low-Rank_Tensor_Representation_for_Multi-Dimensional_Image_Recovery_CVPR_2026_paper.pdf,https://openaccess.thecvf.com/content/CVPR2026/supplemental/Zeng_Gaussian_Splatting-based_Low-Rank_CVPR_2026_supplemental.pdf,https://openaccess.thecvf.com/content/CVPR2026/html/Zeng_Gaussian_Splatting-based_Low-Rank_Tensor_Representation_for_Multi-Dimensional_Image_Recovery_CVPR_2026_paper.html,"Tensor singular value decomposition (t-SVD) is a promising tool for multi-dimensional image representation, which decomposes a multi-dimensional image into a latent tensor and an accompanying transform matrix. However, two critical limitations of t-SVD methods persist: (1) the approximation of the latent tensor (e.g., tensor factorizations) is coarse and fails to accurately capture spatial local high-frequency information; (2) the transform matrix is composed of fixed basis atoms (e.g., complex exponential atoms in DFT and cosine atoms in DCT) and cannot precisely capture local high-frequency information along the mode-3 fibers. To address these two limitations, we propose a Gaussian Splatting-based Low-rank tensor Representation (GSLR) framework, which compactly and continuously represents multi-dimensional images. Specifically, we leverage tailored 2D Gaussian splatting and 1D Gaussian splatting to generate the latent tensor and transform matrix, respectively. The 2D and 1D Gaussian splatting are indispensable and complementary under this representation framework, which enjoys a powerful representation capability, especially for local high-frequency information. To evaluate the representation ability of the proposed GSLR, we develop an unsupervised GSLR-based multi-dimensional image recovery model. Extensive experiments on multi-dimensional image recovery demonstrate that GSLR consistently outperforms state-of-the-art methods, particularly in capturing local high-frequency information.","@InProceedings{Zeng_2026_CVPR, author = {Zeng, Yiming and Zhao, Xi-Le and Wu, Wei-Hao and Ji, Teng-Yu and Wang, Chao}, title = {Gaussian Splatting-based Low-Rank Tensor Representation for Multi-Dimensional Image Recovery}, booktitle = {Proceedings of the IEEE/CVF Conference on Computer Vision and Pattern Recognition (CVPR)}, month = {June}, year = {2026}, pages = {19360-19369} }"
Li_SparVAR_Exploring_Sparsity_in_Visual_AutoRegressive_Modeling_for_Training-Free_Acceleration_CVPR_2026_paper,2026,1,Efficiency_Compression,Efficiency_Compression,14.0,1.0,SparVAR: Exploring Sparsity in Visual AutoRegressive Modeling for Training-Free Acceleration,Zekun Li; Ning Wang; Tongxin Bai; Changwang Mei; Peisong Wang; Shuang Qiu; Jian Cheng,7,19308-19318,True,https://openaccess.thecvf.com/content/CVPR2026/papers/Li_SparVAR_Exploring_Sparsity_in_Visual_AutoRegressive_Modeling_for_Training-Free_Acceleration_CVPR_2026_paper.pdf,https://openaccess.thecvf.com/content/CVPR2026/supplemental/Li_SparVAR_Exploring_Sparsity_CVPR_2026_supplemental.pdf,https://openaccess.thecvf.com/content/CVPR2026/html/Li_SparVAR_Exploring_Sparsity_in_Visual_AutoRegressive_Modeling_for_Training-Free_Acceleration_CVPR_2026_paper.html,"Visual AutoRegressive (VAR) modeling has garnered significant attention for its innovative next-scale prediction paradigm. However, mainstream VAR paradigms attend to all tokens across historical scales at each autoregressive step. As the next scale resolution grows, the computational complexity of attention increases quartically with resolution, causing substantial latency. Prior accelerations often skip high-resolution scales, which speeds up inference but discards high-frequency details and harms image quality. To address these problems, we present SparVAR, a training-free acceleration framework that exploits three properties of VAR attention: (i) strong attention sinks, (ii) cross-scale activation similarity, and (iii) pronounced locality. Specifically, we dynamically predict the sparse attention pattern of later high-resolution scales from a sparse decision scale, and construct scale self-similar sparse attention via an efficient index-mapping mechanism, enabling high-efficiency sparse attention computation at large scales. Furthermore, we propose cross-scale local sparse attention and implement an efficient block-wise sparse kernel, which achieves > 5xfaster forward speed than FlashAttention. Extensive experiments demonstrate that the proposed SparVAR can reduce the generation time of an 8B model producing 1024x1024 high-resolution images to the 1s, without skipping the last scales. Compared with the VAR baseline accelerated by FlashAttention, our method achieves a 1.57xspeed-up while preserving almost all high-frequency details. When combined with existing scale-skipping strategies, SparVAR attains up to a 2.28xacceleration, while maintaining competitive visual generation quality.","@InProceedings{Li_2026_CVPR, author = {Li, Zekun and Wang, Ning and Bai, Tongxin and Mei, Changwang and Wang, Peisong and Qiu, Shuang and Cheng, Jian}, title = {SparVAR: Exploring Sparsity in Visual AutoRegressive Modeling for Training-Free Acceleration}, booktitle = {Proceedings of the IEEE/CVF Conference on Computer Vision and Pattern Recognition (CVPR)}, month = {June}, year = {2026}, pages = {19308-19318} }"
Lee_When_Do_Models_Actually_Decide_Mapping_the_Layer-Wise_Decision_Timeline_CVPR_2026_paper,2026,1,Efficiency_Compression,Efficiency_Compression,2.0,1.0,When Do Models Actually Decide? Mapping the Layer-Wise Decision Timeline in Pretrained Neural Networks,Minhyeok Lee,1,34546-34554,True,https://openaccess.thecvf.com/content/CVPR2026/papers/Lee_When_Do_Models_Actually_Decide_Mapping_the_Layer-Wise_Decision_Timeline_CVPR_2026_paper.pdf,https://openaccess.thecvf.com/content/CVPR2026/supplemental/Lee_When_Do_Models_CVPR_2026_supplemental.pdf,https://openaccess.thecvf.com/content/CVPR2026/html/Lee_When_Do_Models_Actually_Decide_Mapping_the_Layer-Wise_Decision_Timeline_CVPR_2026_paper.html,"Neural networks are often treated as monolithic black boxes that process all inputs uniformly through all layers. However, researchers intuitively wonder: do simple images require all 50 layers of ResNet-50, or is the prediction effectively decided much earlier? We investigate when pretrained models make up their minds during a forward pass by training linear probes at each layer of ResNet variants on ImageNet, without modifying the base model. Our findings reveal substantial computational heterogeneity across architectures. We discover pronounced bimodal patterns with distinct populations of early and late deciders: in deeper ResNets, 33--39% of samples stabilize within the first third of the network, while 39--42% are assigned to the final 30% of depth; across all three ResNets, the late fraction ranges from 39% to 54%. The decision layer is highly sensitive to stability criteria, with mean depths increasing from 2.6--4.1 (k=1) to 9.0--10.0 (k=4). Linear probe accuracy exhibits sharp jumps in final residual stages, reaching 73--75% for ResNet-50/101 and 65% for ResNet-18, indicating that semantic consolidation occurs late. These findings expose computational heterogeneity in standard inference and clarify both the promise and the limits of stability-based early exiting.","@InProceedings{Lee_2026_CVPR, author = {Lee, Minhyeok}, title = {When Do Models Actually Decide? Mapping the Layer-Wise Decision Timeline in Pretrained Neural Networks}, booktitle = {Proceedings of the IEEE/CVF Conference on Computer Vision and Pattern Recognition (CVPR)}, month = {June}, year = {2026}, pages = {34546-34554} }"
Du_Unified_Spatiotemporal_Token_Compression_for_Video-LLMs_at_Ultra-Low_Retention_CVPR_2026_paper,2026,1,Efficiency_Compression,Efficiency_Compression|LLM_Reasoning_Agent|Video_Action_Recognition,22.0,0.045,Unified Spatiotemporal Token Compression for Video-LLMs at Ultra-Low Retention,Junhao Du; Jialong Xue; Anqi Li; Jincheng Dai; Guo Lu,5,17661-17671,True,https://openaccess.thecvf.com/content/CVPR2026/papers/Du_Unified_Spatiotemporal_Token_Compression_for_Video-LLMs_at_Ultra-Low_Retention_CVPR_2026_paper.pdf,https://openaccess.thecvf.com/content/CVPR2026/supplemental/Du_Unified_Spatiotemporal_Token_CVPR_2026_supplemental.pdf,https://openaccess.thecvf.com/content/CVPR2026/html/Du_Unified_Spatiotemporal_Token_Compression_for_Video-LLMs_at_Ultra-Low_Retention_CVPR_2026_paper.html,"Video large language models (Video-LLMs) face high computational costs due to large volumes of visual tokens. Existing token compression methods typically adopt a two-stage spatiotemporal compression strategy, relying on stage-specific metrics and an implicit assumption of spatiotemporal separability. Under extremely low retention ratios, however, such approaches often result in unbalanced allocation and loss of visual evidence essential for question answering. We reformulate token compression as a spatiotemporal allocation task within a global token retention pool. We propose a unified selection mechanism that integrates attention weights and semantic similarity to globally select tokens with high contribution and low redundancy. Unselected tokens are merged via clustering and refilled, preserving information integrity. Inside the LLM, we further introduce text-aware merging to perform secondary compression based on query relevance. Without requiring retraining, our method serves as a plug-and-play module compatible with existing Video-LLMs. Experiments show that retaining only about 2% of visual tokens preserves 90.1% of baseline performance across multiple benchmarks, while reducing FLOPs to roughly 2.6%. These benefits generalize across diverse backbones, decreasing end-to-end inference latency and memory consumption. Our unified spatiotemporal token compression strategy establishes the state-of-the-art in video understanding under ultra-low token retention.","@InProceedings{Du_2026_CVPR, author = {Du, Junhao and Xue, Jialong and Li, Anqi and Dai, Jincheng and Lu, Guo}, title = {Unified Spatiotemporal Token Compression for Video-LLMs at Ultra-Low Retention}, booktitle = {Proceedings of the IEEE/CVF Conference on Computer Vision and Pattern Recognition (CVPR)}, month = {June}, year = {2026}, pages = {17661-17671} }"
Cai_FloodDiffusion_Tailored_Diffusion_Forcing_for_Streaming_Motion_Generation_CVPR_2026_paper,2026,1,Efficiency_Compression,Efficiency_Compression,2.0,0.0,FloodDiffusion: Tailored Diffusion Forcing for Streaming Motion Generation,Yiyi Cai; Yuhan Wu; Kunhang Li; You Zhou; Bo Zheng; Haiyang Liu,6,2295-2304,True,https://openaccess.thecvf.com/content/CVPR2026/papers/Cai_FloodDiffusion_Tailored_Diffusion_Forcing_for_Streaming_Motion_Generation_CVPR_2026_paper.pdf,https://openaccess.thecvf.com/content/CVPR2026/supplemental/Cai_FloodDiffusion_Tailored_Diffusion_CVPR_2026_supplemental.pdf,https://openaccess.thecvf.com/content/CVPR2026/html/Cai_FloodDiffusion_Tailored_Diffusion_Forcing_for_Streaming_Motion_Generation_CVPR_2026_paper.html,"We present FloodDiffusion, a new framework for text-driven, streaming human motion generation. Given time-varying text prompts, FloodDiffusion generates text-aligned, seamless motion sequences with real-time latency.Unlike existing methods that rely on chunk-by-chunk or auto-regressive model with diffusion head, we adopt a diffusion forcing framework to model this time-series generation task under time-varying control events.We find that a straightforward implementation of vanilla diffusion forcing (as proposed for video models) fails to model real motion distributions. We demonstrate that to guarantee modeling the output distribution, the vanilla diffusion forcing must be tailored to: (i) train with a bi-directional attention instead of casual attention; (ii) implement a lower triangular time scheduler instead of a random one; (iii) utilize a continues time-varying way to introduce text conditioning.With these improvements, we demonstrate in the first time that the diffusion forcing-based framework achieves state-of-the-art performance on the streaming motion generation task, reaching an FID of 0.057 on the HumanML3D benchmark. Models, code, and weights are available.","@InProceedings{Cai_2026_CVPR, author = {Cai, Yiyi and Wu, Yuhan and Li, Kunhang and Zhou, You and Zheng, Bo and Liu, Haiyang}, title = {FloodDiffusion: Tailored Diffusion Forcing for Streaming Motion Generation}, booktitle = {Proceedings of the IEEE/CVF Conference on Computer Vision and Pattern Recognition (CVPR)}, month = {June}, year = {2026}, pages = {2295-2304} }"
Han_Adaptive_Spectral_Feature_Forecasting_for_Diffusion_Sampling_Acceleration_CVPR_2026_paper,2026,1,Efficiency_Compression,Efficiency_Compression|Diffusion_Generative,11.0,0.182,Adaptive Spectral Feature Forecasting for Diffusion Sampling Acceleration,Jiaqi Han; Juntong Shi; Puheng Li; Haotian Ye; Qiushan Guo; Stefano Ermon,6,43320-43330,True,https://openaccess.thecvf.com/content/CVPR2026/papers/Han_Adaptive_Spectral_Feature_Forecasting_for_Diffusion_Sampling_Acceleration_CVPR_2026_paper.pdf,https://openaccess.thecvf.com/content/CVPR2026/supplemental/Han_Adaptive_Spectral_Feature_CVPR_2026_supplemental.pdf,https://openaccess.thecvf.com/content/CVPR2026/html/Han_Adaptive_Spectral_Feature_Forecasting_for_Diffusion_Sampling_Acceleration_CVPR_2026_paper.html,"Diffusion models have become the dominant tool for high-fidelity image and video generation, yet are critically bottlenecked by their inference speed due to the numerous iterative passes of Diffusion Transformers. To reduce the exhaustive compute, recent works resort to the feature caching and reusing scheme that skips network evaluations at selected diffusion steps by using cached features in previous steps. However, their preliminary design solely relies on local approximation, causing errors to grow rapidly with large skips and leading to degraded sample quality at high speedups. In this work, we propose spectral diffusion feature forecaster (Spectrum), a training-free approach that enables global, long-range feature reuse with tightly controlled error. In particular, we view the latent features of the denoiser as functions over time and approximate them with Chebyshev polynomials. Specifically, we fit the coefficient for each basis via ridge regression, which is then leveraged to forecast features at multiple future diffusion steps. We theoretically reveal that our approach admits more favorable long-horizon behavior and yields an error bound that does not compound with the step size. Extensive experiments on various state-of-the-art image and video diffusion models consistently verify the superiority of our approach. Notably, we achieve up to 4.79x speedup on FLUX.1 and 4.67x speedup on Wan2.1-14B, while maintaining much higher sample quality compared with the baselines.","@InProceedings{Han_2026_CVPR, author = {Han, Jiaqi and Shi, Juntong and Li, Puheng and Ye, Haotian and Guo, Qiushan and Ermon, Stefano}, title = {Adaptive Spectral Feature Forecasting for Diffusion Sampling Acceleration}, booktitle = {Proceedings of the IEEE/CVF Conference on Computer Vision and Pattern Recognition (CVPR)}, month = {June}, year = {2026}, pages = {43320-43330} }"
Yu_Progressive_Neural_Architecture_Generation_CVPR_2026_paper,2026,1,Efficiency_Compression,Efficiency_Compression,9.0,0.667,Progressive Neural Architecture Generation,Caiyang Yu; Chen Huang; Yun Liu; Chenwei Tang; Wei Ju; Jiancheng Lv,6,34524-34534,True,https://openaccess.thecvf.com/content/CVPR2026/papers/Yu_Progressive_Neural_Architecture_Generation_CVPR_2026_paper.pdf,https://openaccess.thecvf.com/content/CVPR2026/supplemental/Yu_Progressive_Neural_Architecture_CVPR_2026_supplemental.pdf,https://openaccess.thecvf.com/content/CVPR2026/html/Yu_Progressive_Neural_Architecture_Generation_CVPR_2026_paper.html,"As a representative technique in neural architecture search, neural architecture generation aims to construct high-performance architectures for a given task directly. It is poised to replace the inefficient random exploration components of some search strategies, such as the acquisition strategies in Bayesian optimization. Despite significant research, current architecture generation techniques face problems such as low generation efficiency and insufficient constraints, leading to invalidly generated architectures. To this end, we propose Progressive Neural Architecture Generation (PNAG), which constructs architectures incrementally through coarse-to-fine evolution, enhancing generation efficiency, and incorporates step-wise refinements to ensure the validity of the generated architecture. To achieve this, PNGA involves two modules, multi-scale sub-architecture quantization (MSQ) and step-wise consistency constraint (SCC). Specifically, MSQ constructs sub-architectures using quantization decoding and progressively expands them, transitioning from simple to complex forms. This operation bypasses network inference to enhance efficiency.Complementing MSQ, SCC, implemented through a tailored regularization mechanism, introduces penalties for deviations during sub-architecture generation, guiding the process towards valid target architectures. As such, PNAG establishes a clear generation path, laying the groundwork for generating suitable architectures in downstream tasks. Extensive experiments demonstrate that PNAG not only generates superior architectures for various downstream tasks (+8.43%/+5.07%, on average) but also significantly improves generation efficiency, reducing the architecture generation time by 1300x. Furthermore, PNAG demonstrates strong extensibility by successfully generating Transformer-based architectures.","@InProceedings{Yu_2026_CVPR, author = {Yu, Caiyang and Huang, Chen and Liu, Yun and Tang, Chenwei and Ju, Wei and Lv, Jiancheng}, title = {Progressive Neural Architecture Generation}, booktitle = {Proceedings of the IEEE/CVF Conference on Computer Vision and Pattern Recognition (CVPR)}, month = {June}, year = {2026}, pages = {34524-34534} }"
Lim_Critical_Patch-Aware_Sparse_Prompting_with_Decoupled_Training_for_Continual_Learning_CVPR_2026_paper,2026,0,Transfer_FewShot_DomainAdaptation,Transfer_FewShot_DomainAdaptation|Efficiency_Compression|LLM_Reasoning_Agent,15.0,0.2,Critical Patch-Aware Sparse Prompting with Decoupled Training for Continual Learning on the Edge,Wonseon Lim; Jaesung Lee; Dae-Won Kim,3,17989-17998,True,https://openaccess.thecvf.com/content/CVPR2026/papers/Lim_Critical_Patch-Aware_Sparse_Prompting_with_Decoupled_Training_for_Continual_Learning_CVPR_2026_paper.pdf,https://openaccess.thecvf.com/content/CVPR2026/supplemental/Lim_Critical_Patch-Aware_Sparse_CVPR_2026_supplemental.pdf,https://openaccess.thecvf.com/content/CVPR2026/html/Lim_Critical_Patch-Aware_Sparse_Prompting_with_Decoupled_Training_for_Continual_Learning_CVPR_2026_paper.html,"Continual learning (CL) on edge devices requires not only high accuracy but also training-time efficiency to support on-device adaptation under strict memory and computational constraints. While prompt-based continual learning (PCL) is parameter-efficient and achieves competitive accuracy, prior work has focused mainly on accuracy or inference-time performance, often overlooking the memory and computational costs of on-device training. In this paper, we propose CPS-Prompt, a critical patch-aware sparse prompting framework that explicitly targets training-time memory usage and computational cost by integrating critical patch sampling (CPS) for task-aware token reduction and decoupled prompt and classifier training (DPCT) to reduce backpropagation overhead. Experiments on three public benchmarks and real edge hardware show that CPS-Prompt improves peak memory, training time, and energy efficiency by about 1.6x over the balanced CODA-Prompt baseline, while maintaining accuracy within 2% of the state-of-the-art C-Prompt on average and remaining competitive with CODA-Prompt in accuracy. The code is available at https://github.com/laymond1/cpsprompt.","@InProceedings{Lim_2026_CVPR, author = {Lim, Wonseon and Lee, Jaesung and Kim, Dae-Won}, title = {Critical Patch-Aware Sparse Prompting with Decoupled Training for Continual Learning on the Edge}, booktitle = {Proceedings of the IEEE/CVF Conference on Computer Vision and Pattern Recognition (CVPR)}, month = {June}, year = {2026}, pages = {17989-17998} }"
Zhang_WeaveTime_Streaming_from_Earlier_Frames_into_Emergent_Memory_in_VideoLLMs_CVPR_2026_paper,2026,0,LLM_Reasoning_Agent,LLM_Reasoning_Agent|Efficiency_Compression,13.0,0.538,WeaveTime: Streaming from Earlier Frames into Emergent Memory in VideoLLMs,Yulin Zhang; Cheng Shi; Sibei Yang,3,16920-16932,True,https://openaccess.thecvf.com/content/CVPR2026/papers/Zhang_WeaveTime_Streaming_from_Earlier_Frames_into_Emergent_Memory_in_VideoLLMs_CVPR_2026_paper.pdf,https://openaccess.thecvf.com/content/CVPR2026/supplemental/Zhang_WeaveTime_Streaming_from_CVPR_2026_supplemental.pdf,https://openaccess.thecvf.com/content/CVPR2026/html/Zhang_WeaveTime_Streaming_from_Earlier_Frames_into_Emergent_Memory_in_VideoLLMs_CVPR_2026_paper.html,"Recent advances in Multimodal Large Language Models have greatly improved visual understanding and reasoning, yet their quadratic attention and offline training protocols make them ill-suited for streaming settings where frames arrive sequentially and future observations are inaccessible. We diagnose a core limitation of current Video-LLMs, namely Time-Agnosticism, in which videos are treated as an unordered bag of evidence rather than a causally ordered sequence, yielding two failures in streams: temporal order ambiguity, in which the model cannot follow or reason over the correct chronological order, and past-current focus blindness where it fails to distinguish present observations from accumulated history. We present WeaveTime, a simple, efficient, and model-agnostic framework that first teaches order and then uses order. We introduce a lightweight Temporal Reconstruction objective--our Streaming Order Perception enhancement--that instills order-aware representations with minimal finetuning and no specialized streaming data. At inference, a Past-Current Dynamic Focus Cache performs uncertainty-triggered, coarse-to-fine retrieval, expanding history only when needed. Plugged into exsiting Video-LLM without architectural changes, WeaveTime delivers consistent gains on representative streaming benchmarks, improving accuracy while reducing latency. These results establish WeaveTime as a practical path toward time-aware stream Video-LLMs under strict online, time-causal constraints. Code and weights will be made publicly available.","@InProceedings{Zhang_2026_CVPR, author = {Zhang, Yulin and Shi, Cheng and Yang, Sibei}, title = {WeaveTime: Streaming from Earlier Frames into Emergent Memory in VideoLLMs}, booktitle = {Proceedings of the IEEE/CVF Conference on Computer Vision and Pattern Recognition (CVPR)}, month = {June}, year = {2026}, pages = {16920-16932} }"
Shi_Self-Attention_Driven_Tensor_Representation_for_High-Order_Data_Recovery_CVPR_2026_paper,2026,1,Efficiency_Compression,Efficiency_Compression,6.0,1.0,Self-Attention Driven Tensor Representation for High-Order Data Recovery,Zhi-Wei Shi; Yu-Bang Zheng; Heng-Chao Li,3,26399-26408,True,https://openaccess.thecvf.com/content/CVPR2026/papers/Shi_Self-Attention_Driven_Tensor_Representation_for_High-Order_Data_Recovery_CVPR_2026_paper.pdf,https://openaccess.thecvf.com/content/CVPR2026/supplemental/Shi_Self-Attention_Driven_Tensor_CVPR_2026_supplemental.pdf,https://openaccess.thecvf.com/content/CVPR2026/html/Shi_Self-Attention_Driven_Tensor_Representation_for_High-Order_Data_Recovery_CVPR_2026_paper.html,"Low-rank tensor representation (LRTR) is an effective tool for compactly modeling high-order data. While nonlinear LRTR models can better capture real-world nonlinear dependencies, most existing methods rely on fixed local mappings of multilayer perceptrons (MLPs) or convolutional neural networks (CNNs), limiting their ability to model complex global dependencies. To overcome this limitation, we construct a novel paradigm called Self-Attention Driven Tensor Representation (SADTR), which is the first framework that models nonlinearity from the perspective of self-attention. Specifically, we design a factor self-representation mechanism to establish dynamic global mapping, thereby adaptively capturing both local and non-local nonlinear dependencies in the factor space. Moreover, we introduce an implicit sparse representation to impose sparsity constraint while avoiding additional optimization problems. As a result, the proposed SADTR can achieve a more accurate low-rank representation. In theory, we provide a detailed analysis to demonstrate the recoverability of SADTR. To validate the effectiveness of SADTR, we apply it to three representative high-order data recovery tasks. Experimental results demonstrate that SADTR consistently outperforms existing state-of-the-art LRTR methods.","@InProceedings{Shi_2026_CVPR, author = {Shi, Zhi-Wei and Zheng, Yu-Bang and Li, Heng-Chao}, title = {Self-Attention Driven Tensor Representation for High-Order Data Recovery}, booktitle = {Proceedings of the IEEE/CVF Conference on Computer Vision and Pattern Recognition (CVPR)}, month = {June}, year = {2026}, pages = {26399-26408} }"
Liu_Distilling_Quasi-Conformal_Mapping_A_Generalizable_and_Efficient_Solution_for_Wide-Angle_CVPR_2026_paper,2026,1,Efficiency_Compression,Efficiency_Compression,4.0,0.5,Distilling Quasi-Conformal Mapping: A Generalizable and Efficient Solution for Wide-Angle Correction,Chengyang Liu; Zixuan Lin; Miaolin Han; Michael K. Ng; Huibin Li,5,19686-19695,True,https://openaccess.thecvf.com/content/CVPR2026/papers/Liu_Distilling_Quasi-Conformal_Mapping_A_Generalizable_and_Efficient_Solution_for_Wide-Angle_CVPR_2026_paper.pdf,https://openaccess.thecvf.com/content/CVPR2026/supplemental/Liu_Distilling_Quasi-Conformal_Mapping_CVPR_2026_supplemental.pdf,https://openaccess.thecvf.com/content/CVPR2026/html/Liu_Distilling_Quasi-Conformal_Mapping_A_Generalizable_and_Efficient_Solution_for_Wide-Angle_CVPR_2026_paper.html,"This paper introduces a novel framework for wide-angle correction by distilling the geometric principles of quasi-conformal (QC) mapping into a generalizable and efficient deep neural network. Our methodology can be divided into two primary stages. In the first stage, we develop an annotation-free teacher pipeline that treats the distortion correction problem as a QC mapping task. Specifically, we minimize the Beltrami smoothness energy under constraints of both line structures and human body regions using a Linear Beltrami Solver and Proximal Gradient Descent (LBS-PGD) algorithm, thereby automatically generating high-quality QC correction flow labels. In the second stage, we propose the Quasi-conformal-mapping Distilled Wide-angle Correction Network (QDWC-Net) to learn the geometric transformation from these labels via distillation. Utilizing a Mamba-based backbone, a soft-argmin head, and a low-rank prior reconstruction module, QDWC-Net predicts the correction flow directly from a distorted input. Extensive quantitative and qualitative experiments verify the effectiveness of our approach. Notably, our distilled student network exhibits enhanced robustness compared to the teacher and achieves a massive 32x speedup (from 26.33s to 0.81s). Overall, our method provides a state-of-the-art solution that excels across multiple real-world datasets, especially in mitigating human body distortion.","@InProceedings{Liu_2026_CVPR, author = {Liu, Chengyang and Lin, Zixuan and Han, Miaolin and Ng, Michael K. and Li, Huibin}, title = {Distilling Quasi-Conformal Mapping: A Generalizable and Efficient Solution for Wide-Angle Correction}, booktitle = {Proceedings of the IEEE/CVF Conference on Computer Vision and Pattern Recognition (CVPR)}, month = {June}, year = {2026}, pages = {19686-19695} }"
He_TC-Pade_Trajectory-Consistent_Pade_Approximation_for_Diffusion_Acceleration_CVPR_2026_paper,2026,1,Efficiency_Compression,Efficiency_Compression,11.0,0.727,TC-Pade: Trajectory-Consistent Pade Approximation for Diffusion Acceleration,Shaoxuan He; Benlei Cui; Bukun Huang; Zhizeng Ye; Yunyun Sun; Longtao Huang; Hui Xue; Yang Yang; Haiwen Hong; Jingqun Tang; Zhou Zhao,11,35768-35778,True,https://openaccess.thecvf.com/content/CVPR2026/papers/He_TC-Pade_Trajectory-Consistent_Pade_Approximation_for_Diffusion_Acceleration_CVPR_2026_paper.pdf,https://openaccess.thecvf.com/content/CVPR2026/supplemental/He_TC-Pade_Trajectory-Consistent_Pade_CVPR_2026_supplemental.pdf,https://openaccess.thecvf.com/content/CVPR2026/html/He_TC-Pade_Trajectory-Consistent_Pade_Approximation_for_Diffusion_Acceleration_CVPR_2026_paper.html,"Despite achieving state-of-the-art generation quality, diffusion models are hindered by the substantial computational burden of their iterative sampling process. While feature caching techniques achieve effective acceleration at higher step counts (e.g., 50 steps), they exhibit critical limitations in the practical low-step regime of 20-30 steps. As the interval between steps increases, polynomial-based extrapolators like TaylorSeer suffer from error accumulation and trajectory drift. Meanwhile, conventional caching strategies often overlook the distinct dynamical properties of different denoising phases. To address these challenges, we propose Trajectory-Consistent Pade(TC-Pade) approximation, a feature prediction framework grounded in Pade approximation. By modeling feature evolution through rational functions, our approach captures asymptotic and transitional behaviors more accurately than Taylor-based methods. To enable stable and trajectory-consistent sampling under reduced step counts, TC-Pade incorporates (1) adaptive coefficient modulation that leverages historical cached residuals to detect subtle trajectory transitions, and (2) step-aware prediction strategies tailored to the distinct dynamics of early, mid, and late sampling stages. Extensive experiments on DiT-XL/2, FLUX.1-dev, and Wan2.1 across both image and video generation demonstrate the effectiveness of TC-Pade. For instance, TC-Pade achieves 2.88xacceleration on FLUX.1-dev and 1.72xon Wan2.1 while maintaining high quality across FID, CLIP, Aesthetic, and VBench-2.0 metrics, substantially outperforming existing feature caching methods.","@InProceedings{He_2026_CVPR, author = {He, Shaoxuan and Cui, Benlei and Huang, Bukun and Ye, Zhizeng and Sun, Yunyun and Huang, Longtao and Xue, Hui and Yang, Yang and Hong, Haiwen and Tang, Jingqun and Zhao, Zhou}, title = {TC-Pade: Trajectory-Consistent Pade Approximation for Diffusion Acceleration}, booktitle = {Proceedings of the IEEE/CVF Conference on Computer Vision and Pattern Recognition (CVPR)}, month = {June}, year = {2026}, pages = {35768-35778} }"
Ki_Avatar_Forcing_Real-Time_Interactive_Head_Avatar_Generation_for_Natural_Conversation_CVPR_2026_paper,2026,0,Audio_Visual,Audio_Visual|Efficiency_Compression,7.0,0.143,Avatar Forcing: Real-Time Interactive Head Avatar Generation for Natural Conversation,Taekyung Ki; Sangwon Jang; Jaehyeong Jo; Jaehong Yoon; Sung Ju Hwang,5,18074-18084,True,https://openaccess.thecvf.com/content/CVPR2026/papers/Ki_Avatar_Forcing_Real-Time_Interactive_Head_Avatar_Generation_for_Natural_Conversation_CVPR_2026_paper.pdf,https://openaccess.thecvf.com/content/CVPR2026/supplemental/Ki_Avatar_Forcing_Real-Time_CVPR_2026_supplemental.zip,https://openaccess.thecvf.com/content/CVPR2026/html/Ki_Avatar_Forcing_Real-Time_Interactive_Head_Avatar_Generation_for_Natural_Conversation_CVPR_2026_paper.html,"Talking head generation creates lifelike avatars from static portraits for virtual communication and content creation. However, current models do not yet convey the feeling of truly interactive communication, often generating one-way responses that lack emotional engagement. We identify two key challenges toward truly interactive avatars: generating motion in real-time under causal constraints and learning expressive, vibrant reactions without additional labeled data. To address these challenges, we propose Avatar Forcing, a new framework for interactive head avatar generation that models real-time user-avatar interactions through diffusion forcing. This design allows the avatar to process real-time multimodal inputs, including the user's audio and motion, with low latency for instant reactions to both verbal and non-verbal cues such as speech, nods, and laughter. Furthermore, we introduce a direct preference optimization method that leverages synthetic losing samples constructed by dropping user conditions, enabling label-free learning of expressive interaction. Experimental results demonstrate that our framework enables real-time interaction with low latency (about 500ms), achieving 6.8x speedup compared to the baseline, and produces reactive and expressive avatar motion, which is preferred over 80% against the baseline.","@InProceedings{Ki_2026_CVPR, author = {Ki, Taekyung and Jang, Sangwon and Jo, Jaehyeong and Yoon, Jaehong and Hwang, Sung Ju}, title = {Avatar Forcing: Real-Time Interactive Head Avatar Generation for Natural Conversation}, booktitle = {Proceedings of the IEEE/CVF Conference on Computer Vision and Pattern Recognition (CVPR)}, month = {June}, year = {2026}, pages = {18074-18084} }"
Lin_Domain_Sensitive_Federated_Learning_with_Fisher-Informed_Pruning_CVPR_2026_paper,2026,1,Efficiency_Compression,Efficiency_Compression|Trustworthy_Security_Privacy,12.0,0.0,Domain Sensitive Federated Learning with Fisher-Informed Pruning,Chenchen Lin; Wenhao Yuan; Zhengji Xu; Xuehe Wang,4,17535-17544,True,https://openaccess.thecvf.com/content/CVPR2026/papers/Lin_Domain_Sensitive_Federated_Learning_with_Fisher-Informed_Pruning_CVPR_2026_paper.pdf,https://openaccess.thecvf.com/content/CVPR2026/supplemental/Lin_Domain_Sensitive_Federated_CVPR_2026_supplemental.pdf,https://openaccess.thecvf.com/content/CVPR2026/html/Lin_Domain_Sensitive_Federated_Learning_with_Fisher-Informed_Pruning_CVPR_2026_paper.html,"Federated Learning (FL) serves as a prominent distributed training paradigm, enabling devices to collaboratively train a shared model with local data. However, in practice, clients generally possess data from multiple distributional domains, posing significant challenges to efficiency and generalization. In this paper, we propose a domain-sensitive federated pruning framework, FedFIP, that preserves domain-invariant structures while retaining domain-specific representations. The Domain-Sensitive Fisher Pruning (DSFP) module estimates channel importance per domain via Fisher information, and uploads this signal to the server to obtain a globally shared pruning mask. Given local domain heterogeneity, each client reuses its Fisher information to selectively reactivate domain-specific channels, yielding personalized sparse models that remain structurally aligned yet adapt to local heterogeneity. To further enhance performance, we adopt a Domain-Sensitive Regularization (DSR) module: the server builds domain prototypes from uploaded importance signals and broadcasts them back. Guided by the domain prototypes, we adopt a structure-contrastive loss to strengthen intra-domain consistency and inter-domain discriminability. We propose a structure-aware aggregation algorithm that fuses heterogeneous personalized architectures into a domain-generalized global model. Experiments on multi-domain benchmarks demonstrate that FedFIP surpasses state-of-the-art FL baselines while substantially shrinking model size.","@InProceedings{Lin_2026_CVPR, author = {Lin, Chenchen and Yuan, Wenhao and Xu, Zhengji and Wang, Xuehe}, title = {Domain Sensitive Federated Learning with Fisher-Informed Pruning}, booktitle = {Proceedings of the IEEE/CVF Conference on Computer Vision and Pattern Recognition (CVPR)}, month = {June}, year = {2026}, pages = {17535-17544} }"
Zhao_FedARA_Resource-adaptive_Low-rank_Personalized_Federated_Learning_via_Anchor-driven_Representation_Alignment_CVPR_2026_paper,2026,1,Efficiency_Compression,Efficiency_Compression|Trustworthy_Security_Privacy|Diffusion_Generative,17.0,0.118,FedARA: Resource-adaptive Low-rank Personalized Federated Learning via Anchor-driven Representation Alignment on Heterogeneous Edge Devices,Ruonan Zhao; Zheng Wang; Debin Liu; Shijie Lv; Laurence Tianruo Yang,5,10357-10366,True,https://openaccess.thecvf.com/content/CVPR2026/papers/Zhao_FedARA_Resource-adaptive_Low-rank_Personalized_Federated_Learning_via_Anchor-driven_Representation_Alignment_CVPR_2026_paper.pdf,https://openaccess.thecvf.com/content/CVPR2026/supplemental/Zhao_FedARA_Resource-adaptive_Low-rank_CVPR_2026_supplemental.pdf,https://openaccess.thecvf.com/content/CVPR2026/html/Zhao_FedARA_Resource-adaptive_Low-rank_Personalized_Federated_Learning_via_Anchor-driven_Representation_Alignment_CVPR_2026_paper.html,"Personalized Federated Learning (PFL) has gained significant attention for enabling participating clients to train customized personalized models on non-IID local data. However, current PFL methods mainly suffer from two limitations: 1) Only the personalized part supports heterogeneous design, while the shared part must remain homogeneous. 2) The semantic representations of models generated on different clients with non-IID data characteristics inevitably tend to be inconsistent, negatively impacting model performance. To conquer them, this paper proposes a novel resource-adaptive personalized Federated Learning via Anchor-driven Representation Alignment (FedARA). Concretely, we design a low-rank decomposition and reconstruction fusion scheme for shared feature extractors based on the matrix decomposition technology, where each client can autonomously set the rank value based on its locally available resources, controlling the complexity of extractors and naturally reducing communication and computational costs. Moreover, to address the inconsistency of feature spaces across clients, an anchor-driven representation consistency learning mechanism is developed, which can guide client models to learn unified feature representations and alleviate global knowledge forgetting, thereby improving personalized model performance. Extensive experimental results demonstrate that our method significantly outperforms seventeen state-of-the-art baselines in diverse heterogeneous scenarios with less communication and computational costs.","@InProceedings{Zhao_2026_CVPR, author = {Zhao, Ruonan and Wang, Zheng and Liu, Debin and Lv, Shijie and Yang, Laurence Tianruo}, title = {FedARA: Resource-adaptive Low-rank Personalized Federated Learning via Anchor-driven Representation Alignment on Heterogeneous Edge Devices}, booktitle = {Proceedings of the IEEE/CVF Conference on Computer Vision and Pattern Recognition (CVPR)}, month = {June}, year = {2026}, pages = {10357-10366} }"
Li_E2-SCI_Elastic_Edge-Cloud_Speculative_Decoding_via_Credit_Inertia_CVPR_2026_paper,2026,1,Efficiency_Compression,Efficiency_Compression,4.0,1.0,E$^2$-SCI: Elastic Edge-Cloud Speculative Decoding via Credit Inertia,Senyao Li; Haozhao Wang; Zhaobai Jiang; Zhanbo Jin; Hao Fan; Ruixuan Li,6,12944-12954,True,https://openaccess.thecvf.com/content/CVPR2026/papers/Li_E2-SCI_Elastic_Edge-Cloud_Speculative_Decoding_via_Credit_Inertia_CVPR_2026_paper.pdf,,https://openaccess.thecvf.com/content/CVPR2026/html/Li_E2-SCI_Elastic_Edge-Cloud_Speculative_Decoding_via_Credit_Inertia_CVPR_2026_paper.html,"In edge-cloud environments, efficiency of speculative decoding is heavily constrained by uplink transmission and cloud-side verification. In this work, we identify a phenomenon we term credit inertia, where acceptance rates of adjacent token windows exhibit strong temporal consistency. Tokens following recently well-performing windows are likely to pass verification, whereas tokens following poorly performing windows are likely to fail. Motivated by this observation, we propose E^2-SCI, an elastic edge-cloud speculative decoding framework that dynamically adjusts draft token verification thresholds based on recent historical performance. This adaptive mechanism allows system to be more permissive for windows with strong historical performance and stricter for windows with weak performance, effectively leveraging temporal consistency to reduce overall latency. We further introduce Progressive Lookahead Concurrency (PLC), which pipelines draft generation and verification asynchronously to hide latency. Experiments across multiple benchmarks show that E^2-SCI achieves over 9.4 tokens/s on DeepSeek-R1-Distill-Qwen (1.5B/32B), delivering an 88.5% speed improvement over FSD baseline while maintaining accuracy. Notably, E^2-SCI integrates seamlessly with existing frameworks, demonstrating broad applicability and superior efficiency-quality trade-offs.","@InProceedings{Li_2026_CVPR, author = {Li, Senyao and Wang, Haozhao and Jiang, Zhaobai and Jin, Zhanbo and Fan, Hao and Li, Ruixuan}, title = {E\${\textasciicircum}2\$-SCI: Elastic Edge-Cloud Speculative Decoding via Credit Inertia}, booktitle = {Proceedings of the IEEE/CVF Conference on Computer Vision and Pattern Recognition (CVPR)}, month = {June}, year = {2026}, pages = {12944-12954} }"
Zheng_Pip-Stereo_Progressive_Iterations_Pruner_for_Iterative_Optimization_based_Stereo_Matching_CVPR_2026_paper,2026,0,LowLevel_Flow_Depth_Matching,LowLevel_Flow_Depth_Matching|Efficiency_Compression,18.0,0.5,Pip-Stereo: Progressive Iterations Pruner for Iterative Optimization based Stereo Matching,Jintu Zheng; Qizhe Liu; Huangxin Xu; Zhuojie Chen,4,7503-7512,True,https://openaccess.thecvf.com/content/CVPR2026/papers/Zheng_Pip-Stereo_Progressive_Iterations_Pruner_for_Iterative_Optimization_based_Stereo_Matching_CVPR_2026_paper.pdf,,https://openaccess.thecvf.com/content/CVPR2026/html/Zheng_Pip-Stereo_Progressive_Iterations_Pruner_for_Iterative_Optimization_based_Stereo_Matching_CVPR_2026_paper.html,"While iterative stereo matching achieves high accuracy, its dependence on Recurrent Neural Networks (RNN) hinders edge deployment, a challenge underexplored in existing researches. We analyze iterative refinement and reveal that disparity updates are spatially sparse and temporally redundant. First, we introduce a progressive iteration pruning strategy that suppresses redundant update steps, effectively collapsing the recursive computation into a near-single-pass inference. Second, we propose a collaborative monocular prior transfer framework that implicitly embeds depth priors without requiring a dedicated monocular encoder, thereby eliminating its associated computational burden. Third, we develop FlashGRU, a hardware-aware RNN operator leveraging structured sparsity and I/O-conscious design, achieving a 7.28xspeedup, 76.6% memory peak reduction and 80.9% global memory requests reduction over natvie ConvGRUs under 2K resolution. Our PipStereo enables real-time, high-fidelity stereo matching on edge hardware: it processes 320x640 frames in just 75ms on an NVIDIA Jetson Orin NX (FP16) and 19ms on RTX 4090, matching the accuracy of large iterative based models, and our generalization ability and accuracy far exceeds that of existing real-time methods.","@InProceedings{Zheng_2026_CVPR, author = {Zheng, Jintu and Liu, Qizhe and Xu, Huangxin and Chen, Zhuojie}, title = {Pip-Stereo: Progressive Iterations Pruner for Iterative Optimization based Stereo Matching}, booktitle = {Proceedings of the IEEE/CVF Conference on Computer Vision and Pattern Recognition (CVPR)}, month = {June}, year = {2026}, pages = {7503-7512} }"
Lee_MoRGS_Efficient_Per-Gaussian_Motion_Reasoning_for_Streamable_Dynamic_3D_Scenes_CVPR_2026_paper,2026,1,Efficiency_Compression,Efficiency_Compression|Neural_Rendering_NeRF_3DGS,6.0,0.0,MoRGS: Efficient Per-Gaussian Motion Reasoning for Streamable Dynamic 3D Scenes,Wonjoon Lee; Sungmin Woo; Donghyeong Kim; Jungho Lee; Sangheon Park; Sangyoun Lee,6,41044-41053,True,https://openaccess.thecvf.com/content/CVPR2026/papers/Lee_MoRGS_Efficient_Per-Gaussian_Motion_Reasoning_for_Streamable_Dynamic_3D_Scenes_CVPR_2026_paper.pdf,https://openaccess.thecvf.com/content/CVPR2026/supplemental/Lee_MoRGS_Efficient_Per-Gaussian_CVPR_2026_supplemental.zip,https://openaccess.thecvf.com/content/CVPR2026/html/Lee_MoRGS_Efficient_Per-Gaussian_Motion_Reasoning_for_Streamable_Dynamic_3D_Scenes_CVPR_2026_paper.html,"Online reconstruction of dynamic scenes aims to learn from streaming multi-view inputs under low-latency constraints. The fast training and real-time rendering capabilities of 3D Gaussian Splatting have made on-the-fly reconstruction practically feasible, enabling online 4D reconstruction. However, existing online approaches, despite their efficiency and visual quality, fail to learn per-Gaussian motion that reflects true scene dynamics. Without explicit motion cues, appearance and motion are optimized solely under photometric loss, causing per-Gaussian motion to chase pixel residuals rather than true 3D motion. To address this, we propose MoRGS, an efficient online per-Gaussian motion reasoning framework that treats Gaussian movement as a core modeling object. Specifically, we efficiently leverage optical flow on a sparse set of key views as a lightweight motion cue to guide per-Gaussian motion toward the scene's true dynamics. To compensate for the sparsity and view-dependence of flow, we learn a per-Gaussian motion offset field that reconciles discrepancies between projected 3D motion and observed flow across views and time. In addition, we introduce a per-Gaussian motion confidence that separates dynamic from static Gaussians and weights Gaussian attribute residual updates, thereby suppressing redundant motion in static regions for better temporal consistency and accelerating the modeling of large motions. Extensive experiments demonstrate that MoRGS achieves state-of-the-art reconstruction quality and motion fidelity among online methods, while maintaining streamable performance.","@InProceedings{Lee_2026_CVPR, author = {Lee, Wonjoon and Woo, Sungmin and Kim, Donghyeong and Lee, Jungho and Park, Sangheon and Lee, Sangyoun}, title = {MoRGS: Efficient Per-Gaussian Motion Reasoning for Streamable Dynamic 3D Scenes}, booktitle = {Proceedings of the IEEE/CVF Conference on Computer Vision and Pattern Recognition (CVPR)}, month = {June}, year = {2026}, pages = {41044-41053} }"
Jeon_TAS-LoRA_Transformer_Architecture_Search_with_Mixture-of-LoRA_Experts_CVPR_2026_paper,2026,1,Efficiency_Compression,Efficiency_Compression,4.0,0.5,TAS-LoRA: Transformer Architecture Search with Mixture-of-LoRA Experts,Jeimin Jeon; Hyunju Lee; Bumsub Ham,3,20243-20252,True,https://openaccess.thecvf.com/content/CVPR2026/papers/Jeon_TAS-LoRA_Transformer_Architecture_Search_with_Mixture-of-LoRA_Experts_CVPR_2026_paper.pdf,https://openaccess.thecvf.com/content/CVPR2026/supplemental/Jeon_TAS-LoRA_Transformer_Architecture_CVPR_2026_supplemental.pdf,https://openaccess.thecvf.com/content/CVPR2026/html/Jeon_TAS-LoRA_Transformer_Architecture_Search_with_Mixture-of-LoRA_Experts_CVPR_2026_paper.html,"Transformer architecture search (TAS) discovers optimal vision transformer (ViT) architectures automatically, reducing human effort to manually design ViTs. However, existing TAS methods suffer from the feature collapse problem, where subnets within a supernet fail to learn subnet-specific features, mainly due to the shared weights in a supernet, limiting the performance of individual subnets. To address this, we propose TAS-LoRA, a novel method that introduces parameter-efficient low-rank adaptation (LoRA) to enable subnet-specific feature learning, while maintaining computational efficiency. TAS-LoRA incorporates a Mixture-of-LoRA-Experts (MoLE) strategy, where a lightweight router dynamically assigns LoRA experts based on subnet architectures, and introduces a group-wise router initialization technique to encourage diverse feature learning across experts early in training. Extensive experiments on ImageNet and several transfer learning benchmarks, including CIFAR-10/100, Flowers, CARS, and INAT-19, demonstrate that TAS-LoRA mitigates feature collapse effectively, improving performance over state-of-the-art TAS methods significantly.","@InProceedings{Jeon_2026_CVPR, author = {Jeon, Jeimin and Lee, Hyunju and Ham, Bumsub}, title = {TAS-LoRA: Transformer Architecture Search with Mixture-of-LoRA Experts}, booktitle = {Proceedings of the IEEE/CVF Conference on Computer Vision and Pattern Recognition (CVPR)}, month = {June}, year = {2026}, pages = {20243-20252} }"
Jiang_Scaling_Parallel_Sequence_Models_to_Vision_Foundation_Models_CVPR_2026_paper,2026,0,SelfSupervised_Representation,SelfSupervised_Representation|Efficiency_Compression,16.0,0.5,Scaling Parallel Sequence Models to Vision Foundation Models,Yitong Jiang; Collin McCarthy; Hongjun Wang; Hanrong Ye; Qi Dou; Tianfan Xue; Jinwei Gu; Jan Kautz; Hongxu Yin; Pavlo Molchanov; Sifei Liu,11,41332-41341,True,https://openaccess.thecvf.com/content/CVPR2026/papers/Jiang_Scaling_Parallel_Sequence_Models_to_Vision_Foundation_Models_CVPR_2026_paper.pdf,https://openaccess.thecvf.com/content/CVPR2026/supplemental/Jiang_Scaling_Parallel_Sequence_CVPR_2026_supplemental.pdf,https://openaccess.thecvf.com/content/CVPR2026/html/Jiang_Scaling_Parallel_Sequence_Models_to_Vision_Foundation_Models_CVPR_2026_paper.html,"Scaling vision foundation models is constrained by the quadratic complexity of self-attention. Although subquadratic attention alternatives like linear attention variants and state-space models successfully reduce the model complexity, they typically serialize images into 1D token sequences, compromising spatial coherence and efficiency. Generalized Spatial Propagation Networks (GSPN) offer a linear-time alternative that propagates context directly on the 2D grid via line-scan propagation and removes positional embeddings, yet the original design hits GPU-scaling limits: growing batch/channels saturate SM concurrency, serializing scans, and spiking latency. We introduce Compact GSPN (C-GSPN), a ViT block that compresses the propagation space to preserve accuracy while cutting propagation latency by nearly 10x. We further improve efficiency with lightweight projections and fused CUDA kernels. To enable large-scale pretraining, we adopta two-stage cross-operator distillation strategy that combines layer-wise supervision with end-to-end alignment. In a representative 1K configuration (batch 32, C=1152), C-GSPN achieves up to 2x speedup, maintains competitive zero-shot accuracy, and improves segmentation by +2.1%. Extensive experiments and ablations show that the proposed compression and two-stage distillation are criticalfor strong transfer while substantially reducing compute, enabling the first extension of a subquadratic operator to foundation-scale (CLIP-style) vision pretraining.","@InProceedings{Jiang_2026_CVPR, author = {Jiang, Yitong and McCarthy, Collin and Wang, Hongjun and Ye, Hanrong and Dou, Qi and Xue, Tianfan and Gu, Jinwei and Kautz, Jan and Yin, Hongxu and Molchanov, Pavlo and Liu, Sifei}, title = {Scaling Parallel Sequence Models to Vision Foundation Models}, booktitle = {Proceedings of the IEEE/CVF Conference on Computer Vision and Pattern Recognition (CVPR)}, month = {June}, year = {2026}, pages = {41332-41341} }"
Li_AdaSpark_Adaptive_Sparsity_for_Efficient_Long-Video_Understanding_CVPR_2026_paper,2026,0,Video_Action_Recognition,Video_Action_Recognition|Efficiency_Compression,19.0,0.474,AdaSpark: Adaptive Sparsity for Efficient Long-Video Understanding,Handong Li; Zikang Liu; Longteng Guo; Tongtian Yue; Yepeng Tang; Xinxin Zhu; Chuanyang Zheng; Ziming Wang; Zhibin Wang; Jun Song; Cheng Yu; Bo Zheng; Jing Liu,13,40548-40558,True,https://openaccess.thecvf.com/content/CVPR2026/papers/Li_AdaSpark_Adaptive_Sparsity_for_Efficient_Long-Video_Understanding_CVPR_2026_paper.pdf,https://openaccess.thecvf.com/content/CVPR2026/supplemental/Li_AdaSpark_Adaptive_Sparsity_CVPR_2026_supplemental.zip,https://openaccess.thecvf.com/content/CVPR2026/html/Li_AdaSpark_Adaptive_Sparsity_for_Efficient_Long-Video_Understanding_CVPR_2026_paper.html,"Processing long-form videos with Video Large Language Models (Video-LLMs) is computationally prohibitive. Current efficiency methods often compromise fine-grained perception through irreversible information disposal or inhibit long-range temporal modeling via rigid, predefined sparse patterns. This paper introduces AdaSpark, an adaptive sparsity framework designed to address these limitations. AdaSpark first partitions video inputs into 3D spatio-temporal cubes. It then employs two co-designed, context-aware components: (1) Adaptive Cube-Selective Attention (AdaS-Attn), which dynamically selects a subset of relevant video cubes to attend for each query token, and (2) Adaptive Token-Selective FFN (AdaS-FFN), which selectively processes only the most salient tokens within each cube. An entropy-based (Top-p) selection mechanism adaptively allocates computational resources based on input complexity. Experiments demonstrate that AdaSpark significantly reduces computational load by up to 57% FLOPs while maintaining comparable performance to dense models and preserving fine-grained, long-range dependencies, as validated on challenging hour-scale video benchmarks.","@InProceedings{Li_2026_CVPR, author = {Li, Handong and Liu, Zikang and Guo, Longteng and Yue, Tongtian and Tang, Yepeng and Zhu, Xinxin and Zheng, Chuanyang and Wang, Ziming and Wang, Zhibin and Song, Jun and Yu, Cheng and Zheng, Bo and Liu, Jing}, title = {AdaSpark: Adaptive Sparsity for Efficient Long-Video Understanding}, booktitle = {Proceedings of the IEEE/CVF Conference on Computer Vision and Pattern Recognition (CVPR)}, month = {June}, year = {2026}, pages = {40548-40558} }"
Yang_Efficiency_Follows_Global-Local_Decoupling_CVPR_2026_paper,2026,1,Efficiency_Compression,Efficiency_Compression,4.0,0.5,Efficiency Follows Global-Local Decoupling,Zhenyu Yang; Gensheng Pei; Tao Chen; Yichao Zhou; Tianfei Zhou; Yazhou Yao; Fumin Shen,7,25524-25535,True,https://openaccess.thecvf.com/content/CVPR2026/papers/Yang_Efficiency_Follows_Global-Local_Decoupling_CVPR_2026_paper.pdf,,https://openaccess.thecvf.com/content/CVPR2026/html/Yang_Efficiency_Follows_Global-Local_Decoupling_CVPR_2026_paper.html,"Modern vision models must capture image-level context without sacrificing local detail while remaining computationally affordable. We revisit this tradeoff and advance a simple principle: decouple the roles of global reasoning and local representation. To operationalize this principle, we introduce ConvNeur, a two-branch architecture in which a lightweight neural memory branch aggregates global context on a compact set of tokens, and a locality-preserving branch extracts fine structure. A learned gate lets global cues modulate local features without entangling their objectives. This separation yields subquadratic scaling with image size, retains inductive priors associated with local processing, and reduces overhead relative to fully global attention. On standard classification, detection, and segmentation benchmarks, ConvNeur matches or surpasses comparable alternatives at similar or lower compute and offers favorable accuracy versus latency trade-offs at similar budgets. These results support the view that efficiency follows global-local decoupling.","@InProceedings{Yang_2026_CVPR, author = {Yang, Zhenyu and Pei, Gensheng and Chen, Tao and Zhou, Yichao and Zhou, Tianfei and Yao, Yazhou and Shen, Fumin}, title = {Efficiency Follows Global-Local Decoupling}, booktitle = {Proceedings of the IEEE/CVF Conference on Computer Vision and Pattern Recognition (CVPR)}, month = {June}, year = {2026}, pages = {25524-25535} }"
Shabeeb_cryoSENSE_Compressive_Sensing_Enables_High-throughput_Microscopy_with_Sparse_and_Generative_CVPR_2026_paper,2026,0,Medical_Bio_RemoteSensing,Medical_Bio_RemoteSensing|Efficiency_Compression,12.0,0.167,cryoSENSE: Compressive Sensing Enables High-throughput Microscopy with Sparse and Generative Priors on the Protein Cryo-EM Image Manifold,Zain Shabeeb; Daniel Saeedi; Darin Tsui; Vida Jamali; Amirali Aghazadeh,5,34072-34083,True,https://openaccess.thecvf.com/content/CVPR2026/papers/Shabeeb_cryoSENSE_Compressive_Sensing_Enables_High-throughput_Microscopy_with_Sparse_and_Generative_CVPR_2026_paper.pdf,https://openaccess.thecvf.com/content/CVPR2026/supplemental/Shabeeb_cryoSENSE_Compressive_Sensing_CVPR_2026_supplemental.pdf,https://openaccess.thecvf.com/content/CVPR2026/html/Shabeeb_cryoSENSE_Compressive_Sensing_Enables_High-throughput_Microscopy_with_Sparse_and_Generative_CVPR_2026_paper.html,"Cryo-electron microscopy (cryo-EM) enables the atomic-resolution visualization of biomolecules; however, modern direct detectors generate data volumes that far exceed the available storage and transfer bandwidth, thereby constraining practical throughput. We introduce cryoSENSE, the computational realization of a hardware-software co-designed framework for compressive cryo-EM sensing and acquisition. We show that cryo-EM images of proteins lie on low-dimensional manifolds that can be independently represented using sparse priors in predefined bases and generative priors captured by a denoising diffusion model. cryoSENSE leverages these low-dimensional manifolds to enable faithful image reconstruction from spatial and Fourier-domain undersampled measurements while preserving downstream structural resolution. In experiments, cryoSENSE increases acquisition throughput by up to 2.5xwhile retaining the original 3D resolution, offering controllable trade-offs between the number of masked measurements and the level of downsampling. Sparse priors favor faithful reconstruction from Fourier-domain measurements and moderate compression, whereas generative diffusion priors achieve accurate recovery from pixel-domain measurements and more severe undersampling.","@InProceedings{Shabeeb_2026_CVPR, author = {Shabeeb, Zain and Saeedi, Daniel and Tsui, Darin and Jamali, Vida and Aghazadeh, Amirali}, title = {cryoSENSE: Compressive Sensing Enables High-throughput Microscopy with Sparse and Generative Priors on the Protein Cryo-EM Image Manifold}, booktitle = {Proceedings of the IEEE/CVF Conference on Computer Vision and Pattern Recognition (CVPR)}, month = {June}, year = {2026}, pages = {34072-34083} }"
Chen_Forecast_the_Principal_Stabilize_the_Residual_Subspace-Aware_Feature_Caching_for_CVPR_2026_paper,2026,1,Efficiency_Compression,Efficiency_Compression|Diffusion_Generative,21.0,0.429,"Forecast the Principal, Stabilize the Residual: Subspace-Aware Feature Caching for Diffusion Transformers",Guantao Chen; Shikang Zheng; Yuqi Lin; Linfeng Zhang,4,23632-23641,True,https://openaccess.thecvf.com/content/CVPR2026/papers/Chen_Forecast_the_Principal_Stabilize_the_Residual_Subspace-Aware_Feature_Caching_for_CVPR_2026_paper.pdf,https://openaccess.thecvf.com/content/CVPR2026/supplemental/Chen_Forecast_the_Principal_CVPR_2026_supplemental.pdf,https://openaccess.thecvf.com/content/CVPR2026/html/Chen_Forecast_the_Principal_Stabilize_the_Residual_Subspace-Aware_Feature_Caching_for_CVPR_2026_paper.html,"Diffusion Transformer (DiT) models have achieved unprecedented quality in image and video generation, yet their iterative sampling process remains computationally prohibitive. To accelerate inference, feature caching methods have emerged by reusing or forecasting intermediate representations across timesteps. However, existing caching approaches treat all feature components uniformly. We reveal that DiT feature spaces contain distinct principal and residual subspaces with divergent temporal behavior: the principal subspace evolves smoothly and predictably, while the residual subspace exhibits volatile, low-energy oscillations that resist accurate prediction. Building on this insight, we propose SVD-Cache, a subspace-aware caching framework that decomposes diffusion features via Singular Value Decomposition (SVD), applies exponential moving average (EMA) prediction to the dominant low-rank components, and directly reuses the residual subspace. Extensive experiments demonstrate that SVD-Cache achieves near-lossless across diverse models and methods, including 5.55xspeedup on FLUX and HunyuanVideo, and compatibility with model acceleration techniques including distillation, quantization and sparse attention. Our code is available at \href https://github.com/BlackMaple1203/SVDCache https://github.com/BlackMaple1203/SVDCache .","@InProceedings{Chen_2026_CVPR, author = {Chen, Guantao and Zheng, Shikang and Lin, Yuqi and Zhang, Linfeng}, title = {Forecast the Principal, Stabilize the Residual: Subspace-Aware Feature Caching for Diffusion Transformers}, booktitle = {Proceedings of the IEEE/CVF Conference on Computer Vision and Pattern Recognition (CVPR)}, month = {June}, year = {2026}, pages = {23632-23641} }"
Kim_Gradient_Knows_Best_Mixed-Precision_Quantization_via_Gradient-Guided_Bit_Allocation_for_CVPR_2026_paper,2026,1,Efficiency_Compression,Efficiency_Compression|Restoration_Enhancement,20.0,0.4,Gradient Knows Best: Mixed-Precision Quantization via Gradient-Guided Bit Allocation for Super-Resolution,Jun Young Kim; Joo Hyeon Jeon; Sangyeon Ahn; Yoonseo Park; Yong Seok Oh; Bogyeong Kim; Sung In Cho,7,16355-16364,True,https://openaccess.thecvf.com/content/CVPR2026/papers/Kim_Gradient_Knows_Best_Mixed-Precision_Quantization_via_Gradient-Guided_Bit_Allocation_for_CVPR_2026_paper.pdf,https://openaccess.thecvf.com/content/CVPR2026/supplemental/Kim_Gradient_Knows_Best_CVPR_2026_supplemental.pdf,https://openaccess.thecvf.com/content/CVPR2026/html/Kim_Gradient_Knows_Best_Mixed-Precision_Quantization_via_Gradient-Guided_Bit_Allocation_for_CVPR_2026_paper.html,"Although deep learning-based image super-resolution (SR) models have achieved remarkable progress in reconstruction quality, their high computational and memory demands make them unsuitable for lightweight platforms. To address this issue, various quantization techniques have been introduced. Among them, mixed-precision quantization (MPQ) introduces a layer-wise bit-width allocation to balance computational efficiency with reconstruction quality. However, existing MPQ methods based on post-training quantization (PTQ) for SR models face two critical limitations. First, quantization sensitivity estimation using static statistics fails to capture the accurate quantization error induced by each layer, resulting in suboptimal bit allocation. Second, removing batch normalization (BN) to preserve high-frequency details leads to scale inconsistencies across activations, making fixed quantization ranges insufficient to accurately represent their distribution. Therefore, we propose a novel PTQ-based MPQ framework tailored for SR models. Our method estimates the quantization sensitivity of weights and activations by leveraging gradients of the objective function with respect to bit-widths, enabling adaptive layer-wise bit allocation and fast convergence. Additionally, we introduce a dynamic activation range normalization that alleviates the distributional imbalance caused by the absence of BN, ensuring stable quantization under fixed range constraints. Our method outperforms existing PTQ-based methods by 1.26 dB in peak signal-to-noise ratio (PSNR) on the Urban100 dataset and reduces quantization time by x1.9 for 3-bit quantization of EDSR x4.","@InProceedings{Kim_2026_CVPR, author = {Kim, Jun Young and Jeon, Joo Hyeon and Ahn, Sangyeon and Park, Yoonseo and Oh, Yong Seok and Kim, Bogyeong and Cho, Sung In}, title = {Gradient Knows Best: Mixed-Precision Quantization via Gradient-Guided Bit Allocation for Super-Resolution}, booktitle = {Proceedings of the IEEE/CVF Conference on Computer Vision and Pattern Recognition (CVPR)}, month = {June}, year = {2026}, pages = {16355-16364} }"
Kong_ProactiveMobile_A_Comprehensive_Benchmark_for_Boosting_Proactive_Intelligence_On_Mobile_CVPR_2026_paper,2026,0,LLM_Reasoning_Agent,LLM_Reasoning_Agent|Efficiency_Compression,17.0,0.294,ProactiveMobile: A Comprehensive Benchmark for Boosting Proactive Intelligence On Mobile Devices,Dezhi Kong; Zhengzhao Feng; Qiliang Liang; Hao Wang; Haofei Sun; Changpeng Yang; Yang Li; Peng Zhou; Shuai Nie; Hongzhen Wang; Linfeng Zhou; Hao Jia; Jiaming Xu; Runyu Shi; Ying Huang,15,27503-27513,True,https://openaccess.thecvf.com/content/CVPR2026/papers/Kong_ProactiveMobile_A_Comprehensive_Benchmark_for_Boosting_Proactive_Intelligence_On_Mobile_CVPR_2026_paper.pdf,https://openaccess.thecvf.com/content/CVPR2026/supplemental/Kong_ProactiveMobile_A_Comprehensive_CVPR_2026_supplemental.pdf,https://openaccess.thecvf.com/content/CVPR2026/html/Kong_ProactiveMobile_A_Comprehensive_Benchmark_for_Boosting_Proactive_Intelligence_On_Mobile_CVPR_2026_paper.html,"Multimodal large language models (MLLMs) have made significant progress in mobile agent development, yet their capabilities are predominantly confined to a reactive paradigm, where they merely execute explicit user commands. The emerging paradigm of proactive intelligence, where agents autonomously anticipate needs and initiate actions, represents the next frontier for mobile agents. However, its development is critically bottlenecked by the lack of benchmarks that can address real-world complexity and enable objective, executable evaluation. To overcome these challenges, we introduce ProactiveMobile, a comprehensive benchmark designed to systematically advance research in this domain. ProactiveMobile formalizes the proactive task as inferring latent user intent across four dimensions of on-device contextual signals and generating an executable function sequence from a comprehensive function pool of 63 APIs. The benchmark features over 3,660 instances of 14 scenarios that embrace real-world complexity through multi-answer annotations. To ensure quality, a team of 30 experts conducts a final audit of the benchmark, verifying factual accuracy, logical consistency, and action feasibility, and correcting non-compliant entries. Extensive experiments demonstrate that our fine-tuned Qwen2.5-VL-7B-Instruct achieves a success rate of 20.82%, outperforming o1 (17.02%) and GPT-5 (11.37%). This result indicates that proactivity is a critical competency widely lacking in current MLLMs, yet it is learnable, emphasizing the importance of the proposed benchmark for proactivity evaluation. Data and code are available at https://github.com/xiaomi-research/proactive-mobile.","@InProceedings{Kong_2026_CVPR, author = {Kong, Dezhi and Feng, Zhengzhao and Liang, Qiliang and Wang, Hao and Sun, Haofei and Yang, Changpeng and Li, Yang and Zhou, Peng and Nie, Shuai and Wang, Hongzhen and Zhou, Linfeng and Jia, Hao and Xu, Jiaming and Shi, Runyu and Huang, Ying}, title = {ProactiveMobile: A Comprehensive Benchmark for Boosting Proactive Intelligence On Mobile Devices}, booktitle = {Proceedings of the IEEE/CVF Conference on Computer Vision and Pattern Recognition (CVPR)}, month = {June}, year = {2026}, pages = {27503-27513} }"
Xue_Sparsity-Aware_Voxel_Attention_and_Foreground_Modulation_for_3D_Semantic_Scene_CVPR_2026_paper,2026,1,Efficiency_Compression,Efficiency_Compression,12.0,0.75,Sparsity-Aware Voxel Attention and Foreground Modulation for 3D Semantic Scene Completion,Yu Xue; Longjun Gao; Yuanqi Su; HaoAng Lu; Xiaoning Zhang,5,5751-5761,True,https://openaccess.thecvf.com/content/CVPR2026/papers/Xue_Sparsity-Aware_Voxel_Attention_and_Foreground_Modulation_for_3D_Semantic_Scene_CVPR_2026_paper.pdf,,https://openaccess.thecvf.com/content/CVPR2026/html/Xue_Sparsity-Aware_Voxel_Attention_and_Foreground_Modulation_for_3D_Semantic_Scene_CVPR_2026_paper.html,"Monocular Semantic Scene Completion (SSC) aims to reconstruct complete 3D semantic scenes from a single RGB image, offering a cost-effective solution for autonomous driving and robotics. However, the inherently imbalanced nature of voxel distributions--where over 93% of voxels are empty and foreground classes are rare--poses significant challenges. Existing methods often suffer from redundant emphasis on uninformative voxels and poor generalization to long-tailed categories. To address these issues, we propose VoxSAMNet (Voxel Sparsity-Aware Modulation Network), a unified framework that explicitly models voxel sparsity and semantic imbalance. Our approach introduces: (1) a Dummy Shortcut for Feature Refinement (DSFR) module that bypasses empty voxels via a shared dummy node while refining occupied ones with deformable attention; (2) a Foreground Modulation Strategy combining Foreground Dropout (FD) and Text-Guided Image Filter (TGIF) to alleviate overfitting and enhance class-relevant features. Extensive experiments on the public benchmarks SemanticKITTI and SSCBench-KITTI-360 demonstrate that VoxSAMNet achieves state-of-the-art performance, surpassing prior monocular and stereo baselines with mIoU scores of 18.2% and 20.2%, respectively. Our results highlight the importance of sparsity-aware and semantics-guided design for efficient and accurate 3D scene completion, offering a promising direction for future research.","@InProceedings{Xue_2026_CVPR, author = {Xue, Yu and Gao, Longjun and Su, Yuanqi and Lu, HaoAng and Zhang, Xiaoning}, title = {Sparsity-Aware Voxel Attention and Foreground Modulation for 3D Semantic Scene Completion}, booktitle = {Proceedings of the IEEE/CVF Conference on Computer Vision and Pattern Recognition (CVPR)}, month = {June}, year = {2026}, pages = {5751-5761} }"
Cai_LESA_Learnable_Stage-Aware_Predictors_for_Diffusion_Model_Acceleration_CVPR_2026_paper,2026,0,Diffusion_Generative,Diffusion_Generative|Efficiency_Compression,24.0,0.583,LESA: Learnable Stage-Aware Predictors for Diffusion Model Acceleration,Peiliang Cai; Jiacheng Liu; Haowen Xu; Xinyu Wang; Chang Zou; Linfeng Zhang,6,43300-43309,True,https://openaccess.thecvf.com/content/CVPR2026/papers/Cai_LESA_Learnable_Stage-Aware_Predictors_for_Diffusion_Model_Acceleration_CVPR_2026_paper.pdf,https://openaccess.thecvf.com/content/CVPR2026/supplemental/Cai_LESA_Learnable_Stage-Aware_CVPR_2026_supplemental.zip,https://openaccess.thecvf.com/content/CVPR2026/html/Cai_LESA_Learnable_Stage-Aware_Predictors_for_Diffusion_Model_Acceleration_CVPR_2026_paper.html,"Diffusion models have achieved remarkable success in image and video generation tasks. However, the high computational demands of Diffusion Transformers (DiTs) pose a significant challenge to their practical deployment. While feature caching is a promising acceleration strategy, existing methods based on simple reusing or training-free forecasting struggle to adapt to the complex, stage-dependent dynamics of the diffusion process, often resulting in quality degradation and failing to maintain consistency with the standard denoising process. To address this, we propose a LEarnable Stage-Aware (LESA) predictor framework based on two-stage training. Our approach leverages a Kolmogorov-Arnold Network (KAN) to accurately learn temporal feature mappings from data. We further introduce a multi-stage, multi-expert architecture that assigns specialized predictors to different noise-level stages, enabling more precise and robust feature forecasting. Extensive experiments show our method achieves significant acceleration while maintaining high-fidelity generation. Experiments demonstrate 5.00xacceleration on FLUX.1-dev with minimal quality degradation (1.0% drop), 6.25xspeedup on Qwen-Image with a 20.2% quality improvement over the previous SOTA (TaylorSeer), and 5.00xacceleration on HunyuanVideo with a 24.7% PSNR improvement over TaylorSeer. State-of-the-art performance on both text-to-image and text-to-video synthesis validates the effectiveness and generalization capability of our training-based framework across different models. Our code is included in the supplementary materials and will be released on GitHub.","@InProceedings{Cai_2026_CVPR, author = {Cai, Peiliang and Liu, Jiacheng and Xu, Haowen and Wang, Xinyu and Zou, Chang and Zhang, Linfeng}, title = {LESA: Learnable Stage-Aware Predictors for Diffusion Model Acceleration}, booktitle = {Proceedings of the IEEE/CVF Conference on Computer Vision and Pattern Recognition (CVPR)}, month = {June}, year = {2026}, pages = {43300-43309} }"
Chung_SeaCache_Spectral-Evolution-Aware_Cache_for_Accelerating_Diffusion_Models_CVPR_2026_paper,2026,0,Diffusion_Generative,Diffusion_Generative|Efficiency_Compression,17.0,0.118,SeaCache: Spectral-Evolution-Aware Cache for Accelerating Diffusion Models,Jiwoo Chung; Sangeek Hyun; MinKyu Lee; Byeongju Han; Geonho Cha; Dongyoon Wee; Youngjun Hong; Jae-Pil Heo,8,14283-14294,True,https://openaccess.thecvf.com/content/CVPR2026/papers/Chung_SeaCache_Spectral-Evolution-Aware_Cache_for_Accelerating_Diffusion_Models_CVPR_2026_paper.pdf,https://openaccess.thecvf.com/content/CVPR2026/supplemental/Chung_SeaCache_Spectral-Evolution-Aware_Cache_CVPR_2026_supplemental.pdf,https://openaccess.thecvf.com/content/CVPR2026/html/Chung_SeaCache_Spectral-Evolution-Aware_Cache_for_Accelerating_Diffusion_Models_CVPR_2026_paper.html,"Diffusion models are a strong backbone for visual generation, but their inherently sequential denoising process leads to slow inference. Previous methods accelerate sampling by caching and reusing intermediate outputs based on feature distances between adjacent timesteps. However, existing caching strategies typically rely on raw feature differences that entangle content and noise. This design overlooks spectral evolution, where low-frequency structure appears early and high-frequency detail is refined later. We introduce Spectral-Evolution-Aware Cache (SeaCache), a training-free cache schedule that bases reuse decisions on a spectrally aligned representation. Through theoretical and empirical analysis, we derive a Spectral-Evolution-Aware (SEA) filter that preserves content-relevant components while suppressing noise. Employing SEA-filtered input features to estimate redundancy leads to dynamic schedules that adapt to content while respecting the spectral priors of the underlying diffusion model. Extensive experiments on diverse visual generative models and the baselines show that SeaCache achieves state-of-the-art latency-quality trade-offs.","@InProceedings{Chung_2026_CVPR, author = {Chung, Jiwoo and Hyun, Sangeek and Lee, MinKyu and Han, Byeongju and Cha, Geonho and Wee, Dongyoon and Hong, Youngjun and Heo, Jae-Pil}, title = {SeaCache: Spectral-Evolution-Aware Cache for Accelerating Diffusion Models}, booktitle = {Proceedings of the IEEE/CVF Conference on Computer Vision and Pattern Recognition (CVPR)}, month = {June}, year = {2026}, pages = {14283-14294} }"
Li_DuetMerging_Synergizing_Dynamic_and_Static_Strategies_for_Mitigating_Task_Interference_CVPR_2026_paper,2026,1,Efficiency_Compression,Efficiency_Compression,2.0,1.0,DuetMerging: Synergizing Dynamic and Static Strategies for Mitigating Task Interference in Model Merging,Yan Li; Guiping Cao; Yaguang Song; Ming Tao; Haoran Gong; Junhui Liu; Yaowei Wang; Dongmei Jiang,8,41954-41963,True,https://openaccess.thecvf.com/content/CVPR2026/papers/Li_DuetMerging_Synergizing_Dynamic_and_Static_Strategies_for_Mitigating_Task_Interference_CVPR_2026_paper.pdf,,https://openaccess.thecvf.com/content/CVPR2026/html/Li_DuetMerging_Synergizing_Dynamic_and_Static_Strategies_for_Mitigating_Task_Interference_CVPR_2026_paper.html,"Model merging offers a promising paradigm for consolidating multiple expert models into a single multitask architecture. However, its effectiveness is often hindered by task interference, where conflicting parameter updates from different tasks degrade performance. While dynamic, Mixture-of-Experts based methods have improved adaptability, they are fundamentally limited by constructing their expert pools from task vectors in isolation, failing to resolve underlying structural conflicts across tasks. In this paper, we introduce DuetMerging, a novel framework that synergistically mitigates task interference from both dynamic and static perspectives. Dynamically, we apply Tucker decomposition to a unified tensor of task vectors, creating a harmonized expert pool derived from a shared core tensor that structurally enhances synergies and suppresses conflicts. Statically, we introduce a neuron-based sparsification technique that leverages task-specific neuron activation patterns to create a precise mask. This allows us to selectively preserve critical information from the decomposition's residual while suppressing functionally irrelevant or conflicting parameters. Comprehensive experiments demonstrate that DuetMerging outperforms existing methods, establishing a new state-of-the-art in both task performance and parameter efficiency.","@InProceedings{Li_2026_CVPR, author = {Li, Yan and Cao, Guiping and Song, Yaguang and Tao, Ming and Gong, Haoran and Liu, Junhui and Wang, Yaowei and Jiang, Dongmei}, title = {DuetMerging: Synergizing Dynamic and Static Strategies for Mitigating Task Interference in Model Merging}, booktitle = {Proceedings of the IEEE/CVF Conference on Computer Vision and Pattern Recognition (CVPR)}, month = {June}, year = {2026}, pages = {41954-41963} }"
Cui_Denoising_as_Path_Planning_Training-Free_Acceleration_of_Diffusion_Models_with_CVPR_2026_paper,2026,0,Diffusion_Generative,Diffusion_Generative|Efficiency_Compression|Restoration_Enhancement,12.0,0.0,Denoising as Path Planning: Training-Free Acceleration of Diffusion Models with DPCache,Bowen Cui; Yuanbin Wang; Huajiang Xu; Biaolong Chen; Aixi Zhang; Hao Jiang; Zhengzheng Jin; Xu Liu; Pipei Huang,9,43632-43642,True,https://openaccess.thecvf.com/content/CVPR2026/papers/Cui_Denoising_as_Path_Planning_Training-Free_Acceleration_of_Diffusion_Models_with_CVPR_2026_paper.pdf,https://openaccess.thecvf.com/content/CVPR2026/supplemental/Cui_Denoising_as_Path_CVPR_2026_supplemental.zip,https://openaccess.thecvf.com/content/CVPR2026/html/Cui_Denoising_as_Path_Planning_Training-Free_Acceleration_of_Diffusion_Models_with_CVPR_2026_paper.html,"Diffusion models have demonstrated remarkable success in image and video generation, yet their practical deployment remains hindered by the substantial computational overhead of multi-step iterative sampling. Among acceleration strategies, caching-based methods offer a training-free and effective solution by reusing or predicting features across timesteps. However, existing approaches rely on fixed or locally adaptive schedules without considering the global structure of the denoising trajectory, often leading to error accumulation and visual artifacts. To overcome this limitation, we propose DPCache, a novel training-free acceleration framework that formulates diffusion sampling acceleration as a global path planning problem. DPCache constructs a Path-Aware Cost Tensor from a small calibration set to quantify the path-dependent error of skipping timesteps conditioned on the preceding key timestep. Leveraging this tensor, DPCache employs dynamic programming to select an optimal sequence of key timesteps that minimizes the total path cost while preserving trajectory fidelity. During inference, the model performs full computations only at these key timesteps, while intermediate outputs are efficiently predicted using cached features. Extensive experiments on DiT, FLUX, and HunyuanVideo demonstrate that DPCache achieves strong acceleration with minimal quality loss, outperforming prior acceleration methods by +0.031 ImageReward at 4.87x speedup and even surpassing the full-step baseline by +0.028 ImageReward at 3.54x speedup on FLUX, validating the effectiveness of our path-aware global scheduling framework. Code is available at https://github.com/argsss/DPCache.","@InProceedings{Cui_2026_CVPR, author = {Cui, Bowen and Wang, Yuanbin and Xu, Huajiang and Chen, Biaolong and Zhang, Aixi and Jiang, Hao and Jin, Zhengzheng and Liu, Xu and Huang, Pipei}, title = {Denoising as Path Planning: Training-Free Acceleration of Diffusion Models with DPCache}, booktitle = {Proceedings of the IEEE/CVF Conference on Computer Vision and Pattern Recognition (CVPR)}, month = {June}, year = {2026}, pages = {43632-43642} }"
Zhou_InTrain_Intrinsic_Trainability_for_Zero-Cost_Neural_Architecture_Search_CVPR_2026_paper,2026,1,Efficiency_Compression,Efficiency_Compression,15.0,0.867,InTrain: Intrinsic Trainability for Zero-Cost Neural Architecture Search,Qinqin Zhou; Fuhai Chen; Jipeng Wu; Zhiwei Chen; Zhikai Hu; Weiwei Cai,6,20181-20190,True,https://openaccess.thecvf.com/content/CVPR2026/papers/Zhou_InTrain_Intrinsic_Trainability_for_Zero-Cost_Neural_Architecture_Search_CVPR_2026_paper.pdf,https://openaccess.thecvf.com/content/CVPR2026/supplemental/Zhou_InTrain_Intrinsic_Trainability_CVPR_2026_supplemental.pdf,https://openaccess.thecvf.com/content/CVPR2026/html/Zhou_InTrain_Intrinsic_Trainability_for_Zero-Cost_Neural_Architecture_Search_CVPR_2026_paper.html,"Training-free neural architecture search promises efficient discovery of high-performance networks without costly training. However, existing zero-cost proxies rely on fragmented heuristics that fail to capture the fundamental question: what makes an architecture trainable? This paper introduces Intrinsic Trainability (InTrain), a unified theoretical proxy that formalizes trainability as an architectural invariant emerging from two synergistic components: geometric capacity and optimization resilience. We operationalize intrinsic trainability through analysis of neural information processing. Geometric capacity is quantified via the participation ratio of activation covariance eigenspectrum, capturing the effective dimensionality of representation manifolds. Optimization resilience is measured through cumulative gradient health, assessing the robustness of backpropagation across network depth. InTrain synthesizes these dimensions through a scale-invariant multiplicative coupling, which we validate is essential for capturing their synergistic, non-additive relationship. Extensive experiments on standard NAS benchmarks and search spaces demonstrate that InTrain achieves ranking correlations on par with state-of-the-art ensemble-based proxies and outperforms other single-metric methods.","@InProceedings{Zhou_2026_CVPR, author = {Zhou, Qinqin and Chen, Fuhai and Wu, Jipeng and Chen, Zhiwei and Hu, Zhikai and Cai, Weiwei}, title = {InTrain: Intrinsic Trainability for Zero-Cost Neural Architecture Search}, booktitle = {Proceedings of the IEEE/CVF Conference on Computer Vision and Pattern Recognition (CVPR)}, month = {June}, year = {2026}, pages = {20181-20190} }"
Chen_Cluster-aware_Anchor_Learning_for_Multi-View_Clustering_CVPR_2026_paper,2026,1,Efficiency_Compression,Efficiency_Compression,2.0,0.0,Cluster-aware Anchor Learning for Multi-View Clustering,Zhe Chen; Fanhui Meng; Tianyang Xu; Xiao-Jun Wu,4,17714-17723,True,https://openaccess.thecvf.com/content/CVPR2026/papers/Chen_Cluster-aware_Anchor_Learning_for_Multi-View_Clustering_CVPR_2026_paper.pdf,,https://openaccess.thecvf.com/content/CVPR2026/html/Chen_Cluster-aware_Anchor_Learning_for_Multi-View_Clustering_CVPR_2026_paper.html,"Anchor-based multi-view clustering is attractive for its efficiency, yet most methods fix the number of anchors a priori, implicitly assuming uniform needs across clusters. In practice, clusters differ in information richness, scale, and intrinsic structure, motivating adaptive per-cluster anchor allocation. We propose Cluster-aware Anchor Learning (CAL), which learns a consensus anchor matrix and organizes its columns into cluster-specific anchor groups. CAL imposes an l2,1-norm column-sparsity penalty on each group to suppress redundancy and preserve cluster-discriminative features, thereby automatically determining how many anchors each cluster retains. To further enhance separability, CAL introduces an inter-cluster regularization that constrains relationships among groups, promoting mutual dissimilarity. This data-driven design learns higher-quality, cluster-aware anchors and yields a more discriminative representation matrix across multiple views. Extensive experiments on multiple benchmarks show that CAL outperforms state-of-the-art multi-view clustering methods, demonstrating superior effectiveness, robustness, and adaptability to heterogeneous cluster structures.","@InProceedings{Chen_2026_CVPR, author = {Chen, Zhe and Meng, Fanhui and Xu, Tianyang and Wu, Xiao-Jun}, title = {Cluster-aware Anchor Learning for Multi-View Clustering}, booktitle = {Proceedings of the IEEE/CVF Conference on Computer Vision and Pattern Recognition (CVPR)}, month = {June}, year = {2026}, pages = {17714-17723} }"
Yang_Fast3Dcache_Training-free_3D_Geometry_Synthesis_Acceleration_CVPR_2026_paper,2026,1,Efficiency_Compression,Efficiency_Compression|Diffusion_Generative,14.0,0.571,Fast3Dcache: Training-free 3D Geometry Synthesis Acceleration,Mengyu Yang; Yanming Yang; Chenyi Xu; Chenxi Song; Yufan Zuo; Tong Zhao; Ruibo Li; Chi Zhang,8,27030-27040,True,https://openaccess.thecvf.com/content/CVPR2026/papers/Yang_Fast3Dcache_Training-free_3D_Geometry_Synthesis_Acceleration_CVPR_2026_paper.pdf,https://openaccess.thecvf.com/content/CVPR2026/supplemental/Yang_Fast3Dcache_Training-free_3D_CVPR_2026_supplemental.pdf,https://openaccess.thecvf.com/content/CVPR2026/html/Yang_Fast3Dcache_Training-free_3D_Geometry_Synthesis_Acceleration_CVPR_2026_paper.html,"Diffusion models have achieved impressive generative quality across modalities like 2D images, videos, and 3D shapes, but their inference remains computationally expensive due to the iterative denoising process. While recent caching-based methods effectively reuse redundant computations to speed up 2D and video generation, directly applying these techniques to 3D diffusion models can severely disrupt geometric consistency. In 3D synthesis, even minor numerical errors in cached latent features accumulate, causing structural artifacts and topological inconsistencies. To overcome this limitation, we propose Fast3Dcache, a training-free geometry-aware caching framework that accelerates 3D diffusion inference while preserving geometric fidelity. Our method introduces a Predictive Caching Scheduler Constraint (PCSC) to dynamically determine cache quotas according to voxel stabilization patterns and a Spatiotemporal Stability Criterion (SSC) to select stable features for reuse based on velocity magnitude and acceleration criterion. Comprehensive experiments show that Fast3Dcache accelerates inference significantly, achieving up to a 27.12% speed-up and a 54.83% reduction in FLOPs, with minimal degradation in geometric quality as measured by Chamfer Distance (2.48%) and F-Score (1.95%).","@InProceedings{Yang_2026_CVPR, author = {Yang, Mengyu and Yang, Yanming and Xu, Chenyi and Song, Chenxi and Zuo, Yufan and Zhao, Tong and Li, Ruibo and Zhang, Chi}, title = {Fast3Dcache: Training-free 3D Geometry Synthesis Acceleration}, booktitle = {Proceedings of the IEEE/CVF Conference on Computer Vision and Pattern Recognition (CVPR)}, month = {June}, year = {2026}, pages = {27030-27040} }"
Lin_RAPID_Reusing_Attention_Sparsity_with_Inter-step_Adaptation_for_Efficient_Video_CVPR_2026_paper,2026,1,Efficiency_Compression,Efficiency_Compression|Video_Action_Recognition,11.0,0.364,RAPID: Reusing Attention Sparsity with Inter-step Adaptation for Efficient Video Diffusion,Shangran Lin; Lu Lu; Jian Chen; Qiang Liu,4,36147-36156,True,https://openaccess.thecvf.com/content/CVPR2026/papers/Lin_RAPID_Reusing_Attention_Sparsity_with_Inter-step_Adaptation_for_Efficient_Video_CVPR_2026_paper.pdf,,https://openaccess.thecvf.com/content/CVPR2026/html/Lin_RAPID_Reusing_Attention_Sparsity_with_Inter-step_Adaptation_for_Efficient_Video_CVPR_2026_paper.html,"The prohibitive cost of 3D attention hinders high-quality video generation with diffusion models. Existing sparse attention methods either lack content adaptivity (static) or incur excessive overhead from per-step recalculation (dynamic). Our work challenges the necessity of this trade-off, based on a twofold empirical discovery: (1) attention patterns in video diffusion exhibit strong temporal stability, and (2) the requisite computational density progressively decays. This insight motivates RAPID, a framework that performs a one-shot attention block importance estimation early in the generation process. The resulting scores and high-fidelity sparse mask are then cached for efficient reuse, eliminating recalculation overhead. The cached scores also enable an optional, multi-stage adaptive pruning (Turbo mode) for maximum acceleration. On leading models like Wan2.1-14B and HunyuanVideo, our high-fidelity configuration surpasses all baselines across key quality metrics (PSNR, SSIM, LPIPS) under a controlled compute budget. Concurrently, its Turbo mode achieves speedups of up to 1.79x on Wan2.1-14B and 2.01x on HunyuanVideo while maintaining strong visual quality.","@InProceedings{Lin_2026_CVPR, author = {Lin, Shangran and Lu, Lu and Chen, Jian and Liu, Qiang}, title = {RAPID: Reusing Attention Sparsity with Inter-step Adaptation for Efficient Video Diffusion}, booktitle = {Proceedings of the IEEE/CVF Conference on Computer Vision and Pattern Recognition (CVPR)}, month = {June}, year = {2026}, pages = {36147-36156} }"
Sun_Uncertainty-Aware_Knowledge_Distillation_for_Multimodal_Large_Language_Models_CVPR_2026_paper,2026,1,Efficiency_Compression,Efficiency_Compression|Vision_Language_Multimodal|LLM_Reasoning_Agent,18.0,0.056,Uncertainty-Aware Knowledge Distillation for Multimodal Large Language Models,Jingchen Sun; Shaobo Han; Deep Patel; Wataru Kohno; Can Jin; Changyou Chen,6,5585-5595,True,https://openaccess.thecvf.com/content/CVPR2026/papers/Sun_Uncertainty-Aware_Knowledge_Distillation_for_Multimodal_Large_Language_Models_CVPR_2026_paper.pdf,,https://openaccess.thecvf.com/content/CVPR2026/html/Sun_Uncertainty-Aware_Knowledge_Distillation_for_Multimodal_Large_Language_Models_CVPR_2026_paper.html,"Knowledge distillation establishes a learning paradigm that leverages both data supervision and teacher guidance. However, determining the optimal balance between learning from data and learning from the teacher is challenging, as some samples may be noisy while others are subject to teacher uncertainty. This motivates the need for adaptively balancing data and teacher supervision. We propose Beta-weighted Knowledge Distillation (Beta-KD), an uncertainty-aware distillation framework that adaptively modulates how much the student relies on teacher guidance. Specifically, we formulate teacher-student learning from a unified Bayesian perspective and interpret teacher supervision as a Gibbs prior over student activations. This yields a closed-form, uncertainty-aware weighting mechanism and supports arbitrary distillation objectives and their combinations. Extensive experiments are conducted on multimodal VQA benchmarks by distilling a student Vision-Language Model from a large teacher VLM. The results demonstrate that Beta-KD consistently outperforms existing knowledge distillation methods. Code is available at https://github.com/Jingchensun/beta-kd.","@InProceedings{Sun_2026_CVPR, author = {Sun, Jingchen and Han, Shaobo and Patel, Deep and Kohno, Wataru and Jin, Can and Chen, Changyou}, title = {Uncertainty-Aware Knowledge Distillation for Multimodal Large Language Models}, booktitle = {Proceedings of the IEEE/CVF Conference on Computer Vision and Pattern Recognition (CVPR)}, month = {June}, year = {2026}, pages = {5585-5595} }"
Sun_Just-in-Time_Training-Free_Spatial_Acceleration_for_Diffusion_Transformers_CVPR_2026_paper,2026,0,Diffusion_Generative,Diffusion_Generative|Efficiency_Compression,14.0,0.286,Just-in-Time: Training-Free Spatial Acceleration for Diffusion Transformers,Wenhao Sun; Ji Li; Zhaoqiang Liu,3,40643-40652,True,https://openaccess.thecvf.com/content/CVPR2026/papers/Sun_Just-in-Time_Training-Free_Spatial_Acceleration_for_Diffusion_Transformers_CVPR_2026_paper.pdf,https://openaccess.thecvf.com/content/CVPR2026/supplemental/Sun_Just-in-Time_Training-Free_Spatial_CVPR_2026_supplemental.pdf,https://openaccess.thecvf.com/content/CVPR2026/html/Sun_Just-in-Time_Training-Free_Spatial_Acceleration_for_Diffusion_Transformers_CVPR_2026_paper.html,"Diffusion Transformers have established a new state-of-the-art in image synthesis, but the high computational cost of iterative sampling severely hampers their practical deployment. While existing acceleration methods often focus on the temporal domain, they overlook the substantial spatial redundancy inherent in the generative process, where global structures emerge long before fine-grained details are formed. The uniform computational treatment of all spatial regions represents a critical inefficiency. In this paper, we introduce Just-in-Time (JiT), a novel training-free framework that addresses this challenge by acceleration in the spatial domain. JiT formulates a spatially approximated generative ordinary differential equation (ODE) that drives the full latent state evolution based on computations from a dynamically selected, sparse subset of anchor tokens. To ensure seamless transitions as new tokens are incorporated to expand the dimensions of the latent state, we propose a deterministic micro-flow, a simple and effective finite-time ODE that maintains both structural coherence and statistical correctness. Extensive experiments on the state-of-the-art FLUX.1-dev model demonstrate that JiT achieves up to a 7x speedup with nearly lossless performance, significantly outperforming existing acceleration methods and establishing a new and superior trade-off between inference speed and generation fidelity.","@InProceedings{Sun_2026_CVPR, author = {Sun, Wenhao and Li, Ji and Liu, Zhaoqiang}, title = {Just-in-Time: Training-Free Spatial Acceleration for Diffusion Transformers}, booktitle = {Proceedings of the IEEE/CVF Conference on Computer Vision and Pattern Recognition (CVPR)}, month = {June}, year = {2026}, pages = {40643-40652} }"
Brateanu_Multinex_Lightweight_Low-light_Image_Enhancement_via_Multi-prior_Retinex_CVPR_2026_paper,2026,0,Restoration_Enhancement,Restoration_Enhancement|Efficiency_Compression,20.0,0.25,Multinex: Lightweight Low-light Image Enhancement via Multi-prior Retinex,Alexandru Brateanu; Tingting Mu; Codruta O. Ancuti; Cosmin Ancuti,4,29887-29896,True,https://openaccess.thecvf.com/content/CVPR2026/papers/Brateanu_Multinex_Lightweight_Low-light_Image_Enhancement_via_Multi-prior_Retinex_CVPR_2026_paper.pdf,https://openaccess.thecvf.com/content/CVPR2026/supplemental/Brateanu_Multinex_Lightweight_Low-light_CVPR_2026_supplemental.pdf,https://openaccess.thecvf.com/content/CVPR2026/html/Brateanu_Multinex_Lightweight_Low-light_Image_Enhancement_via_Multi-prior_Retinex_CVPR_2026_paper.html,"Low-light image enhancement (LLIE) aims to restore natural visibility, color fidelity, and structural detail under severe illumination degradation. State-of-the-art (SOTA) LLIE techniques often rely on large models and multi-stage training, limiting practicality for edge deployment. Moreover, their dependence on a single color space introduces instability and visible exposure or color artifacts.To address these, we propose Multinex, an ultra-lightweight structured framework that integrates multiple fine-grained representations within a principled Retinex residual formulation. It decomposes an image into illumination and color prior stacks derived from distinct analytic representations, and learns to fuse these representations into luminance and reflectance adjustments required to correct exposure. By prioritizing enhancement over reconstruction and exploiting lightweight neural operations, Multinex significantly reduces computational cost, exemplified by its lightweight (45K parameters) and nano (0.7K parameters) versions. Extensive benchmarks show that all lightweight variants significantly outperform their corresponding lightweight SOTA models, and reach comparable performance to heavy models. Paper page available at https://albrateanu.github.io/multinex.","@InProceedings{Brateanu_2026_CVPR, author = {Brateanu, Alexandru and Mu, Tingting and Ancuti, Codruta O. and Ancuti, Cosmin}, title = {Multinex: Lightweight Low-light Image Enhancement via Multi-prior Retinex}, booktitle = {Proceedings of the IEEE/CVF Conference on Computer Vision and Pattern Recognition (CVPR)}, month = {June}, year = {2026}, pages = {29887-29896} }"
Jeong_Streamlined_Knowledge_Distillation_CVPR_2026_paper,2026,1,Efficiency_Compression,Efficiency_Compression,17.0,1.0,Streamlined Knowledge Distillation,Hyeon-Jin Jeong; Han-Jin Lee; Seok-Hwan Choi,3,26646-26655,True,https://openaccess.thecvf.com/content/CVPR2026/papers/Jeong_Streamlined_Knowledge_Distillation_CVPR_2026_paper.pdf,,https://openaccess.thecvf.com/content/CVPR2026/html/Jeong_Streamlined_Knowledge_Distillation_CVPR_2026_paper.html,"Logit-based Knowledge Distillation (KD) has emerged as a lightweight alternative to feature-based KD. Recent logit-based methods often rely on multi-knowledge alignment and relational modeling. These methods are often inefficient due to redundant objectives, suboptimal transformations, and poorly designed loss functions. Motivated by these issues, we propose Streamlined Knowledge Distillation (SKD), a simple yet effective logit-based method that transfers only two essential forms of knowledge without requiring additional alignment or relational modeling. Specifically, SKD transfers instance-wise knowledge via Kullback-Leibler divergence and direction-wise knowledge by aligning the Gramian matrix of normalized logits. For the latter, we introduce a Mahalanobis distance-based direction-wise loss stabilized through Tikhonov regularization and Cholesky decomposition. This direction-wise loss accounts for variance and correlation in the output space and, as we formally show, is equivalent to the L2-norm in a covariance-whitened space. Extensive experiments demonstrate that SKD consistently outperforms existing logit-based methods and even surpasses feature-based methods, despite its simpler design. Code is available at https://github.com/HyunJunSik/StreamLined.","@InProceedings{Jeong_2026_CVPR, author = {Jeong, Hyeon-Jin and Lee, Han-Jin and Choi, Seok-Hwan}, title = {Streamlined Knowledge Distillation}, booktitle = {Proceedings of the IEEE/CVF Conference on Computer Vision and Pattern Recognition (CVPR)}, month = {June}, year = {2026}, pages = {26646-26655} }"
Wu_VLM-Pruner_Buffering_for_Spatial_Sparsity_in_an_Efficient_VLM_Centrifugal_CVPR_2026_paper,2026,1,Efficiency_Compression,Efficiency_Compression|Vision_Language_Multimodal,38.0,0.211,VLM-Pruner: Buffering for Spatial Sparsity in an Efficient VLM Centrifugal Token Pruning Paradigm,Zhenkai Wu; Xiaowen Ma; Zhenliang Ni; Dengming Zhang; Han Shu; Xin Jiang; Xinghao Chen,7,31952-31961,True,https://openaccess.thecvf.com/content/CVPR2026/papers/Wu_VLM-Pruner_Buffering_for_Spatial_Sparsity_in_an_Efficient_VLM_Centrifugal_CVPR_2026_paper.pdf,https://openaccess.thecvf.com/content/CVPR2026/supplemental/Wu_VLM-Pruner_Buffering_for_CVPR_2026_supplemental.pdf,https://openaccess.thecvf.com/content/CVPR2026/html/Wu_VLM-Pruner_Buffering_for_Spatial_Sparsity_in_an_Efficient_VLM_Centrifugal_CVPR_2026_paper.html,"Vision-language models (VLMs) excel at image understanding tasks, but the large number of visual tokens imposes significant computational costs, hindering deployment on mobile devices. Many pruning methods rely solely on token importance and thus overlook inter-token redundancy, retaining numerous duplicated tokens and wasting capacity. Although some redundancy-aware approaches have been proposed, they often ignore the spatial relationships among visual tokens. This can lead to overly sparse selections of retained tokens that fail to adequately cover the regions of target objects. To address these limitations, we propose VLM-Pruner, a training-free token pruning algorithm that explicitly balances redundancy and spatial sparsity. Specifically, the centrifugal token pruning paradigm is introduced for near-to-far selection. Moreover, the Buffering for Spatial Sparsity (BSS) criterion delays the selection of spatially distant tokens, thereby prioritizing the preservation of fine-grained object details. To further improve efficiency, a parallel greedy strategy is adopted for token selection. To mitigate information loss from pruning, we selectively fuse salient information from the discarded tokens into the retained ones. Comprehensive comparisons demonstrate that VLM-Pruner consistently outperforms other competitive methods across five VLMs under various pruning ratios, while delivering an end-to-end inference speedup. The code is available at https://github.com/Casey-bit/VLMPruner.","@InProceedings{Wu_2026_CVPR, author = {Wu, Zhenkai and Ma, Xiaowen and Ni, Zhenliang and Zhang, Dengming and Shu, Han and Jiang, Xin and Chen, Xinghao}, title = {VLM-Pruner: Buffering for Spatial Sparsity in an Efficient VLM Centrifugal Token Pruning Paradigm}, booktitle = {Proceedings of the IEEE/CVF Conference on Computer Vision and Pattern Recognition (CVPR)}, month = {June}, year = {2026}, pages = {31952-31961} }"
Peng_PGA_Prior-free_Generative_Attack_for_Practical_No-box_Scenario_CVPR_2026_paper,2026,1,Efficiency_Compression,Efficiency_Compression,4.0,0.25,PGA: Prior-free Generative Attack for Practical No-box Scenario,Hongyu Peng; Xiang Yuan; Gong Cheng,3,13296-13305,True,https://openaccess.thecvf.com/content/CVPR2026/papers/Peng_PGA_Prior-free_Generative_Attack_for_Practical_No-box_Scenario_CVPR_2026_paper.pdf,https://openaccess.thecvf.com/content/CVPR2026/supplemental/Peng_PGA_Prior-free_Generative_CVPR_2026_supplemental.pdf,https://openaccess.thecvf.com/content/CVPR2026/html/Peng_PGA_Prior-free_Generative_Attack_for_Practical_No-box_Scenario_CVPR_2026_paper.html,"The unrealistic reliance on abundant prior information in traditional transferable attacks has spurred the Practical No-box Scenario (PNS), where attackers can access only limited unlabeled images. However, existing methods rely on iterative optimization to produce adversarial examples with inherently limited inference speed and transferability. Conversely, faster generative attacks fundamentally conflict with the PNS due to their critical dependence on abundant prior information that is explicitly absent in this scenario. To bridge this gap, we propose Prior-free Generative Attack (PGA), the first generative attack tailored for the PNS. Specifically, we introduce the Curriculum-Guided Micro-Robust Optimization that progressively incorporates more challenging discriminative tasks to mitigate the degenerate solutions common in self-supervised learning with limited data, yielding robust and transferable surrogates for downstream attacks. Furthermore, the Region-Aware Consistent Perturbation Learning guides the generator to produce fine-grained and spatially coherent perturbations, mitigating the common pitfall of generative attacks falling into local optima under insufficient supervision. Extensive experiments demonstrate that our PGA achieves remarkable transferability across various settings with high inference speed. This work provides a more practical benchmark for future research on transferable attacks, revealing the great potential of generative attacks under the PNS.","@InProceedings{Peng_2026_CVPR, author = {Peng, Hongyu and Yuan, Xiang and Cheng, Gong}, title = {PGA: Prior-free Generative Attack for Practical No-box Scenario}, booktitle = {Proceedings of the IEEE/CVF Conference on Computer Vision and Pattern Recognition (CVPR)}, month = {June}, year = {2026}, pages = {13296-13305} }"
Jeong_Preference-Aligned_LoRA_Merging_Preserving_Subspace_Coverage_and_Addressing_Directional_Anisotropy_CVPR_2026_paper,2026,1,Efficiency_Compression,Efficiency_Compression,2.0,0.0,Preference-Aligned LoRA Merging: Preserving Subspace Coverage and Addressing Directional Anisotropy,Wooseong Jeong; Wonyoung Lee; Kuk-Jin Yoon,3,823-835,True,https://openaccess.thecvf.com/content/CVPR2026/papers/Jeong_Preference-Aligned_LoRA_Merging_Preserving_Subspace_Coverage_and_Addressing_Directional_Anisotropy_CVPR_2026_paper.pdf,https://openaccess.thecvf.com/content/CVPR2026/supplemental/Jeong_Preference-Aligned_LoRA_Merging_CVPR_2026_supplemental.pdf,https://openaccess.thecvf.com/content/CVPR2026/html/Jeong_Preference-Aligned_LoRA_Merging_Preserving_Subspace_Coverage_and_Addressing_Directional_Anisotropy_CVPR_2026_paper.html,"Merging multiple Low-Rank Adaptation (LoRA) modules is promising for constructing general-purpose systems, yet challenging because LoRA update directions span different subspaces and contribute unevenly. When merged naively, such mismatches can weaken the directions most critical to certain task losses while overemphasizing relatively less important ones, ultimately reducing the model's ability to represent all tasks faithfully. We revisit this problem through two perspectives: subspace coverage, which captures how broadly LoRA directions cover diverse representational directions, and anisotropy, which reflects the imbalance of influence across those directions. We propose TARA-Merging (Task-Rank Anisotropy Alignment), which aligns merging weights using a preference-weighted cross-entropy pseudo-loss while preserving task-relevant LoRA subspaces. This ensures broad subspace coverage and mitigates anisotropy via direction-wise reweighting. Across eight vision and six NLI benchmarks, TARA-Merging consistently outperforms vanilla and LoRA-aware baselines, demonstrating strong robustness and generalization, and highlighting the importance of addressing both subspace coverage and anisotropy in LoRA merging.","@InProceedings{Jeong_2026_CVPR, author = {Jeong, Wooseong and Lee, Wonyoung and Yoon, Kuk-Jin}, title = {Preference-Aligned LoRA Merging: Preserving Subspace Coverage and Addressing Directional Anisotropy}, booktitle = {Proceedings of the IEEE/CVF Conference on Computer Vision and Pattern Recognition (CVPR)}, month = {June}, year = {2026}, pages = {823-835} }"
Han_YOLO-ULM_Ultra-Lightweight_Models_for_Real-Time_Object_Detection_CVPR_2026_paper,2026,0,Object_Detection,Object_Detection|Efficiency_Compression,33.0,0.455,YOLO-ULM: Ultra-Lightweight Models for Real-Time Object Detection,Shasha Han; Chong Li; Xinning Wang; Xuebo Li,4,18418-18427,True,https://openaccess.thecvf.com/content/CVPR2026/papers/Han_YOLO-ULM_Ultra-Lightweight_Models_for_Real-Time_Object_Detection_CVPR_2026_paper.pdf,https://openaccess.thecvf.com/content/CVPR2026/supplemental/Han_YOLO-ULM_Ultra-Lightweight_Models_CVPR_2026_supplemental.zip,https://openaccess.thecvf.com/content/CVPR2026/html/Han_YOLO-ULM_Ultra-Lightweight_Models_for_Real-Time_Object_Detection_CVPR_2026_paper.html,"YOLO series lead object detection with superior accuracy and speed. However, both convolutional and self-attention based architectures suffer from parameter redundancy and insufficient computational efficiency. Existing lightweight methods excessively pursue speed while ignoring the loss of important information during feature extraction and spatial transformation across different stages. Thus, effective lightweighting is crucial for detection performance. We propose YOLO-ULM, an ultra-lightweight real-time detector that achieves accelerated inference while preserving high accuracy. We innovatively design a variety of dual efficiency- and accuracy-driven modules, including efficient feature aggregation and parallel downsampling modules, as well as a more focused complete-IoU loss function. To validate our approach, we train it from scratch on COCO dataset without pretrained weights. By refining backbone parameters, we extend it to YOLO-ULM-Turbo for accelerated inference. YOLO-ULM surpasses state-of-the-art real-time detectors like YOLOv11/YOLOv12/YOLOv13 and RT-DETR. On a T4 GPU, YOLO-ULM-N achieves 41.6% mAP with an inference latency of 1.52 ms, outperforming YOLOv11-N (2.2%\uparrow) and YOLOv12-N (1.0%\uparrow). YOLO-ULM-S exceeds RT-DETR-R18 by 1.6% mAP with 64.7% fewer FLOPs and 63% fewer parameters. YOLO-ULM-L / X surpass YOLOv13-L / X by 0.7% and 0.8% respectively in mAP. YOLO-ULM-Turbo matches YOLOv12-Turbo's performance but uses less computation, with Turbo-N variant achieving 0.3% higher mAP and 16% fewer parameters than YOLOv12-Turbo-N.","@InProceedings{Han_2026_CVPR, author = {Han, Shasha and Li, Chong and Wang, Xinning and Li, Xuebo}, title = {YOLO-ULM: Ultra-Lightweight Models for Real-Time Object Detection}, booktitle = {Proceedings of the IEEE/CVF Conference on Computer Vision and Pattern Recognition (CVPR)}, month = {June}, year = {2026}, pages = {18418-18427} }"
Krause_Guiding_Token-Sparse_Diffusion_Models_CVPR_2026_paper,2026,0,Diffusion_Generative,Diffusion_Generative|Efficiency_Compression,23.0,0.565,Guiding Token-Sparse Diffusion Models,Felix Krause; Stefan Andreas Baumann; Johannes Schusterbauer; Olga Grebenkova; Ming Gui; Vincent Tao Hu; Björn Ommer,7,35789-35799,True,https://openaccess.thecvf.com/content/CVPR2026/papers/Krause_Guiding_Token-Sparse_Diffusion_Models_CVPR_2026_paper.pdf,https://openaccess.thecvf.com/content/CVPR2026/supplemental/Krause_Guiding_Token-Sparse_Diffusion_CVPR_2026_supplemental.pdf,https://openaccess.thecvf.com/content/CVPR2026/html/Krause_Guiding_Token-Sparse_Diffusion_Models_CVPR_2026_paper.html,"Diffusion models deliver high quality in image synthesis but remain expensive during training and inference. Recent works have leveraged the inherent redundancy in visual content to make training more affordable by training only on a subset of visual information. While these methods were successful in providing cheaper and more effective training, sparsely trained diffusion models struggle in inference. This is due to their lacking response to Classifier-free Guidance (CFG) leading to underwhelming performance during inference. To overcome this, we propose Sparse Guidance (SG). Instead of using conditional dropout as a signal to guide diffusion models, SG uses token-level sparsity. As a result, SG preserves the high-variance of the conditional prediction better, achieving good quality and high variance outputs. Leveraging token-level sparsity at inference, SG improves fidelity at lower compute, achieving 1.58 FID on the commonly used ImageNet-256 benchmark with 25% fewer FLOPs, and yields up to 58% FLOP savings at matched baseline quality. To demonstrate the effectiveness of Sparse Guidance, we train a 2.5B text-to-image diffusion model using training time sparsity and leverage SG during inference. SG achieves improvements in composition and human preference score while increasing throughput at the same time.","@InProceedings{Krause_2026_CVPR, author = {Krause, Felix and Baumann, Stefan Andreas and Schusterbauer, Johannes and Grebenkova, Olga and Gui, Ming and Hu, Vincent Tao and Ommer, Bj\""orn}, title = {Guiding Token-Sparse Diffusion Models}, booktitle = {Proceedings of the IEEE/CVF Conference on Computer Vision and Pattern Recognition (CVPR)}, month = {June}, year = {2026}, pages = {35789-35799} }"
Hu_MASQuant_Modality-Aware_Smoothing_Quantization_for_Multimodal_Large_Language_Models_CVPR_2026_paper,2026,0,LLM_Reasoning_Agent,LLM_Reasoning_Agent|Efficiency_Compression|Vision_Language_Multimodal,24.0,0.167,MASQuant: Modality-Aware Smoothing Quantization for Multimodal Large Language Models,Lulu Hu; Wenhu Xiao; Xin Chen; Xinhua Xu; Bowen Xu; Kun Li; Yongliang Tao,7,8707-8716,True,https://openaccess.thecvf.com/content/CVPR2026/papers/Hu_MASQuant_Modality-Aware_Smoothing_Quantization_for_Multimodal_Large_Language_Models_CVPR_2026_paper.pdf,,https://openaccess.thecvf.com/content/CVPR2026/html/Hu_MASQuant_Modality-Aware_Smoothing_Quantization_for_Multimodal_Large_Language_Models_CVPR_2026_paper.html,"Post-training quantization (PTQ) with computational equivalence for Large Language Models (LLMs) have demonstrated remarkable advances, however, their application to Multimodal Large Language Models (MLLMs) presents substantial challenges. In this paper, we analyze SmoothQuant as a case study and identify two critical issues: Smoothing Misalignment and Cross-Modal Computational Invariance. To address these issues, we propose Modality-Aware Smoothing Quantization (MASQuant), a novel framework that introduces (1) Modality-Aware Smoothing (MAS), which learns separate, modality-specific smoothing factors to prevent Smoothing Misalignment, and (2) Cross-Modal Compensation (CMC), which addresses Cross-modal Computational Invariance by using SVD whitening to transform multi-modal activation differences into low-rank forms, enabling unified quantization across modalities. MASQuant demonstrates stable quantization performance across both dual-modal and tri-modal MLLMs. Experimental results show that MASQuant is competitive among the state-of-the-art PTQ algorithms.","@InProceedings{Hu_2026_CVPR, author = {Hu, Lulu and Xiao, Wenhu and Chen, Xin and Xu, Xinhua and Xu, Bowen and Li, Kun and Tao, Yongliang}, title = {MASQuant: Modality-Aware Smoothing Quantization for Multimodal Large Language Models}, booktitle = {Proceedings of the IEEE/CVF Conference on Computer Vision and Pattern Recognition (CVPR)}, month = {June}, year = {2026}, pages = {8707-8716} }"
Mao_LazyVAR_Accelerating_Visual_Autoregressive_Models_via_Scale-wise_Token_Pruning_and_CVPR_2026_paper,2026,1,Efficiency_Compression,Efficiency_Compression,22.0,0.773,LazyVAR: Accelerating Visual Autoregressive Models via Scale-wise Token Pruning and Parallel Group Decoding,Rongge Mao; Chengqi Dong; S Kevin Zhou,3,12129-12139,True,https://openaccess.thecvf.com/content/CVPR2026/papers/Mao_LazyVAR_Accelerating_Visual_Autoregressive_Models_via_Scale-wise_Token_Pruning_and_CVPR_2026_paper.pdf,,https://openaccess.thecvf.com/content/CVPR2026/html/Mao_LazyVAR_Accelerating_Visual_Autoregressive_Models_via_Scale-wise_Token_Pruning_and_CVPR_2026_paper.html,"Visual Autoregressive (VAR) modeling introduces a new paradigm for image generation by extending autoregressive mechanisms from next-token prediction to next-scale prediction, achieving remarkable performance. However, as the number of tokens increases rapidly with scale, processing full token maps at high resolution becomes computationally expensive. In addition, the inherently sequential nature of autoregressive modeling prevents parallel inference across scales, which further increases latency.To address these challenges, we propose LazyVAR, a training-free and plug-and-play acceleration method for VAR models. Our key observation is that the similarity of aggregated latent features between adjacent scales progressively increases with the scale index, reaching particularly higher values at larger scales. We treat this similarity as a Scale-wise Update Index, which serves as the pruning criterion. Consequently, more tokens can be pruned at larger scales to improve efficiency. Furthermore, we propose Parallel Group Decoding, which leverages this high similarity at larger scales to decode tokens from different scales in parallel, further accelerating inference. Experimental results show that the proposed LazyVAR achieves up to a 2.94x speedup of recent VAR models with negligible performance degradation, allowing the Infinity-2B text-to-image model to generate 1024x1024 resolution images within 0.5 seconds on a single RTX 4090 GPU.","@InProceedings{Mao_2026_CVPR, author = {Mao, Rongge and Dong, Chengqi and Zhou, S Kevin}, title = {LazyVAR: Accelerating Visual Autoregressive Models via Scale-wise Token Pruning and Parallel Group Decoding}, booktitle = {Proceedings of the IEEE/CVF Conference on Computer Vision and Pattern Recognition (CVPR)}, month = {June}, year = {2026}, pages = {12129-12139} }"
Zou_DisCa_Accelerating_Video_Diffusion_Transformers_with_Distillation-Compatible_Learnable_Feature_Caching_CVPR_2026_paper,2026,1,Efficiency_Compression,Efficiency_Compression|Diffusion_Generative|Video_Action_Recognition,18.0,0.056,DisCa: Accelerating Video Diffusion Transformers with Distillation-Compatible Learnable Feature Caching,Chang Zou; Changlin Li; Songtao Liu; Zhao Zhong; Kailin Huang; Linfeng Zhang,6,4590-4601,True,https://openaccess.thecvf.com/content/CVPR2026/papers/Zou_DisCa_Accelerating_Video_Diffusion_Transformers_with_Distillation-Compatible_Learnable_Feature_Caching_CVPR_2026_paper.pdf,https://openaccess.thecvf.com/content/CVPR2026/supplemental/Zou_DisCa_Accelerating_Video_CVPR_2026_supplemental.pdf,https://openaccess.thecvf.com/content/CVPR2026/html/Zou_DisCa_Accelerating_Video_Diffusion_Transformers_with_Distillation-Compatible_Learnable_Feature_Caching_CVPR_2026_paper.html,"While diffusion models have achieved great success in the field of video generation, this progress is accompanied by a rapidly escalating computational burden. Among the existing acceleration methods, Feature Caching is popular due to its training-free property and considerable speedup performance, but it inevitably faces semantic and detail drop with further compression. Another widely adopted method, training-aware step-distillation, though successful in image generation, also faces drastic degradation in video generation with a few steps. Furthermore, the quality loss becomes more severe when simply applying training-free feature caching to the step-distilled models, due to the sparser sampling steps. This paper novelly introduces a distillation-compatible learnable feature caching mechanism for the first time. We employ a lightweight learnable neural predictor instead of traditional training-free heuristics for diffusion models, enabling a more accurate capture of the high-dimensional feature evolution process. Furthermore, we explore the challenges of highly compressed distillation on large-scale video models and propose a conservative Restricted MeanFlow approach to achieve more stable and lossless distillation. By undertaking these initiatives, we further push the acceleration boundaries to 11.8 times while preserving generation quality. Extensive experiments demonstrate the effectiveness of our method.","@InProceedings{Zou_2026_CVPR, author = {Zou, Chang and Li, Changlin and Liu, Songtao and Zhong, Zhao and Huang, Kailin and Zhang, Linfeng}, title = {DisCa: Accelerating Video Diffusion Transformers with Distillation-Compatible Learnable Feature Caching}, booktitle = {Proceedings of the IEEE/CVF Conference on Computer Vision and Pattern Recognition (CVPR)}, month = {June}, year = {2026}, pages = {4590-4601} }"
Liu_D2Cache_Second-Order_Delta_Caching_for_Higher_Video_Diffusion_Acceleration_CVPR_2026_paper,2026,1,Efficiency_Compression,Efficiency_Compression,18.0,0.667,D2Cache: Second-Order Delta Caching for Higher Video Diffusion Acceleration,Enhuai Liu; Yunke Wang; Changming Sun; Chang Xu,4,43589-43599,True,https://openaccess.thecvf.com/content/CVPR2026/papers/Liu_D2Cache_Second-Order_Delta_Caching_for_Higher_Video_Diffusion_Acceleration_CVPR_2026_paper.pdf,https://openaccess.thecvf.com/content/CVPR2026/supplemental/Liu_D2Cache_Second-Order_Delta_CVPR_2026_supplemental.pdf,https://openaccess.thecvf.com/content/CVPR2026/html/Liu_D2Cache_Second-Order_Delta_Caching_for_Higher_Video_Diffusion_Acceleration_CVPR_2026_paper.html,"Video diffusion models achieve impressive visual fidelity but remain computationally prohibitive for real-time or interactive generation due to their sequential denoising process. Recent caching methods accelerate inference by reusing outputs across timesteps, typically estimating each new output from the first-order residual, which is the difference between adjacent model predictions.To mitigate the accumulated error in caching methods, we propose D2Cache, a training-free method that leverages the smoothness of second-order residual delta, which is temporal differences between consecutive first-order residuals, to predict future timesteps more accurately. We theoretically show that this second-order correction improves prediction accuracy and effectively suppresses cumulative errors. Moreover, D2Cache adaptively scales second-order deltas using error estimates derived from timestep embeddings, maintaining accuracy across varying cache intervals.Empirically, D2Cache outperforms the state-of-the-art TeaCache across four video diffusion models (Latte, Open-Sora, LTX-video, and Wan2.1) at comparable acceleration rates, showing even larger gains under higher acceleration settings.","@InProceedings{Liu_2026_CVPR, author = {Liu, Enhuai and Wang, Yunke and Sun, Changming and Xu, Chang}, title = {D2Cache: Second-Order Delta Caching for Higher Video Diffusion Acceleration}, booktitle = {Proceedings of the IEEE/CVF Conference on Computer Vision and Pattern Recognition (CVPR)}, month = {June}, year = {2026}, pages = {43589-43599} }"
Li_Content-Aware_Dynamic_Patchification_for_Efficient_Video_Diffusion_CVPR_2026_paper,2026,1,Efficiency_Compression,Efficiency_Compression|Video_Action_Recognition|Diffusion_Generative,11.0,0.091,Content-Aware Dynamic Patchification for Efficient Video Diffusion,Sheng Li; Connelly Barnes; Mamshad Nayeem Rizve; Hongwu Peng; Zhengang Li; Ohi Dibua; Alireza Ganjdanesh; Xulong Tang; Yan Kang; Yifan Gong,10,35936-35945,True,https://openaccess.thecvf.com/content/CVPR2026/papers/Li_Content-Aware_Dynamic_Patchification_for_Efficient_Video_Diffusion_CVPR_2026_paper.pdf,https://openaccess.thecvf.com/content/CVPR2026/supplemental/Li_Content-Aware_Dynamic_Patchification_CVPR_2026_supplemental.pdf,https://openaccess.thecvf.com/content/CVPR2026/html/Li_Content-Aware_Dynamic_Patchification_for_Efficient_Video_Diffusion_CVPR_2026_paper.html,"Diffusion Transformers (DiTs) achieve strong video generation performance but suffer from prohibitive computation cost due to dense spatiotemporal tokenization. Most existing works rely on uniform patchification, tokenizing non-overlapping spatiotemporal with a fixed patch size regardless of the underlying content. This content-agnostic tokenization results in substantial redundant computation, especially in visually simple or static areas. To address this inefficiency while preserving the video generation quality, we propose DynaPatch, a fine-grained dynamic patchification framework that adaptively selects patch sizes for each spatiotemporal region based on content complexity. A lightweight router predicts patch sizes directly from the latents encoded by 3D Variational Autoencoder (VAE), and is jointly optimized with the diffusion model through diffusion loss, an attention-guided saliency alignment loss, and a token-budget regularizer. Learnable patchify/unpatchify layers integrate seamlessly with standard DiT backbones, allowing flexible tokenization without architectural changes. Experiments demonstrate that DynaPatch can effectively reduce redundant computations while preserving fine details, achieving 1.3-1.8x acceleration with minimal quality degradation. On VBench, DynaPatch attains a Total Score of 83.42 at 30% token reduction, significantly outperforming prior patchification and token pruning approaches. These results indicate that content-aware patchification offers an effective direction for efficient and scalable video diffusion. Project page: https://shengli99.github.io/DynaPatch/.","@InProceedings{Li_2026_CVPR, author = {Li, Sheng and Barnes, Connelly and Rizve, Mamshad Nayeem and Peng, Hongwu and Li, Zhengang and Dibua, Ohi and Ganjdanesh, Alireza and Tang, Xulong and Kang, Yan and Gong, Yifan}, title = {Content-Aware Dynamic Patchification for Efficient Video Diffusion}, booktitle = {Proceedings of the IEEE/CVF Conference on Computer Vision and Pattern Recognition (CVPR)}, month = {June}, year = {2026}, pages = {35936-35945} }"
Wang_EarlyTom_Early_Token_Compression_Completes_Fast_Video_Understanding_CVPR_2026_paper,2026,1,Efficiency_Compression,Efficiency_Compression|Video_Action_Recognition|LLM_Reasoning_Agent,19.0,0.053,EarlyTom: Early Token Compression Completes Fast Video Understanding,Hesong Wang; Xin Jin; Lu Lu; Chenhaowen Li; Jian Chen; Qiang Liu; Huan Wang,7,40559-40568,True,https://openaccess.thecvf.com/content/CVPR2026/papers/Wang_EarlyTom_Early_Token_Compression_Completes_Fast_Video_Understanding_CVPR_2026_paper.pdf,https://openaccess.thecvf.com/content/CVPR2026/supplemental/Wang_EarlyTom_Early_Token_CVPR_2026_supplemental.pdf,https://openaccess.thecvf.com/content/CVPR2026/html/Wang_EarlyTom_Early_Token_Compression_Completes_Fast_Video_Understanding_CVPR_2026_paper.html,"Video large language models (Video-LLMs) have demonstrated strong capabilities in video understanding tasks. However, their practical deployment is still hindered by the inefficiency introduced by processing massive amounts of visual tokens. Although recent approaches achieve extremely low token retention ratios while maintaining accuracy comparable to full-token baselines, most of them perform compression only at the late stage of prefilling, leaving the efficiency of the vision encoder unoptimized. In this paper, we first show that vision encoding contributes a large portion to the time-to-first-token (TTFT). Therefore, instead of compressing visual tokens only after the vision encoder, performing compression inside the encoder still leaves substantial room for exploration. Based on this insight, we propose EarlyTom, a training-free token compression framework that performs early-stage visual token compression inside the vision encoder, enabling significantly better TTFT reduction and higher throughput. In addition, we introduce a decoupled spatial token selection strategy that improves the overall compression effectiveness. EarlyTom reduces TTFT by up to 2.65x and FLOPs by up to 61% on a single NVIDIA A100 GPU for the LLaVA-OneVision-7B model, while maintaining accuracy comparable to the full-token baseline. These improvements substantially enhance the practicality of deploying Video-LLMs in real-world production scenarios.","@InProceedings{Wang_2026_CVPR, author = {Wang, Hesong and Jin, Xin and Lu, Lu and Li, Chenhaowen and Chen, Jian and Liu, Qiang and Wang, Huan}, title = {EarlyTom: Early Token Compression Completes Fast Video Understanding}, booktitle = {Proceedings of the IEEE/CVF Conference on Computer Vision and Pattern Recognition (CVPR)}, month = {June}, year = {2026}, pages = {40559-40568} }"
Oh_Sparsity_as_a_Key_Unlocking_New_Insights_from_Latent_Structures_CVPR_2026_paper,2026,0,Transfer_FewShot_DomainAdaptation,Transfer_FewShot_DomainAdaptation|Efficiency_Compression|LLM_Reasoning_Agent,12.0,0.5,Sparsity as a Key: Unlocking New Insights from Latent Structures for Out-of-Distribution Detection,Ahyoung Oh; Wonseok Shin; Songkuk Kim,3,19298-19307,True,https://openaccess.thecvf.com/content/CVPR2026/papers/Oh_Sparsity_as_a_Key_Unlocking_New_Insights_from_Latent_Structures_CVPR_2026_paper.pdf,https://openaccess.thecvf.com/content/CVPR2026/supplemental/Oh_Sparsity_as_a_CVPR_2026_supplemental.pdf,https://openaccess.thecvf.com/content/CVPR2026/html/Oh_Sparsity_as_a_Key_Unlocking_New_Insights_from_Latent_Structures_CVPR_2026_paper.html,"Sparse Autoencoders (SAEs) have demonstrated significant success in interpreting Large Language Models (LLMs) by decomposing dense representations into sparse, semantic components. However, their potential for analyzing Vision Transformers (ViTs) remains largely under-explored. In this work, we present the first application of SAEs to the ViT [CLS] token for out-of-distribution (OOD) detection, addressing the limitation of existing methods that rely on entangled feature representations. We propose a novel framework utilizing a Top-k SAE to disentangle the dense [CLS] features into a structured latent space. Through this analysis, we reveal that in-distribution (ID) data exhibits consistent, class-specific activation patterns, which we formalize as Class Activation Profiles (CAPs). Our study uncovers a key structural invariant: while ID samples preserve a stable pattern within CAPs, OOD samples systematically disrupt this structure. Leveraging this insight, we introduce a scoring function based on the divergence of core energy profiles to quantify the deviation from ideal activation profiles. Our method achieves strong results on the FPR95 metric--critical for safety-sensitive applications--across multiple benchmarks, while also achieving competitive AUROC. Overall, our findings demonstrate that the sparse, disentangled features revealed by SAEs can serve as a powerful, interpretable tool for robust OOD detection in vision models.","@InProceedings{Oh_2026_CVPR, author = {Oh, Ahyoung and Shin, Wonseok and Kim, Songkuk}, title = {Sparsity as a Key: Unlocking New Insights from Latent Structures for Out-of-Distribution Detection}, booktitle = {Proceedings of the IEEE/CVF Conference on Computer Vision and Pattern Recognition (CVPR)}, month = {June}, year = {2026}, pages = {19298-19307} }"
Li_Mostly_Text_Smart_Visuals_Asymmetric_Text-Visual_Pruning_for_Large_Vision-Language_CVPR_2026_paper,2026,1,Efficiency_Compression,Efficiency_Compression|Vision_Language_Multimodal|LLM_Reasoning_Agent,14.0,0.0,"Mostly Text, Smart Visuals: Asymmetric Text-Visual Pruning for Large Vision-Language Models",Sijie Li; Biao Qian; Jungong Han,3,10472-10481,True,https://openaccess.thecvf.com/content/CVPR2026/papers/Li_Mostly_Text_Smart_Visuals_Asymmetric_Text-Visual_Pruning_for_Large_Vision-Language_CVPR_2026_paper.pdf,https://openaccess.thecvf.com/content/CVPR2026/supplemental/Li_Mostly_Text_Smart_CVPR_2026_supplemental.pdf,https://openaccess.thecvf.com/content/CVPR2026/html/Li_Mostly_Text_Smart_Visuals_Asymmetric_Text-Visual_Pruning_for_Large_Vision-Language_CVPR_2026_paper.html,"Network pruning is an effective technique for enabling lightweight Large Vision-Language Models (LVLMs), which primarily incorporates both weights and activations into the importance metric. However, existing efforts typically process calibration data from different modalities in a unified manner, overlooking modality-specific behaviors. This raises a critical challenge: how to address the divergent behaviors of textual and visual tokens for accurate pruning of LVLMs. To this end, we systematically investigate the sensitivity of visual and textual tokens to the pruning operation by decoupling their corresponding weights, revealing that: (i) the textual pathway should be calibrated via text tokens, since it exhibits higher sensitivity than the visual pathway; (ii) the visual pathway exhibits high redundancy, permitting even 50% sparsity. Motivated by these insights, we propose a simple yet effective Asymmetric Text-Visual Weight Pruning method for LVLMs, dubbed ATV-Pruning, which establishes the importance metric for accurate weight pruning by selecting the informative tokens from both textual and visual pathways. Specifically, ATV-Pruning integrates two primary innovations: first, a calibration pool is adaptively constructed by drawing on all textual tokens and a subset of visual tokens; second, we devise a layer-adaptive selection strategy to yield important visual tokens. Finally, extensive experiments across standard multimodal benchmarks verify the superiority of our ATV-Pruning over state-of-the-art methods.","@InProceedings{Li_2026_CVPR, author = {Li, Sijie and Qian, Biao and Han, Jungong}, title = {Mostly Text, Smart Visuals: Asymmetric Text-Visual Pruning for Large Vision-Language Models}, booktitle = {Proceedings of the IEEE/CVF Conference on Computer Vision and Pattern Recognition (CVPR)}, month = {June}, year = {2026}, pages = {10472-10481} }"
Wang_When_Token_Pruning_is_Worse_than_Random_Understanding_Visual_Token_CVPR_2026_paper,2026,1,Efficiency_Compression,Efficiency_Compression,24.0,0.75,When Token Pruning is Worse than Random: Understanding Visual Token Information in VLLMs,Yahong Wang; Juncheng Wu; Zhangkai Ni; Longzhen Yang; Yihang Liu; Chengmei Yang; Ying Wen; Lianghua He; Xianfeng Tang; Hui Liu; Yuyin Zhou,11,31910-31919,True,https://openaccess.thecvf.com/content/CVPR2026/papers/Wang_When_Token_Pruning_is_Worse_than_Random_Understanding_Visual_Token_CVPR_2026_paper.pdf,https://openaccess.thecvf.com/content/CVPR2026/supplemental/Wang_When_Token_Pruning_CVPR_2026_supplemental.pdf,https://openaccess.thecvf.com/content/CVPR2026/html/Wang_When_Token_Pruning_is_Worse_than_Random_Understanding_Visual_Token_CVPR_2026_paper.html,"Vision Large Language Models (VLLMs) incur high computational costs due to their reliance on hundreds of visual tokens to represent images. While token pruning offers a promising solution for accelerating inference, this paper, however, identifies a key observation: in deeper layers (e.g., beyond the 20th), existing training-free pruning methods perform no better than random pruning. We hypothesize that this degradation is caused by ""vanishing token information"", where visual tokens progressively lose their salience with increasing network depth. To validate this hypothesis, we quantify a token's information content by measuring the change in the model output probabilities upon its removal. Using this proposed metric, our analysis of the information of visual tokens across layers reveals three key findings: (1) As layers deepen, the information of visual tokens gradually becomes uniform and eventually vanishes at an intermediate layer, which we term as ""information horizon"", beyond which the visual tokens become redundant;(2) The position of this horizon is not static; it extends deeper for visually intensive tasks, such as Optical Character Recognition (OCR), compared to more general tasks like Visual Question Answering (VQA);(3) This horizon is also strongly correlated with model capacity, as stronger VLLMs (e.g., Qwen2.5-VL) employ deeper visual tokens than weaker models (e.g., LLaVA-1.5).Based on our findings, we show that simple random pruning in deep layers efficiently balances performance and efficiency. Moreover, integrating random pruning consistently enhances existing methods. Using DivPrune with random pruning achieves state-of-the-art results, maintaining 96.9% of Qwen-2.5-VL-7B performance while pruning 50% of visual tokens. The code is available at https://github.com/YahongWang1/Information-Horizon.","@InProceedings{Wang_2026_CVPR, author = {Wang, Yahong and Wu, Juncheng and Ni, Zhangkai and Yang, Longzhen and Liu, Yihang and Yang, Chengmei and Wen, Ying and He, Lianghua and Tang, Xianfeng and Liu, Hui and Zhou, Yuyin}, title = {When Token Pruning is Worse than Random: Understanding Visual Token Information in VLLMs}, booktitle = {Proceedings of the IEEE/CVF Conference on Computer Vision and Pattern Recognition (CVPR)}, month = {June}, year = {2026}, pages = {31910-31919} }"
Wang_Revisiting_F-measure_Optimization_in_Multi-Label_Classification_A_Sampling-based_Approach_CVPR_2026_paper,2026,1,Efficiency_Compression,Efficiency_Compression,4.0,1.0,Revisiting F-measure Optimization in Multi-Label Classification: A Sampling-based Approach,Zixun Wang,1,16845-16854,True,https://openaccess.thecvf.com/content/CVPR2026/papers/Wang_Revisiting_F-measure_Optimization_in_Multi-Label_Classification_A_Sampling-based_Approach_CVPR_2026_paper.pdf,https://openaccess.thecvf.com/content/CVPR2026/supplemental/Wang_Revisiting_F-measure_Optimization_CVPR_2026_supplemental.pdf,https://openaccess.thecvf.com/content/CVPR2026/html/Wang_Revisiting_F-measure_Optimization_in_Multi-Label_Classification_A_Sampling-based_Approach_CVPR_2026_paper.html,"The F-measure is a widely used metric in multi-label classification, where multiple labels are predicted simultaneously for a single instance. The optimal prediction rule for F-measure requires estimating q^2+1 probabilities, where q is the number of labels. Existing approaches train q multinomial estimators (multi-class classifiers) to directly estimate these probabilities, followed by a matrix multiplication for making predictions. However, this method has two major drawbacks. First, the matrix multiplication incurs a time complexity of \mathcal O (q^3), which becomes computationally expensive for large q. Second, training multinomial estimators is challenging due to the sparsity of the underlying distributions, which results from the inherent imbalance in multi-label datasets and is further exacerbated by the label transformation required by the method itself. In this paper, we first demonstrate that matrix multiplication can be reformulated as a series of convolutions by exploiting a special structure in the matrix. These convolutions can then be efficiently computed using the Fast Fourier Transform (FFT), reducing the time complexity to \mathcal O (q^2\log q). To avoid multinomial label transformation, we propose an indirect sampling-then-estimation approach to estimate the required probabilities. This method trains only q binary estimators instead of multinomial ones, thereby alleviating the sparsity issue, simplifying the training process, and improving performance. We provide theoretical guarantees for the consistency of the proposed sampling-based method and demonstrate its effectiveness through extensive experiments on diverse datasets. The code is available in: https://github.com/ZixunWang/MLC-F1-Sampling.","@InProceedings{Wang_2026_CVPR, author = {Wang, Zixun}, title = {Revisiting F-measure Optimization in Multi-Label Classification: A Sampling-based Approach}, booktitle = {Proceedings of the IEEE/CVF Conference on Computer Vision and Pattern Recognition (CVPR)}, month = {June}, year = {2026}, pages = {16845-16854} }"
Kim_Dense_Metric_Depth_Completion_from_Sparse_Direct_Time-of-Flight_Sensors_CVPR_2026_paper,2026,0,LowLevel_Flow_Depth_Matching,LowLevel_Flow_Depth_Matching|Efficiency_Compression,18.0,0.556,Dense Metric Depth Completion from Sparse Direct Time-of-Flight Sensors,Hakyeong Kim; Ruicheng Wang; Chengtang Yao; Jiaolong Yang; Min H. Kim,5,36518-36528,True,https://openaccess.thecvf.com/content/CVPR2026/papers/Kim_Dense_Metric_Depth_Completion_from_Sparse_Direct_Time-of-Flight_Sensors_CVPR_2026_paper.pdf,https://openaccess.thecvf.com/content/CVPR2026/supplemental/Kim_Dense_Metric_Depth_CVPR_2026_supplemental.zip,https://openaccess.thecvf.com/content/CVPR2026/html/Kim_Dense_Metric_Depth_Completion_from_Sparse_Direct_Time-of-Flight_Sensors_CVPR_2026_paper.html,"Direct Time-of-Flight (dToF) sensors provide highly accurate metric depth and are more robust than indirect ToF systems in challenging real-world conditions. However, their high manufacturing cost and limited photodiode array size produce depth maps that are extremely sparse, low-resolution, and noisy, making them unsuitable for VR/XR, robotics, and 3D perception tasks that require dense metric depth. Existing monocular and depth completion methods struggle to handle the unique sampling patterns and hardware artifacts of dToF devices, and their performance often deteriorates significantly under severe sparsity or noise. We present a generalizable framework for dense metric depth completion from sparse dToF measurements, capable of operating across diverse sensor types, sparsity levels, and noise conditions. Our model employs a depth-guided dual-branch Vision Transformer encoder that processes RGB images and sparse dToF measurements separately, while a masked joint attention module allows depth tokens to reliably guide image features without being overwritten by them. A lightweight decoder reconstructs dense metric depth efficiently, without diffusion-based or refinement-heavy post-processing. To address the scarcity of paired training data, we introduce a comprehensive dToF simulation pipeline that reproduces the characteristics of flash, sub-VGA flash, and rotating sensors, including hardware-induced degradation, irregular sparsity, and realistic noise distributions. Trained entirely on synthetic data, our model achieves strong zero-shot generalization across 6 datasets and 3 real dToF devices, outperforming state-of-the-art approaches in both accuracy and computational efficiency. This establishes a robust and practical solution for dense metric depth completion from sparse direct ToF sensors.","@InProceedings{Kim_2026_CVPR, author = {Kim, Hakyeong and Wang, Ruicheng and Yao, Chengtang and Yang, Jiaolong and Kim, Min H.}, title = {Dense Metric Depth Completion from Sparse Direct Time-of-Flight Sensors}, booktitle = {Proceedings of the IEEE/CVF Conference on Computer Vision and Pattern Recognition (CVPR)}, month = {June}, year = {2026}, pages = {36518-36528} }"
Huang_SelecTKD_Selective_Token-Weighted_Knowledge_Distillation_for_LLMs_CVPR_2026_paper,2026,0,LLM_Reasoning_Agent,LLM_Reasoning_Agent|Efficiency_Compression,19.0,0.368,SelecTKD: Selective Token-Weighted Knowledge Distillation for LLMs,Haiduo Huang; Jiangcheng Song; Yadong Zhang; Pengju Ren,4,19287-19297,True,https://openaccess.thecvf.com/content/CVPR2026/papers/Huang_SelecTKD_Selective_Token-Weighted_Knowledge_Distillation_for_LLMs_CVPR_2026_paper.pdf,https://openaccess.thecvf.com/content/CVPR2026/supplemental/Huang_SelecTKD_Selective_Token-Weighted_CVPR_2026_supplemental.pdf,https://openaccess.thecvf.com/content/CVPR2026/html/Huang_SelecTKD_Selective_Token-Weighted_Knowledge_Distillation_for_LLMs_CVPR_2026_paper.html,"Knowledge distillation (KD) is a standard route to compress Large Language Models (LLMs) into compact students, yet most pipelines uniformly apply token-wise loss regardless of teacher confidence. This indiscriminate supervision amplifies noisy, high-entropy signals and is especially harmful under large teacher-student capacity gaps. We introduce SelecTKD, a plug-and-play Selective Token-Weighted distillation framework that shifts the focus from ""how to measure divergence"" to ""where to apply learning"". At each step, the student proposes tokens that are verified by the teacher through a robust propose-and-verify procedure with two variants: greedy Top-k and non-greedy Spec-k. Accepted tokens receive full loss, while rejected tokens are masked or down-weighted. This objective-agnostic design works with on- and off-policy data, induces an implicit curriculum quantified by Token Acceptance Rate (TAR), and stabilizes optimization. Across instruction following, mathematical reasoning, code generation, and a VLM setting, SelecTKD consistently improves strong baselines and achieves state-of-the-art results for small models without architectural changes or extra reference models.","@InProceedings{Huang_2026_CVPR, author = {Huang, Haiduo and Song, Jiangcheng and Zhang, Yadong and Ren, Pengju}, title = {SelecTKD: Selective Token-Weighted Knowledge Distillation for LLMs}, booktitle = {Proceedings of the IEEE/CVF Conference on Computer Vision and Pattern Recognition (CVPR)}, month = {June}, year = {2026}, pages = {19287-19297} }"
Xiong_Prune2Drive_A_Plug-and-Play_Framework_for_Accelerating_Vision-Language_Models_in_Autonomous_CVPR_2026_paper,2026,0,Vision_Language_Multimodal,Vision_Language_Multimodal|Efficiency_Compression|Autonomous_Driving,18.0,0.167,Prune2Drive: A Plug-and-Play Framework for Accelerating Vision-Language Models in Autonomous Driving,Minhao Xiong; Zichen Wen; Zhuangcheng Gu; Xuyang Liu; Rui Zhang; Hengrui Kang; Jiabing Yang; Junyuan Zhang; Weijia Li; Conghui He; Linfeng Zhang,11,25215-25224,True,https://openaccess.thecvf.com/content/CVPR2026/papers/Xiong_Prune2Drive_A_Plug-and-Play_Framework_for_Accelerating_Vision-Language_Models_in_Autonomous_CVPR_2026_paper.pdf,https://openaccess.thecvf.com/content/CVPR2026/supplemental/Xiong_Prune2Drive_A_Plug-and-Play_CVPR_2026_supplemental.pdf,https://openaccess.thecvf.com/content/CVPR2026/html/Xiong_Prune2Drive_A_Plug-and-Play_Framework_for_Accelerating_Vision-Language_Models_in_Autonomous_CVPR_2026_paper.html,"Vision-Language Models (VLMs) have emerged as a promising paradigm in autonomous driving (AD), providing a unified framework for perception and decisionmaking. However, their real-world deployment is hindered by significant computational overhead when processing high-resolution, multi-view images. This complexity stems from the massive number of visual tokens, which increases inference latency and memory consumption due to the quadratic complexity of self-attention. To address these challenges, we propose Prune2Drive, a plug-and-play visual token pruning framework for multi-view VLMs in AD. Prune2Drive introduces two core innovations: (i) a diversity-aware token selection mechanism that prioritizes semantic and spatial coverage across views, and (ii) a view-adaptive pruning controller that automatically learns optimal pruning ratios based on camera importance to downstream tasks. Unlike prior methods, Prune2Drive requires no model retraining or access to attention maps, ensuring compatibility with modern efficient attention implementations. Extensive experiments on the DriveLM and DriveLMM-o1 benchmarks demonstrate that Prune2Drive achieves significant speedups and memory savings with minimal performance impact. When retaining only 10% of visual tokens, our method achieves a 6.40x speedup in the prefilling phase and consumes only 13.4% of the original FLOPs, with a mere 3% average performance drop on the DriveLM benchmark. Code is available at: https://github.com/MinhaoXiong/Prune2Drive.git","@InProceedings{Xiong_2026_CVPR, author = {Xiong, Minhao and Wen, Zichen and Gu, Zhuangcheng and Liu, Xuyang and Zhang, Rui and Kang, Hengrui and Yang, Jiabing and Zhang, Junyuan and Li, Weijia and He, Conghui and Zhang, Linfeng}, title = {Prune2Drive: A Plug-and-Play Framework for Accelerating Vision-Language Models in Autonomous Driving}, booktitle = {Proceedings of the IEEE/CVF Conference on Computer Vision and Pattern Recognition (CVPR)}, month = {June}, year = {2026}, pages = {25215-25224} }"
Sun_IF-Prune_Information-Flow_Guided_Token_Pruning_for_Efficient_Vision-Language_Models_CVPR_2026_paper,2026,1,Efficiency_Compression,Efficiency_Compression|Vision_Language_Multimodal,21.0,0.0,IF-Prune: Information-Flow Guided Token Pruning for Efficient Vision-Language Models,Guohao Sun; Yufei Wang; Sizhuo Ma; Yuege Xie; Yuting Cheng; Zhiqiang Tao; Jian Wang,7,3522-3531,True,https://openaccess.thecvf.com/content/CVPR2026/papers/Sun_IF-Prune_Information-Flow_Guided_Token_Pruning_for_Efficient_Vision-Language_Models_CVPR_2026_paper.pdf,https://openaccess.thecvf.com/content/CVPR2026/supplemental/Sun_IF-Prune_Information-Flow_Guided_CVPR_2026_supplemental.pdf,https://openaccess.thecvf.com/content/CVPR2026/html/Sun_IF-Prune_Information-Flow_Guided_Token_Pruning_for_Efficient_Vision-Language_Models_CVPR_2026_paper.html,"Vision-language models (VLMs) with dynamic resolution vision encoders achieve strong performance, but face significant efficiency challenges due to long input sequences. A common approach is to assess the importance of tokens and prune those that are less informative. Recent methods utilizing a small VLM to provide the importance map of visual tokens have outperformed existing rule-based and similarity-driven pruning approaches, particularly under high pruning ratios. However, directly using the small VLM remains unreliable, as it utilizes the aggregated visual attention weights as importance score, which can lead to noisy guidance if the generated tokens are incorrect.To address this, we invert the approach by having it detect non-informative visual tokens according to the user's input query. By adding a variational information bottleneck in the small VLM, we can approximate the entropy of each visual token as pruning guidance. Such a posteriori-guided pruning method allows the large VLM to retain its reasoning capacity with improved efficiency. Extensive experiments on eight benchmarks demonstrate the effectiveness of our approach. With only 5% of visual tokens retained, the large VLM preserves 95% of its original performance, outperforming the state of the art by 8%.","@InProceedings{Sun_2026_CVPR, author = {Sun, Guohao and Wang, Yufei and Ma, Sizhuo and Xie, Yuege and Cheng, Yuting and Tao, Zhiqiang and Wang, Jian}, title = {IF-Prune: Information-Flow Guided Token Pruning for Efficient Vision-Language Models}, booktitle = {Proceedings of the IEEE/CVF Conference on Computer Vision and Pattern Recognition (CVPR)}, month = {June}, year = {2026}, pages = {3522-3531} }"
Zhang_Curvature-Aware_Zeroth-Order_Optimization_for_Memory-Efficient_Test-Time_Adaptation_CVPR_2026_paper,2026,0,Transfer_FewShot_DomainAdaptation,Transfer_FewShot_DomainAdaptation|Efficiency_Compression,12.0,0.333,Curvature-Aware Zeroth-Order Optimization for Memory-Efficient Test-Time Adaptation,Junming Zhang; Shuyu Yin; Peilin Liu; Rendong Ying; Fei Wen,5,836-846,True,https://openaccess.thecvf.com/content/CVPR2026/papers/Zhang_Curvature-Aware_Zeroth-Order_Optimization_for_Memory-Efficient_Test-Time_Adaptation_CVPR_2026_paper.pdf,https://openaccess.thecvf.com/content/CVPR2026/supplemental/Zhang_Curvature-Aware_Zeroth-Order_Optimization_CVPR_2026_supplemental.pdf,https://openaccess.thecvf.com/content/CVPR2026/html/Zhang_Curvature-Aware_Zeroth-Order_Optimization_for_Memory-Efficient_Test-Time_Adaptation_CVPR_2026_paper.html,"Test-time adaptation (TTA) aims to enhance the cross-domain performance of pre-trained models by adapting to unlabeled test data.While most existing TTA methods rely on backpropagation (BP) for finetuning, BP-free methods such as zeroth-order (ZO) methods are more desired in practical on-device scenarios. ZO methods rely only on forward computation, which can largely reduce the complexity and memory overhead of on-device deployment.However, ZO methods suffer from much higher variance compared with first-order methods in estimating the gradient.To address this, we propose an improved ZO method to substantially boost the performance of ZO optimization based TTA.First, we provide an observation to reveal the persistent low-rank Hessian structure of the loss during the adaptation process. Based on this insight, we then propose a loss-landscape curvature-aware zeroth-order (CAZO) method, which leverages a sliding-average estimation of the diagonal Hessian to construct a covariance matrix for anisotropic perturbation sampling. CAZO operates by freezing pretrained weights and optimizing minimal adapter parameters via forward-only passes based gradient estimation, which can substantially reduce the memory overhead compared to BP-based methods. Extensive experiments demonstrate that CAZO significantly outperforms existing TTA methods, achieving state-of-the-art performance while maintaining an excellent balance between accuracy and memory efficiency. Code is available at https://github.com/Hollyming/CAZO.","@InProceedings{Zhang_2026_CVPR, author = {Zhang, Junming and Yin, Shuyu and Liu, Peilin and Ying, Rendong and Wen, Fei}, title = {Curvature-Aware Zeroth-Order Optimization for Memory-Efficient Test-Time Adaptation}, booktitle = {Proceedings of the IEEE/CVF Conference on Computer Vision and Pattern Recognition (CVPR)}, month = {June}, year = {2026}, pages = {836-846} }"
Ye_ReMoGen_Real-time_Human_Interaction-to-Reaction_Generation_via_Modular_Learning_from_Diverse_CVPR_2026_paper,2026,1,Efficiency_Compression,Efficiency_Compression,4.0,0.25,ReMoGen: Real-time Human Interaction-to-Reaction Generation via Modular Learning from Diverse Data,Yaoqin Ye; Yiteng Xu; Qin Sun; Xinge Zhu; Yujing Sun; Yuexin Ma,6,16475-16485,True,https://openaccess.thecvf.com/content/CVPR2026/papers/Ye_ReMoGen_Real-time_Human_Interaction-to-Reaction_Generation_via_Modular_Learning_from_Diverse_CVPR_2026_paper.pdf,https://openaccess.thecvf.com/content/CVPR2026/supplemental/Ye_ReMoGen_Real-time_Human_CVPR_2026_supplemental.zip,https://openaccess.thecvf.com/content/CVPR2026/html/Ye_ReMoGen_Real-time_Human_Interaction-to-Reaction_Generation_via_Modular_Learning_from_Diverse_CVPR_2026_paper.html,"Human behaviors in real-world environments are inherently interactive, with an individual's motion shaped by surrounding agents and the scene. Such capabilities are essential for applications in virtual avatars, interactive animation, and human-robot collaboration. We target real-time human interaction-to-reaction generation, which generates the ego's future motion from dynamic multi-source cues, including others' actions, scene geometry, and optional high-level semantic inputs. This task is fundamentally challenging due to (i) limited and fragmented interaction data distributed across heterogeneous single-person, human-human, and human-scene domains, and (ii) the need to produce low-latency yet high-fidelity motion responses during continuous online interaction. To address these challenges, we propose ReMoGen (Reaction Motion Generation), a modular learning framework for real-time interaction-to-reaction generation. ReMoGen leverages a universal motion prior learned from large-scale single-person motion datasets and adapts it to target interaction domains through independently trained Meta-Interaction modules, enabling robust generalization under data-scarce and heterogeneous supervision. To support responsive online interaction, ReMoGen performs segment-level generation together with a lightweight Frame-wise Segment Refinement module that incorporates newly observed cues at the frame level, improving both responsiveness and temporal coherence without expensive full-sequence inference. Extensive experiments across human-human, human-scene, and mixed-modality interaction settings show that ReMoGen produces high-quality, coherent, and responsive reactions, while generalizing effectively across diverse interaction scenarios.","@InProceedings{Ye_2026_CVPR, author = {Ye, Yaoqin and Xu, Yiteng and Sun, Qin and Zhu, Xinge and Sun, Yujing and Ma, Yuexin}, title = {ReMoGen: Real-time Human Interaction-to-Reaction Generation via Modular Learning from Diverse Data}, booktitle = {Proceedings of the IEEE/CVF Conference on Computer Vision and Pattern Recognition (CVPR)}, month = {June}, year = {2026}, pages = {16475-16485} }"
Lorenz_DSFlash_Comprehensive_Panoptic_Scene_Graph_Generation_in_Realtime_CVPR_2026_paper,2026,0,Segmentation,Segmentation|Efficiency_Compression|Embodied_AI_Robotics,12.0,0.417,DSFlash: Comprehensive Panoptic Scene Graph Generation in Realtime,Julian Lorenz; Vladyslav Kovganko; Elias Kohout; Mrunmai Phatak; Daniel Kienzle; Rainer Lienhart,6,17388-17398,True,https://openaccess.thecvf.com/content/CVPR2026/papers/Lorenz_DSFlash_Comprehensive_Panoptic_Scene_Graph_Generation_in_Realtime_CVPR_2026_paper.pdf,https://openaccess.thecvf.com/content/CVPR2026/supplemental/Lorenz_DSFlash_Comprehensive_Panoptic_CVPR_2026_supplemental.pdf,https://openaccess.thecvf.com/content/CVPR2026/html/Lorenz_DSFlash_Comprehensive_Panoptic_Scene_Graph_Generation_in_Realtime_CVPR_2026_paper.html,"Scene Graph Generation (SGG) aims to extract a detailed graph structure from an image, a representation that holds significant promise as a robust intermediate step for complex downstream tasks like reasoning for embodied agents. However, practical deployment in real-world applications - especially on resource constrained edge devices - requires speed and resource efficiency, challenges that have received limited attention in existing research. To bridge this gap, we introduce DSFlash, a low-latency model for panoptic scene graph generation designed to overcome these limitations. DSFlash can efficiently process video streams without compromising performance against existing state-of-the-art methods, with smaller DSFlash variants achieving 56 frames per second on a standard RTX 3090 GPU. Crucially, unlike prior approaches that often restrict themselves to salient relationships, DSFlash computes comprehensive scene graphs, offering richer contextual information while maintaining its superior latency. Furthermore, DSFlash is light on resources, requiring less than 24 hours to train on a single, nine-year-old GTX 1080 GPU. This accessibility makes DSFlash particularly well-suited for researchers and practitioners operating with limited computational resources, empowering them to adapt and fine-tune SGG models for specialized applications.","@InProceedings{Lorenz_2026_CVPR, author = {Lorenz, Julian and Kovganko, Vladyslav and Kohout, Elias and Phatak, Mrunmai and Kienzle, Daniel and Lienhart, Rainer}, title = {DSFlash: Comprehensive Panoptic Scene Graph Generation in Realtime}, booktitle = {Proceedings of the IEEE/CVF Conference on Computer Vision and Pattern Recognition (CVPR)}, month = {June}, year = {2026}, pages = {17388-17398} }"
Zhao_OmniZip_Learning_a_Unified_and_Lightweight_Lossless_Compressor_for_Multi-Modal_CVPR_2026_paper,2026,1,Efficiency_Compression,Efficiency_Compression|Vision_Language_Multimodal,13.0,0.077,OmniZip: Learning a Unified and Lightweight Lossless Compressor for Multi-Modal Data,Yan Zhao; Zhengxue Cheng; Junxuan Zhang; Dajiang Zhou; Qunshan Gu; Qi Wang; Li Song,7,5337-5347,True,https://openaccess.thecvf.com/content/CVPR2026/papers/Zhao_OmniZip_Learning_a_Unified_and_Lightweight_Lossless_Compressor_for_Multi-Modal_CVPR_2026_paper.pdf,https://openaccess.thecvf.com/content/CVPR2026/supplemental/Zhao_OmniZip_Learning_a_CVPR_2026_supplemental.pdf,https://openaccess.thecvf.com/content/CVPR2026/html/Zhao_OmniZip_Learning_a_Unified_and_Lightweight_Lossless_Compressor_for_Multi-Modal_CVPR_2026_paper.html,"Lossless compression is essential for efficient data storage and transmission. Although learning-based lossless compressors achieve strong results, most of them are designed for a single modality, leading to redundant compressor deployments in multi-modal settings. Designing a unified multi-modal compressor is critical yet challenging, as different data types vary largely in format, dimension, and statistics. Multi-modal large language models offer a promising resolution but remain too complex for practical use. Thus, we propose OmniZip, a unified and lightweight lossless compressor for multi-modal data (like image, text, speech, tactile, database, and gene sequence). Built on a lightweight backbone, OmniZip incorporates three key components to enable efficient multi-modal lossless compression: a modality-unified tokenizer that reversibly transforms diverse data into tokens, a modality-routing context learning mechanism that enables flexible multi-modal context modeling, and a modality-routing feedforward design that further enhances the model's nonlinear representation flexibility. A reparameterization training strategy is used to enhance model capacity. It outperforms or matches other state-of-the-art compressors on multiple modalities, achieving 42%, 57%, 62% and 42%, 53% higher compression efficiency than gzip on CLIC-M, TouchandGo, enwik9, LibriSpeech, and WikiSQL datasets, respectively. It also supports near real-time inference on resource-constrained edge devices, reaching up to 1MB/s on MacBook CPUs and iPhone NPUs. Our code will be released upon acceptance.","@InProceedings{Zhao_2026_CVPR, author = {Zhao, Yan and Cheng, Zhengxue and Zhang, Junxuan and Zhou, Dajiang and Gu, Qunshan and Wang, Qi and Song, Li}, title = {OmniZip: Learning a Unified and Lightweight Lossless Compressor for Multi-Modal Data}, booktitle = {Proceedings of the IEEE/CVF Conference on Computer Vision and Pattern Recognition (CVPR)}, month = {June}, year = {2026}, pages = {5337-5347} }"
Xiao_MuKV_Multi-Grained_KV_Cache_Compression_for_Long_Streaming_Video_Question-Answering_CVPR_2026_paper,2026,1,Efficiency_Compression,Efficiency_Compression|LLM_Reasoning_Agent,15.0,0.333,MuKV: Multi-Grained KV Cache Compression for Long Streaming Video Question-Answering,Junbin Xiao; Jiajun Chen; Tianxiang Sun; Xun Yang; Angela Yao,5,11381-11391,True,https://openaccess.thecvf.com/content/CVPR2026/papers/Xiao_MuKV_Multi-Grained_KV_Cache_Compression_for_Long_Streaming_Video_Question-Answering_CVPR_2026_paper.pdf,https://openaccess.thecvf.com/content/CVPR2026/supplemental/Xiao_MuKV_Multi-Grained_KV_CVPR_2026_supplemental.pdf,https://openaccess.thecvf.com/content/CVPR2026/html/Xiao_MuKV_Multi-Grained_KV_Cache_Compression_for_Long_Streaming_Video_Question-Answering_CVPR_2026_paper.html,"Long streaming video QA remains challenging due to growing visual tokens and limited reasoning length of large language models (LLMs). KV-caching stores the Key-Value (KV) of the historical tokens via LLM prefill and enables more efficient streaming QA. However, existing methods cache every one or two frames, causing redundant memory usage and losing fine-grained spatial details within frame or temporal contexts across frames. This paper proposes MuKV, a method that features a multi-grained KV cache compression module and a semi-hierarchical retrieval approach to improve both efficiency and accuracy for long streaming VideoQA. For the offline KV cache, MuKV extracts visual representations at patch-, frame-, and segment-levels. The multiple levels of granularity preserve both local cues and global temporal context, while maintaining efficiency with a dual signal token compression mechanism guided by self-attention and frequency. For online QA, MuKV designs a semi-hierarchical retrieval method to retrieve relevant KV caches for answer generation. Experiments on long-streaming VideoQA benchmarks show that MuKV significantly improves answer accuracy, without sacrificing memory and online QA efficiency. Moreover, our compression mechanism alone brings consistent benefits across answer accuracy, memory, and QA efficiency over baselines, showcasing highly effective contribution.","@InProceedings{Xiao_2026_CVPR, author = {Xiao, Junbin and Chen, Jiajun and Sun, Tianxiang and Yang, Xun and Yao, Angela}, title = {MuKV: Multi-Grained KV Cache Compression for Long Streaming Video Question-Answering}, booktitle = {Proceedings of the IEEE/CVF Conference on Computer Vision and Pattern Recognition (CVPR)}, month = {June}, year = {2026}, pages = {11381-11391} }"
Kim_HeSS_Head_Sensitivity_Score_for_Sparsity_Redistribution_in_VGGT_CVPR_2026_paper,2026,1,Efficiency_Compression,Efficiency_Compression,13.0,0.692,HeSS: Head Sensitivity Score for Sparsity Redistribution in VGGT,Yongsung Kim; Wooseok Song; Jaihyun Lew; Hun Hwangbo; Jaehoon Lee; Sungroh Yoon,6,36509-36517,True,https://openaccess.thecvf.com/content/CVPR2026/papers/Kim_HeSS_Head_Sensitivity_Score_for_Sparsity_Redistribution_in_VGGT_CVPR_2026_paper.pdf,https://openaccess.thecvf.com/content/CVPR2026/supplemental/Kim_HeSS_Head_Sensitivity_CVPR_2026_supplemental.pdf,https://openaccess.thecvf.com/content/CVPR2026/html/Kim_HeSS_Head_Sensitivity_Score_for_Sparsity_Redistribution_in_VGGT_CVPR_2026_paper.html,"Visual Geometry Grounded Transformer (VGGT) has advanced 3D vision, yet its global attention layers suffer from quadratic computational costs that hinder scalability. Several sparsification-based acceleration techniques have been proposed to alleviate this issue, but they often suffer from substantial accuracy degradation. We hypothesize that the accuracy degradation stems from the heterogeneity in head-wise sparsification sensitivity, as the existing methods apply a uniform sparsity pattern across all heads. Motivated by this hypothesis, we present a two-stage sparsification pipeline that effectively quantifies and exploits headwise sparsification sensitivity. In the first stage, we measure head-wise sparsification sensitivity using a novel metric, the Head Sensitivity Score (HeSS), which approximates the Hessian with respect to two distinct error terms on a small calibration set. In the inference stage, we perform HeSS-Guided Sparsification, leveraging the pre-computed HeSS to reallocate the total attention budget-assigning denser attention to sensitive heads and sparser attention to more robust ones. We demonstrate that HeSS effectively captures head-wise sparsification sensitivity and empirically confirm that attention heads in the global attention layers exhibit heterogeneous sensitivity characteristics. Extensive experiments further show that our method effectively mitigates performance degradation under high sparsity, demonstrating strong robustness across varying sparsification levels. Code is available at https://github.com/libary753/HeSS.","@InProceedings{Kim_2026_CVPR, author = {Kim, Yongsung and Song, Wooseok and Lew, Jaihyun and Hwangbo, Hun and Lee, Jaehoon and Yoon, Sungroh}, title = {HeSS: Head Sensitivity Score for Sparsity Redistribution in VGGT}, booktitle = {Proceedings of the IEEE/CVF Conference on Computer Vision and Pattern Recognition (CVPR)}, month = {June}, year = {2026}, pages = {36509-36517} }"
Shen_Beyond_Fixed_Formulas_Data-Driven_Linear_Predictor_for_Efficient_Diffusion_Models_CVPR_2026_paper,2026,0,Diffusion_Generative,Diffusion_Generative|Efficiency_Compression,15.0,0.333,Beyond Fixed Formulas: Data-Driven Linear Predictor for Efficient Diffusion Models,Zhirong Shen; Rui Huang; Jiacheng Liu; Chang Zou; Peiliang Cai; Shikang Zheng; Zhengyi Shi; Liang Feng; Linfeng Zhang,9,30792-30801,True,https://openaccess.thecvf.com/content/CVPR2026/papers/Shen_Beyond_Fixed_Formulas_Data-Driven_Linear_Predictor_for_Efficient_Diffusion_Models_CVPR_2026_paper.pdf,https://openaccess.thecvf.com/content/CVPR2026/supplemental/Shen_Beyond_Fixed_Formulas_CVPR_2026_supplemental.pdf,https://openaccess.thecvf.com/content/CVPR2026/html/Shen_Beyond_Fixed_Formulas_Data-Driven_Linear_Predictor_for_Efficient_Diffusion_Models_CVPR_2026_paper.html,"Diffusion Transformers (DiTs) have achieved state-of-the-art image and video generation performance, but sampling remains expensive due to repeated transformer forward passes over many timesteps. Feature caching offers a training-free way to accelerate inference by reusing or forecasting hidden representations, yet recent forecasting-based methods derive their coefficients from hand-crafted formulas (e.g., Taylor expansion), which ultimately reduce to fixed linear combinations of a few historical features. Such fixed coefficients are suboptimal and fragile under aggressive skipping. In this paper, we first show that existing forecasting-based caching methods can be unified in a common linear form, and then analyze DiT feature trajectories, finding that for most denoising steps the current feature can be reconstructed from past features with projection fidelity above 0.95, indicating that accurate linear prediction is feasible. Motivated by this, we propose L^2P (Learnable Linear Predictor), a simple data-driven caching framework that replaces hand-designed coefficients with learnable per-timestep weights trained on a small set of cached trajectories using a mean-squared error loss, converging in about 20 seconds on a single GPU. Extensive experiments on state-of-the-art DiTs demonstrate that L^2P consistently outperforms existing caching baselines: on FLUX.1-dev, L^2P achieves a 4.55xFLOPs reduction and 4.15xlatency speedup with a PSNR of 31.459, and on Qwen-Image and Qwen-Image-Lightning, it maintains high visual fidelity even under up to 7.18xacceleration, where prior methods suffer from noticeable quality degradation. These results show that learning linear predictors is a practical and effective alternative to designing increasingly complex forecasting formulas for efficient diffusion model inference. The implementation code is available at https://github.com/Aredstone/L2P-Cache.","@InProceedings{Shen_2026_CVPR, author = {Shen, Zhirong and Huang, Rui and Liu, Jiacheng and Zou, Chang and Cai, Peiliang and Zheng, Shikang and Shi, Zhengyi and Feng, Liang and Zhang, Linfeng}, title = {Beyond Fixed Formulas: Data-Driven Linear Predictor for Efficient Diffusion Models}, booktitle = {Proceedings of the IEEE/CVF Conference on Computer Vision and Pattern Recognition (CVPR)}, month = {June}, year = {2026}, pages = {30792-30801} }"
Chen_StreamingTOM_Streaming_Token_Compression_for_Efficient_Video_Understanding_CVPR_2026_paper,2026,1,Efficiency_Compression,Efficiency_Compression|Video_Action_Recognition,23.0,0.261,StreamingTOM: Streaming Token Compression for Efficient Video Understanding,Xueyi Chen; Keda Tao; Kele Shao; Huan Wang,4,24675-24685,True,https://openaccess.thecvf.com/content/CVPR2026/papers/Chen_StreamingTOM_Streaming_Token_Compression_for_Efficient_Video_Understanding_CVPR_2026_paper.pdf,https://openaccess.thecvf.com/content/CVPR2026/supplemental/Chen_StreamingTOM_Streaming_Token_CVPR_2026_supplemental.pdf,https://openaccess.thecvf.com/content/CVPR2026/html/Chen_StreamingTOM_Streaming_Token_Compression_for_Efficient_Video_Understanding_CVPR_2026_paper.html,"Unlike offline processing, streaming video vision-language models face two fundamental constraints: causality and accumulation. Causality prevents access to future frames that offline methods exploit, while accumulation causes tokens to grow unbounded, creating efficiency bottlenecks. However, existing approaches only regulate post-LLM kv-cache, leaving costly pre-LLM prefill unchanged. We introduce StreamingTOM, a training-free, plug-and-play two-stage framework that addresses both pre-LLM and post-LLM bottlenecks. Causal Temporal Reduction imposes a fixed per-frame budget and selects tokens based on adjacent-frame changes and token saliency, drastically reducing per-frame prefill cost by processing only a compact subset of visual tokens, ensuring predictable latency. Online Quantized Memory stores tokens in 4-bit format, retrieves relevant groups on demand, and dequantizes them, keeping the active kv-cache bounded regardless of stream length. Experiments demonstrate our method achieves 15.7x kv-cache compression ratio; compared to prior SOTA (LiveVLM), it delivers 1.2x lower peak memory and 2x faster TTFT. StreamingTOM achieves state-of-the-art accuracy among training-free methods with an average of 63.8% on offline benchmarks and 55.8% accuracy and 3.7 score on RVS. These results demonstrate that real-time streaming video understanding with bounded active memory is achievable without model retraining.","@InProceedings{Chen_2026_CVPR, author = {Chen, Xueyi and Tao, Keda and Shao, Kele and Wang, Huan}, title = {StreamingTOM: Streaming Token Compression for Efficient Video Understanding}, booktitle = {Proceedings of the IEEE/CVF Conference on Computer Vision and Pattern Recognition (CVPR)}, month = {June}, year = {2026}, pages = {24675-24685} }"
Fang_ResCa_Residual_Caching_for_Diffusion_Transformers_Acceleration_CVPR_2026_paper,2026,1,Efficiency_Compression,Efficiency_Compression|Diffusion_Generative|Restoration_Enhancement,19.0,0.211,ResCa: Residual Caching for Diffusion Transformers Acceleration,Haipeng Fang; Yu Li; Fan Tang; Yixing Lu; Juan Cao; Sheng Tang,6,32957-32966,True,https://openaccess.thecvf.com/content/CVPR2026/papers/Fang_ResCa_Residual_Caching_for_Diffusion_Transformers_Acceleration_CVPR_2026_paper.pdf,https://openaccess.thecvf.com/content/CVPR2026/supplemental/Fang_ResCa_Residual_Caching_CVPR_2026_supplemental.pdf,https://openaccess.thecvf.com/content/CVPR2026/html/Fang_ResCa_Residual_Caching_for_Diffusion_Transformers_Acceleration_CVPR_2026_paper.html,"Diffusion transformers have achieved remarkable progress in high-quality image and video generation, but their computational overhead remains a significant challenge. Existing token reduction-based acceleration techniques, such as caching and merging, attempt to reduce this cost from both temporal and spatial perspectives, but often compromise generation quality by introducing non-updated or non-self denosing directions. In this paper, we propose Residual Caching (ResCa), a novel, training-free framework that introduces a proxy denoising perspective to overcome these limitations. ResCa achieves acceleration while maintaining a denoising trajectory that is both self and updated. The core idea is to perform true denoising on only one proxy token within each trajectory-based cluster, and use its computed multi-order residuals to guide the simulated denoising of all other tokens. ResCa can be seamlessly integrated into various diffusion models, including DiT, FLUX, and HunyuanVideo. Extensive quantitative and qualitative experiments demonstrate the effectiveness of our method, achieving up to a 5.5 times acceleration in GFLOPs while maintaining near-lossless generation quality on FLUX. Project page: https://fanghaipeng.github.io/ResCa.","@InProceedings{Fang_2026_CVPR, author = {Fang, Haipeng and Li, Yu and Tang, Fan and Lu, Yixing and Cao, Juan and Tang, Sheng}, title = {ResCa: Residual Caching for Diffusion Transformers Acceleration}, booktitle = {Proceedings of the IEEE/CVF Conference on Computer Vision and Pattern Recognition (CVPR)}, month = {June}, year = {2026}, pages = {32957-32966} }"
Gao_QuietPrune_Query-Guided_Early_Token_Pruning_for_Vision-Language_Models_CVPR_2026_paper,2026,1,Efficiency_Compression,Efficiency_Compression|Vision_Language_Multimodal,33.0,0.303,QuietPrune: Query-Guided Early Token Pruning for Vision-Language Models,Tianxiao Gao; Shanwei Zhao; Shuo Fang; Shiai Zhu; Chenguang Ma,5,3553-3562,True,https://openaccess.thecvf.com/content/CVPR2026/papers/Gao_QuietPrune_Query-Guided_Early_Token_Pruning_for_Vision-Language_Models_CVPR_2026_paper.pdf,https://openaccess.thecvf.com/content/CVPR2026/supplemental/Gao_QuietPrune_Query-Guided_Early_CVPR_2026_supplemental.pdf,https://openaccess.thecvf.com/content/CVPR2026/html/Gao_QuietPrune_Query-Guided_Early_Token_Pruning_for_Vision-Language_Models_CVPR_2026_paper.html,"Vision-language models (VLMs) demonstrate powerful capabilities in multimodal tasks. However, the large number of visual tokens imposes a significant computational cost. In this paper, we propose QuietPrune, a QUery-guIded Early Token Pruning method to remove redundant visual tokens within VLMs, thereby enhancing computational efficiency. Unlike previous late pruning methods, we recognize that implementing early pruning within the vision transformer (ViT) can achieve benefits in both latency reduction and accuracy maintenance. To address the semantic loss problem in early pruning, we design a lightweight adapter by performing an inverse transformation of the projector in VLMs. The proposed adapter converts the contextual query into a visual domain [Q-CLS] (Query [CLS]) token, providing textual guidance for ViT pruning. During pruning, we further introduce a semi-structured pruning scheme based on visual-textual relevance. Specifically, we group spatially adjacent 2 x2 tokens to accommodate the visual token merging operation prevalent in mainstream VLMs. We use the mean attention scores between the [Q-CLS] token and the visual tokens as the relevance metric for each group, avoiding additional computation. Pruning is then applied at the group level based on the relevance score, preserving positional continuity. After pruning, we aggregate the redundant tokens into a single token to maintain context cues. Our method achieves up to 19.0% reduction in prefill latency while outperforming 4.2% in accuracy on the recent Qwen3-VL and InternVL3 series compared to existing late pruning methods.","@InProceedings{Gao_2026_CVPR, author = {Gao, Tianxiao and Zhao, Shanwei and Fang, Shuo and Zhu, Shiai and Ma, Chenguang}, title = {QuietPrune: Query-Guided Early Token Pruning for Vision-Language Models}, booktitle = {Proceedings of the IEEE/CVF Conference on Computer Vision and Pattern Recognition (CVPR)}, month = {June}, year = {2026}, pages = {3553-3562} }"
Zheng_From_Sketch_to_Fresco_Efficient_Diffusion_Transformer_with_Progressive_Resolution_CVPR_2026_paper,2026,0,Diffusion_Generative,Diffusion_Generative|Efficiency_Compression,12.0,0.083,From Sketch to Fresco: Efficient Diffusion Transformer with Progressive Resolution,Shikang Zheng; Guantao Chen; Landis He; Jiacheng Liu; Yuqi Lin; Chang Zou; Linfeng Zhang,7,18714-18723,True,https://openaccess.thecvf.com/content/CVPR2026/papers/Zheng_From_Sketch_to_Fresco_Efficient_Diffusion_Transformer_with_Progressive_Resolution_CVPR_2026_paper.pdf,https://openaccess.thecvf.com/content/CVPR2026/supplemental/Zheng_From_Sketch_to_CVPR_2026_supplemental.pdf,https://openaccess.thecvf.com/content/CVPR2026/html/Zheng_From_Sketch_to_Fresco_Efficient_Diffusion_Transformer_with_Progressive_Resolution_CVPR_2026_paper.html,"Diffusion Transformers achieve impressive generative quality but remain computationally expensive due to iterative sampling. Recently, dynamic resolution sampling has emerged as a promising acceleration technique by reducing the resolution of early sampling steps. However, existing methods rely on heuristic re-noising at every resolution transition, injecting noise that breaks cross-stage consistency and forces the model to relearn global structure. In addition, these methods indiscriminately upsample the entire latent space at once without checking which regions have actually converged, causing accumulated errors, and visible artifacts. Therefore, we propose Fresco, a dynamic resolution framework that unifies re-noise and global structure across stages with progressive upsampling, preserving both the efficiency of low-resolution drafting and the fidelity of high-resolution refinement, with all stages aligned toward the same final target. Fresco achieves near-lossless acceleration across diverse domains and models, including 10 times speedup on FLUX, and 5 times on HunyuanVideo, while remaining orthogonal to distillation, quantization and feature caching, reaching 22 times speedup when combined with distilled models.","@InProceedings{Zheng_2026_CVPR, author = {Zheng, Shikang and Chen, Guantao and He, Landis and Liu, Jiacheng and Lin, Yuqi and Zou, Chang and Zhang, Linfeng}, title = {From Sketch to Fresco: Efficient Diffusion Transformer with Progressive Resolution}, booktitle = {Proceedings of the IEEE/CVF Conference on Computer Vision and Pattern Recognition (CVPR)}, month = {June}, year = {2026}, pages = {18714-18723} }"
Yoon_XPaintNet_An_eXtreme_Lightweight_Framework_for_Stereoscopic_Conversion_without_Inpainting_CVPR_2026_paper,2026,0,Diffusion_Generative,Diffusion_Generative|Restoration_Enhancement|Efficiency_Compression,10.0,0.0,XPaintNet: An eXtreme Lightweight Framework for Stereoscopic Conversion without Inpainting Network,Kihwan Yoon; Juyeon Shin; Jungheum Kang; Sijung Kim; Minyong Jeon,5,5762-5771,True,https://openaccess.thecvf.com/content/CVPR2026/papers/Yoon_XPaintNet_An_eXtreme_Lightweight_Framework_for_Stereoscopic_Conversion_without_Inpainting_CVPR_2026_paper.pdf,https://openaccess.thecvf.com/content/CVPR2026/supplemental/Yoon_XPaintNet_An_eXtreme_CVPR_2026_supplemental.pdf,https://openaccess.thecvf.com/content/CVPR2026/html/Yoon_XPaintNet_An_eXtreme_Lightweight_Framework_for_Stereoscopic_Conversion_without_Inpainting_CVPR_2026_paper.html,"With the rapid growth of stereoscopic 3D devices, real-time stereoscopic conversion has become increasingly essential. However, most existing approach rely on depth estimation, forward warping, and heavy inpainting network, resulting in high computational cost and artifacts near occlusion boundaries. Diffusion-based models have also been explored, but they suffer from iterative sampling and geometric inconsistency, making them unsuitable for real-time deployment. To address these issues, we propose Bi-Warp, a simple yet effective approach that synthesizes the right view without inpainting network by leveraging warping operations. Our approach estimates backward flow, approximates the corresponding forward flow, and generates two candidate right views via bidirectional warping. A learnable mask adaptively fuses the candidates, preserving left-right geometric consistency. Building on Bi-Warp, we introduce XPaintNet, a lightweight network that achieves comparable visual quality to state-of-the-art methods while maintaining real-time performance over 100 FPS at 2K resolution.","@InProceedings{Yoon_2026_CVPR, author = {Yoon, Kihwan and Shin, Juyeon and Kang, Jungheum and Kim, Sijung and Jeon, Minyong}, title = {XPaintNet: An eXtreme Lightweight Framework for Stereoscopic Conversion without Inpainting Network}, booktitle = {Proceedings of the IEEE/CVF Conference on Computer Vision and Pattern Recognition (CVPR)}, month = {June}, year = {2026}, pages = {5762-5771} }"
Zheng_JANUS_A_Lightweight_Framework_for_Jailbreaking_Text-to-Image_Models_via_Distribution_CVPR_2026_paper,2026,0,Diffusion_Generative,Diffusion_Generative|Trustworthy_Security_Privacy|Efficiency_Compression,18.0,0.333,JANUS: A Lightweight Framework for Jailbreaking Text-to-Image Models via Distribution Optimization,Haolun Zheng; Yu He; Tailun Chen; Shuo Shao; Zhixuan Chu; Hongbin Zhou; Lan Tao; Zhan Qin; Kui Ren,9,15719-15729,True,https://openaccess.thecvf.com/content/CVPR2026/papers/Zheng_JANUS_A_Lightweight_Framework_for_Jailbreaking_Text-to-Image_Models_via_Distribution_CVPR_2026_paper.pdf,https://openaccess.thecvf.com/content/CVPR2026/supplemental/Zheng_JANUS_A_Lightweight_CVPR_2026_supplemental.pdf,https://openaccess.thecvf.com/content/CVPR2026/html/Zheng_JANUS_A_Lightweight_Framework_for_Jailbreaking_Text-to-Image_Models_via_Distribution_CVPR_2026_paper.html,"Text-to-image (T2I) models such as Stable Diffusion and DALLE remain susceptible to generating harmful or Not-Safe-For-Work (NSFW) content under jailbreak attacks despite deployed safety filters. Existing jailbreak attacks either rely on proxy-loss optimization instead of the true end-to-end objective, or depend on large-scale and costly RL-trained generators. Motivated by these limitations, we propose JANUS , a lightweight framework that formulates jailbreak as optimizing a structured prompt distribution under a black-box, end-to-end reward from the T2I system and its safety filters. JANUS replaces a high-capacity generator with a low-dimensional mixing policy over two semantically anchored prompt distributions, enabling efficient exploration while preserving the target semantics. On modern T2I models, we outperform state-of-the-art jailbreak methods, improving ASR-8 from 25.30% to 43.15% on Stable Diffusion 3.5 Large Turbo with consistently higher CLIP and NSFW scores. JANUS succeeds across both open-source and commercial models. These findings expose structural weaknesses in current T2I safety pipelines and motivate stronger, distribution-aware defenses. Warning: This paper contains model outputs that may be offensive.","@InProceedings{Zheng_2026_CVPR, author = {Zheng, Haolun and He, Yu and Chen, Tailun and Shao, Shuo and Chu, Zhixuan and Zhou, Hongbin and Tao, Lan and Qin, Zhan and Ren, Kui}, title = {JANUS: A Lightweight Framework for Jailbreaking Text-to-Image Models via Distribution Optimization}, booktitle = {Proceedings of the IEEE/CVF Conference on Computer Vision and Pattern Recognition (CVPR)}, month = {June}, year = {2026}, pages = {15719-15729} }"
Everaert_Visual_Grounding_for_Object_Questions_CVPR_2026_paper,2026,1,Efficiency_Compression,Efficiency_Compression,4.0,0.0,Visual Grounding for Object Questions,Martin Nicolas Everaert; Xiruo Liu; Hiroyuki Takeda; Raja Bala; Vivek Yadav; Vidya Narayanan,6,11966-11975,True,https://openaccess.thecvf.com/content/CVPR2026/papers/Everaert_Visual_Grounding_for_Object_Questions_CVPR_2026_paper.pdf,https://openaccess.thecvf.com/content/CVPR2026/supplemental/Everaert_Visual_Grounding_for_CVPR_2026_supplemental.pdf,https://openaccess.thecvf.com/content/CVPR2026/html/Everaert_Visual_Grounding_for_Object_Questions_CVPR_2026_paper.html,"Current visual grounding research remains limited for practical applications, because existing techniques primarily focus on direct visual queriesCurrent visual grounding research remains limited for practical applications, because existing tasks primarily focus on direct visual queries (e.g., ""find the red car"") or reading visible text (e.g., ""what is the title of this book?""), rather than supporting general questions about objects (e.g., ""how comfortable are these earbuds?""). We introduce the novel problem of Visual Grounding for Object Questions (VGOQ). Unlike previous tasks that ground only what is directly visible in images, VGOQ handles open-ended general questions about objects, including concepts such as ease and comfort of use, and aims to identify visual evidence or context that would support an answer. This unexplored problem has immediate practical value, particularly in designing and optimizing product imagery in e-commerce stores. As initial steps toward this task, we develop two automated data generation techniques, which serve to train a lightweight visual grounding model, and to evaluate visual grounding approaches on the resulting synthetic benchmarks, ABO-VGOQ and VizWiz-VGOQ. Our results provide initial evidence that VGOQ represents a meaningful research direction: current SoTA visual grounding performance decreases from 52% gIoU to 37% gIoU when questions are rephrased from visual questions (segmentation of the answer) to general object questions (segmentation of visual evidence). On our new benchmarks, our lightweight model outperforms prior models while being much smaller. Project page: https://martin-ev.github.io/vgoq.","@InProceedings{Everaert_2026_CVPR, author = {Everaert, Martin Nicolas and Liu, Xiruo and Takeda, Hiroyuki and Bala, Raja and Yadav, Vivek and Narayanan, Vidya}, title = {Visual Grounding for Object Questions}, booktitle = {Proceedings of the IEEE/CVF Conference on Computer Vision and Pattern Recognition (CVPR)}, month = {June}, year = {2026}, pages = {11966-11975} }"
Wu_Modeling_Cross-vision_Synergy_for_Unified_Large_Vision_Model_CVPR_2026_paper,2026,1,Efficiency_Compression,Efficiency_Compression,3.0,0.0,Modeling Cross-vision Synergy for Unified Large Vision Model,Shengqiong Wu; Lanhu Wu; Mingyang Bao; Wenhao Xu; Hanwang Zhang; Shuicheng Yan; Hao Fei; Tat-Seng Chua,8,22941-22952,True,https://openaccess.thecvf.com/content/CVPR2026/papers/Wu_Modeling_Cross-vision_Synergy_for_Unified_Large_Vision_Model_CVPR_2026_paper.pdf,https://openaccess.thecvf.com/content/CVPR2026/supplemental/Wu_Modeling_Cross-vision_Synergy_CVPR_2026_supplemental.pdf,https://openaccess.thecvf.com/content/CVPR2026/html/Wu_Modeling_Cross-vision_Synergy_for_Unified_Large_Vision_Model_CVPR_2026_paper.html,"Recent advances in large vision models (LVMs) have shifted from modality-specific designs toward unified architectures that jointly process images, videos, and 3D data. However, existing unified LVMs primarily pursue functional integration, while overlooking the deeper goal of cross-vision synergy: the ability to reason over complementary priors across visual modalities. To address this, we present PolyV, a unified LVM that achieves cross-vision synergy at both the architectural and training levels. Architecturally, PolyV adopts a sparse Mixture-of-Experts LVM coordinated by a dynamic modality router, allowing each expert to specialize in modality-specific priors while enabling bidirectional interaction and mutual refinement across modalities. Training-wise, a synergy-aware paradigm combines modality-specific pretraining with coarse-to-fine synergy tuning via knowledge distillation and object-/relation-level alignment. Extensive experiments on 10 benchmarks spanning image, video, and 3D understanding, including synergy-focused datasets requiring spatial or temporal priors, demonstrate that PolyV consistently outperforms existing models, achieving over 10% average improvement over its backbone. Overall, PolyV establishes a unified framework for synesthetic visual reasoning, advancing toward truly synergistic LVMs.","@InProceedings{Wu_2026_CVPR, author = {Wu, Shengqiong and Wu, Lanhu and Bao, Mingyang and Xu, Wenhao and Zhang, Hanwang and Yan, Shuicheng and Fei, Hao and Chua, Tat-Seng}, title = {Modeling Cross-vision Synergy for Unified Large Vision Model}, booktitle = {Proceedings of the IEEE/CVF Conference on Computer Vision and Pattern Recognition (CVPR)}, month = {June}, year = {2026}, pages = {22941-22952} }"
He_LoPrune_Efficient_Data_Pruning_for_LoRA-Based_Fine-Tuning_of_Vision_Transformer_CVPR_2026_paper,2026,1,Efficiency_Compression,Efficiency_Compression,17.0,1.0,LoPrune: Efficient Data Pruning for LoRA-Based Fine-Tuning of Vision Transformer,Qiang He; Yaozong Yang; Kaibin Wang; Ziteng Wei; Feifei Chen; Caslon Chua; Yun Yang,7,5242-5252,True,https://openaccess.thecvf.com/content/CVPR2026/papers/He_LoPrune_Efficient_Data_Pruning_for_LoRA-Based_Fine-Tuning_of_Vision_Transformer_CVPR_2026_paper.pdf,https://openaccess.thecvf.com/content/CVPR2026/supplemental/He_LoPrune_Efficient_Data_CVPR_2026_supplemental.pdf,https://openaccess.thecvf.com/content/CVPR2026/html/He_LoPrune_Efficient_Data_Pruning_for_LoRA-Based_Fine-Tuning_of_Vision_Transformer_CVPR_2026_paper.html,"Visual models are deployed on many Internet-of-Things (IoT) devices to power a variety of visual applications at the network edge. These models often need to be fine-tuned on-device continually to adapt to changing operating environments timely. However, the computing and energy overheads incurred are often overwhelming for resource-constrained IoT devices. Existing methods score sample importance based on the entire model via multi-epoch training, incurring overhead that may even exceed the training overhead reduction. To reduce these fine-tuning overheads, this paper presents LoPrune, a novel data pruning method that identifies and removes samples with negligible contributions to model adaptation. The key idea is to evaluate sample importance via a Trainable Subspace Alignment (TSA) Score to align the importance estimation with accurate update directions of the learnable adapter, i.e., Low-Rank Adaptation (LoRA). Specifically, LoPrune projects the influence function onto the LoRA subspace, enforcing consistency between the importance score and the model's updatable directions while substantially reducing the problem's dimensionality. It then leverages Kronecker-Factored Approximate Curvature to approximate the change of learnable adapter induced by a sample as its TSA score, retaining higher-scoring samples. Experiments with four representative visual models fine-tuned on three datasets demonstrate that compared with the best state-of-the-art data pruning baselines, LoPrune can reduce fine-tuning overhead by up to 72.9%, achieving a 3.69 xtraining speedup while improving fine-tuning accuracy by 3.50%.","@InProceedings{He_2026_CVPR, author = {He, Qiang and Yang, Yaozong and Wang, Kaibin and Wei, Ziteng and Chen, Feifei and Chua, Caslon and Yang, Yun}, title = {LoPrune: Efficient Data Pruning for LoRA-Based Fine-Tuning of Vision Transformer}, booktitle = {Proceedings of the IEEE/CVF Conference on Computer Vision and Pattern Recognition (CVPR)}, month = {June}, year = {2026}, pages = {5242-5252} }"
Dong_VVS_Accelerating_Speculative_Decoding_for_Visual_Autoregressive_Generation_via_Partial_CVPR_2026_paper,2026,1,Efficiency_Compression,Efficiency_Compression,8.0,0.625,VVS: Accelerating Speculative Decoding for Visual Autoregressive Generation via Partial Verification Skipping,Haotian Dong; Ye Li; Rongwei Lu; Chen Tang; Shu-Tao Xia; Zhi Wang,6,12173-12182,True,https://openaccess.thecvf.com/content/CVPR2026/papers/Dong_VVS_Accelerating_Speculative_Decoding_for_Visual_Autoregressive_Generation_via_Partial_CVPR_2026_paper.pdf,https://openaccess.thecvf.com/content/CVPR2026/supplemental/Dong_VVS_Accelerating_Speculative_CVPR_2026_supplemental.pdf,https://openaccess.thecvf.com/content/CVPR2026/html/Dong_VVS_Accelerating_Speculative_Decoding_for_Visual_Autoregressive_Generation_via_Partial_CVPR_2026_paper.html,"Visual autoregressive (AR) generation models have demonstrated strong potential for image generation, yet their next-token-prediction paradigm introduces considerable inference latency. Although speculative decoding (SD) has been proven effective for accelerating visual AR models, its ""draft one step, then verify one step"" paradigm prevents a direct reduction in the number of forward passes, limiting its acceleration potential. Motivated by the interchangeability of visual tokens, we explore verification skipping in the SD process for the first time to explicitly cut the number of target model forward passes, thereby reducing inference latency. By analyzing the characteristics of the drafting stage, we observe that verification redundancy and stale feature reusability are key factors to maintain generation quality while improving speed for verification-free steps. Inspired by these two observations, we propose a novel SD framework VVS to accelerate \underline \text v isual AR model via partial \underline \text v erification \underline \text s kipping, which integrates three complementary modules: (1) a verification-free token selector with dynamically truncation, (2) token level feature caching and reuse, and (3) fine-grained skipped step scheduling. Consequently, VVS reduces the number of target model forward passes by 2.8x relative to vanilla AR decoding while maintaining competitive generation quality, offering a superior speed-quality trade-off over conventional SD frameworks and revealing strong potential to reshape the SD paradigm. Our code is available at https://github.com/HyattDD/VVS.","@InProceedings{Dong_2026_CVPR, author = {Dong, Haotian and Li, Ye and Lu, Rongwei and Tang, Chen and Xia, Shu-Tao and Wang, Zhi}, title = {VVS: Accelerating Speculative Decoding for Visual Autoregressive Generation via Partial Verification Skipping}, booktitle = {Proceedings of the IEEE/CVF Conference on Computer Vision and Pattern Recognition (CVPR)}, month = {June}, year = {2026}, pages = {12173-12182} }"
Shi_Balanced_Dataset_Distillation_via_Modeling_Multiple_Visual_Pattern_Distribution_CVPR_2026_paper,2026,1,Efficiency_Compression,Efficiency_Compression,2.0,1.0,Balanced Dataset Distillation via Modeling Multiple Visual Pattern Distribution,Guanghui Shi; Xuefeng Liang; Qixiang Wen,3,19634-19643,True,https://openaccess.thecvf.com/content/CVPR2026/papers/Shi_Balanced_Dataset_Distillation_via_Modeling_Multiple_Visual_Pattern_Distribution_CVPR_2026_paper.pdf,https://openaccess.thecvf.com/content/CVPR2026/supplemental/Shi_Balanced_Dataset_Distillation_CVPR_2026_supplemental.pdf,https://openaccess.thecvf.com/content/CVPR2026/html/Shi_Balanced_Dataset_Distillation_via_Modeling_Multiple_Visual_Pattern_Distribution_CVPR_2026_paper.html,"Dataset Distillation (DD) aims to compress large-scale datasets into a small number of condensed Images Per Class (IPC), enabling efficient network training. Previous coreset selection and synthetic-based DD methods achieve reasonable performance. However, our in-depth investigation reveals that existing methods share a common issue: pattern imbalance. Specifically, they either overemphasize class-general patterns representing the majority of each class or focus on fewer marginal patterns critical for model generalization. To address this issue, we propose a novel framework, Balanced Patterns Selection (BPS). Unlike prior methods that assume each class forms a single cluster, BPS models the multiple visual pattern distribution within each class via a hierarchical semantic structure inherent to the dataset. It then selects two complementary subsets in a balanced manner from the center (class-general patterns) and the margins (marginal patterns) of each pattern, producing a pattern-balanced coreset. Theoretically, we prove that the BPS-selected coreset aligns with the original dataset in both information coverage and performance. Moreover, its model-agnostic selection nature ensures cross-architecture generalization, while the Optimize-Once-for-All-IPCs property guarantees efficiency. Extensive experiments on four benchmarks demonstrate that BPS significantly outperforms existing state-of-the-art methods. The source code is available at: https://github.com/BeCarefulOfYournaoke/BPS.","@InProceedings{Shi_2026_CVPR, author = {Shi, Guanghui and Liang, Xuefeng and Wen, Qixiang}, title = {Balanced Dataset Distillation via Modeling Multiple Visual Pattern Distribution}, booktitle = {Proceedings of the IEEE/CVF Conference on Computer Vision and Pattern Recognition (CVPR)}, month = {June}, year = {2026}, pages = {19634-19643} }"
Ding_Adaptive_Depth_Lightweight_RGB-T_Tracking_with_Holistic_Token_Routing_CVPR_2026_paper,2026,1,Efficiency_Compression,Efficiency_Compression|Tracking_MOT,15.0,0.333,Adaptive Depth Lightweight RGB-T Tracking with Holistic Token Routing,Tian Ding; Hongtao Yang; Liangtao Shi; Jun Li; Xiantao Hu; Jian Yang; Ying Tai,7,20942-20952,True,https://openaccess.thecvf.com/content/CVPR2026/papers/Ding_Adaptive_Depth_Lightweight_RGB-T_Tracking_with_Holistic_Token_Routing_CVPR_2026_paper.pdf,https://openaccess.thecvf.com/content/CVPR2026/supplemental/Ding_Adaptive_Depth_Lightweight_CVPR_2026_supplemental.pdf,https://openaccess.thecvf.com/content/CVPR2026/html/Ding_Adaptive_Depth_Lightweight_RGB-T_Tracking_with_Holistic_Token_Routing_CVPR_2026_paper.html,"The appeal of RGB-T tracking lies in its resilience when RGB fails under night scenes, glare, fog, and partial occlusion. Despite notable accuracy gains, recent architectures emphasize deep fusion and large parameter counts, driving up FLOPs and bandwidth. This computational burden constrains real-time performance and limits scalability beyond high-end GPUs. To balance accuracy and efficiency, we propose Adaptive Early-Exit (AEE): we augment the backbone with anytime heads and pair them with a confidence-calibrated early-exit policy that halts inference at the earliest reliable layer, skipping redundant computation. For cross-modal interaction, we design a Holistic-Token-Guided Interaction (HTGI) module, where each modality is compressed into a compact set of holistic state tokens and injected into the other modality's modeling stream without layer-wise alignment, enabling targeted information exchange at extremely low cost. On RGB-T benchmarks, the lightweight tracker substantially reduces latency while maintaining competitive accuracy; on LasHeR, it achieves 70.2% precision and 56.3% success, running at 148.3 FPS on GPU, 50.2 FPS on CPU, and 28.7 FPS on an edge device.","@InProceedings{Ding_2026_CVPR, author = {Ding, Tian and Yang, Hongtao and Shi, Liangtao and Li, Jun and Hu, Xiantao and Yang, Jian and Tai, Ying}, title = {Adaptive Depth Lightweight RGB-T Tracking with Holistic Token Routing}, booktitle = {Proceedings of the IEEE/CVF Conference on Computer Vision and Pattern Recognition (CVPR)}, month = {June}, year = {2026}, pages = {20942-20952} }"
Shu_Adapting_Lightweight_Image-based_Counting_Models_for_Video_Crowd_Counting_CVPR_2026_paper,2026,0,Human_Pose_Body,Human_Pose_Body|Efficiency_Compression|Video_Action_Recognition,12.0,0.167,Adapting Lightweight Image-based Counting Models for Video Crowd Counting,Weibo Shu; Antoni B. Chan,2,35227-35237,True,https://openaccess.thecvf.com/content/CVPR2026/papers/Shu_Adapting_Lightweight_Image-based_Counting_Models_for_Video_Crowd_Counting_CVPR_2026_paper.pdf,https://openaccess.thecvf.com/content/CVPR2026/supplemental/Shu_Adapting_Lightweight_Image-based_CVPR_2026_supplemental.pdf,https://openaccess.thecvf.com/content/CVPR2026/html/Shu_Adapting_Lightweight_Image-based_Counting_Models_for_Video_Crowd_Counting_CVPR_2026_paper.html,"Video crowd counting aims to predict the people count in each frame of a video. It requires effectively leveraging spatio-temporal (ST) information in videos while satisfying real-time constraints. However, most existing methods use ST information from neighboring frames through auxiliary extraction and fusion modules---resulting in large computational cost and the need to buffer multiple frames during inference. Such designs limit their practicality in real-world applications with limited computational resources or stringent real-time requirements. To address these issues, we revisit video crowd counting from the perspective of lightweight image-based counting models that enable real-time deployment under limited resources. We analytically define ST information in a model-independent and statistically interpretable manner, and incorporate it into training via a statistical regularizer that effectively enhances model performance without adding modules or inference overhead. Most framework hyperparameters are further formulated as statistical inference problems, allowing automatic estimation from data and consequently efficient adaptation to new scenarios.Our framework unifies video crowd counting and image-based counting models under a compact, principled formulation that is lightweight, portable, and efficient. We also establish theoretical foundations for adapting image-based counting models to video crowd counting and achieve state-of-the-art accuracy and efficiency across six benchmarks, including challenging DRONECROWD and VSCROWD.","@InProceedings{Shu_2026_CVPR, author = {Shu, Weibo and Chan, Antoni B.}, title = {Adapting Lightweight Image-based Counting Models for Video Crowd Counting}, booktitle = {Proceedings of the IEEE/CVF Conference on Computer Vision and Pattern Recognition (CVPR)}, month = {June}, year = {2026}, pages = {35227-35237} }"
Huang_SSM-Aware_Token-Efficient_VMamba_via_Adaptive_Patch_Pruning_and_Merging_for_CVPR_2026_paper,2026,1,Efficiency_Compression,Efficiency_Compression|Tracking_MOT,15.0,0.0,SSM-Aware Token-Efficient VMamba via Adaptive Patch Pruning and Merging for Person Re-Identification,Huiyuan Huang; Sang Min Yoon,2,4363-4372,True,https://openaccess.thecvf.com/content/CVPR2026/papers/Huang_SSM-Aware_Token-Efficient_VMamba_via_Adaptive_Patch_Pruning_and_Merging_for_CVPR_2026_paper.pdf,,https://openaccess.thecvf.com/content/CVPR2026/html/Huang_SSM-Aware_Token-Efficient_VMamba_via_Adaptive_Patch_Pruning_and_Merging_for_CVPR_2026_paper.html,"Person re-identification (Re-ID) requires a balance between discriminative capability and computational efficiency for real-world deployment. However, even the Visual State Space Model (SSM), despite its linear complexity, suffers from redundant computation due to dense token processing. We propose SSM-aware Token-Efficient VMamba (TE-VMamba), which integrates adaptive patch pruning and merging modules to reduce redundant tokens while preserving identity-discriminative cues. The layer-adaptive pruning strategy removes low-importance tokens in shallow layers to enhance efficiency, whereas the depth-aware merging strategy consolidates semantically similar tokens in deeper layers to improve representation compactness. Learnable layer-wise thresholds dynamically balance accuracy and computational cost across the network. On the Market-1501 benchmark, TE-VMamba reduces FLOPs by over 60%, achieving significant computational savings while maintaining competitive accuracy. These results highlight the potential of structured token reduction in state-space models for efficient and powerful person re-identification.","@InProceedings{Huang_2026_CVPR, author = {Huang, Huiyuan and Yoon, Sang Min}, title = {SSM-Aware Token-Efficient VMamba via Adaptive Patch Pruning and Merging for Person Re-Identification}, booktitle = {Proceedings of the IEEE/CVF Conference on Computer Vision and Pattern Recognition (CVPR)}, month = {June}, year = {2026}, pages = {4363-4372} }"
Pan_SGI_Structured_2D_Gaussians_for_Efficient_and_Compact_Large_Image_CVPR_2026_paper,2026,1,Efficiency_Compression,Efficiency_Compression,8.0,0.625,SGI: Structured 2D Gaussians for Efficient and Compact Large Image Representation,Zixuan Pan; Kaiyuan Tang; Jun Xia; Yifan Qin; Lin Gu; Chaoli Wang; Jianxu Chen; Yiyu Shi,8,12162-12172,True,https://openaccess.thecvf.com/content/CVPR2026/papers/Pan_SGI_Structured_2D_Gaussians_for_Efficient_and_Compact_Large_Image_CVPR_2026_paper.pdf,https://openaccess.thecvf.com/content/CVPR2026/supplemental/Pan_SGI_Structured_2D_CVPR_2026_supplemental.pdf,https://openaccess.thecvf.com/content/CVPR2026/html/Pan_SGI_Structured_2D_Gaussians_for_Efficient_and_Compact_Large_Image_CVPR_2026_paper.html,"2D Gaussian Splatting has emerged as a novel image representation technique that can support efficient rendering on low-end devices. However, scaling to high-resolution images requires optimizing and storing millions of unstructured Gaussian primitives independently, leading to slow convergence and redundant parameters. To address this, we propose Structured Gaussian Image (SGI), a compact and efficient framework for representing high-resolution images. SGI decomposes a complex image into multi-scale local spaces defined by a set of seeds. Each seed corresponds to a spatially coherent region and, together with lightweight multi-layer perceptrons (MLPs), generates structured implicit 2D neural Gaussians. This seed-based formulation imposes structural regularity on otherwise unstructured Gaussian primitives, which facilitates entropy-based compression at the seed level to reduce the total storage. However, optimizing seed parameters directly on high-resolution images is a challenging and non-trivial task. Therefore, we designed a multi-scale fitting strategy that refines the seed representation in a coarse-to-fine manner, substantially accelerating convergence. Quantitative and qualitative evaluations demonstrate that SGI achieves up to 7.5xcompression over prior non-quantized 2D Gaussian methods and 1.6xover quantized ones, while also delivering 1.6xand 6.5xfaster optimization, respectively, without degrading, and often improving, image fidelity. Code is available at https://github.com/zx-pan/SGI.","@InProceedings{Pan_2026_CVPR, author = {Pan, Zixuan and Tang, Kaiyuan and Xia, Jun and Qin, Yifan and Gu, Lin and Wang, Chaoli and Chen, Jianxu and Shi, Yiyu}, title = {SGI: Structured 2D Gaussians for Efficient and Compact Large Image Representation}, booktitle = {Proceedings of the IEEE/CVF Conference on Computer Vision and Pattern Recognition (CVPR)}, month = {June}, year = {2026}, pages = {12162-12172} }"
Choo_Scalable_Feature_Matching_via_State_Space_Modeling_and_Sparse_Correlation_CVPR_2026_paper,2026,0,LowLevel_Flow_Depth_Matching,LowLevel_Flow_Depth_Matching|Efficiency_Compression,18.0,0.444,Scalable Feature Matching via State Space Modeling and Sparse Correlation,Sin Wai Choo; Bo Li,2,6685-6694,True,https://openaccess.thecvf.com/content/CVPR2026/papers/Choo_Scalable_Feature_Matching_via_State_Space_Modeling_and_Sparse_Correlation_CVPR_2026_paper.pdf,,https://openaccess.thecvf.com/content/CVPR2026/html/Choo_Scalable_Feature_Matching_via_State_Space_Modeling_and_Sparse_Correlation_CVPR_2026_paper.html,"Efficient and robust feature matching is crucial for latency-sensitive and resource-constrained applications. However, many current semi-dense feature matching methods scale quadratically with spatial resolution, either due to transformer-based long-range context modeling or from redundant full correlation computations. To overcome these limitations, we present SLiM (Salient Lightweight Matching), a novel scalable feature matching method that delivers reliable matches with low memory footprint and latency, especially at high resolutions. Our approach introduces three key innovations: (1) a hybrid Conv-Mamba backbone for efficient cross-scale and cross-view feature extraction with linear complexity, (2) a training-free norm-based feature filtering mechanism, enabling sparse correlation that significantly reduces computation overhead during inference, and (3) a lightweight recurrent coordinate refinement that surpasses expectation-based regression in subpixel accuracy. Experimental results show that SLiM consistently achieves a strong accuracy-efficiency trade-off across indoor and outdoor benchmarks, with clear advantages in memory usage, inference speed, and high-resolution scalability. These results demonstrate the practical efficiency and strong scalability of SLiM. Project page: https://github.com/Band-127/SLiM","@InProceedings{Choo_2026_CVPR, author = {Choo, Sin Wai and Li, Bo}, title = {Scalable Feature Matching via State Space Modeling and Sparse Correlation}, booktitle = {Proceedings of the IEEE/CVF Conference on Computer Vision and Pattern Recognition (CVPR)}, month = {June}, year = {2026}, pages = {6685-6694} }"
Liu_ESAM_Efficient_Online_3D_Perception_on_the_Edge_CVPR_2026_paper,2026,1,Efficiency_Compression,Efficiency_Compression|Segmentation|3D_Reconstruction,12.0,0.25,ESAM++: Efficient Online 3D Perception on the Edge,Qin Liu; Lavisha Aggarwal; Saptarashmi Bandyopadhyay; Vikas Bahirwani; Marc Niethammer; Ehsan Adeli; Andrea Colaco,7,39021-39030,True,https://openaccess.thecvf.com/content/CVPR2026/papers/Liu_ESAM_Efficient_Online_3D_Perception_on_the_Edge_CVPR_2026_paper.pdf,https://openaccess.thecvf.com/content/CVPR2026/supplemental/Liu_ESAM_Efficient_Online_CVPR_2026_supplemental.pdf,https://openaccess.thecvf.com/content/CVPR2026/html/Liu_ESAM_Efficient_Online_3D_Perception_on_the_Edge_CVPR_2026_paper.html,"Online 3D scene perception in real time is essential for robotics, AR/VR, and autonomous systems, particularly in edge computing scenarios where computational resources are limited and privacy is crucial. Recent state-of-the-art methods like EmbodiedSAM (ESAM) demonstrate the promise of online 3D perception by leveraging the Segment Anything Model (SAM) for real-time, fine-grained, and generalized 3D instance segmentation. However, ESAM still relies on a computationally expensive 3D sparse UNet for point cloud feature extraction, which accounts for the majority of the 3D inference time, hindering its practicality on resource-constrained devices. In this paper, we propose ESAM++, a lightweight and scalable alternative for online 3D scene perception tailored to edge devices without GPU acceleration. Our method introduces a 3D Sparse Feature Pyramid Network (SFPN) that efficiently captures multi-scale geometric features from streaming 3D point clouds while significantly reducing computational overhead and model size. We evaluate our approach on four challenging segmentation benchmarks, namely ScanNet, ScanNet200, SceneNN, and 3RScan, demonstrating that our model achieves competitive accuracy with up to 3x faster inference with a 2x smaller model size compared to ESAM, enabling practical deployment on edge devices.","@InProceedings{Liu_2026_CVPR, author = {Liu, Qin and Aggarwal, Lavisha and Bandyopadhyay, Saptarashmi and Bahirwani, Vikas and Niethammer, Marc and Adeli, Ehsan and Colaco, Andrea}, title = {ESAM++: Efficient Online 3D Perception on the Edge}, booktitle = {Proceedings of the IEEE/CVF Conference on Computer Vision and Pattern Recognition (CVPR)}, month = {June}, year = {2026}, pages = {39021-39030} }"
Ye_Low-Rank_Test-Time_Training_for_Pre-Trained_Point_Cloud_Models_CVPR_2026_paper,2026,0,Transfer_FewShot_DomainAdaptation,Transfer_FewShot_DomainAdaptation|3D_Reconstruction|Efficiency_Compression,21.0,0.286,Low-Rank Test-Time Training for Pre-Trained Point Cloud Models,Ouyangzi Ye; Feifei Shao; Kexin Li; Yawei Luo; Zikai Song; Ping Liu; Fengda Zhang; Hongwei Wang; Jun Xiao,9,31472-31481,True,https://openaccess.thecvf.com/content/CVPR2026/papers/Ye_Low-Rank_Test-Time_Training_for_Pre-Trained_Point_Cloud_Models_CVPR_2026_paper.pdf,https://openaccess.thecvf.com/content/CVPR2026/supplemental/Ye_Low-Rank_Test-Time_Training_CVPR_2026_supplemental.pdf,https://openaccess.thecvf.com/content/CVPR2026/html/Ye_Low-Rank_Test-Time_Training_for_Pre-Trained_Point_Cloud_Models_CVPR_2026_paper.html,"Test-time training (TTT) enhances the robustness of pretrained models to out-of-distribution (OOD) data through auxiliary self-supervised tasks, without requiring labeled samples. However, existing TTT methods predominantly rely on decoder-based auxiliary objectives, which suffer from inefficient adaptation and weak coupling with the primary task. To solve these limitations, we revisit the mechanism of test-time training by analyzing masking-based pretrained models to uncover the fundamental source of their OOD robustness. Our investigation reveals that their generalization capability stems from a latent feature-level structural invariance, the consistency of encoded representations under masked perturbations. Building on this insight, we introduce LoTT-PC, a lightweight LoRA-based framework that operationalizes this invariance-preserving principle for 3D point cloud classification. LoTT-PC consists of two main components: (1) low-rank modulation units for parameter-efficient adaptation, and (2) a permutation-invariant alignment mechanism that enforces representation consistency through masked feature alignment. Extensive experiments on multiple benchmarks demonstrate that this unified design enables pretrained point cloud models to self-tune rapidly and reliably across diverse OOD scenarios, outperforming state-of-the-art methods by an average of 2.7% in accuracy under various corruption types.","@InProceedings{Ye_2026_CVPR, author = {Ye, Ouyangzi and Shao, Feifei and Li, Kexin and Luo, Yawei and Song, Zikai and Liu, Ping and Zhang, Fengda and Wang, Hongwei and Xiao, Jun}, title = {Low-Rank Test-Time Training for Pre-Trained Point Cloud Models}, booktitle = {Proceedings of the IEEE/CVF Conference on Computer Vision and Pattern Recognition (CVPR)}, month = {June}, year = {2026}, pages = {31472-31481} }"
Liu_Exposing_Functional_Fusion_A_New_Class_of_Strategic_Backdoor_in_CVPR_2026_paper,2026,0,LLM_Reasoning_Agent,LLM_Reasoning_Agent|Trustworthy_Security_Privacy|Efficiency_Compression,12.0,0.0,Exposing Functional Fusion: A New Class of Strategic Backdoor in Dynamic Prompt Architectures,Zeyao Liu; Zhendong Zhao; Xiaojun Chen; Xin Zhao; Yuexin Xuan; Xiaoshuang Ji,6,13376-13385,True,https://openaccess.thecvf.com/content/CVPR2026/papers/Liu_Exposing_Functional_Fusion_A_New_Class_of_Strategic_Backdoor_in_CVPR_2026_paper.pdf,,https://openaccess.thecvf.com/content/CVPR2026/html/Liu_Exposing_Functional_Fusion_A_New_Class_of_Strategic_Backdoor_in_CVPR_2026_paper.html,"Existing ViT backdoor attacks based on backbone-overwriting full-tuning are computationally expensive and inflict performance degradation. This has forced adversaries towards the Visual Parameter-Efficient Fine-Tuning (PEFT) paradigm, dominated by adapter-based (e.g., LoRA) and prompt-based (e.g., VPT) approaches. While adapter security has seen initial study, the risks of the burgeoning prompt-based ecosystem remain critically unexplored. We fill this critical gap, exposing how the evolution of VPT towards dynamic and context-aware architectures can facilitate a far more dangerous and emergent threat.This vulnerability arises even though these dynamic modules unlock superior benign performance. We propose VIPER, an attack framework built on a lightweight, dynamic Visual Prompt Generator (VPG) that demonstrates this vulnerability. Critically, this dynamic architecture enables Functional Fusion: an emergent phenomenon where malicious logic and benign task utility are tightly fused into the same sparse, high-magnitude parameter core. This fusion creates a formidable ""hostage"" dilemma, as pruning the attack necessarily destroys the benign performance. Comprehensive evaluations show VIPER effectively addresses the attacker's trilemma: VIPER not only achieves state-of-the-art performance on clean data, but also maintains near-100% ASR even under 90% VPG-module pruning (where LoRA attacks collapse), while adding only an imperceptible 0.06ms (1.16%) of inference latency. VIPER's results, driven by Functional Fusion, expose a new, paradigm-level risk in dynamic prompt architectures.","@InProceedings{Liu_2026_CVPR, author = {Liu, Zeyao and Zhao, Zhendong and Chen, Xiaojun and Zhao, Xin and Xuan, Yuexin and Ji, Xiaoshuang}, title = {Exposing Functional Fusion: A New Class of Strategic Backdoor in Dynamic Prompt Architectures}, booktitle = {Proceedings of the IEEE/CVF Conference on Computer Vision and Pattern Recognition (CVPR)}, month = {June}, year = {2026}, pages = {13376-13385} }"
Tasnim_Decompose_Mix_Adapt_A_Unified_Framework_for_Parameter-Efficient_Neural_Network_CVPR_2026_paper,2026,1,Efficiency_Compression,Efficiency_Compression,6.0,1.0,"Decompose, Mix, Adapt: A Unified Framework for Parameter-Efficient Neural Network Recombination and Compression",Nazia Tasnim; Shrimai Prabhumoye; Bryan A. Plummer,3,19380-19392,True,https://openaccess.thecvf.com/content/CVPR2026/papers/Tasnim_Decompose_Mix_Adapt_A_Unified_Framework_for_Parameter-Efficient_Neural_Network_CVPR_2026_paper.pdf,https://openaccess.thecvf.com/content/CVPR2026/supplemental/Tasnim_Decompose_Mix_Adapt_CVPR_2026_supplemental.pdf,https://openaccess.thecvf.com/content/CVPR2026/html/Tasnim_Decompose_Mix_Adapt_A_Unified_Framework_for_Parameter-Efficient_Neural_Network_CVPR_2026_paper.html,"Parameter Recombination (PR) methods aim to efficiently compose the weights of a neural network, and encompasses tasks like Parameter-Efficient FineTuning (PEFT) and Model Compression (MC), among others. Most methods typically focus on one application of PR, which can make composing them challenging. For example, when deploying a large model you may wish to compress the model and also quickly adapt to new settings. However, PEFT methods often can still contain millions of parameters. This may be small compared to the original model size, but can be problematic in resource constrained deployments like edge devices, where they take a larger portion of the compressed model's parameters. To address this, we present Coefficient-gated weight Recombination by Interpolated Shared basis Projections (\method ), a general approach that can address multiple PR tasks within the same framework, which can enable seamless integration. It accomplishes this by using a factorization process that decomposes pretrained weights into basis matrices and their component projections. Sharing these basis matrices across layers and adjusting its size enables us to perform MC, whereas the small size of the projection weights (fewer than 200 in some experiments) enables \method support PEFT. Experiments on ViT models show \method outperforms methods from prior work capable of dual-task applications by 4-5% while also outperforming the state-of-the-art in PEFT by 1.5% and PEFT+MC combinations by almost 1%.","@InProceedings{Tasnim_2026_CVPR, author = {Tasnim, Nazia and Prabhumoye, Shrimai and Plummer, Bryan A.}, title = {Decompose, Mix, Adapt: A Unified Framework for Parameter-Efficient Neural Network Recombination and Compression}, booktitle = {Proceedings of the IEEE/CVF Conference on Computer Vision and Pattern Recognition (CVPR)}, month = {June}, year = {2026}, pages = {19380-19392} }"
Wan_Mobile-VTON_High-Fidelity_On-Device_Virtual_Try-On_CVPR_2026_paper,2026,1,Efficiency_Compression,Efficiency_Compression,23.0,0.739,Mobile-VTON: High-Fidelity On-Device Virtual Try-On,Zhenchen Wan; Ce Chen; Runqi Lin; Jiaxin Huang; Tianxi Chen; Yanwu Xu; Tongliang Liu; Mingming Gong,8,38081-38090,True,https://openaccess.thecvf.com/content/CVPR2026/papers/Wan_Mobile-VTON_High-Fidelity_On-Device_Virtual_Try-On_CVPR_2026_paper.pdf,https://openaccess.thecvf.com/content/CVPR2026/supplemental/Wan_Mobile-VTON_High-Fidelity_On-Device_CVPR_2026_supplemental.pdf,https://openaccess.thecvf.com/content/CVPR2026/html/Wan_Mobile-VTON_High-Fidelity_On-Device_Virtual_Try-On_CVPR_2026_paper.html,"Virtual try-on (VTON) has recently achieved impressive visual fidelity, but most existing systems require uploading personal photos to cloud-based GPUs, raising privacy concerns and limiting on-device deployment. To address this, we present Mobile-VTON, a high-quality, privacy-preserving framework that enables fully offline virtual try-on on commodity mobile devices using only a single user image and a garment image. Mobile-VTON introduces a modular TeacherNet--GarmentNet--TryonNet (TGT) architecture that integrates knowledge distillation, garment-conditioned generation, and garment alignment into a unified pipeline optimized for on-device efficiency. Within this framework, we propose a Feature-Guided Adversarial (FGA) Distillation strategy that combines teacher supervision with adversarial learning to better match real-world image distributions. GarmentNet is trained with a trajectory-consistency loss to preserve garment semantics across diffusion steps, while TryonNet uses latent concatenation and lightweight cross-modal conditioning to enable robust garment-to-person alignment without large-scale pretraining. By combining these components, Mobile-VTON achieves high-fidelity generation with low computational overhead. Experiments on VITON-HD and DressCode at 1024 x 768 show that it matches or outperforms strong server-based baselines while running entirely offline. These results demonstrate that high-quality VTON is not only feasible but also practical on-device, offering a secure solution for real-world applications.","@InProceedings{Wan_2026_CVPR, author = {Wan, Zhenchen and Chen, Ce and Lin, Runqi and Huang, Jiaxin and Chen, Tianxi and Xu, Yanwu and Liu, Tongliang and Gong, Mingming}, title = {Mobile-VTON: High-Fidelity On-Device Virtual Try-On}, booktitle = {Proceedings of the IEEE/CVF Conference on Computer Vision and Pattern Recognition (CVPR)}, month = {June}, year = {2026}, pages = {38081-38090} }"
Du_VQRAE_Representation_Quantization_Autoencoders_for_Multimodal_Understanding_Generation_and_Reconstruction_CVPR_2026_paper,2026,0,Vision_Language_Multimodal,Vision_Language_Multimodal|Efficiency_Compression,25.0,0.4,"VQRAE: Representation Quantization Autoencoders for Multimodal Understanding, Generation and Reconstruction",Sinan Du; Jiahao Guo; Bo Li; Shuhao Cui; Zhengzhuo Xu; Yifu Luo; Yongxian Wei; Kun Gai; Xinggang Wang; Kai Wu; Chun Yuan,11,30322-30334,True,https://openaccess.thecvf.com/content/CVPR2026/papers/Du_VQRAE_Representation_Quantization_Autoencoders_for_Multimodal_Understanding_Generation_and_Reconstruction_CVPR_2026_paper.pdf,https://openaccess.thecvf.com/content/CVPR2026/supplemental/Du_VQRAE_Representation_Quantization_CVPR_2026_supplemental.pdf,https://openaccess.thecvf.com/content/CVPR2026/html/Du_VQRAE_Representation_Quantization_Autoencoders_for_Multimodal_Understanding_Generation_and_Reconstruction_CVPR_2026_paper.html,"Unifying multimodal understanding, generation and reconstruction representation in a single tokenizer remains a key challenge in building unified models. Previous research predominantly attempts to address this in a dual encoder paradigm, e.g., utilizing the separate encoders for understanding and generation respectively or balancing semantic representations and low-level features with contrastive loss. In this paper, we propose VQRAE, a Vector Quantization version of Representation AutoEncoders, which pioneers the first exploration in unified representation to produce Continuous semantic features for image understanding and Discrete tokens for visual generation within a unified tokenizer. Specifically, we build upon pretrained vision foundation models with a symmetric ViT decoder and adopt a two-stage training strategy: first, it freezes the encoder and learns a high-dimensional semantic VQ codebook with pixel reconstruction objective; then jointly optimizes the encoder with self-distillation constraints. This design enables negligible semantic information for maintaining the ability of multimodal understanding, discrete tokens that are compatible for generation and fine-grained reconstruction. Besides, we identify the intriguing property in quantizing semantic encoders that rely on high-dimensional codebook in contrast to the previous common practice of low-dimensional codebook in image reconstruction. The semantic VQ codebook can achieve a 100% utilization ratio at a dimension of 1536. VQRAE presents competitive performance on several benchmarks of visual understanding, generation and reconstruction with promising scaling property in the autoregressive paradigm for its discrete merits.","@InProceedings{Du_2026_CVPR, author = {Du, Sinan and Guo, Jiahao and Li, Bo and Cui, Shuhao and Xu, Zhengzhuo and Luo, Yifu and Wei, Yongxian and Gai, Kun and Wang, Xinggang and Wu, Kai and Yuan, Chun}, title = {VQRAE: Representation Quantization Autoencoders for Multimodal Understanding, Generation and Reconstruction}, booktitle = {Proceedings of the IEEE/CVF Conference on Computer Vision and Pattern Recognition (CVPR)}, month = {June}, year = {2026}, pages = {30322-30334} }"
Ni_SwiftVLA_Unlocking_Spatiotemporal_Dynamics_for_Lightweight_VLA_Models_at_Minimal_CVPR_2026_paper,2026,0,Embodied_AI_Robotics,Embodied_AI_Robotics|Efficiency_Compression|Vision_Language_Multimodal,18.0,0.167,SwiftVLA: Unlocking Spatiotemporal Dynamics for Lightweight VLA Models at Minimal Overhead,Chaojun Ni; Cheng Chen; Xiaofeng Wang; Zheng Zhu; Wenzhao Zheng; Boyuan Wang; Tianrun Chen; Guosheng Zhao; Haoyun Li; Zhehao Dong; Qiang Zhang; Yun Ye; Yang Wang; Guan Huang; Wenjun Mei,15,13474-13485,True,https://openaccess.thecvf.com/content/CVPR2026/papers/Ni_SwiftVLA_Unlocking_Spatiotemporal_Dynamics_for_Lightweight_VLA_Models_at_Minimal_CVPR_2026_paper.pdf,https://openaccess.thecvf.com/content/CVPR2026/supplemental/Ni_SwiftVLA_Unlocking_Spatiotemporal_CVPR_2026_supplemental.zip,https://openaccess.thecvf.com/content/CVPR2026/html/Ni_SwiftVLA_Unlocking_Spatiotemporal_Dynamics_for_Lightweight_VLA_Models_at_Minimal_CVPR_2026_paper.html,"Vision-Language-Action (VLA) models built on pretrained Vision-Language Models (VLMs) show strong potential but are limited in practicality due to their large parameter counts. To mitigate this issue, using a lightweight VLM has been explored, but it compromises spatiotemporal reasoning. Although some methods suggest that incorporating additional 3D inputs can help, they usually rely on large VLMs to fuse 3D and 2D inputs and still lack temporal understanding. Therefore, we propose SwiftVLA, an architecture that enhances a compact model with 4D understanding while preserving design efficiency. Specifically, our approach features a pretrained 4D visual geometry transformer with a temporal cache that incrementally extracts 4D features from 2D images. Then, to enhance the VLM's ability to exploit both 2D images and 4D features, we introduce Fusion Tokens, a set of learnable tokens trained with a future prediction objective to generate unified representations for action generation. Finally, we introduce a mask-and-reconstruct strategy that randomly masks 4D inputs to the VLM and trains the VLA to reconstruct the masked features. This self-reconstruction objective helps learn effective 4D representations, allowing the 4D branch to be dropped at inference with minimal performance loss. Extensive experiments in real and simulated environments show that SwiftVLA outperforms lightweight baselines and rivals VLAs up to 7xlarger. On edge devices, SwiftVLA achieves comparable performance while being 18xfaster than the \pi_0 and reducing the memory footprint by 12x.","@InProceedings{Ni_2026_CVPR, author = {Ni, Chaojun and Chen, Cheng and Wang, Xiaofeng and Zhu, Zheng and Zheng, Wenzhao and Wang, Boyuan and Chen, Tianrun and Zhao, Guosheng and Li, Haoyun and Dong, Zhehao and Zhang, Qiang and Ye, Yun and Wang, Yang and Huang, Guan and Mei, Wenjun}, title = {SwiftVLA: Unlocking Spatiotemporal Dynamics for Lightweight VLA Models at Minimal Overhead}, booktitle = {Proceedings of the IEEE/CVF Conference on Computer Vision and Pattern Recognition (CVPR)}, month = {June}, year = {2026}, pages = {13474-13485} }"
Li_Token_Reduction_via_Local_and_Global_Contexts_Optimization_for_Efficient_CVPR_2026_paper,2026,0,LLM_Reasoning_Agent,LLM_Reasoning_Agent|Efficiency_Compression|Video_Action_Recognition,18.0,0.222,Token Reduction via Local and Global Contexts Optimization for Efficient Video Large Language Models,Jinlong Li; Liyuan Jiang; Haonan Zhang; Nicu Sebe,4,10451-10461,True,https://openaccess.thecvf.com/content/CVPR2026/papers/Li_Token_Reduction_via_Local_and_Global_Contexts_Optimization_for_Efficient_CVPR_2026_paper.pdf,https://openaccess.thecvf.com/content/CVPR2026/supplemental/Li_Token_Reduction_via_CVPR_2026_supplemental.pdf,https://openaccess.thecvf.com/content/CVPR2026/html/Li_Token_Reduction_via_Local_and_Global_Contexts_Optimization_for_Efficient_CVPR_2026_paper.html,"Video Large Language Models (VLLMs) demonstrate strong video understanding but suffer from inefficiency due to redundant visual tokens. Existing pruning primary targets intra-frame spatial redundancy or prunes inside the LLM with shallow-layer overhead, yielding suboptimal spatiotemporal reduction and underutilizing long-context compressibility. All of them often discard subtle yet informative context from merged or pruned tokens. In this paper, we propose a new perspective that elaborates token Anchors within intra-frame and inter-frame to comprehensively aggregate the informative contexts via local-global Optimal Transport (AOT). Specifically, we first establish local- and global-aware token anchors within each frame under the attention guidance, which then optimal transport aggregates the informative contexts from pruned tokens, constructing intra-frame token anchors. Then, building on the temporal frame clips, the first frame within each clip will be considered as the keyframe anchors to ensemble similar information from consecutive frames through optimal transport, while keeping distinct tokens to represent temporal dynamics, leading to efficient token reduction in a training-free manner. Extensive evaluations show that our proposed AOT obtains competitive performances across various short- and long-video benchmarks on leading video LLMs, obtaining substantial computational efficiency while preserving temporal and visual fidelity.","@InProceedings{Li_2026_CVPR, author = {Li, Jinlong and Jiang, Liyuan and Zhang, Haonan and Sebe, Nicu}, title = {Token Reduction via Local and Global Contexts Optimization for Efficient Video Large Language Models}, booktitle = {Proceedings of the IEEE/CVF Conference on Computer Vision and Pattern Recognition (CVPR)}, month = {June}, year = {2026}, pages = {10451-10461} }"
Deng_Is_Bin_Generation_Indispensable_A_Bin-Generation-Free_Dataset_Quantization_via_Semantic_CVPR_2026_paper,2026,1,Efficiency_Compression,Efficiency_Compression,18.0,0.833,Is Bin Generation Indispensable? A Bin-Generation-Free Dataset Quantization via Semantic Perspective,Maijie Deng; Yuhua Li; Yixiong Zou; Yao Wu; Chenru Ma,5,33642-33651,True,https://openaccess.thecvf.com/content/CVPR2026/papers/Deng_Is_Bin_Generation_Indispensable_A_Bin-Generation-Free_Dataset_Quantization_via_Semantic_CVPR_2026_paper.pdf,https://openaccess.thecvf.com/content/CVPR2026/supplemental/Deng_Is_Bin_Generation_CVPR_2026_supplemental.pdf,https://openaccess.thecvf.com/content/CVPR2026/html/Deng_Is_Bin_Generation_Indispensable_A_Bin-Generation-Free_Dataset_Quantization_via_Semantic_CVPR_2026_paper.html,"Dataset quantization has recently emerged as a promising solution for mitigating the computational and memory challenges of large-scale datasets. However, existing approaches rely on a bin generation step that is computationally expensive and inefficient for large-scale datasets. Moreover, a fixed drop ratio in its patch dropping step fails to adapt to the diverse redundancy levels across samples, which degrades the representational quality of the quantized coreset. To address these limitations, we present Bin-Generation-Free Dataset Quantization (BGFDQ), a fully restructured framework that incorporates a simple yet effective KNN-based neighbor identification and neighbor-aware coreset selection strategy. We theoretically demonstrate that the proposed selection strategy achieves superior sampling efficiency compared to bin-generation-based methods. Additionally, we introduce an adaptive patch dropping strategy to further enhance the quality of the quantized dataset. Extensive experiments on four image classification benchmarks show that BGFDQ consistently outperforms state-of-the-art baselines. In particular, we achieve up to 5% validation accuracy improvement on CIFAR-100. Moreover, our framework successfully scales to datasets containing up to 10^5 same-class samples while existing bin-generation-based approaches fail due to memory constraints. Code is available at https://github.com/MaijieDeng/BGFDQ.","@InProceedings{Deng_2026_CVPR, author = {Deng, Maijie and Li, Yuhua and Zou, Yixiong and Wu, Yao and Ma, Chenru}, title = {Is Bin Generation Indispensable? A Bin-Generation-Free Dataset Quantization via Semantic Perspective}, booktitle = {Proceedings of the IEEE/CVF Conference on Computer Vision and Pattern Recognition (CVPR)}, month = {June}, year = {2026}, pages = {33642-33651} }"
Jiang_Submodel_Extraction_for_Efficient_and_Personalized_Federated_Learning_via_Optimal_CVPR_2026_paper,2026,0,Trustworthy_Security_Privacy,Trustworthy_Security_Privacy|Diffusion_Generative|Efficiency_Compression,15.0,0.2,Submodel Extraction for Efficient and Personalized Federated Learning via Optimal Transport,Zheng Jiang; Nan He; Yiming Chen; Lifeng Sun,4,3369-3378,True,https://openaccess.thecvf.com/content/CVPR2026/papers/Jiang_Submodel_Extraction_for_Efficient_and_Personalized_Federated_Learning_via_Optimal_CVPR_2026_paper.pdf,https://openaccess.thecvf.com/content/CVPR2026/supplemental/Jiang_Submodel_Extraction_for_CVPR_2026_supplemental.pdf,https://openaccess.thecvf.com/content/CVPR2026/html/Jiang_Submodel_Extraction_for_Efficient_and_Personalized_Federated_Learning_via_Optimal_CVPR_2026_paper.html,"Federated Learning (FL) enables collaborative model training while preserving data privacy, but its practical deployment is hampered by system and statistical heterogeneity. While federated network pruning offers a path to mitigate these issues, existing methods face a critical dilemma: server-side pruning lacks personalization, whereas client-side pruning is computationally prohibitive for resource-constrained devices. Furthermore, the pruning process itself induces significant parametric divergence among heterogeneous submodels, destabilizing training and hindering global convergence. To address these challenges, we propose SubFLOT, a novel framework for server-side personalized federated pruning. SubFLOT introduces an Optimal Transport-enhanced Pruning (OTP) module that treats historical client models as proxies for local data distributions, formulating the pruning task as a Wasserstein distance minimization problem to generate customized submodels without accessing raw data. Concurrently, to counteract parametric divergence, our Scaling-based Adaptive Regularization (SAR) module adaptively penalizes a submodel's deviation from the global model, with the penalty's strength scaled by the client's pruning rate. Comprehensive experiments demonstrate that SubFLOT consistently and substantially outperforms state-of-the-art methods, underscoring its potential for deploying efficient and personalized models on resource-constrained edge devices.","@InProceedings{Jiang_2026_CVPR, author = {Jiang, Zheng and He, Nan and Chen, Yiming and Sun, Lifeng}, title = {Submodel Extraction for Efficient and Personalized Federated Learning via Optimal Transport}, booktitle = {Proceedings of the IEEE/CVF Conference on Computer Vision and Pattern Recognition (CVPR)}, month = {June}, year = {2026}, pages = {3369-3378} }"
Xu_SCoRe_Salience-Coverage_Reduction_for_Vision_Token_Pruning_in_Vision-Language_Models_CVPR_2026_paper,2026,1,Efficiency_Compression,Efficiency_Compression|Vision_Language_Multimodal,22.0,0.455,SCoRe: Salience-Coverage Reduction for Vision Token Pruning in Vision-Language Models,Tong Xu; Hailong Shi; Xingyu Gao,3,24686-24695,True,https://openaccess.thecvf.com/content/CVPR2026/papers/Xu_SCoRe_Salience-Coverage_Reduction_for_Vision_Token_Pruning_in_Vision-Language_Models_CVPR_2026_paper.pdf,,https://openaccess.thecvf.com/content/CVPR2026/html/Xu_SCoRe_Salience-Coverage_Reduction_for_Vision_Token_Pruning_in_Vision-Language_Models_CVPR_2026_paper.html,"The heavy computational burden of Large Vision-Language Models (LVLMs) stems primarily from the lengthy visual token sequences generated by their vision encoders. To mitigate this, recent work has shifted towards pruning tokens within the vision encoder. However, we observe that these methods predominantly rely on a suboptimal decoupled heuristic method. This strategy is conceptually flawed: it is prone to sampling collapse, fails to fundamentally eliminate token redundancy, and tends to systematically discard secondary yet important semantic clusters. Addressing this limitation, this paper proposes to formalize visual token pruning as a unified Representativeness Optimization Problem. We introduce SCoRe (Salience-Coverage Reduction), a unified optimization method theoretically grounded in the Weighted k-Center Problem. SCoRe constructs the final token set greedily: at each iteration, it selects the token that maximizes the unified representativeness score, thereby optimizing global representativeness. Extensive experiments demonstrate that SCoRe achieves State-of-the-Art (SOTA) performance across multiple benchmarks. Notably, with negligible computational overhead, our method reduces tokens by 94.4% while retaining 95% of the full performance.","@InProceedings{Xu_2026_CVPR, author = {Xu, Tong and Shi, Hailong and Gao, Xingyu}, title = {SCoRe: Salience-Coverage Reduction for Vision Token Pruning in Vision-Language Models}, booktitle = {Proceedings of the IEEE/CVF Conference on Computer Vision and Pattern Recognition (CVPR)}, month = {June}, year = {2026}, pages = {24686-24695} }"
Liu_Accelerating_Diffusion-based_Video_Editing_via_Heterogeneous_Caching_Beyond_Full_Computing_CVPR_2026_paper,2026,0,Restoration_Enhancement,Restoration_Enhancement|Video_Action_Recognition|Efficiency_Compression,18.0,0.111,Accelerating Diffusion-based Video Editing via Heterogeneous Caching: Beyond Full Computing at Sampled Denoising Timestep,Tianyi Liu; Ye Lu; Linfeng Zhang; Chen Cai; Jianjun Gao; Yi Wang; Kim-Hui Yap; Lap-Pui Chau,8,35800-35809,True,https://openaccess.thecvf.com/content/CVPR2026/papers/Liu_Accelerating_Diffusion-based_Video_Editing_via_Heterogeneous_Caching_Beyond_Full_Computing_CVPR_2026_paper.pdf,https://openaccess.thecvf.com/content/CVPR2026/supplemental/Liu_Accelerating_Diffusion-based_Video_CVPR_2026_supplemental.pdf,https://openaccess.thecvf.com/content/CVPR2026/html/Liu_Accelerating_Diffusion-based_Video_Editing_via_Heterogeneous_Caching_Beyond_Full_Computing_CVPR_2026_paper.html,"Diffusion-based video editing has emerged as an important paradigm for high-quality and flexible content generation. However, despite their generality and strong modeling capacity, Diffusion Transformers (DiT) remain computationally expensive due to the iterative denoising process, posing challenges for practical deployment. Existing video diffusion acceleration methods primarily exploit denoising timestep-level feature reuse, which mitigates the redundancy in denoising process, but overlooks the architectural redundancy within the DiT that many attention operations over spatio-temporal tokens are redundantly executed, offering little to no incremental contribution to the model's output. This work introduces HetCache, a training-free diffusion acceleration framework designed to exploit the inherent heterogeneity in diffusion-based masked video-to-video (MV2V) generation and editing. Instead of uniformly reuse or randomly sampling tokens, HetCache assesses the contextual relevance and interaction strength among various types of tokens in designated computing steps. Guided by spatial priors, it divides the spatial-temporal tokens in DiT model into context and generative tokens, and selectively caches the context tokens that exhibit the strongest correlation and most representative semantics with generative ones. This strategy reduces redundant attention operations while maintaining editing consistency and fidelity. Experiments show that HetCache achieves a noticeable acceleration, including a 2.67 xlatency speedup and FLOPs reduction over commonly used foundation models, with negligible degradation in editing quality.","@InProceedings{Liu_2026_CVPR, author = {Liu, Tianyi and Lu, Ye and Zhang, Linfeng and Cai, Chen and Gao, Jianjun and Wang, Yi and Yap, Kim-Hui and Chau, Lap-Pui}, title = {Accelerating Diffusion-based Video Editing via Heterogeneous Caching: Beyond Full Computing at Sampled Denoising Timestep}, booktitle = {Proceedings of the IEEE/CVF Conference on Computer Vision and Pattern Recognition (CVPR)}, month = {June}, year = {2026}, pages = {35800-35809} }"
Zhu_TAP_A_Token-Adaptive_Predictor_Framework_for_Training-Free_Diffusion_Acceleration_CVPR_2026_paper,2026,1,Efficiency_Compression,Efficiency_Compression,7.0,0.571,TAP: A Token-Adaptive Predictor Framework for Training-Free Diffusion Acceleration,Haowei Zhu; Tingxuan Huang; Xing Wang; Tianyu Zhao; Jiexi Wang; Weifeng Chen; Xurui Peng; Fangmin Chen; Junhai Yong; Bin Wang,10,36082-36091,True,https://openaccess.thecvf.com/content/CVPR2026/papers/Zhu_TAP_A_Token-Adaptive_Predictor_Framework_for_Training-Free_Diffusion_Acceleration_CVPR_2026_paper.pdf,https://openaccess.thecvf.com/content/CVPR2026/supplemental/Zhu_TAP_A_Token-Adaptive_CVPR_2026_supplemental.pdf,https://openaccess.thecvf.com/content/CVPR2026/html/Zhu_TAP_A_Token-Adaptive_Predictor_Framework_for_Training-Free_Diffusion_Acceleration_CVPR_2026_paper.html,"Diffusion models achieve strong generative performance but remain slow at inference due to the need for repeated full-model denoising passes. We present Token-Adaptive Predictor (TAP), a training-free, probe-driven framework that adaptively selects a predictor for each token at every sampling step. TAP uses a single full evaluation of the model's first layer as a low-cost probe to compute proxy losses for a compact family of candidate predictors (instantiated primarily with Taylor expansions of varying order and horizon), then assigns each token the predictor with the smallest proxy error. This per-token ""probe-then-select"" strategy exploits heterogeneous temporal dynamics, requires no additional training, and is compatible with various predictor designs. TAP incurs negligible overhead while enabling large speedups with little or no perceptual quality loss. Extensive experiments across multiple diffusion architectures and generation tasks show that TAP substantially improves the accuracy-efficiency frontier compared to fixed global predictors and caching-only baselines.","@InProceedings{Zhu_2026_CVPR, author = {Zhu, Haowei and Huang, Tingxuan and Wang, Xing and Zhao, Tianyu and Wang, Jiexi and Chen, Weifeng and Peng, Xurui and Chen, Fangmin and Yong, Junhai and Wang, Bin}, title = {TAP: A Token-Adaptive Predictor Framework for Training-Free Diffusion Acceleration}, booktitle = {Proceedings of the IEEE/CVF Conference on Computer Vision and Pattern Recognition (CVPR)}, month = {June}, year = {2026}, pages = {36082-36091} }"
Shao_SODA_Sensitivity-Oriented_Dynamic_Acceleration_for_Diffusion_Transformer_CVPR_2026_paper,2026,1,Efficiency_Compression,Efficiency_Compression|Diffusion_Generative,18.0,0.333,SODA: Sensitivity-Oriented Dynamic Acceleration for Diffusion Transformer,Tong Shao; Yusen Fu; Guoying Sun; Jingde Kong; Zhuotao Tian; Jingyong Su,6,33012-33021,True,https://openaccess.thecvf.com/content/CVPR2026/papers/Shao_SODA_Sensitivity-Oriented_Dynamic_Acceleration_for_Diffusion_Transformer_CVPR_2026_paper.pdf,https://openaccess.thecvf.com/content/CVPR2026/supplemental/Shao_SODA_Sensitivity-Oriented_Dynamic_CVPR_2026_supplemental.pdf,https://openaccess.thecvf.com/content/CVPR2026/html/Shao_SODA_Sensitivity-Oriented_Dynamic_Acceleration_for_Diffusion_Transformer_CVPR_2026_paper.html,"Diffusion Transformers have become a dominant paradigm in visual generation, yet their low inference efficiency remains a key bottleneck hindering further advancement. Among common training-free techniques, caching offers high acceleration efficiency but often compromises fidelity, whereas pruning shows the opposite trade-off. Integrating caching with pruning achieves a balance between acceleration and generation quality. However, existing methods typically employ fixed and heuristic schemes to configure caching and pruning strategies. While they roughly follow the overall sensitivity trend of generation models to acceleration, they fail to capture fine-grained and complex variations, inevitably skipping highly sensitive computations and leading to quality degradation. Furthermore, such manually designed strategies exhibit poor generalization. To address these issues, we propose SODA, a Sensitivity-Oriented Dynamic Acceleration method that adaptively performs caching and pruning based on fine-grained sensitivity. SODA builds an offline sensitivity error modeling framework across timesteps, layers, and modules to capture the sensitivity to different acceleration operations. The cache intervals are optimized via dynamic programming with sensitivity error as the cost function, minimizing the impact of caching on model sensitivity. During pruning and cache reuse, SODA adaptively determines the pruning timing and rate to preserve computations of highly sensitive tokens, significantly enhancing generation fidelity. Extensive experiments on DiT-XL/2, PixArt-\alpha, and OpenSora demonstrate that SODA achieves state-of-the-art generation fidelity under controllable acceleration ratios. Our code is released publicly at: https://github.com/leaves162/SODA.","@InProceedings{Shao_2026_CVPR, author = {Shao, Tong and Fu, Yusen and Sun, Guoying and Kong, Jingde and Tian, Zhuotao and Su, Jingyong}, title = {SODA: Sensitivity-Oriented Dynamic Acceleration for Diffusion Transformer}, booktitle = {Proceedings of the IEEE/CVF Conference on Computer Vision and Pattern Recognition (CVPR)}, month = {June}, year = {2026}, pages = {33012-33021} }"
Lv_Generalizable_Knowledge_Distillation_from_Vision_Foundation_Models_for_Semantic_Segmentation_CVPR_2026_paper,2026,0,Segmentation,Segmentation|Efficiency_Compression|SelfSupervised_Representation,20.0,0.25,Generalizable Knowledge Distillation from Vision Foundation Models for Semantic Segmentation,Chonghua Lv; Dong Zhao; Shuang Wang; Dou Quan; Ning Huyan; Nicu Sebe; Zhun Zhong,7,26656-26666,True,https://openaccess.thecvf.com/content/CVPR2026/papers/Lv_Generalizable_Knowledge_Distillation_from_Vision_Foundation_Models_for_Semantic_Segmentation_CVPR_2026_paper.pdf,https://openaccess.thecvf.com/content/CVPR2026/supplemental/Lv_Generalizable_Knowledge_Distillation_CVPR_2026_supplemental.pdf,https://openaccess.thecvf.com/content/CVPR2026/html/Lv_Generalizable_Knowledge_Distillation_from_Vision_Foundation_Models_for_Semantic_Segmentation_CVPR_2026_paper.html,"Knowledge distillation (KD) has been widely applied in semantic segmentation to compress large models, but conventional approaches primarily preserve in-domain accuracy while neglecting out-of-domain generalization, which is essential under distribution shifts. This limitation becomes more severe with the emergence of vision foundation models (VFMs): although VFMs exhibit strong robustness on unseen data, distilling them with conventional KD often compromises this ability. We propose Generalizable Knowledge Distillation (GKD), a multi-stage framework that explicitly enhances generalization. GKD decouples representation learning from task learning. In the first stage, the student acquires domain-agnostic representations through selective feature distillation, and in the second stage, these representations are frozen for task adaptation, thereby mitigating overfitting to visible domains. To further support transfer, we introduce a query-based soft distillation mechanism, where student features act as queries to teacher representations to selectively retrieve transferable spatial knowledge from VFMs. Extensive experiments on five domain generalization benchmarks demonstrate that GKD consistently outperforms existing KD methods, achieving average gains of +1.9% in foundation-to-foundation (F2F) and +10.6% in foundation-to-local (F2L) distillation. The code will be available at https://github.com/Younger-hua/GKD.","@InProceedings{Lv_2026_CVPR, author = {Lv, Chonghua and Zhao, Dong and Wang, Shuang and Quan, Dou and Huyan, Ning and Sebe, Nicu and Zhong, Zhun}, title = {Generalizable Knowledge Distillation from Vision Foundation Models for Semantic Segmentation}, booktitle = {Proceedings of the IEEE/CVF Conference on Computer Vision and Pattern Recognition (CVPR)}, month = {June}, year = {2026}, pages = {26656-26666} }"
Zhang_CaT-GS_Efficient_3DGS_Rendering_for_Large-Scale_Scenes_with_Inter-frame_Caching_CVPR_2026_paper,2026,0,Neural_Rendering_NeRF_3DGS,Neural_Rendering_NeRF_3DGS|Efficiency_Compression,21.0,0.524,CaT-GS: Efficient 3DGS Rendering for Large-Scale Scenes with Inter-frame Caching and Tile Scheduling,Tingjia Zhang; Bo Chen; Shengzhong Liu; Fan Wu; Guihai Chen,5,37391-37400,True,https://openaccess.thecvf.com/content/CVPR2026/papers/Zhang_CaT-GS_Efficient_3DGS_Rendering_for_Large-Scale_Scenes_with_Inter-frame_Caching_CVPR_2026_paper.pdf,https://openaccess.thecvf.com/content/CVPR2026/supplemental/Zhang_CaT-GS_Efficient_3DGS_CVPR_2026_supplemental.pdf,https://openaccess.thecvf.com/content/CVPR2026/html/Zhang_CaT-GS_Efficient_3DGS_Rendering_for_Large-Scale_Scenes_with_Inter-frame_Caching_CVPR_2026_paper.html,"Recent breakthroughs in 3D Gaussian Splatting (3DGS) have advanced neural rendering with high fidelity and speed. However, its performance degrades significantly in large-scale scenes due to the computational burden of tile-based rasterization. Existing optimization efforts either require costly scene re-training or focus on narrow aspects of the pipeline, overlooking critical inefficiencies in real-world deployments. Through a comprehensive analysis, we identify three primary sources of redundancy and low GPU utilization: redundant inter-frame pre-processing, viewpoint-based occlusion redundancy, and severe tile-level load imbalance. To address these issues, we propose CaT-GS, a novel and efficient 3DGS rendering pipeline. CaT-GS introduces a speculative multi-frame preprocessing method to eliminate redundant computations across consecutive frames, and an inter-frame caching mechanism to eliminate viewpoint redundant rendering stages. Furthermore, it refactors rasterization tasks with a dedicated kernel to mitigate tile load imbalance, significantly boosting GPU utilization. Extensive experiments demonstrate that CaT-GS achieves a speedup of up to 10 times over the original 3DGS and up to 70% over previous state-of-the-art methods, establishing a new benchmark for high-fidelity, real-time rendering of large-scale scenes.","@InProceedings{Zhang_2026_CVPR, author = {Zhang, Tingjia and Chen, Bo and Liu, Shengzhong and Wu, Fan and Chen, Guihai}, title = {CaT-GS: Efficient 3DGS Rendering for Large-Scale Scenes with Inter-frame Caching and Tile Scheduling}, booktitle = {Proceedings of the IEEE/CVF Conference on Computer Vision and Pattern Recognition (CVPR)}, month = {June}, year = {2026}, pages = {37391-37400} }"
Deng_VLM-PTQ_Efficient_Post-Training_Quantization_for_Large_Vision-Language_Models_CVPR_2026_paper,2026,0,Vision_Language_Multimodal,Vision_Language_Multimodal|Efficiency_Compression,32.0,0.375,VLM-PTQ: Efficient Post-Training Quantization for Large Vision-Language Models,Juncan Deng; Kejie Huang,2,24696-24705,True,https://openaccess.thecvf.com/content/CVPR2026/papers/Deng_VLM-PTQ_Efficient_Post-Training_Quantization_for_Large_Vision-Language_Models_CVPR_2026_paper.pdf,https://openaccess.thecvf.com/content/CVPR2026/supplemental/Deng_VLM-PTQ_Efficient_Post-Training_CVPR_2026_supplemental.pdf,https://openaccess.thecvf.com/content/CVPR2026/html/Deng_VLM-PTQ_Efficient_Post-Training_Quantization_for_Large_Vision-Language_Models_CVPR_2026_paper.html,"Post-training quantization (PTQ) serves as a vital technique for efficiently compressing large-scale models, with weight-compensation methods such as GPTQ (symmetric calibration) and GPTAQ (asymmetric calibration) showing remarkable success. However, directly applying these methods to Vision-Language Models (VLMs) exposes two notable shortcomings: 1) the standard rounding-to-nearest (RTN) method is suboptimal for the asymmetric objective, failing to account for residual-induced shifts in the optimal quantization target; and 2) all input channels are processed uniformly across modalities, overlooking the distinct information densities. In this paper, we introduce VLM-PTQ, an asymmetric post-training quantization framework for VLMs. First, we derive a closed-form correction term that shifts the quantization target, which explicitly accounts for the output residual and the corresponding inverse Hessian column, yielding a better local optimum than RTN. Second, we propose a modality-aware quantization that differentiates channel importance between vision and language tokens, allowing the quantizer to pre-compute better quantization parameters through a lightweight search. Our method extends weight-compensation methods with minimal overhead while achieving significant performance improvements in low-bit scenarios. Extensive experiments demonstrate that VLM-PTQ achieves competitive results compared to existing methods, effectively compressing models from 1B to 72B parameters on a single GPU.","@InProceedings{Deng_2026_CVPR, author = {Deng, Juncan and Huang, Kejie}, title = {VLM-PTQ: Efficient Post-Training Quantization for Large Vision-Language Models}, booktitle = {Proceedings of the IEEE/CVF Conference on Computer Vision and Pattern Recognition (CVPR)}, month = {June}, year = {2026}, pages = {24696-24705} }"
Wen_CAR-SAM_Cross-Attention_Reconstruction_for_Post-Training_Quantization_of_the_Segment_Anything_CVPR_2026_paper,2026,1,Efficiency_Compression,Efficiency_Compression|Segmentation,22.0,0.455,CAR-SAM: Cross-Attention Reconstruction for Post-Training Quantization of the Segment Anything Model,Houji Wen; Jiangyong Yu; Dawei Yang; Jun Li,4,33632-33641,True,https://openaccess.thecvf.com/content/CVPR2026/papers/Wen_CAR-SAM_Cross-Attention_Reconstruction_for_Post-Training_Quantization_of_the_Segment_Anything_CVPR_2026_paper.pdf,https://openaccess.thecvf.com/content/CVPR2026/supplemental/Wen_CAR-SAM_Cross-Attention_Reconstruction_CVPR_2026_supplemental.pdf,https://openaccess.thecvf.com/content/CVPR2026/html/Wen_CAR-SAM_Cross-Attention_Reconstruction_for_Post-Training_Quantization_of_the_Segment_Anything_CVPR_2026_paper.html,"Segment Anything Models (SAMs) are extensively used in computer vision for universal image segmentation, but deploying them on resource-constrained devices is challenging due to their high computational and memory demands. Post-Training Quantization (PTQ) is a widely used technique for model compression and acceleration. However, existing PTQ methods fail to consider the cross-attention architecture in the SAM decoder. This degradation primarily stems from the unique challenges posed by SAMs: (1) Attention dissipation, where the attention information in the decoder, which is crucial for representing segmentation masks, collapses into a diffuse and non-semantic form under low-bit quantization; and (2) Reconstruction oscillation, where bidirectional coupling within the two-way transformer introduces cross-branch error interference and destabilizes convergence. To tackle these issues, we propose CAR-SAM, a unified quantization framework tailored for SAMs. Firstly, to mitigate attention dissipation, we introduce MatMul-Aware Compensation (MAC) mechanism that transfers activation-induced quantization errors from MatMul to preceding linear weights. Secondly, to mitigate oscillation in decoder optimization, we develop a Joint Cross-Attention Reconstruction (JCAR) strategy that jointly reconstructs coupled attention branches, suppressing oscillatory behavior and promoting stable convergence. Extensive experiments show that CAR-SAM robustly quantizes SAM models down to 4-bit precision, surpassing existing methods by 14.6% and 6.6% mAP on SAM-B and SAM-L respectively.","@InProceedings{Wen_2026_CVPR, author = {Wen, Houji and Yu, Jiangyong and Yang, Dawei and Li, Jun}, title = {CAR-SAM: Cross-Attention Reconstruction for Post-Training Quantization of the Segment Anything Model}, booktitle = {Proceedings of the IEEE/CVF Conference on Computer Vision and Pattern Recognition (CVPR)}, month = {June}, year = {2026}, pages = {33632-33641} }"
Kim_Distilling_Balanced_Knowledge_from_a_Biased_Teacher_CVPR_2026_paper,2026,1,Efficiency_Compression,Efficiency_Compression|Trustworthy_Security_Privacy,9.0,0.333,Distilling Balanced Knowledge from a Biased Teacher,Seonghak Kim,1,18032-18041,True,https://openaccess.thecvf.com/content/CVPR2026/papers/Kim_Distilling_Balanced_Knowledge_from_a_Biased_Teacher_CVPR_2026_paper.pdf,https://openaccess.thecvf.com/content/CVPR2026/supplemental/Kim_Distilling_Balanced_Knowledge_CVPR_2026_supplemental.pdf,https://openaccess.thecvf.com/content/CVPR2026/html/Kim_Distilling_Balanced_Knowledge_from_a_Biased_Teacher_CVPR_2026_paper.html,"Conventional knowledge distillation, designed for model compression, fails on long-tailed distributions because the teacher model tends to be biased toward head classes and provides limited supervision for tail classes. We propose Long-Tailed Knowledge Distillation (LTKD), a novel framework that reformulates the conventional objective into two components: a cross-group loss, capturing mismatches in prediction distributions across class groups (head, medium, and tail), and a within-group loss, capturing discrepancies within each group's distribution. This decomposition reveals the specific sources of the teacher's bias. To mitigate the inherited bias, LTKD introduces (1) a rebalanced cross-group loss that calibrates the teacher's group-level predictions and (2) a reweighted within-group loss that ensures equal contribution from all groups. Extensive experiments on CIFAR-100-LT, TinyImageNet-LT, and ImageNet-LT demonstrate that LTKD significantly outperforms existing methods in both overall and tail-class accuracy, thereby showing its ability to distill balanced knowledge from a biased teacher for real-world applications.","@InProceedings{Kim_2026_CVPR, author = {Kim, Seonghak}, title = {Distilling Balanced Knowledge from a Biased Teacher}, booktitle = {Proceedings of the IEEE/CVF Conference on Computer Vision and Pattern Recognition (CVPR)}, month = {June}, year = {2026}, pages = {18032-18041} }"
Zhang_QuantVLA_Scale-Calibrated_Post-Training_Quantization_for_Vision-Language-Action_Models_CVPR_2026_paper,2026,0,Embodied_AI_Robotics,Embodied_AI_Robotics|Efficiency_Compression|Vision_Language_Multimodal,27.0,0.259,QuantVLA: Scale-Calibrated Post-Training Quantization for Vision-Language-Action Models,Jingxuan Zhang; Yunta Hsieh; Zhongwei Wan; Haokun Lin; Xin Wang; Ziqi Wang; Yingtie Lei; Mi Zhang,8,39539-39549,True,https://openaccess.thecvf.com/content/CVPR2026/papers/Zhang_QuantVLA_Scale-Calibrated_Post-Training_Quantization_for_Vision-Language-Action_Models_CVPR_2026_paper.pdf,https://openaccess.thecvf.com/content/CVPR2026/supplemental/Zhang_QuantVLA_Scale-Calibrated_Post-Training_CVPR_2026_supplemental.pdf,https://openaccess.thecvf.com/content/CVPR2026/html/Zhang_QuantVLA_Scale-Calibrated_Post-Training_Quantization_for_Vision-Language-Action_Models_CVPR_2026_paper.html,"Vision-language-action (VLA) models unify perception, language, and control for embodied agents but face significant challenges in practical deployment due to rapidly increasing compute and memory demands, especially as models scale to longer horizons and larger backbones. To address these bottlenecks, we introduce QuantVLA, a training-free post-training quantization (PTQ) framework that, to our knowledge, is the first PTQ approach for VLA systems and the first to successfully quantize a diffusion transformer (DiT) action head. QuantVLA incorporates three scale-calibrated components: (1) a selective quantization layout that integerizes all linear layers in both the language backbone and the DiT while keeping attention projections in floating point to preserve the original operator schedule; (2) attention temperature matching, a lightweight per-head scaling mechanism that stabilizes attention logits and is folded into the dequantization scales at inference; and (3) output head balancing, a per-layer residual interface calibration that mitigates post-projection energy drift. The framework requires no additional training, uses only a small unlabeled calibration buffer, and supports integer kernels for low-bit weights and activations while leaving the architecture unchanged. Across representative VLA models on LIBERO, QuantVLA exceeds the task success rates of full-precision baselines, achieves about 70% relative memory savings on the quantized components, providing a practical pathway toward scalable low-bit embodied intelligence under strict compute, memory, and power constraints.","@InProceedings{Zhang_2026_CVPR, author = {Zhang, Jingxuan and Hsieh, Yunta and Wan, Zhongwei and Lin, Haokun and Wang, Xin and Wang, Ziqi and Lei, Yingtie and Zhang, Mi}, title = {QuantVLA: Scale-Calibrated Post-Training Quantization for Vision-Language-Action Models}, booktitle = {Proceedings of the IEEE/CVF Conference on Computer Vision and Pattern Recognition (CVPR)}, month = {June}, year = {2026}, pages = {39539-39549} }"
Pochimireddy_Efficient_Real-Time_Raw-to-Raw_Denoising_for_Extreme_Low-Light_Ultra_HD_Video_CVPR_2026_paper,2026,0,Restoration_Enhancement,Restoration_Enhancement|Efficiency_Compression,33.0,0.515,Efficient Real-Time Raw-to-Raw Denoising for Extreme Low-Light Ultra HD Video on Mobile Devices,Charantej Pochimireddy; Subhasmita Sahoo; Apoorva Verma; Palavalli Shyam; Swapnil Malviya; Sarvesh Sarvesh; Raj Gadde,7,1376-1385,True,https://openaccess.thecvf.com/content/CVPR2026/papers/Pochimireddy_Efficient_Real-Time_Raw-to-Raw_Denoising_for_Extreme_Low-Light_Ultra_HD_Video_CVPR_2026_paper.pdf,https://openaccess.thecvf.com/content/CVPR2026/supplemental/Pochimireddy_Efficient_Real-Time_Raw-to-Raw_CVPR_2026_supplemental.zip,https://openaccess.thecvf.com/content/CVPR2026/html/Pochimireddy_Efficient_Real-Time_Raw-to-Raw_Denoising_for_Extreme_Low-Light_Ultra_HD_Video_CVPR_2026_paper.html,"Recent advancements in deep neural networks (DNNs) have significantly improved visual quality of camera captures under low-light (<10lx) conditions, yet visual quality in extreme low-light (<1lx) remains inadequate. Existing DNN models are computationally intensive and suffer from large processing times, making them impractical for real-time enhancement of high-resolution video. Consequently, Ultra HD (UHD) videos (4K/8K) captured in extreme low-light environments exhibit elevated noise and diminished detail. Developing DNN-based solutions for UHD video enhancement faces challenges including paired dataset creation, temporal consistency, and efficient deployment under strict latency (<33ms) and power constraints (<250mA for 30fps video).We present a comprehensive methodology for developing a real-time raw to raw denoising solution for UHD video in extreme low-light, designed for seamless integration into existing ISP pipelines. Unlike ISP-replacement approaches, our solution enhances commercial camera stacks across sensor platforms. Our framework comprises: (1) Diverse dataset creation methodology; (2) A low-complexity model architecture optimized for mobile compute elements; (3) Efficient training and post-training optimizations (reparameterization, restructuring, quantization) to meet latency constraints while ensuring high-quality output. The result is a power-efficient real-time raw to raw video denoiser that improves extreme low-light video quality while preserving downstream ISP behavior.","@InProceedings{Pochimireddy_2026_CVPR, author = {Pochimireddy, Charantej and Sahoo, Subhasmita and Verma, Apoorva and Shyam, Palavalli and Malviya, Swapnil and Sarvesh, Sarvesh and Gadde, Raj}, title = {Efficient Real-Time Raw-to-Raw Denoising for Extreme Low-Light Ultra HD Video on Mobile Devices}, booktitle = {Proceedings of the IEEE/CVF Conference on Computer Vision and Pattern Recognition (CVPR)}, month = {June}, year = {2026}, pages = {1376-1385} }"
Zheng_ReFTA_Breaking_the_Weight_Reconstruction_Bottleneck_in_Tensorized_Parameter-Efficient_Fine-Tuning_CVPR_2026_paper,2026,1,Efficiency_Compression,Efficiency_Compression,3.0,0.0,ReFTA: Breaking the Weight Reconstruction Bottleneck in Tensorized Parameter-Efficient Fine-Tuning,Jingjing Zheng; Anda Tang; Qiangqiang Mao; Zhouchen Lin; Yankai Cao,5,26369-26378,True,https://openaccess.thecvf.com/content/CVPR2026/papers/Zheng_ReFTA_Breaking_the_Weight_Reconstruction_Bottleneck_in_Tensorized_Parameter-Efficient_Fine-Tuning_CVPR_2026_paper.pdf,,https://openaccess.thecvf.com/content/CVPR2026/html/Zheng_ReFTA_Breaking_the_Weight_Reconstruction_Bottleneck_in_Tensorized_Parameter-Efficient_Fine-Tuning_CVPR_2026_paper.html,"Tensor-based methods have attracted growing interest due to their ability to reduce trainable parameters and offer advantages over matrix-based approaches in parameter-efficient fine-tuning (e.g., LoRA and PiSSA), particularly in capturing inter-layer correlations. However, directly applying tensor methods requires repeated reconstruction of model weights during training, introducing substantial overhead and becoming a key bottleneck for deployment. To address this limitation, we propose Reconstruction-Free Tensor-Based Adaptation (ReFTA), which offers four advantages: (1) eliminating weight tensor reconstruction via tensor algebraic properties; (2) reducing initialization quantization error by fine-tuning only the principal tensor components; (3) providing a rigorous generalization guarantee rooted in tensor product algebra; and (4) enabling a unified design controlled by a single tensor rank configuration. Extensive experiments on both image classification (IC) and natural language understanding (NLU) tasks demonstrate that ReFTA achieves the best accuracy-efficiency trade-off among all evaluated methods. Across most cases, ReFTA attains the highest average accuracy with the fewest trainable parameters. On IC tasks with the ViT-Large model, ReFTA surpasses LoRA by 5.6% in average accuracy, while reducing the number of trainable parameters by up to 96% compared to LoRA. On NLU tasks with RoBERTa-Large, ReFTA improves the average accuracy by approximately 5% over most existing methods while using only 86.4% fewer parameters than LoRA (r=1) and 97.5% fewer than PiSSA. The code is available at https://github.com/jzheng20/ReFTA.","@InProceedings{Zheng_2026_CVPR, author = {Zheng, Jingjing and Tang, Anda and Mao, Qiangqiang and Lin, Zhouchen and Cao, Yankai}, title = {ReFTA: Breaking the Weight Reconstruction Bottleneck in Tensorized Parameter-Efficient Fine-Tuning}, booktitle = {Proceedings of the IEEE/CVF Conference on Computer Vision and Pattern Recognition (CVPR)}, month = {June}, year = {2026}, pages = {26369-26378} }"
Luddecke_LiDeRe_A_Lightweight_Readout_for_Fast_and_Data-Efficient_Dense_Prediction_CVPR_2026_paper,2026,1,Efficiency_Compression,Efficiency_Compression,10.0,0.5,LiDeRe: A Lightweight Readout for Fast and Data-Efficient Dense Prediction,Timo Lüddecke; Jan Frederik Meier; Jan van Delden; Alexander Ecker,4,2959-2971,True,https://openaccess.thecvf.com/content/CVPR2026/papers/Luddecke_LiDeRe_A_Lightweight_Readout_for_Fast_and_Data-Efficient_Dense_Prediction_CVPR_2026_paper.pdf,https://openaccess.thecvf.com/content/CVPR2026/supplemental/Luddecke_LiDeRe_A_Lightweight_CVPR_2026_supplemental.pdf,https://openaccess.thecvf.com/content/CVPR2026/html/Luddecke_LiDeRe_A_Lightweight_Readout_for_Fast_and_Data-Efficient_Dense_Prediction_CVPR_2026_paper.html,"Parameter-efficient fine-tuning (PEFT) methods have recently gained popularity for applying deep neural networks on small datasets as they reduce overfitting, simplify deployment, and enable fast training. We demonstrate that for dense image prediction tasks, a well-designed and lightweight dense readout on top of a frozen large backbone can surpass state-of-the-art PEFT methods in both efficiency and accuracy. Our parameter-efficient readout module combines interpolation and attention for fine-grained dense prediction. It integrates seamlessly with a wide range of pretrained vision backbones such as DINOv3 and can be combined with low-rank adaptation (LoRA). We achieve competitive or superior performance in semantic segmentation, object detection, pose estimation and semantic contour prediction, offering an efficient alternative to current PEFT techniques.","@InProceedings{Luddecke_2026_CVPR, author = {L\""uddecke, Timo and Meier, Jan Frederik and van Delden, Jan and Ecker, Alexander}, title = {LiDeRe: A Lightweight Readout for Fast and Data-Efficient Dense Prediction}, booktitle = {Proceedings of the IEEE/CVF Conference on Computer Vision and Pattern Recognition (CVPR)}, month = {June}, year = {2026}, pages = {2959-2971} }"
Liang_TWEO_Transformers_Without_Extreme_Outliers_Enables_FP8_Training_And_Quantization_CVPR_2026_paper,2026,1,Efficiency_Compression,Efficiency_Compression,17.0,0.647,TWEO: Transformers Without Extreme Outliers Enables FP8 Training And Quantization For Dummies,Guang Liang; Jie Shao; Ningyuan Tang; Xinyao Liu; Jianxin Wu,5,6095-6105,True,https://openaccess.thecvf.com/content/CVPR2026/papers/Liang_TWEO_Transformers_Without_Extreme_Outliers_Enables_FP8_Training_And_Quantization_CVPR_2026_paper.pdf,https://openaccess.thecvf.com/content/CVPR2026/supplemental/Liang_TWEO_Transformers_Without_CVPR_2026_supplemental.pdf,https://openaccess.thecvf.com/content/CVPR2026/html/Liang_TWEO_Transformers_Without_Extreme_Outliers_Enables_FP8_Training_And_Quantization_CVPR_2026_paper.html,"Native FP8 support in modern hardware is essential for training large Transformers, but is severely hindered by extreme activation outliers. Existing solutions either rely on complex mixed-precision engineering or invasive architectural modifications. This paper fundamentally challenges the conventional wisdom that outliers are data-driven. We demonstrate that extreme outliers are a data-independent, mechanically-produced artifact of training, originating from specific structural properties of the weight matrices (i.e., colinearity). Based on this insight, we propose TWEO (Transformers Without Extreme Outliers), a novel, non-invasive loss function. TWEO effectively prevents extreme outliers via a very simple loss term, which reduces outliers from 10000+ to less than 20. TWEO then enables full-model FP8 pre-training with neither engineering tricks nor architectural changes for both LLM and ViT. When standard FP8 training catastrophically collapses, TWEO achieves performance comparable to the BF16 baseline while delivering a 36% increase in training throughput. Also, TWEO enables a new quantization paradigm. Hardware-friendly W8A8 per-tensor static quantization of LLMs, previously considered completely unusable due to outliers, achieves SOTA performance for the first time on TWEO-trained models.","@InProceedings{Liang_2026_CVPR, author = {Liang, Guang and Shao, Jie and Tang, Ningyuan and Liu, Xinyao and Wu, Jianxin}, title = {TWEO: Transformers Without Extreme Outliers Enables FP8 Training And Quantization For Dummies}, booktitle = {Proceedings of the IEEE/CVF Conference on Computer Vision and Pattern Recognition (CVPR)}, month = {June}, year = {2026}, pages = {6095-6105} }"
Yang_Revisiting_Multimodal_KV_Cache_Compression_A_Frequency-Domain-Guided_Outlier-KV-Aware_Approach_CVPR_2026_paper,2026,1,Efficiency_Compression,Efficiency_Compression|Vision_Language_Multimodal|LLM_Reasoning_Agent,12.0,0.0,Revisiting Multimodal KV Cache Compression: A Frequency-Domain-Guided Outlier-KV-Aware Approach,Yaoxin Yang; Peng Ye; Xudong Tan; Chongjun Tu; Maosen Zhao; Jia Hao; Tao Chen,7,39550-39560,True,https://openaccess.thecvf.com/content/CVPR2026/papers/Yang_Revisiting_Multimodal_KV_Cache_Compression_A_Frequency-Domain-Guided_Outlier-KV-Aware_Approach_CVPR_2026_paper.pdf,https://openaccess.thecvf.com/content/CVPR2026/supplemental/Yang_Revisiting_Multimodal_KV_CVPR_2026_supplemental.pdf,https://openaccess.thecvf.com/content/CVPR2026/html/Yang_Revisiting_Multimodal_KV_Cache_Compression_A_Frequency-Domain-Guided_Outlier-KV-Aware_Approach_CVPR_2026_paper.html,"Multimodal large language models suffer from substantial inference overhead since multimodal KV Cache grows proportionally with the visual input length. Existing multimodal KV cache compression methods mostly rely on attention score to reduce cache size, which makes them are incompatible with established efficient attention kernels (e.g., FlashAttention) and ignores the contribution of value vectors to the attention output. In this work, we revisit multimodal KV cache compression from the perspective of the KV matrices' distribution. First, we observe that frequency-domain energy of multimodal KV matrices is predominantly concentrated in low-frequency and extract this principal energy via a low-pass filter. Further, we find that removing KV pairs that deviate substantially from this principal energy leads to a pronounced performance drop, which we define as Outlier KVs. Considering Outlier KVs are more likely to encode features critical for inference, we propose FlashCache, a frequency-domain-guided, Outlier-KV-aware KV Cache compression framework. First, we introduce an Outlier KV Recognition Module that models the principal component of multimodal KV matrices in the frequency domain and preferentially retains KV pairs that significantly deviate from it. Furthermore, Dynamic Budget Allocation Module is designed to adaptively determine the per-layer KV cache size to retain more Outlier KVs. Experiments on multiple MLLMs and benchmarks demonstrate that FlashCache outperforms state-of-the-art multimoal KV compression methods, achieving up to 1.69x faster decoding with 80% lower KV memory usage while maintaining task performance.","@InProceedings{Yang_2026_CVPR, author = {Yang, Yaoxin and Ye, Peng and Tan, Xudong and Tu, Chongjun and Zhao, Maosen and Hao, Jia and Chen, Tao}, title = {Revisiting Multimodal KV Cache Compression: A Frequency-Domain-Guided Outlier-KV-Aware Approach}, booktitle = {Proceedings of the IEEE/CVF Conference on Computer Vision and Pattern Recognition (CVPR)}, month = {June}, year = {2026}, pages = {39550-39560} }"
Ji_Test-time_Sparsity_for_Extreme_Fast_Action_Diffusion_CVPR_2026_paper,2026,1,Efficiency_Compression,Efficiency_Compression|Restoration_Enhancement,18.0,0.5,Test-time Sparsity for Extreme Fast Action Diffusion,Kangye Ji; Yuan Meng; Jianbo Zhou; Ye Li; Chen Tang; Zhi Wang,6,9414-9423,True,https://openaccess.thecvf.com/content/CVPR2026/papers/Ji_Test-time_Sparsity_for_Extreme_Fast_Action_Diffusion_CVPR_2026_paper.pdf,https://openaccess.thecvf.com/content/CVPR2026/supplemental/Ji_Test-time_Sparsity_for_CVPR_2026_supplemental.pdf,https://openaccess.thecvf.com/content/CVPR2026/html/Ji_Test-time_Sparsity_for_Extreme_Fast_Action_Diffusion_CVPR_2026_paper.html,"Action diffusion excels at high-fidelity action generation but incurs heavy computational costs owing to its iterative denoising nature. Despite current technologies showing promise in accelerating diffusion transformers by reusing the cached features, they struggle to adapt to policy dynamics arising from diverse perceptions and multi-round rollout iterations in open environments. We propose test-time sparsity to tackle this challenge, which aims to accelerate action diffusion by dynamically predicting prunable residual computations for each model forward at test time. However, two bottlenecks remain in this paradigm: 1) repetitive conditional encoding and pruning offset most potential speed gains, and 2) the features cached from previous denoising timesteps cannot constrain large pruning errors under aggressive sparsity. To address the first bottleneck, we design a highly parallelized inference pipeline that minimizes the non-decoder delay to milliseconds. Specifically, we first design a lightweight pruner that shares the encoder with the diffusion transformer. Then, we decouple the encoding and pruning from the autoregressive denoising loop by processing all denoising timesteps in parallel, and overlap the pruner with the decoder forward inference through asynchronism. To overcome the second bottleneck, we introduce an omnidirectional reusing strategy, which achieves 95% sparsity by selectively reusing the features cached from the current forward, previous denoising timesteps, and earlier rollout iterations. To learn the rollout-level reusing strategies, we sample a few action trajectories to supervise the sparsified diffusion step by step. Extensive experiments demonstrate that our method reduces FLOPs by 92% and accelerates action generation by 5x, achieving lossless performance with an inference frequency of 47.5 Hz. Our code is available at https://github.com/ky-ji/Test-time-Sparsity.","@InProceedings{Ji_2026_CVPR, author = {Ji, Kangye and Meng, Yuan and Zhou, Jianbo and Li, Ye and Tang, Chen and Wang, Zhi}, title = {Test-time Sparsity for Extreme Fast Action Diffusion}, booktitle = {Proceedings of the IEEE/CVF Conference on Computer Vision and Pattern Recognition (CVPR)}, month = {June}, year = {2026}, pages = {9414-9423} }"
Cai_PFGNet_A_Fully_Convolutional_Frequency-Guided_Peripheral_Gating_Network_for_Efficient_CVPR_2026_paper,2026,1,Efficiency_Compression,Efficiency_Compression,2.0,1.0,PFGNet: A Fully Convolutional Frequency-Guided Peripheral Gating Network for Efficient Spatiotemporal Predictive Learning,Xinyong Cai; Changbin Sun; Yong Wang; Hongyu Yang; Yuankai Wu,5,38848-38858,True,https://openaccess.thecvf.com/content/CVPR2026/papers/Cai_PFGNet_A_Fully_Convolutional_Frequency-Guided_Peripheral_Gating_Network_for_Efficient_CVPR_2026_paper.pdf,https://openaccess.thecvf.com/content/CVPR2026/supplemental/Cai_PFGNet_A_Fully_CVPR_2026_supplemental.pdf,https://openaccess.thecvf.com/content/CVPR2026/html/Cai_PFGNet_A_Fully_Convolutional_Frequency-Guided_Peripheral_Gating_Network_for_Efficient_CVPR_2026_paper.html,"Spatiotemporal predictive learning (STPL) aims to forecast future frames from past observations and is essential across a wide range of applications. Compared with recurrent or hybrid architectures, pure convolutional models offer superior efficiency and full parallelism, yet their fixed receptive fields limit their ability to adaptively capture spatially varying motion patterns. Inspired by biological center-surround organization and frequency-selective signal processing, we propose PFGNet, a fully convolutional framework that dynamically modulates receptive fields through pixel-wise frequency-guided gating. The core Peripheral Frequency Gating (PFG) block extracts localized spectral cues and adaptively fuses multi-scale large-kernel peripheral responses with learnable center suppression, effectively forming spatially adaptive band-pass filters. To maintain efficiency, all large kernels are decomposed into separable 1D convolutions (1xk followed by kx1), reducing per-channel computational cost from O(k2) to O(2k). PFGNet enables structure-aware spatiotemporal modeling without recurrence or attention. Experiments on Moving MNIST, TaxiBJ, Human3.6M, and KTH show that PFGNet delivers SOTA or near-SOTA forecasting performance with substantially fewer parameters and FLOPs. Our code is available at https://github.com/fhjdqaq/PFGNet.","@InProceedings{Cai_2026_CVPR, author = {Cai, Xinyong and Sun, Changbin and Wang, Yong and Yang, Hongyu and Wu, Yuankai}, title = {PFGNet: A Fully Convolutional Frequency-Guided Peripheral Gating Network for Efficient Spatiotemporal Predictive Learning}, booktitle = {Proceedings of the IEEE/CVF Conference on Computer Vision and Pattern Recognition (CVPR)}, month = {June}, year = {2026}, pages = {38848-38858} }"
Korzhenkov_PyramidalWan_On_Making_Pretrained_Video_Model_Pyramidal_for_Efficient_Inference_CVPR_2026_paper,2026,0,Diffusion_Generative,Diffusion_Generative|Efficiency_Compression,6.0,0.0,PyramidalWan: On Making Pretrained Video Model Pyramidal for Efficient Inference,Denis Korzhenkov; Adil Karjauv; Animesh Karnewar; Mohsen Ghafoorian; Amirhossein Habibian,5,16153-16162,True,https://openaccess.thecvf.com/content/CVPR2026/papers/Korzhenkov_PyramidalWan_On_Making_Pretrained_Video_Model_Pyramidal_for_Efficient_Inference_CVPR_2026_paper.pdf,https://openaccess.thecvf.com/content/CVPR2026/supplemental/Korzhenkov_PyramidalWan_On_Making_CVPR_2026_supplemental.pdf,https://openaccess.thecvf.com/content/CVPR2026/html/Korzhenkov_PyramidalWan_On_Making_Pretrained_Video_Model_Pyramidal_for_Efficient_Inference_CVPR_2026_paper.html,"Recently proposed pyramidal models decompose the conventional forward and backward diffusion processes into multiple stages operating at varying resolutions. These models handle inputs with higher noise levels at lower resolutions, while less noisy inputs are processed at higher resolutions. This hierarchical approach significantly reduces the computational cost of inference in multi-step denoising models. However, existing open-source pyramidal video models have been trained from scratch and tend to underperform compared to state-of-the-art systems in terms of visual plausibility.In this work, we present a pipeline that converts a pretrained diffusion model into a pyramidal one through low-cost finetuning, achieving this transformation without degradation in quality of output videos.Furthermore, we investigate and compare various strategies for step distillation within pyramidal models, aiming to further enhance the inference efficiency.","@InProceedings{Korzhenkov_2026_CVPR, author = {Korzhenkov, Denis and Karjauv, Adil and Karnewar, Animesh and Ghafoorian, Mohsen and Habibian, Amirhossein}, title = {PyramidalWan: On Making Pretrained Video Model Pyramidal for Efficient Inference}, booktitle = {Proceedings of the IEEE/CVF Conference on Computer Vision and Pattern Recognition (CVPR)}, month = {June}, year = {2026}, pages = {16153-16162} }"
Zeng_Sampling-Aware_Quantization_for_Diffusion_Models_CVPR_2026_paper,2026,1,Efficiency_Compression,Efficiency_Compression|Diffusion_Generative,23.0,0.478,Sampling-Aware Quantization for Diffusion Models,Qian Zeng; Jie Song; Yuanyu Wan; Huiqiong Wang; Mingli Song,5,35831-35840,True,https://openaccess.thecvf.com/content/CVPR2026/papers/Zeng_Sampling-Aware_Quantization_for_Diffusion_Models_CVPR_2026_paper.pdf,https://openaccess.thecvf.com/content/CVPR2026/supplemental/Zeng_Sampling-Aware_Quantization_for_CVPR_2026_supplemental.zip,https://openaccess.thecvf.com/content/CVPR2026/html/Zeng_Sampling-Aware_Quantization_for_Diffusion_Models_CVPR_2026_paper.html,"Diffusion models have recently emerged as the dominant approach in visual generation tasks. However, the lengthy denoising chains and the computationally intensive noise estimation networks hinder their applicability in low-latency and resource-limited environments. Previous research has endeavored to address these limitations in a decoupled manner, utilizing either advanced samplers or efficient model quantization techniques. In this study, we uncover that quantization-induced noise disrupts directional estimation at each sampling step, further distorting the precise directional estimations of higher-order samplers when solving the sampling equations through discretized numerical methods, thereby altering the optimal sampling trajectory. To attain dual acceleration with high fidelity, we propose a sampling-aware quantization strategy, wherein a Mixed-Order Trajectory Alignment technique is devised to impose a more stringent constraint on the error bounds at each sampling step, facilitating a more linear probability flow. Extensive experiments on sparse-step fast sampling across multiple datasets demonstrate that our approach preserves the rapid convergence characteristics of high-speed samplers while maintaining superior generation quality. Code is publicly available at: https://github.com/TaylorJocelyn/Sampling-aware-Quantization.","@InProceedings{Zeng_2026_CVPR, author = {Zeng, Qian and Song, Jie and Wan, Yuanyu and Wang, Huiqiong and Song, Mingli}, title = {Sampling-Aware Quantization for Diffusion Models}, booktitle = {Proceedings of the IEEE/CVF Conference on Computer Vision and Pattern Recognition (CVPR)}, month = {June}, year = {2026}, pages = {35831-35840} }"
Li_SegMo_Co-Designing_Content-Aware_Sparsity_and_Locally-Cohesive_Segment_Parallelism_for_Efficient_CVPR_2026_paper,2026,1,Efficiency_Compression,Efficiency_Compression|Vision_Language_Multimodal,19.0,0.526,SegMo: Co-Designing Content-Aware Sparsity and Locally-Cohesive Segment Parallelism for Efficient VLM Inference,Haojuan Li; Ruohan Tang; Dongzhou Cheng; Zongpu Zhang; Jian Li; Jiaqi Wang,6,33598-33608,True,https://openaccess.thecvf.com/content/CVPR2026/papers/Li_SegMo_Co-Designing_Content-Aware_Sparsity_and_Locally-Cohesive_Segment_Parallelism_for_Efficient_CVPR_2026_paper.pdf,https://openaccess.thecvf.com/content/CVPR2026/supplemental/Li_SegMo_Co-Designing_Content-Aware_CVPR_2026_supplemental.pdf,https://openaccess.thecvf.com/content/CVPR2026/html/Li_SegMo_Co-Designing_Content-Aware_Sparsity_and_Locally-Cohesive_Segment_Parallelism_for_Efficient_CVPR_2026_paper.html,"Video Large Language Models (VideoLLMs) face a fundamental performance bottleneck: the token explosion intrinsic to video inputs. The resulting O(N^2) prefill cost makes conventional Transformer inference prohibitively expensive at scale. Existing attempts fall into a hard accuracy-latency dilemma: naive sparsification risks losing essential temporal-spatial context, whereas naive parallelization introduces substantial communication and memory overhead. To overcome this impasse, we propose SegMo, a unified framework based on algorithm-system co-design that jointly optimizes what to compute (sparsification) and how to compute it (parallelism). Driven by the empirical discovery of Local Cohesion in VideoLLM attention, SegMo integrates two key components: (1) Content-Aware Sparsification (CAS): A lightweight, hierarchical algorithm that first employs Query Relevance for scene-level assessment, and then uses Temporal Redundancy for intra-scene static redundancy pruning, to generate a precise, non-uniform computation load, ensuring accuracy. (2) Locally-Cohesive Segment Parallelism (LSP): A novel paradigm that leverages attention locality to partition the video at scene boundaries, using a lightweight Global Context Injection mechanism to replace the massive communication and memory overheads of global attention. SegMo was validated across LVBench, LongVideoBench, and Video-MME. Our CAS module improved accuracy by up to 12.00%. When integrated with LSP, the full system (CAS + LSP) achieved a peak prefill acceleration of 3.55x, while still maintaining a significant accuracy gain of up to 8.31%.","@InProceedings{Li_2026_CVPR, author = {Li, Haojuan and Tang, Ruohan and Cheng, Dongzhou and Zhang, Zongpu and Li, Jian and Wang, Jiaqi}, title = {SegMo: Co-Designing Content-Aware Sparsity and Locally-Cohesive Segment Parallelism for Efficient VLM Inference}, booktitle = {Proceedings of the IEEE/CVF Conference on Computer Vision and Pattern Recognition (CVPR)}, month = {June}, year = {2026}, pages = {33598-33608} }"
Feng_TESSERA_Temporal_Embeddings_of_Surface_Spectra_for_Earth_Representation_and_CVPR_2026_paper,2026,1,Efficiency_Compression,Efficiency_Compression,4.0,0.25,TESSERA: Temporal Embeddings of Surface Spectra for Earth Representation and Analysis,Zhengpeng Feng; Clement Atzberger; Sadiq Jaffer; Jovana Knezevic; Silja Sormunen; Robin Young; Madeline C. Lisaius; Markus Immitzer; Toby Jackson; James Ball; David A. Coomes; Anil Madhavapeddy; Andrew Blake; Srinivasan Keshav,14,34818-34831,True,https://openaccess.thecvf.com/content/CVPR2026/papers/Feng_TESSERA_Temporal_Embeddings_of_Surface_Spectra_for_Earth_Representation_and_CVPR_2026_paper.pdf,https://openaccess.thecvf.com/content/CVPR2026/supplemental/Feng_TESSERA_Temporal_Embeddings_CVPR_2026_supplemental.pdf,https://openaccess.thecvf.com/content/CVPR2026/html/Feng_TESSERA_Temporal_Embeddings_of_Surface_Spectra_for_Earth_Representation_and_CVPR_2026_paper.html,"Satellite Earth-observation (EO) time series in the optical and microwave ranges are often irregular due to orbital patterns and cloud obstruction, and while compositing addresses these issues, it loses critical phenological information. To overcome this, we present TESSERA, a pixel-wise foundation model for multi-modal (Sentinel-1/2) EO time series that learns robust, label-efficient embeddings. During training, TESSERA uses Barlow Twins and sparse random temporal sampling to enforce invariance to the selection of valid observations, aided by two key regularizers: global shuffling to decorrelate spatial neighborhoods and mix-based regulation for invariance under extreme sparsity. We find that for diverse classification, segmentation, and regression tasks, TESSERA embeddings deliver state-of-the-art accuracy with high label efficiency, often requiring only a small task head and minimal computation. To democratize access, adhere to FAIR principles, and simplify use, we release global, annual, 10m, pixel-wise int8 embeddings together with open weights/code and lightweight adaptation heads, providing practical tooling for large-scale retrieval and inference at planetary scale. All code and data are available at https://github.com/ucam-eo/tessera.","@InProceedings{Feng_2026_CVPR, author = {Feng, Zhengpeng and Atzberger, Clement and Jaffer, Sadiq and Knezevic, Jovana and Sormunen, Silja and Young, Robin and Lisaius, Madeline C. and Immitzer, Markus and Jackson, Toby and Ball, James and Coomes, David A. and Madhavapeddy, Anil and Blake, Andrew and Keshav, Srinivasan}, title = {TESSERA: Temporal Embeddings of Surface Spectra for Earth Representation and Analysis}, booktitle = {Proceedings of the IEEE/CVF Conference on Computer Vision and Pattern Recognition (CVPR)}, month = {June}, year = {2026}, pages = {34818-34831} }"
Zhang_SegQuant_A_Semantics-Aware_and_Generalizable_Quantization_Framework_for_Diffusion_Models_CVPR_2026_paper,2026,1,Efficiency_Compression,Efficiency_Compression|Diffusion_Generative,20.0,0.1,SegQuant: A Semantics-Aware and Generalizable Quantization Framework for Diffusion Models,Jiaji Zhang; Ruichao Sun; Hailiang Zhao; Jiaju Wu; Peng Chen; Hao Li; Yuying Liu; Kingsum Chow; Gang Xiong; Shuiguang Deng,10,43717-43726,True,https://openaccess.thecvf.com/content/CVPR2026/papers/Zhang_SegQuant_A_Semantics-Aware_and_Generalizable_Quantization_Framework_for_Diffusion_Models_CVPR_2026_paper.pdf,https://openaccess.thecvf.com/content/CVPR2026/supplemental/Zhang_SegQuant_A_Semantics-Aware_CVPR_2026_supplemental.pdf,https://openaccess.thecvf.com/content/CVPR2026/html/Zhang_SegQuant_A_Semantics-Aware_and_Generalizable_Quantization_Framework_for_Diffusion_Models_CVPR_2026_paper.html,"Diffusion models have demonstrated exceptional generative capabilities but are computationally intensive, posing significant challenges for deployment in resource-constrained or latency-sensitive environments.Quantization offers an effective means to reduce model size and computational cost, with post-training quantization (PTQ) being particularly appealing due to its compatibility with pre-trained models without requiring retraining or training data.However, existing PTQ methods for diffusion models often rely on manual, architecture-specific heuristics that limit their generalizability and hinder integration with industrial deployment pipelines.To address these limitations, we propose SegQuant, a deployment-aware quantization framework that adaptively combines complementary techniques to enhance cross-model versatility.SegQuant consists of a segment-aware, graph-based quantization strategy (SegLinear) that captures structural semantics and spatial heterogeneity, along with a dual-scale quantization scheme (DualScale) that preserves polarity-asymmetric activations using a hardware-native dual-path computation, avoiding performance penalties from custom implementations, which is crucial for maintaining visual fidelity in generated outputs.SegQuant is broadly applicable beyond Transformer-based diffusion models, achieving strong performance while ensuring seamless compatibility with mainstream deployment tools.","@InProceedings{Zhang_2026_CVPR, author = {Zhang, Jiaji and Sun, Ruichao and Zhao, Hailiang and Wu, Jiaju and Chen, Peng and Li, Hao and Liu, Yuying and Chow, Kingsum and Xiong, Gang and Deng, Shuiguang}, title = {SegQuant: A Semantics-Aware and Generalizable Quantization Framework for Diffusion Models}, booktitle = {Proceedings of the IEEE/CVF Conference on Computer Vision and Pattern Recognition (CVPR)}, month = {June}, year = {2026}, pages = {43717-43726} }"
Sun_Hi-Lo_Prune_Look_at_What_Youll_Lose_before_Pruning_with_CVPR_2026_paper,2026,0,LLM_Reasoning_Agent,LLM_Reasoning_Agent|Efficiency_Compression,13.0,0.077,Hi-Lo Prune: Look at What You'll Lose before Pruning with Hierarchical Token Selection,Zixun Sun; Yubo Dong; Hehe Fan; Yi Yang,4,31941-31951,True,https://openaccess.thecvf.com/content/CVPR2026/papers/Sun_Hi-Lo_Prune_Look_at_What_Youll_Lose_before_Pruning_with_CVPR_2026_paper.pdf,https://openaccess.thecvf.com/content/CVPR2026/supplemental/Sun_Hi-Lo_Prune_Look_CVPR_2026_supplemental.pdf,https://openaccess.thecvf.com/content/CVPR2026/html/Sun_Hi-Lo_Prune_Look_at_What_Youll_Lose_before_Pruning_with_CVPR_2026_paper.html,"Multimodal Large Language Models (MLLMs) have achieved remarkable progress in vision-language understanding, yet processing long visual token sequences remains computationally expensive. Existing approaches mitigate this cost by reducing image tokens, either by discarding them after the visual encoder or by pruning them in the early Transformer layers of the LLM. While these strategies improve efficiency, they inevitably discard informative visual content and risk degrading downstream reasoning performance. To address this challenge, we introduce Hi-Lo Prune, a training-free pruning strategy that is built on a simple principle: look at what you will lose before you remove it. Instead of directly dropping tokens, Hi-Lo Prune first identifies which tokens are safe to prune through a coarse-to-fine selection process, and then encourages the model to absorb their information before pruning occurs. Specifically, the framework consists of three stages: (1) Hierarchical Pruning Token Selection. After visual encoding, we apply a coarse-to-fine process that identifies tokens to retain and selects a critical set of pruning candidates from redundant ones. (2) Attention-Guided Candidate Token Merge. Before removing selected tokens, an attention mechanism is applied to the early LLM layers, which explicitly transfers information from these candidates to the retained tokens. (3) Low-informative Candidate Token Removal. At a designated Transformer layer, the pruned tokens are removed, reducing computation for all subsequent layers. This design enables aggressive early-layer pruning while preserving critical visual cues. Experiments on Qwen2-VL, Qwen2.5-VL, and Qwen3-VL demonstrate that Hi-Lo Prune consistently outperforms existing pruning methods across multiple benchmarks, achieving strong performance even under high pruning ratios without any fine-tuning.","@InProceedings{Sun_2026_CVPR, author = {Sun, Zixun and Dong, Yubo and Fan, Hehe and Yang, Yi}, title = {Hi-Lo Prune: Look at What You'll Lose before Pruning with Hierarchical Token Selection}, booktitle = {Proceedings of the IEEE/CVF Conference on Computer Vision and Pattern Recognition (CVPR)}, month = {June}, year = {2026}, pages = {31941-31951} }"
Kong_ParallelVLM_Lossless_Video-LLM_Acceleration_with_Visual_Alignment_Aware_Parallel_Speculative_CVPR_2026_paper,2026,1,Efficiency_Compression,Efficiency_Compression|LLM_Reasoning_Agent|Video_Action_Recognition,16.0,0.25,ParallelVLM: Lossless Video-LLM Acceleration with Visual Alignment Aware Parallel Speculative Decoding,Quan Kong; Yuhao Shen; Yicheng Ji; Huan Li; Cong Wang,5,11392-11402,True,https://openaccess.thecvf.com/content/CVPR2026/papers/Kong_ParallelVLM_Lossless_Video-LLM_Acceleration_with_Visual_Alignment_Aware_Parallel_Speculative_CVPR_2026_paper.pdf,https://openaccess.thecvf.com/content/CVPR2026/supplemental/Kong_ParallelVLM_Lossless_Video-LLM_CVPR_2026_supplemental.pdf,https://openaccess.thecvf.com/content/CVPR2026/html/Kong_ParallelVLM_Lossless_Video-LLM_Acceleration_with_Visual_Alignment_Aware_Parallel_Speculative_CVPR_2026_paper.html,"Although current Video-LLMs achieve impressive performance in video understanding tasks, their autoregressive decoding efficiency remains constrained by the massive number of video tokens. Visual token pruning can partially ease this bottleneck, yet existing approaches still suffer from information loss and yield only modest acceleration in decoding. In this paper, we propose ParallelVLM, a training-free draft-then-verify speculative decoding framework that overcomes both mutual waiting and limited speedup-ratio problems between draft and target models in long-video settings. ParallelVLM features two parallelized stages that maximize hardware utilization and incorporates an Unbiased Verifier-Guided Pruning strategy to better align the draft and target models by eliminating the positional bias in attention-guided pruning. Extensive experiments demonstrate that ParallelVLM effectively expands the draft window by 1.6-1.8x with high accepted lengths, and accelerates various video understanding benchmarks by 3.36x on LLaVA-Onevision-72B and 2.42x on Qwen2.5-VL-32B compared with vanilla autoregressive decoding.","@InProceedings{Kong_2026_CVPR, author = {Kong, Quan and Shen, Yuhao and Ji, Yicheng and Li, Huan and Wang, Cong}, title = {ParallelVLM: Lossless Video-LLM Acceleration with Visual Alignment Aware Parallel Speculative Decoding}, booktitle = {Proceedings of the IEEE/CVF Conference on Computer Vision and Pattern Recognition (CVPR)}, month = {June}, year = {2026}, pages = {11392-11402} }"
Dey_Rethinking_Dataset_Distillation_Hard_Truths_about_Soft_Labels_CVPR_2026_paper,2026,1,Efficiency_Compression,Efficiency_Compression,2.0,0.5,Rethinking Dataset Distillation: Hard Truths about Soft Labels,Priyam Dey; Aditya Sahdev; Sunny Bhati; Konda Reddy Mopuri; Venkatesh Babu Radhakrishnan,5,178-187,True,https://openaccess.thecvf.com/content/CVPR2026/papers/Dey_Rethinking_Dataset_Distillation_Hard_Truths_about_Soft_Labels_CVPR_2026_paper.pdf,https://openaccess.thecvf.com/content/CVPR2026/supplemental/Dey_Rethinking_Dataset_Distillation_CVPR_2026_supplemental.pdf,https://openaccess.thecvf.com/content/CVPR2026/html/Dey_Rethinking_Dataset_Distillation_Hard_Truths_about_Soft_Labels_CVPR_2026_paper.html,"Despite the perceived success of large-scale dataset distillation (DD) methods, recent evidence [??] finds that simple random image baselines perform on-par with state-of-the-art DD methods like SRe2L [??] due to the use of soft labels during downstream model training. This is in contrast with the findings in coreset literature, where high-quality coresets consistently outperform random subsets in the hard-label (HL) setting. To understand this discrepancy, we perform a detailed scalability analysis to examine the role of data quality under different label regimes, ranging from abundant soft labels (termed as SL+KD regime) to fixed soft labels (SL) and hard labels (HL). Our analysis reveals that high-quality coresets fail to convincingly outperform the random baseline in both SL and SL+KD regimes. In the SL+KD setting, performance further approaches near-optimal levels relative to the full dataset, regardless of subset size or quality, for a given compute budget. This performance saturation calls into question the widespread practice of using soft labels for model evaluation, where unlike the HL setting, subset quality has negligible influence. A subsequent systematic evaluation of five large-scale and four small-scale DD methods in the HL setting reveals that only RDED [??] reliably outperforms random baselines on ImageNet-1K, but can still lag behind strong coreset methods due to its over-reliance on easy sample patches. Based on this, we introduce CAD-Prune, a compute-aware pruning metric that efficiently identifies samples of optimal difficulty for a given compute budget, and use it to develop CA2D, a compute-aligned DD method, outperforming current DD methods on ImageNet-1K at various IPC settings. Together, our findings uncover many insights into current DD research and establish useful tools to advance data-efficient learning for both coresets and DD.","@InProceedings{Dey_2026_CVPR, author = {Dey, Priyam and Sahdev, Aditya and Bhati, Sunny and Mopuri, Konda Reddy and Radhakrishnan, Venkatesh Babu}, title = {Rethinking Dataset Distillation: Hard Truths about Soft Labels}, booktitle = {Proceedings of the IEEE/CVF Conference on Computer Vision and Pattern Recognition (CVPR)}, month = {June}, year = {2026}, pages = {178-187} }"
Han_LIFT_and_PLACE_A_Simple_Stable_and_Effective_Knowledge_Distillation_CVPR_2026_paper,2026,1,Efficiency_Compression,Efficiency_Compression|Diffusion_Generative,18.0,0.333,"LIFT and PLACE: A Simple, Stable, and Effective Knowledge Distillation Framework for Lightweight Diffusion Models",Hyunsoo Han; Sangyeop Yeo; Jaejun Yoo,3,5564-5573,True,https://openaccess.thecvf.com/content/CVPR2026/papers/Han_LIFT_and_PLACE_A_Simple_Stable_and_Effective_Knowledge_Distillation_CVPR_2026_paper.pdf,https://openaccess.thecvf.com/content/CVPR2026/supplemental/Han_LIFT_and_PLACE_CVPR_2026_supplemental.pdf,https://openaccess.thecvf.com/content/CVPR2026/html/Han_LIFT_and_PLACE_A_Simple_Stable_and_Effective_Knowledge_Distillation_CVPR_2026_paper.html,"We demonstrate that in knowledge distillation for diffusion models, the teacher network's highly complex denoising process--stemming from its substantially larger capacity--poses a significant challenge for the student model to faithfully mimic. To address this problem, we propose a coarse-to-fine distillation framework with LInear FiTting-based distillation (LIFT) and Piecewise Local Adaptive Coefficient Estimation (PLACE). First, LIFT decomposes the objective into a ""coarse"" alignment and a ""fine"" refinement. The student is then trained on coarse alignment before proceeding to hard refinement. Second, PLACE extends LIFT to address spatially non-uniform errors by partitioning outputs into error-based groups, providing locally adaptive guidance. Our experiments show that LIFT and PLACE is effective across diffusion spaces (image/latent), backbones (U-Net/DiT), tasks (unconditional/conditional), datasets, and even extends to flow-based models such as MMDiT (SD3). Furthermore, under extreme compression with a 1.3M-parameter student (only 1.6% of the teacher), conventional KD fails to provide sufficient guidance for stable training, with FID scores often degrading to 50-200+, but our method remains stably convergent and achieves an FID of 15.73.","@InProceedings{Han_2026_CVPR, author = {Han, Hyunsoo and Yeo, Sangyeop and Yoo, Jaejun}, title = {LIFT and PLACE: A Simple, Stable, and Effective Knowledge Distillation Framework for Lightweight Diffusion Models}, booktitle = {Proceedings of the IEEE/CVF Conference on Computer Vision and Pattern Recognition (CVPR)}, month = {June}, year = {2026}, pages = {5564-5573} }"
Li_Quantum-Gated_Task-interaction_Knowledge_Distillation_for_Pre-trained_Model-based_Class-Incremental_Learning_CVPR_2026_paper,2026,0,Transfer_FewShot_DomainAdaptation,Transfer_FewShot_DomainAdaptation|Efficiency_Compression,27.0,0.444,Quantum-Gated Task-interaction Knowledge Distillation for Pre-trained Model-based Class-Incremental Learning,Linjie Li; Huiyu Xiao; Jiarui Cao; Zhenyu Wu; Yang Ji,5,3920-3929,True,https://openaccess.thecvf.com/content/CVPR2026/papers/Li_Quantum-Gated_Task-interaction_Knowledge_Distillation_for_Pre-trained_Model-based_Class-Incremental_Learning_CVPR_2026_paper.pdf,,https://openaccess.thecvf.com/content/CVPR2026/html/Li_Quantum-Gated_Task-interaction_Knowledge_Distillation_for_Pre-trained_Model-based_Class-Incremental_Learning_CVPR_2026_paper.html,"Class-incremental learning (CIL) aims to continuously accumulate knowledge from a stream of tasks and construct a unified classifier over all seen classes. Although pretrained models (PTMs) have shown promising performance in CIL, they still struggle with the entanglement of multi-task subspaces, leading to catastrophic forgetting when task routing parameters are poorly calibrated or task-level representations are rigidly fixed. To address this issue, we propose a novel Quantum-Gated Task-interaction Knowledge Distillation (QKD) framework that leverages quantum gating to guide inter-task knowledge transfer. Specifically, we introduce a quantum-gated task modulation gating mechanism to model the relational dependencies among task embedding, dynamically capturing the sample-to-task relevance for both joint training and inference across streaming tasks. Guided by the quantum gating outputs, we perform task-interaction knowledge distillation guided by these task-embedding-level correlation weights from old to new adapters, enabling the model to bridge the representation gaps between independent task subspaces. Extensive experiments demonstrate that QKD effectively mitigates forgetting and achieves state-of-the-art performance. Code is available at: https://github.com/Frank-lilinjie/CVPR26-QKD","@InProceedings{Li_2026_CVPR, author = {Li, Linjie and Xiao, Huiyu and Cao, Jiarui and Wu, Zhenyu and Ji, Yang}, title = {Quantum-Gated Task-interaction Knowledge Distillation for Pre-trained Model-based Class-Incremental Learning}, booktitle = {Proceedings of the IEEE/CVF Conference on Computer Vision and Pattern Recognition (CVPR)}, month = {June}, year = {2026}, pages = {3920-3929} }"
Liu_VecAttention_Vector-wise_Sparse_Attention_for_Accelerating_Long_Context_Inference_CVPR_2026_paper,2026,0,Video_Action_Recognition,Video_Action_Recognition|Efficiency_Compression,9.0,0.111,VecAttention: Vector-wise Sparse Attention for Accelerating Long Context Inference,Anmin Liu; Ruixuan Yang; Huiqiang Jiang; Bin Lin; Minmin Sun; Yong Li; Chen Zhang; Tao Xie,8,41299-41310,True,https://openaccess.thecvf.com/content/CVPR2026/papers/Liu_VecAttention_Vector-wise_Sparse_Attention_for_Accelerating_Long_Context_Inference_CVPR_2026_paper.pdf,https://openaccess.thecvf.com/content/CVPR2026/supplemental/Liu_VecAttention_Vector-wise_Sparse_CVPR_2026_supplemental.pdf,https://openaccess.thecvf.com/content/CVPR2026/html/Liu_VecAttention_Vector-wise_Sparse_Attention_for_Accelerating_Long_Context_Inference_CVPR_2026_paper.html,"Long-context video understanding and generation pose a significant computational challenge for Transformer-based video models due to the quadratic complexity of self-attention. While existing sparse attention methods employ coarse-grained patterns to improve efficiency, they typically incur redundant computation and suboptimal performance. To address this issue, in this paper, we propose VecAttention, a novel vector-wise sparse attention framework that achieves superior accuracy-efficiency trade-offs for video models. We observe that video attention maps exhibit a strong vertical-vector sparse pattern, and further demonstrate that this vertical-vector pattern offers consistently better accuracy-sparsity trade-offs compared with existing coarse-grained sparse patterns. Based on this observation, VecAttention dynamically selects and processes only informative vertical vectors through a lightweight important-vector selection that minimizes memory access overhead and an optimized vector sparse attention kernel. Comprehensive evaluations on video understanding (VideoMME, LongVideoBench, and VCRBench) and generation (VBench) tasks show that VecAttention delivers a 2.65xspeedup over full attention and a 1.83xspeedup over state-of-the-art sparse attention methods, with comparable accuracy to full attention.","@InProceedings{Liu_2026_CVPR, author = {Liu, Anmin and Yang, Ruixuan and Jiang, Huiqiang and Lin, Bin and Sun, Minmin and Li, Yong and Zhang, Chen and Xie, Tao}, title = {VecAttention: Vector-wise Sparse Attention for Accelerating Long Context Inference}, booktitle = {Proceedings of the IEEE/CVF Conference on Computer Vision and Pattern Recognition (CVPR)}, month = {June}, year = {2026}, pages = {41299-41310} }"
Wu_Collaborative_Multi-Mode_Pruning_for_Vision-Language_Models_CVPR_2026_paper,2026,0,Vision_Language_Multimodal,Vision_Language_Multimodal|Efficiency_Compression,24.0,0.375,Collaborative Multi-Mode Pruning for Vision-Language Models,Zimeng Wu; Yunhong Wang; Donghao Wang; Jiaxin Chen,4,39561-39571,True,https://openaccess.thecvf.com/content/CVPR2026/papers/Wu_Collaborative_Multi-Mode_Pruning_for_Vision-Language_Models_CVPR_2026_paper.pdf,https://openaccess.thecvf.com/content/CVPR2026/supplemental/Wu_Collaborative_Multi-Mode_Pruning_CVPR_2026_supplemental.pdf,https://openaccess.thecvf.com/content/CVPR2026/html/Wu_Collaborative_Multi-Mode_Pruning_for_Vision-Language_Models_CVPR_2026_paper.html,"Vision-Language Models (VLMs) have advanced rapidly within the unified Transformer architecture, yet their deployment on resource-constrained devices remains challenging due to high computational complexity. While pruning has emerged as an effective technique for compressing VLMs, existing approaches predominantly focus on a single mode by pruning either parameters or tokens, neglecting fully exploring the inherent redundancy in each mode, which leads to substantial performance degradation at high pruning ratios. To address the above limitations, we propose Collaborative Multi-Mode Pruning (CoMP), a novel framework tailored for VLMs by performing joint parameter and token pruning. Specifically, we first design a Collaborative Importance Metric (CIM) that investigates the mutual interference between the coupled parameters and tokens. It incorporates distinct significance of tokens into the computation of parameter importance scores, while simultaneously mitigating the affect of pruned parameters on token importance scores. Moreover, we develop a Multi-Mode Pruning Strategy (MPS) that decomposes the overall pruning process into a sequence of pruning stages, while in each stage we estimate the priory of different pruning modes based on their pruning cost and adaptively shift to the optimal one. Additionally, MPS integrates the historical cost and random exploration, in order to achieve a stable pruning process and avoid local optimum. Extensive experiments across various vision-language tasks and models demonstrate that our method effectively promotes the performance under high pruning ratios by comparing to the state-of-the-art approaches. The source code is available at https://github.com/Wuzimeng/CoMP.git.","@InProceedings{Wu_2026_CVPR, author = {Wu, Zimeng and Wang, Yunhong and Wang, Donghao and Chen, Jiaxin}, title = {Collaborative Multi-Mode Pruning for Vision-Language Models}, booktitle = {Proceedings of the IEEE/CVF Conference on Computer Vision and Pattern Recognition (CVPR)}, month = {June}, year = {2026}, pages = {39561-39571} }"
Wang_RADAR_VQ-VAE_Decoder_of_VAR_is_a_Good_Student_for_CVPR_2026_paper,2026,1,Efficiency_Compression,Efficiency_Compression,20.0,0.75,RADAR: VQ-VAE Decoder of VAR is a Good Student for Restoring Against Degradation by Acceleration,Ziyang Wang; Yue Zhang; Mingdao Wang; Yasen Zhang; Teer Song; Yu Tian; Xueming Li,7,5273-5282,True,https://openaccess.thecvf.com/content/CVPR2026/papers/Wang_RADAR_VQ-VAE_Decoder_of_VAR_is_a_Good_Student_for_CVPR_2026_paper.pdf,https://openaccess.thecvf.com/content/CVPR2026/supplemental/Wang_RADAR_VQ-VAE_Decoder_CVPR_2026_supplemental.pdf,https://openaccess.thecvf.com/content/CVPR2026/html/Wang_RADAR_VQ-VAE_Decoder_of_VAR_is_a_Good_Student_for_CVPR_2026_paper.html,"Visual Autoregressive Modeling (VAR) has recently emerged as a powerful paradigm for image generation that surpasses diffusion models in efficiency and quality. However, accelerating attention computation in VAR is still challenging because attention patterns across scales exhibit strong and complex semantic biases that early coarse-scale tokens dominate global structure, while fine-scale tokens mainly refine local details. Existing acceleration methods rely on heuristic token pruning or fixed attention masks, lacking a principled way to balance acceleration and semantic fidelity. In this work, we propose a two-stage acceleration framework for VAR. First, we introduce a semantic-cost-aware masking strategy (SCA-Mask) that quantifies the importance of each attention tile and formulates mask shape design as a cost-constrained optimization problem. This enables adaptive pruning under a given compute budget while preserving essential semantic context. Second, we present Post-Acceleration Adaptation (PAA), a decoder-side fine-tuning scheme that employs internal knowledge distillation to restore image quality from pruned latents. PAA does not require external data and uses a lightweight LoRA-based adaptation, providing a highly efficient alternative to retraining the autoregressive transformer. Comprehensive experiments across multiple VAR tasks demonstrate that our method achieves decent speedup with negligible loss of visual fidelity, yielding a principled and effective pathway toward fast and high-quality visual autoregressive generation.","@InProceedings{Wang_2026_CVPR, author = {Wang, Ziyang and Zhang, Yue and Wang, Mingdao and Zhang, Yasen and Song, Teer and Tian, Yu and Li, Xueming}, title = {RADAR: VQ-VAE Decoder of VAR is a Good Student for Restoring Against Degradation by Acceleration}, booktitle = {Proceedings of the IEEE/CVF Conference on Computer Vision and Pattern Recognition (CVPR)}, month = {June}, year = {2026}, pages = {5273-5282} }"
Jacobellis_DeDelayed_Deleting_Remote_Inference_Delay_via_On-Device_Correction_CVPR_2026_paper,2026,1,Efficiency_Compression,Efficiency_Compression|Video_Action_Recognition,11.0,0.273,DeDelayed: Deleting Remote Inference Delay via On-Device Correction,Dan Jacobellis; Mateen Ulhaq; Fabien Racapé; Hyomin Choi; Neeraja J. Yadwadkar,5,19339-19348,True,https://openaccess.thecvf.com/content/CVPR2026/papers/Jacobellis_DeDelayed_Deleting_Remote_Inference_Delay_via_On-Device_Correction_CVPR_2026_paper.pdf,https://openaccess.thecvf.com/content/CVPR2026/supplemental/Jacobellis_DeDelayed_Deleting_Remote_CVPR_2026_supplemental.pdf,https://openaccess.thecvf.com/content/CVPR2026/html/Jacobellis_DeDelayed_Deleting_Remote_Inference_Delay_via_On-Device_Correction_CVPR_2026_paper.html,"Video comprises the vast majority of bits that are generated daily, and is the primary signal driving current innovations in robotics, remote sensing, and wearable technology. Yet, the most powerful video understanding models are too expensive for the resource-constrained platforms used in these applications. One approach is to offload inference to the cloud; this gives access to GPUs capable of processing high-resolution videos in real time. But even with reliable, high-bandwidth communication channels, the combined latency of video encoding, model inference, and round-trip communication prohibits use for certain real-time applications. The alternative is to use fully local inference; but this places extreme constraints on computational and power costs, requiring smaller models and lower resolution, leading to degraded accuracy. To address these challenges, we propose DeDelayed, a real-time inference system that divides computation between a remote model operating on delayed video frames and a local model with access to the current frame. The remote model is trained to make predictions on anticipated future frames, which the local model incorporates into its prediction for the current frame. The local and remote models are jointly optimized with an autoencoder that limits the transmission bitrate required by the available downlink communication channel. We evaluate DeDelayed on the task of real-time streaming video segmentation using the BDD100k driving dataset. For a round trip delay of 100 ms, DeDelayed improves performance by 6.4 mIoU compared to fully local inference and 9.8 mIoU compared to remote inference---an equivalent improvement to using a model ten times larger. We release our training code, pretrained models, and python library at https://github.com/InterDigitalInc/dedelayed .","@InProceedings{Jacobellis_2026_CVPR, author = {Jacobellis, Dan and Ulhaq, Mateen and Racap\'e, Fabien and Choi, Hyomin and Yadwadkar, Neeraja J.}, title = {DeDelayed: Deleting Remote Inference Delay via On-Device Correction}, booktitle = {Proceedings of the IEEE/CVF Conference on Computer Vision and Pattern Recognition (CVPR)}, month = {June}, year = {2026}, pages = {19339-19348} }"
Lv_MemFlow_A_Lightweight_Forward_Memorizing_Framework_for_Quick_Domain_Adaptive_CVPR_2026_paper,2026,1,Efficiency_Compression,Efficiency_Compression,14.0,0.786,MemFlow: A Lightweight Forward Memorizing Framework for Quick Domain Adaptive Feature Mapping,Jianming Lv; Chengjun Wang; Depin Liang; Qianli Ma; Wei Chen; Xueqi Cheng,6,36968-36977,True,https://openaccess.thecvf.com/content/CVPR2026/papers/Lv_MemFlow_A_Lightweight_Forward_Memorizing_Framework_for_Quick_Domain_Adaptive_CVPR_2026_paper.pdf,https://openaccess.thecvf.com/content/CVPR2026/supplemental/Lv_MemFlow_A_Lightweight_CVPR_2026_supplemental.pdf,https://openaccess.thecvf.com/content/CVPR2026/html/Lv_MemFlow_A_Lightweight_Forward_Memorizing_Framework_for_Quick_Domain_Adaptive_CVPR_2026_paper.html,"Deploying pretrained visual models in real-world environments often suffers from significant performance degradation due to the diversity of testing scenarios. Continuous adaptation of learning models on edge devices via unlabeled data collected from the target domain is highly effective for boosting generalization capability. However, gradient-backpropagation-based optimization of the massive parameters in deep neural networks is vastly more time-consuming than forward inference, rendering online learning infeasible on low-power edge devices. To address this critical challenge, we propose a lightweight gradient-free forward-memorizing framework, namely MemFlow, which leverages a frozen backbone and enables efficient fine-tuning of the mapping between features and predictions. Specifically, MemFlow employs randomly connected neurons to memorize feature-label associations; within the network, spiking signals are propagated, and predictions are generated by associating neuron-stored memories according to their confidence levels. More notably, MemFlow supports reinforced memorization of feature mappings using unlabeled data, thereby enabling rapid adaptation to new domains. Extensive experiments on four real-world cross-domain datasets demonstrate that MemFlow achieves performance improvements of up to 10% while consuming less than 1% of the computational time required by traditional domain adaptation methods.","@InProceedings{Lv_2026_CVPR, author = {Lv, Jianming and Wang, Chengjun and Liang, Depin and Ma, Qianli and Chen, Wei and Cheng, Xueqi}, title = {MemFlow: A Lightweight Forward Memorizing Framework for Quick Domain Adaptive Feature Mapping}, booktitle = {Proceedings of the IEEE/CVF Conference on Computer Vision and Pattern Recognition (CVPR)}, month = {June}, year = {2026}, pages = {36968-36977} }"
Park_AdaRadar_Rate_Adaptive_Spectral_Compression_for_Radar-based_Perception_CVPR_2026_paper,2026,1,Efficiency_Compression,Efficiency_Compression,8.0,0.625,AdaRadar: Rate Adaptive Spectral Compression for Radar-based Perception,Jinho Park; Se Young Chun; Mingoo Seok,3,19349-19359,True,https://openaccess.thecvf.com/content/CVPR2026/papers/Park_AdaRadar_Rate_Adaptive_Spectral_Compression_for_Radar-based_Perception_CVPR_2026_paper.pdf,https://openaccess.thecvf.com/content/CVPR2026/supplemental/Park_AdaRadar_Rate_Adaptive_CVPR_2026_supplemental.pdf,https://openaccess.thecvf.com/content/CVPR2026/html/Park_AdaRadar_Rate_Adaptive_Spectral_Compression_for_Radar-based_Perception_CVPR_2026_paper.html,"Radar is a critical perception modality in autonomous driving systems due to its all-weather characteristics and ability to measure range and Doppler velocity. However, the sheer volume of high-dimensional raw radar data saturates the communication link to the computing engine (e.g., an NPU), which is often a low-bandwidth interface with data rate provisioned only for a few low-resolution range-Doppler frames. A generalized codec for utilizing high-dimensional radar data is notably absent, while existing image-domain approaches are unsuitable, as they typically operate at fixed compression ratios and fail to adapt to varying or adversarial conditions. In light of this, we propose radar data compression with adaptive feedback. It dynamically adjusts the compression ratio by performing gradient descent from the proxy gradient of detection confidence with respect to the compression rate. We employ a zeroth-order gradient approximation as it enables gradient computation even with non-differentiable core operations--pruning and quantization. This also avoids transmitting the gradient tensors over the band-limited link, which, if estimated, would be as large as the original radar data. In addition, we have found that radar feature maps are heavily concentrated on a few frequency components. Thus, we apply the discrete cosine transform to the radar data cubes and selectively prune out the coefficients effectively. We preserve the dynamic range of each radar patch through scaled quantization. Combining those techniques, our proposed online adaptive compression scheme achieves over 100x feature size reduction at minimal performance drop ( 1%p). We validate our results on the RADIal, CARRADA, and Radatron datasets.","@InProceedings{Park_2026_CVPR, author = {Park, Jinho and Chun, Se Young and Seok, Mingoo}, title = {AdaRadar: Rate Adaptive Spectral Compression for Radar-based Perception}, booktitle = {Proceedings of the IEEE/CVF Conference on Computer Vision and Pattern Recognition (CVPR)}, month = {June}, year = {2026}, pages = {19349-19359} }"
Zheng_2ndMatch_Finetuning_Pruned_Diffusion_Models_via_Second-Order_Jacobian_Matching_CVPR_2026_paper,2026,0,Diffusion_Generative,Diffusion_Generative|Efficiency_Compression,15.0,0.467,2ndMatch: Finetuning Pruned Diffusion Models via Second-Order Jacobian Matching,Caleb Zheng; Eli Shlizerman,2,43385-43395,True,https://openaccess.thecvf.com/content/CVPR2026/papers/Zheng_2ndMatch_Finetuning_Pruned_Diffusion_Models_via_Second-Order_Jacobian_Matching_CVPR_2026_paper.pdf,https://openaccess.thecvf.com/content/CVPR2026/supplemental/Zheng_2ndMatch_Finetuning_Pruned_CVPR_2026_supplemental.pdf,https://openaccess.thecvf.com/content/CVPR2026/html/Zheng_2ndMatch_Finetuning_Pruned_Diffusion_Models_via_Second-Order_Jacobian_Matching_CVPR_2026_paper.html,"Diffusion models achieve remarkable performance across diverse generative tasks in computer vision, but their high computational cost remains a major barrier to deployment. Model pruning offers a promising way to reduce inference cost and enable lightweight models. However, pruning leads to quality drop due to reduced capacity. A key limitation of existing pruning approaches is that pruned models are finetuned using the same objective as the dense model (denoising score matching). Since the dense model is accessible during finetuning, it warrants a more effective approach for knowledge transfer from the dense to the pruned model. Motivated by this, we propose 2ndMatch(2ndM), a general-purpose finetuning framework that introduces a 2nd-order Jacobian (J^ \top J) Matching loss inspired by Finite-Time Lyapunov Exponents. 2ndM teaches the pruned model to mimic the sensitivity of the dense teacher, i.e., how to respond to small perturbations over time, through scalable random projections. The framework is architecture-agnostic and applies to both U-Net- and Transformer-based diffusion models. Experiments on CIFAR-10, CelebA, LSUN, ImageNet, and MSCOCO demonstrate that 2ndM reduces the performance gap between pruned and dense models, substantially improving output quality.","@InProceedings{Zheng_2026_CVPR, author = {Zheng, Caleb and Shlizerman, Eli}, title = {2ndMatch: Finetuning Pruned Diffusion Models via Second-Order Jacobian Matching}, booktitle = {Proceedings of the IEEE/CVF Conference on Computer Vision and Pattern Recognition (CVPR)}, month = {June}, year = {2026}, pages = {43385-43395} }"
Tatwawadi_What_Matters_in_Practical_Learned_Image_Compression_CVPR_2026_paper,2026,1,Efficiency_Compression,Efficiency_Compression,6.0,0.667,What Matters in Practical Learned Image Compression,Kedar Tatwawadi; Parisa Rahimzadeh; Zhanghao Sun; Zhiqi Chen; Ziyun Yang; Sanjay Nair; Divija Hasteer; Oren Rippel,8,12095-12105,True,https://openaccess.thecvf.com/content/CVPR2026/papers/Tatwawadi_What_Matters_in_Practical_Learned_Image_Compression_CVPR_2026_paper.pdf,https://openaccess.thecvf.com/content/CVPR2026/supplemental/Tatwawadi_What_Matters_in_CVPR_2026_supplemental.pdf,https://openaccess.thecvf.com/content/CVPR2026/html/Tatwawadi_What_Matters_in_Practical_Learned_Image_Compression_CVPR_2026_paper.html,"One of the major differentiators unlocked by learned codecs relative to their hard-coded traditional counterparts is their ability to be optimized directly to appeal to the human visual system. Despite this potential, a perceptual yet practical image codec is yet to be proposed.In this work, we aim to close this gap. We conduct a comprehensive study of the key modeling choices that govern the design of a practical learned image codec, jointly optimized for perceptual quality and runtime -- including within the ablations several novel techniques. We then perform performance-aware neural architecture search over millions of backbone configurations to identify models that achieve the target on-device runtime while maximizing compression performance as captured by perceptual metrics. We combine the various optimizations to construct a new codec that achieves a significantly improved tradeoff between speed and perceptual quality. Based on rigorous subjective user studies, it provides 2.3-3x bitrate savings against AV1, AV2, VVC, ECM and JPEG-AI, and 20-40% bitrate savings against the best learned codec alternatives. At the same time, on an iPhone 17 Pro Max, it encodes 12MP images as fast as 230ms, and decodes them in 150ms -- faster than most top ML-based codecs run on a V100 GPU.","@InProceedings{Tatwawadi_2026_CVPR, author = {Tatwawadi, Kedar and Rahimzadeh, Parisa and Sun, Zhanghao and Chen, Zhiqi and Yang, Ziyun and Nair, Sanjay and Hasteer, Divija and Rippel, Oren}, title = {What Matters in Practical Learned Image Compression}, booktitle = {Proceedings of the IEEE/CVF Conference on Computer Vision and Pattern Recognition (CVPR)}, month = {June}, year = {2026}, pages = {12095-12105} }"
Li_Model_Merging_in_the_Essential_Subspace_CVPR_2026_paper,2026,1,Efficiency_Compression,Efficiency_Compression,2.0,1.0,Model Merging in the Essential Subspace,Longhua Li; Lei Qi; Qi Tian; Xin Geng,4,31145-31154,True,https://openaccess.thecvf.com/content/CVPR2026/papers/Li_Model_Merging_in_the_Essential_Subspace_CVPR_2026_paper.pdf,https://openaccess.thecvf.com/content/CVPR2026/supplemental/Li_Model_Merging_in_CVPR_2026_supplemental.pdf,https://openaccess.thecvf.com/content/CVPR2026/html/Li_Model_Merging_in_the_Essential_Subspace_CVPR_2026_paper.html,"Model merging aims to integrate multiple task-specific fine-tuned models derived from a shared pre-trained checkpoint into a single multi-task model without additional training. Despite extensive research, task interference remains a major obstacle that often undermines the performance of merged models. In this paper, we propose ESM (Essential Subspace Merging) , a robust framework for effective model merging. We begin by performing Principal Component Analysis (PCA) on feature shifts induced by parameter updates. The resulting principal directions span an essential subspace that dominantly influences feature representations. Each task's parameter update matrix is projected onto its respective essential subspace for low-rank decomposition before merging. This methodology mitigates inter-task interference while preserving core task-specific functionality. Furthermore, we introduce a multi-level polarized scaling strategy that amplifies parameters containing critical knowledge and suppresses redundant ones, preventing essential knowledge from being overwhelmed during fusion. Extensive experiments across multiple task sets and model scales demonstrate that our method achieves state-of-the-art performance in multi-task model merging.","@InProceedings{Li_2026_CVPR, author = {Li, Longhua and Qi, Lei and Tian, Qi and Geng, Xin}, title = {Model Merging in the Essential Subspace}, booktitle = {Proceedings of the IEEE/CVF Conference on Computer Vision and Pattern Recognition (CVPR)}, month = {June}, year = {2026}, pages = {31145-31154} }"
Bang_LightSplat_Fast_and_Memory-Efficient_Open-Vocabulary_3D_Scene_Understanding_in_Five_CVPR_2026_paper,2026,1,Efficiency_Compression,Efficiency_Compression,6.0,0.333,LightSplat: Fast and Memory-Efficient Open-Vocabulary 3D Scene Understanding in Five Seconds,Jaehun Bang; Jinhyeok Kim; Minji Kim; Seungheon Jeong; Kyungdon Joo,5,19812-19821,True,https://openaccess.thecvf.com/content/CVPR2026/papers/Bang_LightSplat_Fast_and_Memory-Efficient_Open-Vocabulary_3D_Scene_Understanding_in_Five_CVPR_2026_paper.pdf,https://openaccess.thecvf.com/content/CVPR2026/supplemental/Bang_LightSplat_Fast_and_CVPR_2026_supplemental.pdf,https://openaccess.thecvf.com/content/CVPR2026/html/Bang_LightSplat_Fast_and_Memory-Efficient_Open-Vocabulary_3D_Scene_Understanding_in_Five_CVPR_2026_paper.html,"Open-vocabulary 3D scene understanding enables users to segment novel objects in complex 3D environments through natural language. However, existing approaches remain slow, memory-intensive, and overly complex due to iterative optimization and dense per-Gaussian feature assignments. To address this, we propose LightSplat, a fast and memory-efficient training-free framework that injects compact 2-byte semantic indices into 3D representations from multi-view images. By assigning semantic indices only to salient regions and managing them with a lightweight index-feature mapping, LightSplat eliminates costly feature optimization and storage overhead. We further ensure semantic consistency and efficient inference via single-step clustering that links geometrically and semantically related masks in 3D. We evaluate our method on LERF-OVS, ScanNet, and DL3DV-OVS across complex indoor-outdoor scenes. As a result, LightSplat achieves state-of-the-art performance with up to 50-400x speedup and 64x lower memory, enabling scalable language-driven 3D understanding. For more details, visit our project page https://vision3d-lab.github.io/lightsplat/.","@InProceedings{Bang_2026_CVPR, author = {Bang, Jaehun and Kim, Jinhyeok and Kim, Minji and Jeong, Seungheon and Joo, Kyungdon}, title = {LightSplat: Fast and Memory-Efficient Open-Vocabulary 3D Scene Understanding in Five Seconds}, booktitle = {Proceedings of the IEEE/CVF Conference on Computer Vision and Pattern Recognition (CVPR)}, month = {June}, year = {2026}, pages = {19812-19821} }"
Hanna_GeoSANE_Learning_Geospatial_Representations_from_Models_Not_Data_CVPR_2026_paper,2026,0,SelfSupervised_Representation,SelfSupervised_Representation|Efficiency_Compression|Medical_Bio_RemoteSensing,11.0,0.364,"GeoSANE: Learning Geospatial Representations from Models, Not Data",Joëlle Hanna; Damian Falk; Stella X. Yu; Damian Borth,4,27804-27814,True,https://openaccess.thecvf.com/content/CVPR2026/papers/Hanna_GeoSANE_Learning_Geospatial_Representations_from_Models_Not_Data_CVPR_2026_paper.pdf,https://openaccess.thecvf.com/content/CVPR2026/supplemental/Hanna_GeoSANE_Learning_Geospatial_CVPR_2026_supplemental.pdf,https://openaccess.thecvf.com/content/CVPR2026/html/Hanna_GeoSANE_Learning_Geospatial_Representations_from_Models_Not_Data_CVPR_2026_paper.html,"Recent advances in remote sensing have led to an increase in the number of available foundation models; each trained on different modalities, datasets, and objectives, yet capturing only part of the vast geospatial knowledge landscape. While these models show strong results within their respective domains, their capabilities remain complementary rather than unified. Therefore, instead of choosing one model over another, we aim to combine their strengths into a single shared representation.We introduce GeoSANE, a geospatial model foundry that learns a unified neural representation from the weights of existing foundation models and task-specific models, able to generate novel neural networks weights on-demand. Given a target architecture, GeoSANE generates weights ready for finetuning for classification, segmentation, and detection tasks across multiple modalities.Models generated by GeoSANE consistently outperform their counterparts trained from scratch, match or surpass state-of-the-art remote sensing foundation models, and outperform models obtained through pruning or knowledge distillation when generating lightweight networks. Evaluations across ten diverse datasets and on GEO-Bench confirm its strong generalization capabilities.By shifting from pre-training to weight generation, GeoSANE introduces a new framework for unifying and transferring geospatial knowledge across models and tasks. Code is available at \href https://hsg-aiml.github.io/GeoSANE/ hsg-aiml.github.io/GeoSANE/ .","@InProceedings{Hanna_2026_CVPR, author = {Hanna, Jo\""elle and Falk, Damian and Yu, Stella X. and Borth, Damian}, title = {GeoSANE: Learning Geospatial Representations from Models, Not Data}, booktitle = {Proceedings of the IEEE/CVF Conference on Computer Vision and Pattern Recognition (CVPR)}, month = {June}, year = {2026}, pages = {27804-27814} }"
Jiang_Differentiable_Vector_Quantization_for_Rate-Distortion_Optimization_of_Generative_Image_Compression_CVPR_2026_paper,2026,1,Efficiency_Compression,Efficiency_Compression,14.0,0.857,Differentiable Vector Quantization for Rate-Distortion Optimization of Generative Image Compression,Shiyin Jiang; Wei Long; Minghao Han; Zhenghao Chen; Ce Zhu; Shuhang Gu,6,14440-14450,True,https://openaccess.thecvf.com/content/CVPR2026/papers/Jiang_Differentiable_Vector_Quantization_for_Rate-Distortion_Optimization_of_Generative_Image_Compression_CVPR_2026_paper.pdf,https://openaccess.thecvf.com/content/CVPR2026/supplemental/Jiang_Differentiable_Vector_Quantization_CVPR_2026_supplemental.pdf,https://openaccess.thecvf.com/content/CVPR2026/html/Jiang_Differentiable_Vector_Quantization_for_Rate-Distortion_Optimization_of_Generative_Image_Compression_CVPR_2026_paper.html,"The rapid growth of visual data under stringent storage and bandwidth constraints makes extremely low-bitrate image compression increasingly important. While Vector Quantization (VQ) offers strong structural fidelity, existing methods lack a principled mechanism for joint rate-distortion (RD) optimization due to the disconnect between representation learning and entropy modeling. We propose RDVQ, a unified framework that enables end-to-end RD optimization for VQ-based compression via a differentiable relaxation of the codebook distribution, allowing the entropy loss to directly shape the latent prior. We further develop an autoregressive entropy model that supports accurate entropy modeling and test-time rate control. Extensive experiments demonstrate that RDVQ achieves strong performance at extremely low bitrates with a lightweight architecture, attaining competitive or superior perceptual quality with significantly fewer parameters. Compared with RDEIC, RDVQ reduces bitrate by up to 75.71% on DISTS and 37.63% on LPIPS on DIV2K-val. Beyond empirical gains, RDVQ introduces an entropy-constrained formulation of VQ, highlighting the potential for a more unified view of image tokenization and compression. The code is available at https://github.com/CVL-UESTC/RDVQ.","@InProceedings{Jiang_2026_CVPR, author = {Jiang, Shiyin and Long, Wei and Han, Minghao and Chen, Zhenghao and Zhu, Ce and Gu, Shuhang}, title = {Differentiable Vector Quantization for Rate-Distortion Optimization of Generative Image Compression}, booktitle = {Proceedings of the IEEE/CVF Conference on Computer Vision and Pattern Recognition (CVPR)}, month = {June}, year = {2026}, pages = {14440-14450} }"
Hwang_LS-ViT_Least-Squares_Hessian_Based_Block_Reconstruction_for_Low-Bit_Post-Training_Quantization_CVPR_2026_paper,2026,1,Efficiency_Compression,Efficiency_Compression,18.0,1.0,LS-ViT: Least-Squares Hessian Based Block Reconstruction for Low-Bit Post-Training Quantization of Vision Transformers,Hyunha Hwang; Xuan Truong Nguyen; Hyuk-Jae Lee,3,33588-33597,True,https://openaccess.thecvf.com/content/CVPR2026/papers/Hwang_LS-ViT_Least-Squares_Hessian_Based_Block_Reconstruction_for_Low-Bit_Post-Training_Quantization_CVPR_2026_paper.pdf,https://openaccess.thecvf.com/content/CVPR2026/supplemental/Hwang_LS-ViT_Least-Squares_Hessian_CVPR_2026_supplemental.pdf,https://openaccess.thecvf.com/content/CVPR2026/html/Hwang_LS-ViT_Least-Squares_Hessian_Based_Block_Reconstruction_for_Low-Bit_Post-Training_Quantization_CVPR_2026_paper.html,"Vision Transformers (ViTs) have achieved state-of-the-art results across various vision tasks. To enable a practical deployment of ViTs on modern hardware systems, post-training quantization (PTQ) has been actively studied in recent years. In particular, Hessian-based block reconstruction approaches have demonstrated promising results in quantizing ViT models to ultra-low bitwidths (e.g., 4-bit). However, finding a representative approximate Hessian, a fundamental step in recent approaches such as APHQ-ViT and FIMA-Q, remains underexplored in terms of the quantization-induced error and estimation cost. To address these shortcomings, we first reveal that the sample independence assumption used in recent works, which ignores the covariance term, can lead to a significant approximation error, especially for sub-four-bits. Inspired by least-squares regression, we propose LS-ViT, a block reconstruction framework that effectively estimates a representative Hessian by explicitly minimizing this approximation error across all samples. Extensive experiments with various ViT models across different vision tasks demonstrate that LS-ViT achieves new state-of-the-art performance. In addition, LS-ViT reduces quantization time compared to prior work, enabling a practical, plug-and-play, quantization-aware deployment for ViTs. The source code is available.","@InProceedings{Hwang_2026_CVPR, author = {Hwang, Hyunha and Nguyen, Xuan Truong and Lee, Hyuk-Jae}, title = {LS-ViT: Least-Squares Hessian Based Block Reconstruction for Low-Bit Post-Training Quantization of Vision Transformers}, booktitle = {Proceedings of the IEEE/CVF Conference on Computer Vision and Pattern Recognition (CVPR)}, month = {June}, year = {2026}, pages = {33588-33597} }"
Dillen_Sparse-View_Localization_via_Online_Neural_3D_Regression_CVPR_2026_paper,2026,1,Efficiency_Compression,Efficiency_Compression,4.0,0.25,Sparse-View Localization via Online Neural 3D Regression,Ludvig Dillén; Magnus Oskarsson; Viktor Larsson,3,21794-21804,True,https://openaccess.thecvf.com/content/CVPR2026/papers/Dillen_Sparse-View_Localization_via_Online_Neural_3D_Regression_CVPR_2026_paper.pdf,https://openaccess.thecvf.com/content/CVPR2026/supplemental/Dillen_Sparse-View_Localization_via_CVPR_2026_supplemental.pdf,https://openaccess.thecvf.com/content/CVPR2026/html/Dillen_Sparse-View_Localization_via_Online_Neural_3D_Regression_CVPR_2026_paper.html,"We present ON3R, an online-trained neural regressor addressing sparse-view structureless localization, where database images have limited visual overlap and no prebuilt 3D map. Given any sparse matches between a query and a K-tuple of posed database views, ON3R predicts 3D coordinates for matched query keypoints, supervised by database reprojection residuals and a monocular depth prior. Afterwards, the absolute pose of the query is estimated via P3P-RANSAC and refined with lightweight bundle adjustment. Across MegaDepth, Cambridge Landmarks, and a sparsified version of Aachen Day-Night, ON3R outperforms existing methods. ON3R is particularly effective when the data is extremely sparse -- we focus on K\!\leq\!10 database images. The code is available at https://github.com/ludvigdillen/ON3R.","@InProceedings{Dillen_2026_CVPR, author = {Dill\'en, Ludvig and Oskarsson, Magnus and Larsson, Viktor}, title = {Sparse-View Localization via Online Neural 3D Regression}, booktitle = {Proceedings of the IEEE/CVF Conference on Computer Vision and Pattern Recognition (CVPR)}, month = {June}, year = {2026}, pages = {21794-21804} }"
Chen_Variation-aware_Vision_Token_Dropping_for_Faster_Large_Vision-Language_Models_CVPR_2026_paper,2026,0,LLM_Reasoning_Agent,LLM_Reasoning_Agent|Vision_Language_Multimodal|Efficiency_Compression,21.0,0.19,Variation-aware Vision Token Dropping for Faster Large Vision-Language Models,Junjie Chen; Xuyang Liu; Zichen Wen; Yiyu Wang; Siteng Huang; Honggang Chen,6,3489-3499,True,https://openaccess.thecvf.com/content/CVPR2026/papers/Chen_Variation-aware_Vision_Token_Dropping_for_Faster_Large_Vision-Language_Models_CVPR_2026_paper.pdf,https://openaccess.thecvf.com/content/CVPR2026/supplemental/Chen_Variation-aware_Vision_Token_CVPR_2026_supplemental.pdf,https://openaccess.thecvf.com/content/CVPR2026/html/Chen_Variation-aware_Vision_Token_Dropping_for_Faster_Large_Vision-Language_Models_CVPR_2026_paper.html,"Large vision-language models (LVLMs) have demonstrated remarkable capabilities in multimodal understanding tasks. However, the increasing demand for high-resolution image and long-video understanding results in substantial token counts, consequently leading to reduced inference efficiency. Token compression offers a direct solution by reducing the number of tokens to be processed, thereby improving computational efficiency without architectural changes. Through extensive analysis, we identify two critical limitations in existing inner-LLM token compression methods: positional bias and incompatibility with efficient operators, which critically hinder their practical deployment for LVLM acceleration. This paper presents the first approach from a dynamic token variation perspective, revealing that visual token variations within LLMs exhibit task-agnostic properties. We propose Variation-aware Vision Token Dropping (i.e., V2Drop), which progressively removes visual tokens with minimal variation during LVLM inference, thereby enhancing computational efficiency. Extensive experiments across multiple models and benchmarks consistently demonstrate that V2Drop maintains 94.0% and 98.6% of the original performance for image and video understanding tasks respectively, while reducing LLM generation latency by 31.5% and 74.2%.","@InProceedings{Chen_2026_CVPR, author = {Chen, Junjie and Liu, Xuyang and Wen, Zichen and Wang, Yiyu and Huang, Siteng and Chen, Honggang}, title = {Variation-aware Vision Token Dropping for Faster Large Vision-Language Models}, booktitle = {Proceedings of the IEEE/CVF Conference on Computer Vision and Pattern Recognition (CVPR)}, month = {June}, year = {2026}, pages = {3489-3499} }"
Chen_Progressive_Supernet_Training_for_Efficient_Visual_Autoregressive_Modeling_CVPR_2026_paper,2026,1,Efficiency_Compression,Efficiency_Compression,6.0,0.167,Progressive Supernet Training for Efficient Visual Autoregressive Modeling,Xiaoyue Chen; Yuling Shi; Kaiyuan Li; Huandong Wang; Yong Li; Xiaodong Gu; Xinlei Chen; Mingbao Lin,8,37950-37959,True,https://openaccess.thecvf.com/content/CVPR2026/papers/Chen_Progressive_Supernet_Training_for_Efficient_Visual_Autoregressive_Modeling_CVPR_2026_paper.pdf,https://openaccess.thecvf.com/content/CVPR2026/supplemental/Chen_Progressive_Supernet_Training_CVPR_2026_supplemental.pdf,https://openaccess.thecvf.com/content/CVPR2026/html/Chen_Progressive_Supernet_Training_for_Efficient_Visual_Autoregressive_Modeling_CVPR_2026_paper.html,"Visual Autoregressive (VAR) models have demonstrated competitive performance with diffusion models in image generation by adopting a ""next-scale"" prediction paradigm that significantly reduces inference steps. However, VAR's progressive multi-scale generation leads to severe memory overhead due to KV cache accumulation across all scales, limiting practical deployment. Existing solutions either require training and deploying multiple specialized models or sacrifice generation quality.We observe a critical scale-depth asymmetric dependency in VAR: small scales (low-resolution tokens) are highly sensitive to network depth and require deep layers to capture global semantic information, while large scales (high-resolution tokens) exhibit remarkable robustness to depth reduction.Motivated by this insight, we propose VARiant, a unified supernet framework that enables dynamic depth adjustment within a single model through parameter sharing. Our approach employs an even-spacing layer selection strategy to construct quality-preserving subnetworks, and introduces a dynamic-ratio progressive training strategy that gradually transitions from joint optimization (full network to subnetwork ratio 2:8) to subnetwork optimization (ratio 10:0), effectively resolving the inherent optimization conflicts between full network and subnetworks in supernet training.Extensive experiments on ImageNet demonstrate that our method achieves Pareto-optimal trade-offs between generation quality and inference efficiency: by using full depth (30 layers) for the first 7 scales and a 16-layer subnetwork (50% depth) for subsequent scales, we obtain 50% cache reduction and 1.8x inference speedup with minimal quality loss (FID increases by only 0.3).Unlike approaches requiring deployment of multiple models, our single-model solution eliminates deployment complexity, supports zero-cost runtime depth switching, and seamlessly integrates into standard transformer inference frameworks, making it highly practical for resource-constrained scenarios.","@InProceedings{Chen_2026_CVPR, author = {Chen, Xiaoyue and Shi, Yuling and Li, Kaiyuan and Wang, Huandong and Li, Yong and Gu, Xiaodong and Chen, Xinlei and Lin, Mingbao}, title = {Progressive Supernet Training for Efficient Visual Autoregressive Modeling}, booktitle = {Proceedings of the IEEE/CVF Conference on Computer Vision and Pattern Recognition (CVPR)}, month = {June}, year = {2026}, pages = {37950-37959} }"
Li_TransPrune_Token_Transition_Pruning_for_Efficient_Large_Vision-Language_Model_CVPR_2026_paper,2026,0,Vision_Language_Multimodal,Vision_Language_Multimodal|Efficiency_Compression|LLM_Reasoning_Agent,19.0,0.158,TransPrune: Token Transition Pruning for Efficient Large Vision-Language Model,Ao Li; Yuxiang Duan; Jinghui Zhang; Congbo Ma; Yutong Xie; Gustavo Carneiro; Mohammad Yaqub; Hu Wang,8,39529-39538,True,https://openaccess.thecvf.com/content/CVPR2026/papers/Li_TransPrune_Token_Transition_Pruning_for_Efficient_Large_Vision-Language_Model_CVPR_2026_paper.pdf,https://openaccess.thecvf.com/content/CVPR2026/supplemental/Li_TransPrune_Token_Transition_CVPR_2026_supplemental.pdf,https://openaccess.thecvf.com/content/CVPR2026/html/Li_TransPrune_Token_Transition_Pruning_for_Efficient_Large_Vision-Language_Model_CVPR_2026_paper.html,"Large Vision-Language Models (LVLMs) have advanced multimodal learning but face high computational cost issues due to the input of large number of visual tokens, motivating token pruning to improve inference efficiency.The key challenge lies in identifying which tokens are truly important.Most existing approaches rely on attention- or similarity-based criteria to estimate token importance.However, they inherently suffer from certain limitations, such as being task-agnostic and exhibiting positional bias.In this work, we explore a new perspective on token importance assignment based on token transitions in LVLMs, where token transitions are defined as the changes in token representations occurring as they propagate through the model's modules.We observe that the transition of token representations provides a meaningful signal of semantic information.Based on this insight, we propose TransPrune, a training-free and efficient token pruning method.Specifically, TransPrune progressively prunes tokens by assessing their importance through a combination of Token Transition Variation (TTV), which measures changes in both the magnitude and direction of token representations; as well as Instruction-Guided Attention (IGA), which measures how strongly the instruction attends to visual tokens via attention.Extensive experiments on various LVLM architectures, such as LLaVA-v1.5, LLaVA-Next and Qwen2.5-VL, demonstrate that TransPrune maintains comparable multimodal performance while reducing inference TFLOPs by more than half. The code is available at https://github.com/liaolea/TransPrune.","@InProceedings{Li_2026_CVPR, author = {Li, Ao and Duan, Yuxiang and Zhang, Jinghui and Ma, Congbo and Xie, Yutong and Carneiro, Gustavo and Yaqub, Mohammad and Wang, Hu}, title = {TransPrune: Token Transition Pruning for Efficient Large Vision-Language Model}, booktitle = {Proceedings of the IEEE/CVF Conference on Computer Vision and Pattern Recognition (CVPR)}, month = {June}, year = {2026}, pages = {39529-39538} }"
Ghafoorian_Attention_Surgery_An_Efficient_Recipe_to_Linearize_Your_Video_Diffusion_CVPR_2026_paper,2026,0,Diffusion_Generative,Diffusion_Generative|Video_Action_Recognition|Efficiency_Compression,12.0,0.417,Attention Surgery: An Efficient Recipe to Linearize Your Video Diffusion Transformer,Mohsen Ghafoorian; Denis Korzhenkov; Amirhossein Habibian,3,32915-32925,True,https://openaccess.thecvf.com/content/CVPR2026/papers/Ghafoorian_Attention_Surgery_An_Efficient_Recipe_to_Linearize_Your_Video_Diffusion_CVPR_2026_paper.pdf,https://openaccess.thecvf.com/content/CVPR2026/supplemental/Ghafoorian_Attention_Surgery_An_CVPR_2026_supplemental.zip,https://openaccess.thecvf.com/content/CVPR2026/html/Ghafoorian_Attention_Surgery_An_Efficient_Recipe_to_Linearize_Your_Video_Diffusion_CVPR_2026_paper.html,"Transformer-based video diffusion models (VDMs) deliver state-of-the-art video generation quality but are constrained by the quadratic cost of self-attention, making long sequences and high resolutions computationally expensive. While linear attention offers sub-quadratic complexity, previous approaches have failed to match the expressiveness of softmax attention unless retrained at significant computational cost. We introduce Attention Surgery, an efficient framework that enables linear or hybrid attention in pretrained VDMs, eliminating the need for training from scratch. Inspired by recent advances in language models, our method combines a novel hybrid attention mechanism, mixing softmax and linear tokens, with a lightweight distillation and fine-tuning pipeline requiring only a few GPU-days. Additionally, we incorporate a cost-aware block-rate strategy to balance expressiveness and efficiency across layers. Applied to Wan2.1 1.3B, a state-of-the-art efficient transformer VDM and evaluated on VBench, VBench2.0 and a human preference study, Attention Surgery achieves competitive results. Furthermore, measurements of on-mobile latency, memory usage, and FLOPs demonstrate notable improvements in scaling behavior for longer videos.","@InProceedings{Ghafoorian_2026_CVPR, author = {Ghafoorian, Mohsen and Korzhenkov, Denis and Habibian, Amirhossein}, title = {Attention Surgery: An Efficient Recipe to Linearize Your Video Diffusion Transformer}, booktitle = {Proceedings of the IEEE/CVF Conference on Computer Vision and Pattern Recognition (CVPR)}, month = {June}, year = {2026}, pages = {32915-32925} }"
Chen_CATNet_Collaborative_Alignment_and_Transformation_Network_for_Cooperative_Perception_CVPR_2026_paper,2026,1,Efficiency_Compression,Efficiency_Compression,4.0,0.0,CATNet: Collaborative Alignment and Transformation Network for Cooperative Perception,Gong Chen; Chaokun Zhang; Tao Tang; Pengcheng Lv; Feng Li; Xin Xie,6,18724-18733,True,https://openaccess.thecvf.com/content/CVPR2026/papers/Chen_CATNet_Collaborative_Alignment_and_Transformation_Network_for_Cooperative_Perception_CVPR_2026_paper.pdf,https://openaccess.thecvf.com/content/CVPR2026/supplemental/Chen_CATNet_Collaborative_Alignment_CVPR_2026_supplemental.pdf,https://openaccess.thecvf.com/content/CVPR2026/html/Chen_CATNet_Collaborative_Alignment_and_Transformation_Network_for_Cooperative_Perception_CVPR_2026_paper.html,"Cooperative perception significantly enhances scene understanding by integrating complementary information from diverse agents. However, existing research often overlooks critical challenges inherent in real-world multi-source data integration, specifically high temporal latency and multi-source noise. To address these practical limitations, we propose Collaborative Alignment and Transformation Network (CATNet), an adaptive compensation framework that resolves temporal latency and noise interference in multi-agent systems. Our key innovations can be summarized in three aspects. First, we introduce a Spatio-Temporal Recurrent Synchronization (STSync) that aligns asynchronous feature streams via adjacent-frame differential modeling, establishing a temporal-spatially unified representation space. Second, we design a Dual-Branch Wavelet Enhanced Denoiser (WTDen) that suppresses global noise and reconstructs localized feature distortions within aligned representations. Third, we construct an Adaptive Feature Selector (AdpSel) that dynamically focuses on critical perceptual features for robust fusion. Extensive experiments on multiple datasets demonstrate that CATNet consistently outperforms existing methods under complex traffic conditions, proving its superior robustness and adaptability.","@InProceedings{Chen_2026_CVPR, author = {Chen, Gong and Zhang, Chaokun and Tang, Tao and Lv, Pengcheng and Li, Feng and Xie, Xin}, title = {CATNet: Collaborative Alignment and Transformation Network for Cooperative Perception}, booktitle = {Proceedings of the IEEE/CVF Conference on Computer Vision and Pattern Recognition (CVPR)}, month = {June}, year = {2026}, pages = {18724-18733} }"
Pan_Merge3D_Efficient_3D_Multimodal_LLMs_via_Joint_2D-3D_Token_Merging_CVPR_2026_paper,2026,1,Efficiency_Compression,Efficiency_Compression|LLM_Reasoning_Agent|Vision_Language_Multimodal,17.0,0.059,Merge3D: Efficient 3D Multimodal LLMs via Joint 2D-3D Token Merging,Tianbo Pan; Xingyi Yang; Xinchao Wang,3,31066-31077,True,https://openaccess.thecvf.com/content/CVPR2026/papers/Pan_Merge3D_Efficient_3D_Multimodal_LLMs_via_Joint_2D-3D_Token_Merging_CVPR_2026_paper.pdf,https://openaccess.thecvf.com/content/CVPR2026/supplemental/Pan_Merge3D_Efficient_3D_CVPR_2026_supplemental.pdf,https://openaccess.thecvf.com/content/CVPR2026/html/Pan_Merge3D_Efficient_3D_Multimodal_LLMs_via_Joint_2D-3D_Token_Merging_CVPR_2026_paper.html,"Multimodal Large Language Models (MLLMs) incorporating 3D geometry demonstrate significant power in 3D scene understanding. Their primary bottleneck, however, is the substantial computational burden associated with processing multi-view, lengthy visual token sequences. To surmount this challenge, we propose Merge3D, a geometry-aware token merging framework that integrates both 3D geometry and 2D semantic information. Conventional 2D compression methods, which rely solely on semantic signals, prove inadequate for 3D tasks, as they tend to discard spatially critical tokens and damage grounding performance. Merge3D bridges the modalities with a Semantic-Geometric Token Merger (SemGeo Merger): 2D attention is used to select semantically salient dominant tokens, while a hybrid 2D+3D similarity assigns and aggregates contextual tokens from spatially coherent 3D neighborhoods. This preserves 3D structural priors and inter-frame correspondences under aggressive compression. Merge3D achieves up to 70% visual token reduction and up to ~3xinference speedup, while retaining strong performance on 3D grounding, captioning, and spatial reasoning benchmarks such as Scan2Cap, CV-Bench, and BLINK.","@InProceedings{Pan_2026_CVPR, author = {Pan, Tianbo and Yang, Xingyi and Wang, Xinchao}, title = {Merge3D: Efficient 3D Multimodal LLMs via Joint 2D-3D Token Merging}, booktitle = {Proceedings of the IEEE/CVF Conference on Computer Vision and Pattern Recognition (CVPR)}, month = {June}, year = {2026}, pages = {31066-31077} }"
Liang_VMonarch_Efficient_Video_Diffusion_Transformers_with_Structured_Attention_CVPR_2026_paper,2026,0,Diffusion_Generative,Diffusion_Generative|Video_Action_Recognition|Efficiency_Compression,12.0,0.0,VMonarch: Efficient Video Diffusion Transformers with Structured Attention,Cheng Liang; Haoxian Chen; Liang Hou; Qi Fan; Gangshan Wu; Xin Tao; Limin Wang,7,4613-4623,True,https://openaccess.thecvf.com/content/CVPR2026/papers/Liang_VMonarch_Efficient_Video_Diffusion_Transformers_with_Structured_Attention_CVPR_2026_paper.pdf,https://openaccess.thecvf.com/content/CVPR2026/supplemental/Liang_VMonarch_Efficient_Video_CVPR_2026_supplemental.pdf,https://openaccess.thecvf.com/content/CVPR2026/html/Liang_VMonarch_Efficient_Video_Diffusion_Transformers_with_Structured_Attention_CVPR_2026_paper.html,"The quadratic complexity of the attention mechanism severely limits the context scalability of Video Diffusion Transformers (DiTs). We find that the highly sparse spatio-temporal attention patterns exhibited in Video DiTs can be naturally represented by the Monarch matrix. It is a class of structured matrices with flexible sparsity, enabling sub-quadratic attention via an alternating minimization algorithm. Accordingly, we propose VMonarch, a novel attention mechanism for Video DiTs that enables efficient computation over the dynamic sparse patterns with structured Monarch matrices. First, we adapt spatio-temporal Monarch factorization to explicitly capture the intra-frame and inter-frame correlations of the video data. Second, we introduce a recomputation strategy to mitigate artifacts arising from instabilities during alternating minimization of Monarch matrices. Third, we propose a novel online entropy algorithm fused into FlashAttention, enabling fast Monarch matrix updates for long sequences. Extensive experiments demonstrate that VMonarch achieves comparable or superior generation quality to full attention on VBench after minimal fine-tuning. It overcomes the attention bottleneck in Video DiTs, reduces attention FLOPs by a factor of 17.5, and achieves a speedup of over 5 times in attention computation for long videos, surpassing state-of-the-art sparse attention methods at 90% sparsity.","@InProceedings{Liang_2026_CVPR, author = {Liang, Cheng and Chen, Haoxian and Hou, Liang and Fan, Qi and Wu, Gangshan and Tao, Xin and Wang, Limin}, title = {VMonarch: Efficient Video Diffusion Transformers with Structured Attention}, booktitle = {Proceedings of the IEEE/CVF Conference on Computer Vision and Pattern Recognition (CVPR)}, month = {June}, year = {2026}, pages = {4613-4623} }"
Si_Revisiting_Sparsity_Constraint_Under_High-Rank_Property_in_Partial_Multi-Label_Learning_CVPR_2026_paper,2026,1,Efficiency_Compression,Efficiency_Compression,14.0,1.0,Revisiting Sparsity Constraint Under High-Rank Property in Partial Multi-Label Learning,Chongjie Si; Yidan Cui; Fuchao Yang; Wei Shen,4,17724-17733,True,https://openaccess.thecvf.com/content/CVPR2026/papers/Si_Revisiting_Sparsity_Constraint_Under_High-Rank_Property_in_Partial_Multi-Label_Learning_CVPR_2026_paper.pdf,https://openaccess.thecvf.com/content/CVPR2026/supplemental/Si_Revisiting_Sparsity_Constraint_CVPR_2026_supplemental.pdf,https://openaccess.thecvf.com/content/CVPR2026/html/Si_Revisiting_Sparsity_Constraint_Under_High-Rank_Property_in_Partial_Multi-Label_Learning_CVPR_2026_paper.html,"Partial Multi-Label Learning (PML) extends the multi-label learning paradigm to scenarios where each sample is associated with a candidate label set containing both ground-truth labels and noisy labels. Existing PML methods commonly rely on two assumptions: sparsity of the noise label matrix and low-rankness of the ground-truth label matrix. However, these assumptions are inherently conflicting and impractical for real-world scenarios, where the true label matrix is typically full-rank or close to full-rank. To address these limitations, we demonstrate that the sparsity constraint contributes to the high-rank property of the predicted label matrix. Based on this, we propose a novel method Schirn, which introduces a sparsity constraint on the noise label matrix while enforcing a high-rank property on the predicted label matrix. Extensive experiments demonstrate the superior performance of Schirn compared to state-of-the-art methods, validating its effectiveness in tackling real-world PML challenges.","@InProceedings{Si_2026_CVPR, author = {Si, Chongjie and Cui, Yidan and Yang, Fuchao and Shen, Wei}, title = {Revisiting Sparsity Constraint Under High-Rank Property in Partial Multi-Label Learning}, booktitle = {Proceedings of the IEEE/CVF Conference on Computer Vision and Pattern Recognition (CVPR)}, month = {June}, year = {2026}, pages = {17724-17733} }"
Cai_Reconstructing_Spiking_Neural_Networks_Using_a_Single_Neuron_with_Autapses_CVPR_2026_paper,2026,1,Efficiency_Compression,Efficiency_Compression,2.0,1.0,Reconstructing Spiking Neural Networks Using a Single Neuron with Autapses,Wuque Cai; Hongze Sun; Quan Tang; Shifeng Mao; Zhenxing Wang; Jiayi He; Duo Chen; Dezhong Yao; Daqing Guo,9,20283-20292,True,https://openaccess.thecvf.com/content/CVPR2026/papers/Cai_Reconstructing_Spiking_Neural_Networks_Using_a_Single_Neuron_with_Autapses_CVPR_2026_paper.pdf,https://openaccess.thecvf.com/content/CVPR2026/supplemental/Cai_Reconstructing_Spiking_Neural_CVPR_2026_supplemental.pdf,https://openaccess.thecvf.com/content/CVPR2026/html/Cai_Reconstructing_Spiking_Neural_Networks_Using_a_Single_Neuron_with_Autapses_CVPR_2026_paper.html,"Spiking neural networks (SNNs) are promising for neuromorphic computing, but high-performing models still rely on dense multilayer architectures with substantial communication and state-storage costs. Inspired by autapses, we propose TDA-SNN, a framework that reconstructs SNN architectures using a single leaky integrate-and-fire neuron with time-delayed autapses and a prototype-learning-based training strategy. By reorganizing internal temporal states, TDA-SNN can realize reservoir, multilayer perceptron, and convolution-like spiking architectures within a unified framework. Experiments on sequential, event-based, and image benchmarks show competitive performance in reservoir and MLP settings, while convolutional results reveal a clear space--time trade-off. Compared with standard SNNs, TDA-SNN greatly reduces neuron count and state memory while increasing per-neuron information capacity, at the cost of additional temporal latency in extreme single-neuron settings. These findings highlight the potential of temporally multiplexed single-neuron models as compact computational units for brain-inspired computing.","@InProceedings{Cai_2026_CVPR, author = {Cai, Wuque and Sun, Hongze and Tang, Quan and Mao, Shifeng and Wang, Zhenxing and He, Jiayi and Chen, Duo and Yao, Dezhong and Guo, Daqing}, title = {Reconstructing Spiking Neural Networks Using a Single Neuron with Autapses}, booktitle = {Proceedings of the IEEE/CVF Conference on Computer Vision and Pattern Recognition (CVPR)}, month = {June}, year = {2026}, pages = {20283-20292} }"
Zhou_Batch_Loss_Score_for_Dynamic_Data_Pruning_CVPR_2026_paper,2026,1,Efficiency_Compression,Efficiency_Compression,9.0,1.0,Batch Loss Score for Dynamic Data Pruning,Qing Zhou; Bingxuan Zhao; Tao Yang; Hongyuan Zhang; Junyu Gao; Qi Wang,6,6188-6197,True,https://openaccess.thecvf.com/content/CVPR2026/papers/Zhou_Batch_Loss_Score_for_Dynamic_Data_Pruning_CVPR_2026_paper.pdf,https://openaccess.thecvf.com/content/CVPR2026/supplemental/Zhou_Batch_Loss_Score_CVPR_2026_supplemental.pdf,https://openaccess.thecvf.com/content/CVPR2026/html/Zhou_Batch_Loss_Score_for_Dynamic_Data_Pruning_CVPR_2026_paper.html,"Dynamic data pruning accelerates deep learning by selectively omitting less informative samples during training. While per-sample loss is a common importance metric, obtaining it can be challenging or infeasible for complex models or loss functions, often requiring significant implementation effort. This work proposes the Batch Loss Score (BLS), a computationally efficient alternative using an Exponential Moving Average (EMA) of readily available batch losses to assign scores to individual samples. We frame the batch loss, from the perspective of a single sample, as a noisy measurement of its scaled individual loss, with noise originating from stochastic batch composition. It is formally shown that the EMA mechanism functions as a first-order low-pass filter, attenuating high-frequency batch composition noise. This yields a score approximating the smoothed and persistent contribution of the individual sample to the loss, providing a theoretical grounding for BLS as a proxy for sample importance. BLS demonstrates remarkable code integration simplicity (three-line injection) and readily adapts existing per-sample loss-based methods (one-line proxy). Its effectiveness is demonstrated by enhancing two such methods to losslessly prune 20%-50% of samples across 14 datasets, 11 tasks and 18 models, highlighting its utility and broad applicability, especially for complex scenarios where per-sample loss is difficult to access. Code is available at https://github.com/mrazhou/BLS.","@InProceedings{Zhou_2026_CVPR, author = {Zhou, Qing and Zhao, Bingxuan and Yang, Tao and Zhang, Hongyuan and Gao, Junyu and Wang, Qi}, title = {Batch Loss Score for Dynamic Data Pruning}, booktitle = {Proceedings of the IEEE/CVF Conference on Computer Vision and Pattern Recognition (CVPR)}, month = {June}, year = {2026}, pages = {6188-6197} }"
Yang_Logit-Margin_Repulsion_for_Backdoor_Defense_CVPR_2026_paper,2026,0,Trustworthy_Security_Privacy,Trustworthy_Security_Privacy|Efficiency_Compression,18.0,0.444,Logit-Margin Repulsion for Backdoor Defense,Zhiguo Yang; Dongsheng Xu; Ruizhi Zhong; Jiacheng Pi; Xingxing Huang; Wenjie Ruan,6,34918-34928,True,https://openaccess.thecvf.com/content/CVPR2026/papers/Yang_Logit-Margin_Repulsion_for_Backdoor_Defense_CVPR_2026_paper.pdf,https://openaccess.thecvf.com/content/CVPR2026/supplemental/Yang_Logit-Margin_Repulsion_for_CVPR_2026_supplemental.pdf,https://openaccess.thecvf.com/content/CVPR2026/html/Yang_Logit-Margin_Repulsion_for_Backdoor_Defense_CVPR_2026_paper.html,"Backdoor attacks pose a significant threat to deep neural networks. Recent studies have shown that model compression, such as quantization and pruning, can be exploited by attackers to implant conditional backdoors. Such backdoors remain dormant in the original model but are activated after the model undergoes specific operations, making them highly stealthy and difficult to detect. Traditional defense methods struggle to counter this type of attack, while defenses specifically designed for conditional backdoors also have difficulty handling traditional backdoor attacks. To address these challenges, we propose a universal defense method, termed Logit Margin Repulsion (LMR). LMR uses a small set of clean samples and combines selective cross-entropy with a logit-margin constraint to enlarge the gap between the backdoor class and benign classes. It then removes channels associated with backdoor behavior through selective pruning, thereby achieving strong backdoor purification. Extensive experiments on a variety of CNNs and Vision Transformers demonstrate that, even with an extremely limited amount of clean data (0.1%), LMR can effectively mitigate both traditional and conditional backdoor attacks. The implementation is publicly available on https://github.com/Trusted-LLM/LMR.","@InProceedings{Yang_2026_CVPR, author = {Yang, Zhiguo and Xu, Dongsheng and Zhong, Ruizhi and Pi, Jiacheng and Huang, Xingxing and Ruan, Wenjie}, title = {Logit-Margin Repulsion for Backdoor Defense}, booktitle = {Proceedings of the IEEE/CVF Conference on Computer Vision and Pattern Recognition (CVPR)}, month = {June}, year = {2026}, pages = {34918-34928} }"
Liu_SignPR_A_Progressive_Vector-Quantized_Diffusion_Framework_for_Sign_Language_Production_CVPR_2026_paper,2026,1,Efficiency_Compression,Efficiency_Compression,9.0,0.667,SignPR: A Progressive Vector-Quantized Diffusion Framework for Sign Language Production,Xiao Liu; Shiwei Gan; Yafeng Yin; Bowen Guo; Zhiwei Jiang; Shunmei Meng; Lei Xie; Sanglu Lu,8,2198-2208,True,https://openaccess.thecvf.com/content/CVPR2026/papers/Liu_SignPR_A_Progressive_Vector-Quantized_Diffusion_Framework_for_Sign_Language_Production_CVPR_2026_paper.pdf,https://openaccess.thecvf.com/content/CVPR2026/supplemental/Liu_SignPR_A_Progressive_CVPR_2026_supplemental.pdf,https://openaccess.thecvf.com/content/CVPR2026/html/Liu_SignPR_A_Progressive_Vector-Quantized_Diffusion_Framework_for_Sign_Language_Production_CVPR_2026_paper.html,"Sign language production aims to generate sign sequences from spoken language, where the generation of sign pose sequences from text is often treated as a significant task. However, due to the differences in grammatical rules and modalities between sign language pose sequences and spoken language text, it is rather challenging to convert text into sign poses (i.e., Text2Pose), while maintaining semantic consistency, motion accuracy and temporal coherence.In this paper, we focus on the Text2Pose task, and propose SignPR, a progressive diffusion framework that jointly models the structural and temporal properties of signing. Structurally, we perform progressive structural refinement: a structural VQVAE encodes each frame into semantic-aware and region-based discrete representations; the diffusion process first produces semantically consistent poses and then progressively refines motion details under text and semantic conditioning. Temporally, we introduce block-wise causal diffusion, which progressively enforces temporal coherence and enables iterative refinement to earlier generated segments, yielding smoother transitions and reduced jitter. Extensive experiments on widely used datasets demonstrate that SignPR achieves superior results compared with prior T2P methods across multiple metrics, producing pose sequences that are semantically faithful, motion-accurate, and temporally coherent.","@InProceedings{Liu_2026_CVPR, author = {Liu, Xiao and Gan, Shiwei and Yin, Yafeng and Guo, Bowen and Jiang, Zhiwei and Meng, Shunmei and Xie, Lei and Lu, Sanglu}, title = {SignPR: A Progressive Vector-Quantized Diffusion Framework for Sign Language Production}, booktitle = {Proceedings of the IEEE/CVF Conference on Computer Vision and Pattern Recognition (CVPR)}, month = {June}, year = {2026}, pages = {2198-2208} }"
Mohammad_Training-Only_Heterogeneous_Image-Patch-Text_Graph_Supervision_for_Advancing_Few-Shot_Learning_Adapters_CVPR_2026_paper,2026,0,Transfer_FewShot_DomainAdaptation,Transfer_FewShot_DomainAdaptation|Efficiency_Compression,15.0,0.333,Training-Only Heterogeneous Image-Patch-Text Graph Supervision for Advancing Few-Shot Learning Adapters,Mohammed Rahman Sherif Khan Mohammad; Ardhendu Behera; Sandip Pradhan; Swagat Kumar; Amr Ahmed,5,19613-19622,True,https://openaccess.thecvf.com/content/CVPR2026/papers/Mohammad_Training-Only_Heterogeneous_Image-Patch-Text_Graph_Supervision_for_Advancing_Few-Shot_Learning_Adapters_CVPR_2026_paper.pdf,https://openaccess.thecvf.com/content/CVPR2026/supplemental/Mohammad_Training-Only_Heterogeneous_Image-Patch-Text_CVPR_2026_supplemental.pdf,https://openaccess.thecvf.com/content/CVPR2026/html/Mohammad_Training-Only_Heterogeneous_Image-Patch-Text_Graph_Supervision_for_Advancing_Few-Shot_Learning_Adapters_CVPR_2026_paper.html,"Recent adapter-based CLIP tuning (e.g., Tip-Adapter) is a strong few-shot learner, achieving efficiency by caching support features for fast prototype matching. However, these methods rely on global uni-modal feature vectors, overlooking fine-grained patch relations and their structural alignment with class text. To bridge this gap without incurring inference costs, we introduce a novel asymmetric training-only framework. Instead of altering the lightweight adapter, we construct a high-capacity auxiliary Heterogeneous Graph Teacher that operates solely during training. This teacher (i) integrates multi-scale visual patches and text prompts into a unified graph, (ii) performs deep cross-modal reasoning via a Modality-aware Graph Transformer (MGT), and (iii) applies discriminative node filtering to extract high-fidelity class features. Crucially, we employ a cache-aware dual-objective strategy to supervise this relational knowledge directly into the Tip-Adapter's key-value cache, effectively upgrading the prototypes while the graph teacher is discarded at test time. Thus, inference remains identical to Tip-Adapter with zero extra latency or memory. Across standard 1-16-shot benchmarks, our method consistently establishes a new state-of-the-art. Ablations confirm that the auxiliary graph supervision, text-guided reasoning, and node filtering are the essential ingredients for robust few-shot adaptation.","@InProceedings{Mohammad_2026_CVPR, author = {Mohammad, Mohammed Rahman Sherif Khan and Behera, Ardhendu and Pradhan, Sandip and Kumar, Swagat and Ahmed, Amr}, title = {Training-Only Heterogeneous Image-Patch-Text Graph Supervision for Advancing Few-Shot Learning Adapters}, booktitle = {Proceedings of the IEEE/CVF Conference on Computer Vision and Pattern Recognition (CVPR)}, month = {June}, year = {2026}, pages = {19613-19622} }"
He_TokenHand_Discrete_Token_Representation_for_Efficient_Hand_Mesh_Reconstruction_CVPR_2026_paper,2026,1,Efficiency_Compression,Efficiency_Compression,2.0,1.0,TokenHand: Discrete Token Representation for Efficient Hand Mesh Reconstruction,Xinguo He; Yixin Shen; Rahul Chaudhari,3,8921-8931,True,https://openaccess.thecvf.com/content/CVPR2026/papers/He_TokenHand_Discrete_Token_Representation_for_Efficient_Hand_Mesh_Reconstruction_CVPR_2026_paper.pdf,,https://openaccess.thecvf.com/content/CVPR2026/html/He_TokenHand_Discrete_Token_Representation_for_Efficient_Hand_Mesh_Reconstruction_CVPR_2026_paper.html,"Hand mesh reconstruction has attracted growing attention in recent years.Despite significant progress, existing methods often struggle to balance reconstruction quality and inference efficiency.In this work, we propose TokenHand, a novel framework for single-view 3D hand mesh reconstruction that achieves both high accuracy and real-time inference.Our method represents a 3D hand model using M discrete tokens, each describing a specific sub-structure of the hand.This compositional representation enables efficient modeling with minimal reconstruction error.Furthermore, we reformulate hand mesh reconstruction as a classification problem rather than a regression task.Specifically, a classifier predicts the categories of the M tokens from an input image, and a pre-trained decoder network subsequently reconstructs the 3D hand mesh from the predicted tokens without any post-processing.Extensive experiments demonstrate that TokenHand achieves comparable or superior performance to existing methods across standard benchmarks, while maintaining high efficiency in practical scenarios.","@InProceedings{He_2026_CVPR, author = {He, Xinguo and Shen, Yixin and Chaudhari, Rahul}, title = {TokenHand: Discrete Token Representation for Efficient Hand Mesh Reconstruction}, booktitle = {Proceedings of the IEEE/CVF Conference on Computer Vision and Pattern Recognition (CVPR)}, month = {June}, year = {2026}, pages = {8921-8931} }"
Liu_BiGain_Unified_Token_Compression_for_Joint_Generation_and_Classification_CVPR_2026_paper,2026,1,Efficiency_Compression,Efficiency_Compression|Diffusion_Generative,21.0,0.429,BiGain: Unified Token Compression for Joint Generation and Classification,Jiacheng Liu; Shengkun Tang; Jiacheng Cui; Dongkuan Xu; Zhiqiang Shen,5,31931-31940,True,https://openaccess.thecvf.com/content/CVPR2026/papers/Liu_BiGain_Unified_Token_Compression_for_Joint_Generation_and_Classification_CVPR_2026_paper.pdf,https://openaccess.thecvf.com/content/CVPR2026/supplemental/Liu_BiGain_Unified_Token_CVPR_2026_supplemental.pdf,https://openaccess.thecvf.com/content/CVPR2026/html/Liu_BiGain_Unified_Token_Compression_for_Joint_Generation_and_Classification_CVPR_2026_paper.html,"Acceleration methods for diffusion models (e.g., token merging or downsampling) typically optimize for synthesis quality under reduced compute, yet they often ignore the model's latent discriminative capacity. We revisit token compression with a joint objective and present **BiGain**, a training-free, plug-and-play framework that preserves generation quality while markedly improving classification in accelerated diffusion models. Our key insight is frequency separation: mapping feature-space signals into a frequency-aware representation disentangles fine detail from global semantics, enabling compression that respects both generative fidelity and discriminative utility. BiGain reflects this principle with two frequency-aware operators: (1) *Laplacian-gated token merging*, which encourages merges among spectrally smooth tokens while discouraging merges of high-contrast tokens, thereby retaining edges and textures; and (2) *Interpolate-Extrapolate KV Downsampling*, which downsamples keys/values via a controllable interextrapolation between nearest and average pooling while keeping queries intact, thereby conserving attention precision without retraining. Across DiT- and U-Net-based backbones and multiple datasets of ImageNet-1K, ImageNet-100, Oxford-IIIT Pets, and COCO-2017, our proposed operators consistently improve the speed-accuracy trade-off for diffusion-based classification, while maintaining, sometimes even enhancing generation quality under comparable acceleration. For instance, on ImageNet-1K, with 70% token merging ratio on Stable Diffusion 2.0, BiGain increases classification accuracy by 7.15% while also improving FID for generation by 0.34 (1.85%). Our comprehensive analyses indicate that balanced spectral retention, preserving high-frequency detail alongside low/mid-frequency semantic content is a reliable design rule for token compression in diffusion models. To our knowledge, BiGain is the first framework to jointly study and advance both generation and classification under accelerated diffusion, supporting lower-cost deployment of dual-purpose generative systems.","@InProceedings{Liu_2026_CVPR, author = {Liu, Jiacheng and Tang, Shengkun and Cui, Jiacheng and Xu, Dongkuan and Shen, Zhiqiang}, title = {BiGain: Unified Token Compression for Joint Generation and Classification}, booktitle = {Proceedings of the IEEE/CVF Conference on Computer Vision and Pattern Recognition (CVPR)}, month = {June}, year = {2026}, pages = {31931-31940} }"
Liu_Resolving_Evidence_Sparsity_Agentic_Context_Engineering_for_Long-Document_Understanding_CVPR_2026_paper,2026,0,Document_OCR_Graphics,Document_OCR_Graphics|LLM_Reasoning_Agent|Vision_Language_Multimodal|Efficiency_Compression,12.0,0.083,Resolving Evidence Sparsity: Agentic Context Engineering for Long-Document Understanding,Keliang Liu; Zizhi Chen; Mingcheng Li; Jingqun Tang; Dingkang Yang; Lihua Zhang,6,19452-19462,True,https://openaccess.thecvf.com/content/CVPR2026/papers/Liu_Resolving_Evidence_Sparsity_Agentic_Context_Engineering_for_Long-Document_Understanding_CVPR_2026_paper.pdf,https://openaccess.thecvf.com/content/CVPR2026/supplemental/Liu_Resolving_Evidence_Sparsity_CVPR_2026_supplemental.pdf,https://openaccess.thecvf.com/content/CVPR2026/html/Liu_Resolving_Evidence_Sparsity_Agentic_Context_Engineering_for_Long-Document_Understanding_CVPR_2026_paper.html,"Document understanding is a long-standing practical task. Vision-Language Models (VLMs) have gradually become a primary approach in this domain, demonstrating effective performance on single-page tasks. However, their effectiveness diminishes when handling long documents. In such scenarios, clues are often scattered across multiple pages and modalities, and redundancy from lengthy inputs can impair the model's judgment. While retrieval-augmented generation mitigates this issue by filtering for question-relevant content, the retrieved results still contain substantial redundancy. To address these limitations, we propose SLEUTH, a multi-agent framework. Concretely, SLEUTH orchestrates a retriever and four collaborative agents in a coarse-to-fine process. The framework identifies key textual and visual clues within the retrieved pages, filters for salient visual evidence such as tables and charts, and analyzes the query to devise a reasoning strategy. It ultimately synthesizes a distilled, evidence-dense multimodal context to generate the final prediction. SLEUTH is model-agnostic and scalable. When paired with advanced VLM backbones, it consistently improves performance on multiple long-document benchmarks, achieving SOTA results. Ablation studies verify each module's effectiveness and confirm the benefits of our hierarchical refinement paradigm.","@InProceedings{Liu_2026_CVPR, author = {Liu, Keliang and Chen, Zizhi and Li, Mingcheng and Tang, Jingqun and Yang, Dingkang and Zhang, Lihua}, title = {Resolving Evidence Sparsity: Agentic Context Engineering for Long-Document Understanding}, booktitle = {Proceedings of the IEEE/CVF Conference on Computer Vision and Pattern Recognition (CVPR)}, month = {June}, year = {2026}, pages = {19452-19462} }"
Zhu_HAWK_Head_Importance-Aware_Visual_Token_Pruning_in_Multimodal_Models_CVPR_2026_paper,2026,1,Efficiency_Compression,Efficiency_Compression|Vision_Language_Multimodal|LLM_Reasoning_Agent,29.0,0.31,HAWK: Head Importance-Aware Visual Token Pruning in Multimodal Models,Qihui Zhu; Tao Zhang; Yuchen Wang; Shuangwu Chen; Xiaobin Tan; Jian Yang; Yang Liu; Yinfei Pan,8,39583-39592,True,https://openaccess.thecvf.com/content/CVPR2026/papers/Zhu_HAWK_Head_Importance-Aware_Visual_Token_Pruning_in_Multimodal_Models_CVPR_2026_paper.pdf,https://openaccess.thecvf.com/content/CVPR2026/supplemental/Zhu_HAWK_Head_Importance-Aware_CVPR_2026_supplemental.pdf,https://openaccess.thecvf.com/content/CVPR2026/html/Zhu_HAWK_Head_Importance-Aware_Visual_Token_Pruning_in_Multimodal_Models_CVPR_2026_paper.html,"In multimodal large language models (MLLMs), the surge of visual tokens significantly increases the inference time and computational overhead, making them impractical for real-time or resource-constrained applications.Visual token pruning is a promising strategy for reducing the cost of MLLM inference by removing redundant visual tokens.Existing researches usually assume that all attention heads contribute equally to the visual interpretation.However, our study reveals that different heads may capture distinct visual semantics and inherently play distinct roles in visual processing.In light of this observation, we propose HAWK, a head importance-aware visual token pruning method that perceives the varying importance of attention heads in visual tasks to maximize the retention of crucial tokens.By leveraging head importance weights and text-guided attention to assess visual token significance, HAWK effectively retains task-relevant visual tokens while removing redundant ones.The proposed HAWK is entirely training-free and can be seamlessly applied to various MLLMs.Extensive experiments on multiple mainstream vision-language benchmarks demonstrate that HAWK achieves state-of-the-art accuracy. When applied to Qwen2.5-VL, HAWK retains 96.0% of the original accuracy after pruning 80.2% of the visual tokens. Additionally, it reduces end-to-end latency to 74.4% of the original and further decreases GPU memory usage across the tested models.","@InProceedings{Zhu_2026_CVPR, author = {Zhu, Qihui and Zhang, Tao and Wang, Yuchen and Chen, Shuangwu and Tan, Xiaobin and Yang, Jian and Liu, Yang and Pan, Yinfei}, title = {HAWK: Head Importance-Aware Visual Token Pruning in Multimodal Models}, booktitle = {Proceedings of the IEEE/CVF Conference on Computer Vision and Pattern Recognition (CVPR)}, month = {June}, year = {2026}, pages = {39583-39592} }"
Wu_Beyond_Perceptual_Shortcuts_Causal-Inspired_Debiasing_Optimization_for_Generalizable_Video_Reasoning_CVPR_2026_paper,2026,0,LLM_Reasoning_Agent,LLM_Reasoning_Agent|Trustworthy_Security_Privacy|Efficiency_Compression,18.0,0.0,Beyond Perceptual Shortcuts: Causal-Inspired Debiasing Optimization for Generalizable Video Reasoning in Lightweight MLLMs,Jingze Wu; Quan Zhang; Hongfei Suo; Zeqiang Cai; Hongbo Chen,5,12259-12268,True,https://openaccess.thecvf.com/content/CVPR2026/papers/Wu_Beyond_Perceptual_Shortcuts_Causal-Inspired_Debiasing_Optimization_for_Generalizable_Video_Reasoning_CVPR_2026_paper.pdf,https://openaccess.thecvf.com/content/CVPR2026/supplemental/Wu_Beyond_Perceptual_Shortcuts_CVPR_2026_supplemental.pdf,https://openaccess.thecvf.com/content/CVPR2026/html/Wu_Beyond_Perceptual_Shortcuts_Causal-Inspired_Debiasing_Optimization_for_Generalizable_Video_Reasoning_CVPR_2026_paper.html,"Although reinforcement learning (RL) has significantly advanced reasoning capabilities in large multimodal language models (MLLMs), its efficacy remains limited for lightweight models essential for edge deployments. To address this issue, we leverage causal analysis and experiment to reveal the underlying phenomenon of perceptual bias, demonstrating that RL-based fine-tuning compels lightweight models to preferentially adopt perceptual shortcuts induced by data biases, rather than developing genuine reasoning abilities. Motivated by this insight, we propose VideoThinker, a causal-inspired framework that cultivates robust reasoning in lightweight models through a two-stage debiasing process. First, the Bias Aware Training stage forges a dedicated ""bias model"" to embody these shortcut behaviors. Then, the Causal Debiasing Policy Optimization (CDPO) algorithm fine-tunes the primary model, employing an innovative repulsive objective to actively push it away from the bias model's flawed logic while simultaneously pulling it toward correct, generalizable solutions. Our model, VideoThinker-R1, establishes a new state-of-the-art in video reasoning efficiency. For same-scale comparison, requiring no Supervised Fine-Tuning (SFT) and using only 1% of the training data for RL, it surpasses VideoRFT-3B with a 3.2% average gain on widely-used benchmarks and a 7% lead on VideoMME. For cross-scale comparison, it outperforms the larger Video-UTR-7B model on multiple benchmarks, including a 2.1% gain on MVBench and a 3.8% gain on TempCompass. Code is available at https://github.com/falonss703/VideoThinker.","@InProceedings{Wu_2026_CVPR, author = {Wu, Jingze and Zhang, Quan and Suo, Hongfei and Cai, Zeqiang and Chen, Hongbo}, title = {Beyond Perceptual Shortcuts: Causal-Inspired Debiasing Optimization for Generalizable Video Reasoning in Lightweight MLLMs}, booktitle = {Proceedings of the IEEE/CVF Conference on Computer Vision and Pattern Recognition (CVPR)}, month = {June}, year = {2026}, pages = {12259-12268} }"
Wu_UTPTrack_Towards_Simple_and_Unified_Token_Pruning_for_Visual_Tracking_CVPR_2026_paper,2026,1,Efficiency_Compression,Efficiency_Compression|Tracking_MOT,27.0,0.444,UTPTrack: Towards Simple and Unified Token Pruning for Visual Tracking,Hao Wu; Xudong Wang; Jialiang Zhang; Junlong Tong; Xinghao Chen; Junyan Lin; Yunpu Ma; Xiaoyu Shen,8,20963-20972,True,https://openaccess.thecvf.com/content/CVPR2026/papers/Wu_UTPTrack_Towards_Simple_and_Unified_Token_Pruning_for_Visual_Tracking_CVPR_2026_paper.pdf,https://openaccess.thecvf.com/content/CVPR2026/supplemental/Wu_UTPTrack_Towards_Simple_CVPR_2026_supplemental.pdf,https://openaccess.thecvf.com/content/CVPR2026/html/Wu_UTPTrack_Towards_Simple_and_Unified_Token_Pruning_for_Visual_Tracking_CVPR_2026_paper.html,"One-stream Transformer-based trackers achieve advanced performance in visual object tracking suffer from significant computational overhead that hinders real-time deployment. While token pruning offers a path to efficiency, a critical limitation persists: no existing work performs pruning jointly across all three critical components--the search region, dynamic template, and static template. This isolation overlooks interdependencies, yielding suboptimal pruning and degraded accuracy. To address this, we introduce UTPTrack, a simple and Unified Token Pruning framework that, for the first time, jointly compresses all three components. UTPTrack employs an attention-guided, token type-aware strategy to holistically model redundancy, a design that seamlessly supports unified tracking across multi-modal and language-guided tasks within a single model. Comprehensive evaluations on 10 benchmarks demonstrate that UTPTrack achieves a new state-of-the-art in the accuracy-efficiency trade-off for pruning-based trackers, pruning 65.4% of vision tokens in RGB-based tracking and 67.5% in unified tracking while preserving 99.7% and 100.5% of baseline performance, respectively. This strong performance across both RGB and multimodal scenarios underlines its potential as a robust foundation for future research in efficient visual tracking.","@InProceedings{Wu_2026_CVPR, author = {Wu, Hao and Wang, Xudong and Zhang, Jialiang and Tong, Junlong and Chen, Xinghao and Lin, Junyan and Ma, Yunpu and Shen, Xiaoyu}, title = {UTPTrack: Towards Simple and Unified Token Pruning for Visual Tracking}, booktitle = {Proceedings of the IEEE/CVF Conference on Computer Vision and Pattern Recognition (CVPR)}, month = {June}, year = {2026}, pages = {20963-20972} }"
Zhao_GeneVAR_Causal_MeanFlow_for_Autoregressive_Gene-to-WSI_Tile_Synthesis_CVPR_2026_paper,2026,1,Efficiency_Compression,Efficiency_Compression,3.0,0.0,GeneVAR: Causal MeanFlow for Autoregressive Gene-to-WSI Tile Synthesis,Jianwei Zhao; Fan Yang; Xin Li; Qiang Zhai; Ao Luo; Ziqi Ren; Zhicheng Jiao; Hong Cheng,8,34116-34125,True,https://openaccess.thecvf.com/content/CVPR2026/papers/Zhao_GeneVAR_Causal_MeanFlow_for_Autoregressive_Gene-to-WSI_Tile_Synthesis_CVPR_2026_paper.pdf,https://openaccess.thecvf.com/content/CVPR2026/supplemental/Zhao_GeneVAR_Causal_MeanFlow_CVPR_2026_supplemental.pdf,https://openaccess.thecvf.com/content/CVPR2026/html/Zhao_GeneVAR_Causal_MeanFlow_for_Autoregressive_Gene-to-WSI_Tile_Synthesis_CVPR_2026_paper.html,"Understanding how transcriptomic programs shape tissue morphology remains a central challenge in computational pathology. Gene-to-WSI tile synthesis offers a principled generative framework to translate molecular profiles into histological images. However, most existing methods compress RNA-Seq into a single global embedding injected once at initialization, an oversimplified design that weakens transcriptomic signals and induces spurious, non-biological associations. We present GeneVAR, an Autoregressive Gene-to-WSI model that reformulates synthesis as an iterative, coarse-to-fine generative process. At its core is a novel Causal MeanFlow module, which leverages counterfactual interventions to suppress non-biological variations (e.g., staining or contrast artifacts) and enforce an artifact-invariant generation process. Concurrently, it reinforces transcriptome-informed guidance across multiple stages, preserving biological fidelity throughout the generative trajectory. Combined with a b-VAE for compact gene embeddings and a multi-scale vector quantizer for discrete morphology representation, GeneVAR generates H&E-stained WSI tiles that are both visually realistic and transcriptomically faithful. Extensive experiments across five TCGA cancer benchmarks demonstrate consistent state-of-the-art performance, surpassing prior methods in both generative fidelity and downstream classification accuracy.","@InProceedings{Zhao_2026_CVPR, author = {Zhao, Jianwei and Yang, Fan and Li, Xin and Zhai, Qiang and Luo, Ao and Ren, Ziqi and Jiao, Zhicheng and Cheng, Hong}, title = {GeneVAR: Causal MeanFlow for Autoregressive Gene-to-WSI Tile Synthesis}, booktitle = {Proceedings of the IEEE/CVF Conference on Computer Vision and Pattern Recognition (CVPR)}, month = {June}, year = {2026}, pages = {34116-34125} }"
Singh_DUET-VLM_Dual_stage_Unified_Efficient_Token_reduction_for_VLM_Training_CVPR_2026_paper,2026,0,Vision_Language_Multimodal,Vision_Language_Multimodal|Efficiency_Compression,35.0,0.571,DUET-VLM: Dual stage Unified Efficient Token reduction for VLM Training and Inference,Aditya Kumar Singh; Hitesh Kandala; Pratik Prabhanjan Brahma; Zicheng Liu; Emad Barsoum,5,17651-17660,True,https://openaccess.thecvf.com/content/CVPR2026/papers/Singh_DUET-VLM_Dual_stage_Unified_Efficient_Token_reduction_for_VLM_Training_CVPR_2026_paper.pdf,https://openaccess.thecvf.com/content/CVPR2026/supplemental/Singh_DUET-VLM_Dual_stage_CVPR_2026_supplemental.pdf,https://openaccess.thecvf.com/content/CVPR2026/html/Singh_DUET-VLM_Dual_stage_Unified_Efficient_Token_reduction_for_VLM_Training_CVPR_2026_paper.html,"Vision-language models (VLMs) have achieved remarkable multimodal understanding and reasoning capabilities, yet remain computationally expensive due to dense visual tokenization. Existing efficiency approaches either merge redundant visual tokens or drop them progressively in language backbone, often trading accuracy for speed. In this work, we propose DUET-VLM, a versatile plug-and-play dual compression framework that consists of (a) vision-only redundancy aware compression of vision encoder's output into information-preserving tokens, followed by (b) layer-wise, salient text-guided dropping of visual tokens within the language backbone to progressively prune less informative tokens. This coordinated token management enables aggressive compression while retaining critical semantics. On LLaVA-1.5-7B, our approach maintains over 99% of baseline accuracy with 67% fewer tokens, and still retains >97% even at 89% reduction. With this dual-stage compression during training, it achieves 99.7% accuracy at 67% and 97.6% at 89%, surpassing prior SoTA visual token reduction methods across multiple benchmarks. When integrated into Video-LLaVA-7B, it even surpasses the baseline--achieving >100% accuracy with a substantial 53.1% token reduction and retaining 97.6% accuracy under an extreme 93.4% setting. These results highlight end-to-end training with DUET-VLM, enabling robust adaptation to reduced visual (image/video) input without sacrificing accuracy, producing compact yet semantically rich representations within the same computational budget. Our code is available at https://github.com/AMD-AGI/DUET-VLM.","@InProceedings{Singh_2026_CVPR, author = {Singh, Aditya Kumar and Kandala, Hitesh and Brahma, Pratik Prabhanjan and Liu, Zicheng and Barsoum, Emad}, title = {DUET-VLM: Dual stage Unified Efficient Token reduction for VLM Training and Inference}, booktitle = {Proceedings of the IEEE/CVF Conference on Computer Vision and Pattern Recognition (CVPR)}, month = {June}, year = {2026}, pages = {17651-17660} }"
Gu_Masked_Auto-Regressive_Variational_Acceleration_Fast_Inference_Makes_Practical_Reinforcement_Learning_CVPR_2026_paper,2026,0,Diffusion_Generative,Diffusion_Generative|Embodied_AI_Robotics|Efficiency_Compression,13.0,0.385,Masked Auto-Regressive Variational Acceleration: Fast Inference Makes Practical Reinforcement Learning,Yuxuan Gu; Weimin Bai; Yifei Wang; Weijian Luo; He Sun,5,41881-41891,True,https://openaccess.thecvf.com/content/CVPR2026/papers/Gu_Masked_Auto-Regressive_Variational_Acceleration_Fast_Inference_Makes_Practical_Reinforcement_Learning_CVPR_2026_paper.pdf,https://openaccess.thecvf.com/content/CVPR2026/supplemental/Gu_Masked_Auto-Regressive_Variational_CVPR_2026_supplemental.pdf,https://openaccess.thecvf.com/content/CVPR2026/html/Gu_Masked_Auto-Regressive_Variational_Acceleration_Fast_Inference_Makes_Practical_Reinforcement_Learning_CVPR_2026_paper.html,"Masked auto-regressive diffusion models (MAR) benefit from the expressive modeling ability of diffusion models and the flexibility of masked auto-regressive ordering. However, vanilla MAR suffers from slow inference due to its hierarchical inference mechanism: an outer AR unmasking loop and an inner diffusion denoising chain. Such decoupled structure not only harm the generation efficiency but also hinder the practical use of MAR for reinforcement learning (RL), an increasingly critical paradigm for generative model post-training.To address this fundamental issue, we introduce MARVAL (Masked Auto-regressive Variational Acceleration), a distillation-based framework that compresses the diffusion chain into a single AR generation step while preserving the flexible auto-regressive unmasking order. Such a distillation with MARVAL not only yields substantial inference acceleration but, crucially, makes RL post-training with verifiable rewards practical, resulting in scalable yet human-preferred fast generative models. Our contributions are twofold: (1) a novel score-based variational objective for distilling masked auto-regressive diffusion models into a single generation step without sacrificing sample quality; and (2) an efficient RL framework for masked auto-regressive models via MARVAL-RL. On ImageNet 256x256, MARVAL-Huge achieves an FID of 2.00 with more than 30 times speedup compared with MAR-diffusion, and MARVAL-RL yields consistent improvements in CLIP and image-reward scores on ImageNet datasets with entity names. In conclusion, MARVAL demonstrates the first practical path to distillation and RL of masked auto-regressive diffusion models, enabling fast sampling and better preference alignments. Project page: https://ai4imaginglab.github.io/MARVAL-RL-Page/","@InProceedings{Gu_2026_CVPR, author = {Gu, Yuxuan and Bai, Weimin and Wang, Yifei and Luo, Weijian and Sun, He}, title = {Masked Auto-Regressive Variational Acceleration: Fast Inference Makes Practical Reinforcement Learning}, booktitle = {Proceedings of the IEEE/CVF Conference on Computer Vision and Pattern Recognition (CVPR)}, month = {June}, year = {2026}, pages = {41881-41891} }"
Song_EvoComp_Learning_Visual_Token_Compression_for_Multimodal_Large_Language_Models_CVPR_2026_paper,2026,1,Efficiency_Compression,Efficiency_Compression|LLM_Reasoning_Agent|Vision_Language_Multimodal,22.0,0.182,EvoComp: Learning Visual Token Compression for Multimodal Large Language Models via Semantic-Guided Evolutionary Labeling,Jiafei Song; Fengwei Zhou; Jin Qu; Wenjin Jason Li; Tong Wu; Gengjian Xue; Zhikang Zhao; Daomin Wei; Yichao Lu; Bailin Na,10,3532-3542,True,https://openaccess.thecvf.com/content/CVPR2026/papers/Song_EvoComp_Learning_Visual_Token_Compression_for_Multimodal_Large_Language_Models_CVPR_2026_paper.pdf,https://openaccess.thecvf.com/content/CVPR2026/supplemental/Song_EvoComp_Learning_Visual_CVPR_2026_supplemental.pdf,https://openaccess.thecvf.com/content/CVPR2026/html/Song_EvoComp_Learning_Visual_Token_Compression_for_Multimodal_Large_Language_Models_CVPR_2026_paper.html,"Recent Multimodal Large Language Models (MLLMs) have demonstrated strong performance on vision-language understanding tasks, yet their inference efficiency is often hampered by the large number of visual tokens, particularly in high-resolution or multi-image scenarios. To address this issue, we propose EvoComp, a visual token compression framework that significantly reduces token count while preserving task accuracy. EvoComp introduces a lightweight encoder-only transformer-based compressor that selects the most informative and non-redundant visual tokens by jointly considering visual and textual contexts. A core challenge lies in providing effective supervision for training the compressor. To this end, we design an evolutionary labeling strategy that searches for token subsets minimizing the MLLM's output loss, while enforcing semantic diversity through vocabulary-based token grouping. We further train the compressor using a tailored loss function combining the GHM loss to mitigate class and difficulty imbalance, and a cosine similarity regularization to encourage semantic separation between retained and discarded tokens. Extensive experiments across multiple vision-language benchmarks show that EvoComp outperforms existing methods based on attention or similarity heuristics. Notably, it retains 99.3% of the original accuracy under 3x token compression and delivers up to 1.6x speedup on mobile devices.","@InProceedings{Song_2026_CVPR, author = {Song, Jiafei and Zhou, Fengwei and Qu, Jin and Li, Wenjin Jason and Wu, Tong and Xue, Gengjian and Zhao, Zhikang and Wei, Daomin and Lu, Yichao and Na, Bailin}, title = {EvoComp: Learning Visual Token Compression for Multimodal Large Language Models via Semantic-Guided Evolutionary Labeling}, booktitle = {Proceedings of the IEEE/CVF Conference on Computer Vision and Pattern Recognition (CVPR)}, month = {June}, year = {2026}, pages = {3532-3542} }"
Guo_Momentum_Memory_for_Knowledge_Distillation_in_Computational_Pathology_CVPR_2026_paper,2026,0,Medical_Bio_RemoteSensing,Medical_Bio_RemoteSensing|Efficiency_Compression|Vision_Language_Multimodal,20.0,0.1,Momentum Memory for Knowledge Distillation in Computational Pathology,Yongxin Guo; Hao Lu; Onur C. Koyun; Zhengjie Zhu; Muhammet F. Demir; Metin N. Gurcan,6,6889-6899,True,https://openaccess.thecvf.com/content/CVPR2026/papers/Guo_Momentum_Memory_for_Knowledge_Distillation_in_Computational_Pathology_CVPR_2026_paper.pdf,https://openaccess.thecvf.com/content/CVPR2026/supplemental/Guo_Momentum_Memory_for_CVPR_2026_supplemental.pdf,https://openaccess.thecvf.com/content/CVPR2026/html/Guo_Momentum_Memory_for_Knowledge_Distillation_in_Computational_Pathology_CVPR_2026_paper.html,"Multimodal learning that integrates genomics and histopathology has shown strong potential in cancer diagnosis, yet its clinical translation is hindered by the limited availability of paired histology-genomics data. Knowledge distillation (KD) offers a practical solution by transferring genomic supervision into histopathology models, enabling accurate inference using histology alone. However, existing KD methods rely on batch-local alignment, which introduces instability due to limited within-batch comparisons and ultimately degrades performance.To address these limitations, we propose Momentum Memory Knowledge Distillation (MoMKD), a cross-modal distillation framework driven by a momentum-updated memory. This memory aggregates genomic and histopathology information across batches, effectively enlarging the supervisory context available to each mini-batch. Furthermore, we decouple the gradients of the genomics and histology branches, preventing genomic signals from dominating histology feature learning during training and eliminating the modality-gap issue at inference time.Extensive experiments on the TCGA-BRCA benchmark (HER2, PR, and ODX classification tasks) and an independent in-house testing dataset demonstrate that MoMKD consistently outperforms state-of-the-art MIL and multimodal KD baselines, delivering strong performance and generalization under histology-only inference. Overall, MoMKD establishes a robust and generalizable knowledge distillation paradigm for computational pathology.","@InProceedings{Guo_2026_CVPR, author = {Guo, Yongxin and Lu, Hao and Koyun, Onur C. and Zhu, Zhengjie and Demir, Muhammet F. and Gurcan, Metin N.}, title = {Momentum Memory for Knowledge Distillation in Computational Pathology}, booktitle = {Proceedings of the IEEE/CVF Conference on Computer Vision and Pattern Recognition (CVPR)}, month = {June}, year = {2026}, pages = {6889-6899} }"
Ji_Revisiting_Token_Compression_for_Accelerating_ViT-based_Sparse_Multi-View_3D_Object_CVPR_2026_paper,2026,1,Efficiency_Compression,Efficiency_Compression|Object_Detection,20.0,0.5,Revisiting Token Compression for Accelerating ViT-based Sparse Multi-View 3D Object Detectors,Mingqian Ji; Shanshan Zhang; Jian Yang,3,18776-18785,True,https://openaccess.thecvf.com/content/CVPR2026/papers/Ji_Revisiting_Token_Compression_for_Accelerating_ViT-based_Sparse_Multi-View_3D_Object_CVPR_2026_paper.pdf,https://openaccess.thecvf.com/content/CVPR2026/supplemental/Ji_Revisiting_Token_Compression_CVPR_2026_supplemental.pdf,https://openaccess.thecvf.com/content/CVPR2026/html/Ji_Revisiting_Token_Compression_for_Accelerating_ViT-based_Sparse_Multi-View_3D_Object_CVPR_2026_paper.html,"Vision Transformer (ViT)-based sparse multi-view 3D object detectors have achieved remarkable accuracy but still suffer from high inference latency due to heavy token processing. To accelerate these models, token compression has been widely explored. However, our revisit of existing strategies, such as token pruning, merging, and patch size enlargement, reveals that they often discard informative background cues, disrupt contextual consistency, and lose fine-grained semantics, negatively affecting 3D detection. To overcome these limitations, we propose SEPatch3D, a novel framework that dynamically adjusts patch sizes while preserving critical semantic information within coarse patches. Specifically, we design Spatiotemporal-aware Patch Size Selection (SPSS) that assigns small patches to scenes containing nearby objects to preserve fine details and large patches to background-dominated scenes to reduce computation cost. To further mitigate potential detail loss, Informative Patch Selection (IPS) selects the informative patches for feature refinement, and Cross-Granularity Feature Enhancement (CGFE) injects fine-grained details into selected coarse patches, enriching semantic features. Experiments on the nuScenes and Argoverse 2 validation sets show that SEPatch3D achieves up to 57% faster inference than the StreamPETR baseline and 20% higher efficiency than the state-of-the-art ToC3D-faster, while preserving comparable detection accuracy.","@InProceedings{Ji_2026_CVPR, author = {Ji, Mingqian and Zhang, Shanshan and Yang, Jian}, title = {Revisiting Token Compression for Accelerating ViT-based Sparse Multi-View 3D Object Detectors}, booktitle = {Proceedings of the IEEE/CVF Conference on Computer Vision and Pattern Recognition (CVPR)}, month = {June}, year = {2026}, pages = {18776-18785} }"
Tian_FSLoRA_Harmonizing_Detection_and_Re-Identification_via_Freq-Spatial_Low-Rank_Adapter_for_CVPR_2026_paper,2026,0,Tracking_MOT,Tracking_MOT|Efficiency_Compression,12.0,0.333,FSLoRA: Harmonizing Detection and Re-Identification via Freq-Spatial Low-Rank Adapter for One-Stage Person Search,Yanling Tian; Shanshan Zhang; Di Chen; Jian Yang,4,40428-40437,True,https://openaccess.thecvf.com/content/CVPR2026/papers/Tian_FSLoRA_Harmonizing_Detection_and_Re-Identification_via_Freq-Spatial_Low-Rank_Adapter_for_CVPR_2026_paper.pdf,https://openaccess.thecvf.com/content/CVPR2026/supplemental/Tian_FSLoRA_Harmonizing_Detection_CVPR_2026_supplemental.pdf,https://openaccess.thecvf.com/content/CVPR2026/html/Tian_FSLoRA_Harmonizing_Detection_and_Re-Identification_via_Freq-Spatial_Low-Rank_Adapter_for_CVPR_2026_paper.html,"Person search, which aims to detect and re-identify individuals in unconstrained scenes, faces an inherent conflict in one-stage models: pedestrian detection focuses on shared human features, while person re-identification requires identity-specific representations. Existing approaches, such as feature decoupling and loss re-weighting, primarily address this issue in later network stages but fail to resolve early-stage feature entanglement. To overcome this limitation, we propose FSLoRA, a Freq-Spatial Low-Rank Adapter that progressively decouples task-specific features at the backbone level. FSLoRA consists of a Spatial-Level Module (SLM), which employs LoRA and a mixture-of-experts to dynamically activate task-relevant spatial features, and a Frequency-Level Module (FLM), which transforms features into the frequency domain to selectively enhance task-relevant frequency components while suppressing task-irrelevant noise. By integrating both spatial and frequency-based adaptations, FSLoRA reduces feature interference, enabling more effective joint optimization. Extensive experiments on CUHK-SYSU, PRW, and Posetrack21 demonstrate that FSLoRA not only achieves state-of-the-art performance but also serves as a plug-and-play module adaptable to various person search frameworks, offering a unified and generalizable solution for one-stage person search.","@InProceedings{Tian_2026_CVPR, author = {Tian, Yanling and Zhang, Shanshan and Chen, Di and Yang, Jian}, title = {FSLoRA: Harmonizing Detection and Re-Identification via Freq-Spatial Low-Rank Adapter for One-Stage Person Search}, booktitle = {Proceedings of the IEEE/CVF Conference on Computer Vision and Pattern Recognition (CVPR)}, month = {June}, year = {2026}, pages = {40428-40437} }"
Bulat_VISion_On_Request_Enhanced_VLLM_efficiency_with_sparse_dynamically_selected_CVPR_2026_paper,2026,0,Vision_Language_Multimodal,Vision_Language_Multimodal|Efficiency_Compression,14.0,0.5,"VISion On Request: Enhanced VLLM efficiency with sparse, dynamically selected, vision-language interactions",Adrian Bulat; Alberto Baldrati; Ioannis Maniadis Metaxas; Yassine Ouali; Georgios Tzimiropoulos,5,31920-31930,True,https://openaccess.thecvf.com/content/CVPR2026/papers/Bulat_VISion_On_Request_Enhanced_VLLM_efficiency_with_sparse_dynamically_selected_CVPR_2026_paper.pdf,https://openaccess.thecvf.com/content/CVPR2026/supplemental/Bulat_VISion_On_Request_CVPR_2026_supplemental.pdf,https://openaccess.thecvf.com/content/CVPR2026/html/Bulat_VISion_On_Request_Enhanced_VLLM_efficiency_with_sparse_dynamically_selected_CVPR_2026_paper.html,"Existing approaches for improving the efficiency of Large Vision-Language Models (LVLMs) are largely based on the concept of visual token reduction. This approach, however, creates an information bottleneck that impairs performance, especially on challenging tasks that require fine-grained understanding and reasoning. In this work, we challenge this paradigm by introducing VISion On Request (VISOR), a method that reduces inference cost without discarding visual information. Instead of compressing the image, VISOR improves efficiency by sparsifying the interaction between image and text tokens. Specifically, the language model attends to the full set of high-resolution visual tokens through a small, strategically placed set of attention layers: general visual context is provided by efficient cross-attention between text-image, while a few well-placed and dynamically selected self-attention layers refine the visual representations themselves, enabling complex, high-resolution reasoning when needed. Based on this principle, we first train a single universal network on a range of computational budgets by varying the number of self-attention layers, and then introduce a lightweight policy mechanism that dynamically allocates visual computation based on per-sample complexity. Extensive experiments show that VISOR drastically reduces computational cost while matching or exceeding state-of-the-art results across a diverse suite of benchmarks, and excels in challenging tasks that require detailed visual understanding.","@InProceedings{Bulat_2026_CVPR, author = {Bulat, Adrian and Baldrati, Alberto and Metaxas, Ioannis Maniadis and Ouali, Yassine and Tzimiropoulos, Georgios}, title = {VISion On Request: Enhanced VLLM efficiency with sparse, dynamically selected, vision-language interactions}, booktitle = {Proceedings of the IEEE/CVF Conference on Computer Vision and Pattern Recognition (CVPR)}, month = {June}, year = {2026}, pages = {31920-31930} }"
Peng_HiLoRA_Hierarchical_Low-Rank_Adaptation_for_Personalized_Federated_Learning_CVPR_2026_paper,2026,0,Trustworthy_Security_Privacy,Trustworthy_Security_Privacy|Diffusion_Generative|Efficiency_Compression,12.0,0.167,HiLoRA: Hierarchical Low-Rank Adaptation for Personalized Federated Learning,Zihao Peng; Nan Zou; Jiandian Zeng; Guo Li; Ke Chen; Boyuan Li; Tian Wang,7,31746-31757,True,https://openaccess.thecvf.com/content/CVPR2026/papers/Peng_HiLoRA_Hierarchical_Low-Rank_Adaptation_for_Personalized_Federated_Learning_CVPR_2026_paper.pdf,https://openaccess.thecvf.com/content/CVPR2026/supplemental/Peng_HiLoRA_Hierarchical_Low-Rank_CVPR_2026_supplemental.pdf,https://openaccess.thecvf.com/content/CVPR2026/html/Peng_HiLoRA_Hierarchical_Low-Rank_Adaptation_for_Personalized_Federated_Learning_CVPR_2026_paper.html,"Vision Transformers (ViTs) have been widely adopted in vision tasks due to their strong transferability. In Federated Learning (FL), where full fine-tuning is communication-heavy, Low-Rank Adaptation (LoRA) provides an efficient and communication-friendly way to adapt ViTs. However, existing LoRA-based federated tuning methods overlook latent client structures in real-world settings, limiting shared representation learning and hindering effective adaptation to unseen clients. To address this, we propose HiLoRA, a hierarchical LoRA framework that places adapters at three levels: root, cluster, and leaf, each designed to capture global, subgroup, and client-specific knowledge, respectively. Through cross-tier orthogonality and cascaded optimization, HiLoRA separates update subspaces and aligns each tier with its residual personalized objective. In particular, we develop a LoRA-Subspace Adaptive Clustering mechanism that infers latent client groups via subspace similarity analysis, thereby facilitating knowledge sharing across structurally aligned clients. Theoretically, we establish a tier-wise generalization analysis that supports HiLoRA's design. Experiments on ViT backbones with CIFAR-100 and DomainNet demonstrate consistent improvements in both personalization and generalization.","@InProceedings{Peng_2026_CVPR, author = {Peng, Zihao and Zou, Nan and Zeng, Jiandian and Li, Guo and Chen, Ke and Li, Boyuan and Wang, Tian}, title = {HiLoRA: Hierarchical Low-Rank Adaptation for Personalized Federated Learning}, booktitle = {Proceedings of the IEEE/CVF Conference on Computer Vision and Pattern Recognition (CVPR)}, month = {June}, year = {2026}, pages = {31746-31757} }"
Wang_Robust3DGSW_Toward_Robust_Watermarking_for_Quantization-Aware_3D_Gaussian_Splatting_CVPR_2026_paper,2026,0,Trustworthy_Security_Privacy,Trustworthy_Security_Privacy|Efficiency_Compression|Neural_Rendering_NeRF_3DGS,20.0,0.1,Robust3DGSW: Toward Robust Watermarking for Quantization-Aware 3D Gaussian Splatting,Boyu Wang; Jun Xia; Mingsong Chen,3,19076-19084,True,https://openaccess.thecvf.com/content/CVPR2026/papers/Wang_Robust3DGSW_Toward_Robust_Watermarking_for_Quantization-Aware_3D_Gaussian_Splatting_CVPR_2026_paper.pdf,https://openaccess.thecvf.com/content/CVPR2026/supplemental/Wang_Robust3DGSW_Toward_Robust_CVPR_2026_supplemental.pdf,https://openaccess.thecvf.com/content/CVPR2026/html/Wang_Robust3DGSW_Toward_Robust_Watermarking_for_Quantization-Aware_3D_Gaussian_Splatting_CVPR_2026_paper.html,"Although current watermarking techniques for 3D Gaussian Splatting (3DGS) are promising in protecting the copyrights of both 3DGS models and their rendered images, they greatly suffer from low watermark robustness and poor rendering quality when applying quantization to large 3DGS models to accommodate resource-limited devices. To address these problems, this paper introduces a novel two-stage quantization-aware 3DGS watermarking approach called Robust3DGSW. By properly embedding watermarks into the mid-frequency bands of both the 3D Gaussian parameters and 2D rendered images, the first stage of Robust3DGSW can effectively counteract the quantization-induced signal loss and mitigate the adverse effects of watermarks on rendered images. In the second stage, Robust3DGSW trains both 2D and 3D decoders using our proposed multi-scale adversarial perturbation approach, alongside a gradual quantization process, which enables robust watermark extraction even under excessive quantization. Comprehensive experimental results obtained from the well-known Blender, LLFF, and MipNeRF-360 datasets demonstrate that, when compared to leading 3DGS watermarking techniques, Robust3DGSW not only mitigates the negative effects of quantization on watermarks but also enables fast rendering with high quality.","@InProceedings{Wang_2026_CVPR, author = {Wang, Boyu and Xia, Jun and Chen, Mingsong}, title = {Robust3DGSW: Toward Robust Watermarking for Quantization-Aware 3D Gaussian Splatting}, booktitle = {Proceedings of the IEEE/CVF Conference on Computer Vision and Pattern Recognition (CVPR)}, month = {June}, year = {2026}, pages = {19076-19084} }"
Lin_YOLO-Master_MOE-Accelerated_with_Specialized_Transformers_for_Enhanced_Real-time_Detection_CVPR_2026_paper,2026,0,Object_Detection,Object_Detection|Efficiency_Compression,21.0,0.571,YOLO-Master: MOE-Accelerated with Specialized Transformers for Enhanced Real-time Detection,Xu Lin; Jinlong Peng; Zhenye Gan; Jiawen Zhu; Jun Liu,5,18440-18449,True,https://openaccess.thecvf.com/content/CVPR2026/papers/Lin_YOLO-Master_MOE-Accelerated_with_Specialized_Transformers_for_Enhanced_Real-time_Detection_CVPR_2026_paper.pdf,,https://openaccess.thecvf.com/content/CVPR2026/html/Lin_YOLO-Master_MOE-Accelerated_with_Specialized_Transformers_for_Enhanced_Real-time_Detection_CVPR_2026_paper.html,"Existing Real-Time Object Detection (RTOD) methods commonly adopt YOLO-like architectures for their favorable trade-off between accuracy and speed. However, these models rely on static dense computation that applies uniform processing to all inputs, misallocating representational capacity and computational resources such as over-allocating on trivial scenes while under-serving complex ones. This mismatch results in both computational redundancy and suboptimal detection performance.To overcome this limitation, we propose YOLO-Master, a novel YOLO-like framework that introduces image-level adaptive computation for RTOD. This is achieved through an Efficient Sparse Mixture-of-Experts (ES-MoE) block that dynamically allocates computational resources to each input according to its scene complexity. At its core, a lightweight dynamic routing network guides expert specialization during training through a diversity enhancing objective, encouraging complementary expertise among experts. Additionally, the routing network adaptively learns to activate only the most relevant experts, thereby improving detection performance while minimizing computational overhead during inference.Comprehensive experiments on five large-scale benchmarks demonstrate the superiority of YOLO-Master. On MS COCO, our model achieves 42.4% AP with 1.62ms latency, outperforming YOLOv13-N by +0.8% mAP and 17.8% faster inference. Notably, the gains are most pronounced on challenging dense scenes, while the model preserves efficiency on typical inputs and maintains real-time inference speed. Github: https://github.com/Tencent/YOLO-Master/","@InProceedings{Lin_2026_CVPR, author = {Lin, Xu and Peng, Jinlong and Gan, Zhenye and Zhu, Jiawen and Liu, Jun}, title = {YOLO-Master: MOE-Accelerated with Specialized Transformers for Enhanced Real-time Detection}, booktitle = {Proceedings of the IEEE/CVF Conference on Computer Vision and Pattern Recognition (CVPR)}, month = {June}, year = {2026}, pages = {18440-18449} }"
Ma_ApET_Approximation-Error_Guided_Token_Compression_for_Efficient_VLMs_CVPR_2026_paper,2026,0,Vision_Language_Multimodal,Vision_Language_Multimodal|Efficiency_Compression,26.0,0.346,ApET: Approximation-Error Guided Token Compression for Efficient VLMs,Qiankun Ma; Ziyao Zhang; Haofei Wang; Zhen Song; Jie Chen; Hairong Zheng,6,26306-26316,True,https://openaccess.thecvf.com/content/CVPR2026/papers/Ma_ApET_Approximation-Error_Guided_Token_Compression_for_Efficient_VLMs_CVPR_2026_paper.pdf,https://openaccess.thecvf.com/content/CVPR2026/supplemental/Ma_ApET_Approximation-Error_Guided_CVPR_2026_supplemental.pdf,https://openaccess.thecvf.com/content/CVPR2026/html/Ma_ApET_Approximation-Error_Guided_Token_Compression_for_Efficient_VLMs_CVPR_2026_paper.html,"Recent Vision-Language Models (VLMs) have demonstrated remarkable multimodal understanding capabilities, yet the redundant visual tokens incur prohibitive computational overhead and degrade inference efficiency. Prior studies typically relies on [CLS] attention or text-vision cross-attention to identify and discard redundant visual tokens. Despite promising results, such solutions are prone to introduce positional bias and, more critically, are incompatible with efficient attention kernels such as FlashAttention, limiting their practical deployment for VLM acceleration. In this paper, we step away from attention dependencies and revisit visual token compression from an information-theoretic perspective, aiming to maximally preserve visual information without any attention involvement. We present ApET, an Approximation-Error Token compression framework. ApET first reconstructs the original visual tokens with a small set of basis tokens via linear approximation, then leverages the approximation error to identify and drop the least informative tokens. Extensive experiments across multiple VLMs and benchmarks demonstrate that ApET retains 95.2% of the original performance on image-understanding tasks and even attains 100.4% on video-understanding tasks, while compressing the token budgets by 88.9% and 87.5%, respectively. Thanks to its attention-free design, ApET seamlessly integrates with FlashAttention, enabling further inference acceleration and making VLM deployment more practical.","@InProceedings{Ma_2026_CVPR, author = {Ma, Qiankun and Zhang, Ziyao and Wang, Haofei and Song, Zhen and Chen, Jie and Zheng, Hairong}, title = {ApET: Approximation-Error Guided Token Compression for Efficient VLMs}, booktitle = {Proceedings of the IEEE/CVF Conference on Computer Vision and Pattern Recognition (CVPR)}, month = {June}, year = {2026}, pages = {26306-26316} }"
Tan_Low-Rank_Residual_Diffusion_Models_CVPR_2026_paper,2026,0,Diffusion_Generative,Diffusion_Generative|Efficiency_Compression|Restoration_Enhancement,18.0,0.333,Low-Rank Residual Diffusion Models,Junfu Tan; Jiang Yuan,2,35747-35757,True,https://openaccess.thecvf.com/content/CVPR2026/papers/Tan_Low-Rank_Residual_Diffusion_Models_CVPR_2026_paper.pdf,,https://openaccess.thecvf.com/content/CVPR2026/html/Tan_Low-Rank_Residual_Diffusion_Models_CVPR_2026_paper.html,"Residual diffusion models have achieved remarkable progress in image restoration tasks. In near-domain transformations such as image deraining, however, we observe that the residuals exhibit an inherent low-rank structure. Motivated by this property, we propose the Low-Rank Residual Diffusion Model (LRDM), which performs diffusion within a compact low-rank residual subspace for efficient and structure-preserving restoration. We formalize this observation as the Low-Rank Residual Assumption and show that the variational lower bound becomes tighter when residuals lie in a low-rank space. Building on this insight, we introduce an Asymmetric Residual Diffusion Process that constrains the forward process in the low-rank domain while maintaining full-rank flexibility in the reverse process. To accommodate the varying complexity of residuals across diffusion timesteps, we further introduce an Adaptive Rank Selection mechanism that dynamically adjusts the rank during the diffusion process. Experiments on deraining, deblurring, and deshading benchmarks show that LRDM surpasses full-rank diffusion baselines and achieves state-of-the-art performance, validating the advantage of modeling diffusion in a low-rank residual space. Project Page: \urlstyle same \hypersetup allcolors=magenta https://github.com/JF-Tan/LRDM .","@InProceedings{Tan_2026_CVPR, author = {Tan, Junfu and Yuan, Jiang}, title = {Low-Rank Residual Diffusion Models}, booktitle = {Proceedings of the IEEE/CVF Conference on Computer Vision and Pattern Recognition (CVPR)}, month = {June}, year = {2026}, pages = {35747-35757} }"
Song_MM-SeR_Multimodal_Self-Refinement_for_Lightweight_Image_Captioning_CVPR_2026_paper,2026,0,Vision_Language_Multimodal,Vision_Language_Multimodal|Efficiency_Compression|LLM_Reasoning_Agent,25.0,0.6,MM-SeR: Multimodal Self-Refinement for Lightweight Image Captioning,Junha Song; Yongsik Jo; So Yeon Min; Quanting Xie; Taehwan Kim; Yonatan Bisk; Jaegul Choo,7,30929-30940,True,https://openaccess.thecvf.com/content/CVPR2026/papers/Song_MM-SeR_Multimodal_Self-Refinement_for_Lightweight_Image_Captioning_CVPR_2026_paper.pdf,https://openaccess.thecvf.com/content/CVPR2026/supplemental/Song_MM-SeR_Multimodal_Self-Refinement_CVPR_2026_supplemental.pdf,https://openaccess.thecvf.com/content/CVPR2026/html/Song_MM-SeR_Multimodal_Self-Refinement_for_Lightweight_Image_Captioning_CVPR_2026_paper.html,"Systems such as video chatbots and navigation robots often depend on streaming image captioning to interpret visual inputs. Existing approaches typically employ large multimodal language models (MLLMs) for this purpose, but their substantial computational cost hinders practical application.This limitation motivates our development of a lightweight captioning model. Our investigation begins by replacing the large-scale language component in MLLMs with a compact 125M-parameter model.Surprisingly, this compact model, despite a 93x reduction in size, achieves comparable performance to MLLMs, suggesting that factual image captioning does not significantly require the complex reasoning abilities of LLMs. Despite this promising result, our lightweight model still lacks reliability. To address this, we draw inspiration from the human visual process: perceiving a global and coarse understanding of the scene before attending to finer details. Accordingly, we propose a multimodal self-refinement framework that guides the model to utilize features from salient regions, identified by referencing the previous coarse caption, and to produce a refined description. Experimental results demonstrate the superiority of our model in both single-sentence and detailed captioning, extending even to long-range video QA tasks.","@InProceedings{Song_2026_CVPR, author = {Song, Junha and Jo, Yongsik and Min, So Yeon and Xie, Quanting and Kim, Taehwan and Bisk, Yonatan and Choo, Jaegul}, title = {MM-SeR: Multimodal Self-Refinement for Lightweight Image Captioning}, booktitle = {Proceedings of the IEEE/CVF Conference on Computer Vision and Pattern Recognition (CVPR)}, month = {June}, year = {2026}, pages = {30929-30940} }"
Yin_LightRR_A_Lightweight_Network_for_Single_Image_Reflection_Removal_CVPR_2026_paper,2026,1,Efficiency_Compression,Efficiency_Compression|Restoration_Enhancement,15.0,0.0,LightRR: A Lightweight Network for Single Image Reflection Removal,Wenbin Yin; Junkang Zhang; Sunzhe Yang; Faming Fang; Guixu Zhang,5,19706-19715,True,https://openaccess.thecvf.com/content/CVPR2026/papers/Yin_LightRR_A_Lightweight_Network_for_Single_Image_Reflection_Removal_CVPR_2026_paper.pdf,https://openaccess.thecvf.com/content/CVPR2026/supplemental/Yin_LightRR_A_Lightweight_CVPR_2026_supplemental.pdf,https://openaccess.thecvf.com/content/CVPR2026/html/Yin_LightRR_A_Lightweight_Network_for_Single_Image_Reflection_Removal_CVPR_2026_paper.html,"Single-image reflection removal (SIRR) is a highly ill-posed and computationally demanding problem. Existing CNN or Transformer-based methods often rely on large receptive fields and heavy computation, limiting their deployment on resource-constrained devices. To address this, we propose LightRR, a lightweight yet effective reflection removal network that unifies a wavelet-based mechanism and State Space Modeling (SSM).Specifically, we introduce an Asymmetric Frequency Mamba Block (AFM), which leverages the Discrete Wavelet Transform (DWT) to decompose features into low- and high-frequency components. This allows for targeted modeling of frequency-specific dependencies via Mamba-based state space dynamics.This design not only captures long-range context efficiently but also reduces spatial resolution and computation while preserving critical details.Furthermore, a knowledge distillation-enhanced encoder allows the network to inherit the representational power of large pre-trained models during training, enabling lightweight inference.Extensive experiments on multiple real-world benchmarks demonstrate that LightRR achieves performance comparable to state-of-the-art methods, while using only 3.01% of the parameters and 5.22% of the FLOPs (vs. RDNet), highlighting its superior balance between accuracy and efficiency.","@InProceedings{Yin_2026_CVPR, author = {Yin, Wenbin and Zhang, Junkang and Yang, Sunzhe and Fang, Faming and Zhang, Guixu}, title = {LightRR: A Lightweight Network for Single Image Reflection Removal}, booktitle = {Proceedings of the IEEE/CVF Conference on Computer Vision and Pattern Recognition (CVPR)}, month = {June}, year = {2026}, pages = {19706-19715} }"
Zhao_Spherical_Leech_Quantization_for_Visual_Tokenization_and_Generation_CVPR_2026_paper,2026,1,Efficiency_Compression,Efficiency_Compression,18.0,0.889,Spherical Leech Quantization for Visual Tokenization and Generation,Yue Zhao; Hanwen Jiang; Zhenlin Xu; Chutong Yang; Ehsan Adeli; Philipp Kraehenbuehl,6,12913-12923,True,https://openaccess.thecvf.com/content/CVPR2026/papers/Zhao_Spherical_Leech_Quantization_for_Visual_Tokenization_and_Generation_CVPR_2026_paper.pdf,https://openaccess.thecvf.com/content/CVPR2026/supplemental/Zhao_Spherical_Leech_Quantization_CVPR_2026_supplemental.pdf,https://openaccess.thecvf.com/content/CVPR2026/html/Zhao_Spherical_Leech_Quantization_for_Visual_Tokenization_and_Generation_CVPR_2026_paper.html,"Lookup-free quantization has received much attention due to its efficiency on parameters and scalability to a large codebook. In this paper, we present a unified formulation of different non-parametric quantization methods through the lens of lattice coding. The geometry of lattice codes explains the necessity of auxiliary loss terms when training auto-encoders with certain existing lookup-free quantization variants such as BSQ. As a step forward, we explore a few possible candidates, including random lattices, generalized Fibonacci lattices, and densest sphere packing lattices. Among all, we find the Leech lattice-based quantization method, which is dubbed as Spherical Leech Quantization (\Lambda_ 24 -SQ), leads to both a simplified training recipe and an improved reconstruction-compression tradeoff thanks to its high symmetry and even distribution on the hypersphere. In image tokenization and compression tasks, this quantization approach achieves better reconstruction quality across all metrics than BSQ, the best prior art, while consuming slightly fewer bits. The improvement also extends to state-of-the-art auto-regressive image generation frameworks.","@InProceedings{Zhao_2026_CVPR, author = {Zhao, Yue and Jiang, Hanwen and Xu, Zhenlin and Yang, Chutong and Adeli, Ehsan and Kraehenbuehl, Philipp}, title = {Spherical Leech Quantization for Visual Tokenization and Generation}, booktitle = {Proceedings of the IEEE/CVF Conference on Computer Vision and Pattern Recognition (CVPR)}, month = {June}, year = {2026}, pages = {12913-12923} }"
Kang_SJD-PAC_Accelerating_Speculative_Jacobi_Decoding_via_Proactive_Drafting_and_Adaptive_CVPR_2026_paper,2026,0,Diffusion_Generative,Diffusion_Generative|Efficiency_Compression,8.0,0.125,SJD-PAC: Accelerating Speculative Jacobi Decoding via Proactive Drafting and Adaptive Continuation,Jialiang Kang; Han Shu; Wenshuo Li; Yingjie Zhai; Xinghao Chen,5,16666-16675,True,https://openaccess.thecvf.com/content/CVPR2026/papers/Kang_SJD-PAC_Accelerating_Speculative_Jacobi_Decoding_via_Proactive_Drafting_and_Adaptive_CVPR_2026_paper.pdf,https://openaccess.thecvf.com/content/CVPR2026/supplemental/Kang_SJD-PAC_Accelerating_Speculative_CVPR_2026_supplemental.pdf,https://openaccess.thecvf.com/content/CVPR2026/html/Kang_SJD-PAC_Accelerating_Speculative_Jacobi_Decoding_via_Proactive_Drafting_and_Adaptive_CVPR_2026_paper.html,"Speculative Jacobi Decoding (SJD) offers a draft-model-free approach to accelerate autoregressive text-to-image synthesis. However, the high-entropy nature of visual generation yields low draft-token acceptance rates in complex regions, creating a bottleneck that severely limits overall throughput. To overcome this, we introduce SJD-PAC, an enhanced SJD framework. First, SJD-PAC employs a proactive drafting strategy to improve local acceptance rates in these challenging high-entropy regions. Second, we introduce an adaptive continuation mechanism that sustains sequence validation after an initial rejection, bypassing the need for full resampling. Working in tandem, these optimizations significantly increase the average acceptance length per step, boosting inference speed while strictly preserving the target distribution. Experiments on standard text-to-image benchmarks demonstrate that SJD-PAC achieves a 3.8x speedup with lossless image quality.","@InProceedings{Kang_2026_CVPR, author = {Kang, Jialiang and Shu, Han and Li, Wenshuo and Zhai, Yingjie and Chen, Xinghao}, title = {SJD-PAC: Accelerating Speculative Jacobi Decoding via Proactive Drafting and Adaptive Continuation}, booktitle = {Proceedings of the IEEE/CVF Conference on Computer Vision and Pattern Recognition (CVPR)}, month = {June}, year = {2026}, pages = {16666-16675} }"
Wen_Fast-FoundationStereo_Real-Time_Zero-Shot_Stereo_Matching_CVPR_2026_paper,2026,1,Efficiency_Compression,Efficiency_Compression|LowLevel_Flow_Depth_Matching,14.0,0.357,Fast-FoundationStereo: Real-Time Zero-Shot Stereo Matching,Bowen Wen; Shaurya Dewan; Stan Birchfield,3,7513-7524,True,https://openaccess.thecvf.com/content/CVPR2026/papers/Wen_Fast-FoundationStereo_Real-Time_Zero-Shot_Stereo_Matching_CVPR_2026_paper.pdf,https://openaccess.thecvf.com/content/CVPR2026/supplemental/Wen_Fast-FoundationStereo_Real-Time_Zero-Shot_CVPR_2026_supplemental.zip,https://openaccess.thecvf.com/content/CVPR2026/html/Wen_Fast-FoundationStereo_Real-Time_Zero-Shot_Stereo_Matching_CVPR_2026_paper.html,"Stereo foundation models achieve strong zero-shotgeneralization but remain computationally prohibitive forreal-time applications. Efficient stereo architectures, on the other hand, sacrificerobustness for speed and require costly per-domain fine-tuning.To bridge this gap, we present Fast-FoundationStereo, a family of architectures that achieve, for the first time, strong zero-shot generalization at real-time frame rate. We employ a divide-and-conquer acceleration strategy with three components: (1) knowledge distillation to compress the hybrid backbone into a single efficient student; (2) blockwise neural architecture search for automatically discovering optimal cost filtering designs under latency budgets, reducing search complexity exponentially; and (3) structured pruning for eliminating redundancy in the iterative refinement module. Furthermore, we introduce an automatic pseudo-labeling pipeline used to curate 1.4M in-the-wild stereo pairs to supplement synthetic training data and facilitate knowledge distillation. The resulting model can run over 10x faster than FoundationStereo while closely matching its zero-shot accuracy, thus establishing a new state-of-the-art among real-time methods. Project page: https://nvlabs.github.io/Fast-FoundationStereo","@InProceedings{Wen_2026_CVPR, author = {Wen, Bowen and Dewan, Shaurya and Birchfield, Stan}, title = {Fast-FoundationStereo: Real-Time Zero-Shot Stereo Matching}, booktitle = {Proceedings of the IEEE/CVF Conference on Computer Vision and Pattern Recognition (CVPR)}, month = {June}, year = {2026}, pages = {7513-7524} }"
Yuan_Adaptive_3D_Perception_for_Small_Aerial_Targets_Under_Sparse_Sampling_CVPR_2026_paper,2026,0,Autonomous_Driving,Autonomous_Driving|Efficiency_Compression|Embodied_AI_Robotics,9.0,0.333,Adaptive 3D Perception for Small Aerial Targets Under Sparse Sampling via Reinforcement Learning,Shenghai Yuan; Wei Yihan; Jason Yee; Zhuoran Qiao; boyang lou; Enwen Hu,6,39064-39074,True,https://openaccess.thecvf.com/content/CVPR2026/papers/Yuan_Adaptive_3D_Perception_for_Small_Aerial_Targets_Under_Sparse_Sampling_CVPR_2026_paper.pdf,,https://openaccess.thecvf.com/content/CVPR2026/html/Yuan_Adaptive_3D_Perception_for_Small_Aerial_Targets_Under_Sparse_Sampling_CVPR_2026_paper.html,"Detecting small aerial targets (SATs) in long-range LiDAR is challenging because motion causes extreme variations in point density, breaking fixed-voxel and static-threshold assumptions in standard 3D detection and tracking. To address the challenges, we introduce A3PRL, an RL-driven adaptive perception framework that closes the loop between LiDAR sensing and tracking. A3PRL uses a sparsity-aware proposal stage with Temporal Dispersion Signatures and velocity-change cues, and a lightweight 5D policy that jointly adjusts voxel resolution, detection sensitivity, and association gating from label-free statistics of sparsity, foreground acceptance, and track stability. The policy is trained with privileged ground-truth trajectories to optimize a reward balancing geometric accuracy, temporal stability, and regularized acceptance, but runs fully label-free at test time. On the public MMAUD benchmark, training on V1 and evaluating on unseen V2/V3, A3PRL reduces 3D localization error by about 19% over its non-RL counterpart and consistently outperforms LiDAR-only and multimodal baselines under both day and night conditions. The same policy is able to transfer to other SAT datasets with heterogeneous scan patterns, maintaining accurate and stable trajectories.","@InProceedings{Yuan_2026_CVPR, author = {Yuan, Shenghai and Yihan, Wei and Yee, Jason and Qiao, Zhuoran and lou, boyang and Hu, Enwen}, title = {Adaptive 3D Perception for Small Aerial Targets Under Sparse Sampling via Reinforcement Learning}, booktitle = {Proceedings of the IEEE/CVF Conference on Computer Vision and Pattern Recognition (CVPR)}, month = {June}, year = {2026}, pages = {39064-39074} }"
Dang_Locate-then-Sparsify_Attribution_Guided_Sparse_Strategy_for_Visual_Hallucination_Mitigation_CVPR_2026_paper,2026,0,LLM_Reasoning_Agent,LLM_Reasoning_Agent|Efficiency_Compression,15.0,0.467,Locate-then-Sparsify: Attribution Guided Sparse Strategy for Visual Hallucination Mitigation,Tiantian Dang; Chao Bi; Shufan Shen; Jinzhe Liu; Qingming Huang; Shuhui Wang,6,18251-18260,True,https://openaccess.thecvf.com/content/CVPR2026/papers/Dang_Locate-then-Sparsify_Attribution_Guided_Sparse_Strategy_for_Visual_Hallucination_Mitigation_CVPR_2026_paper.pdf,https://openaccess.thecvf.com/content/CVPR2026/supplemental/Dang_Locate-then-Sparsify_Attribution_Guided_CVPR_2026_supplemental.zip,https://openaccess.thecvf.com/content/CVPR2026/html/Dang_Locate-then-Sparsify_Attribution_Guided_Sparse_Strategy_for_Visual_Hallucination_Mitigation_CVPR_2026_paper.html,"Despite the significant advancements in Large Vision-Language Models (LVLMs), their tendency to generate hallucinations undermines reliability and restricts broader practical deployment. Among the hallucination mitigation methods, feature steering emerges as a promising approach that reduces erroneous outputs in LVLMs without increasing inference costs. However, current methods apply uniform feature steering across all layers. This heuristic strategy ignores inter-layer differences, potentially disrupting layers unrelated to hallucinations and ultimately leading to performance degradation on general tasks. In this paper, we propose Locate-Then-Sparsify for Feature Steering (LTS-FS), a plug-and-play framework which controls the steering intensity according to the hallucination relevance of each layer. We first construct a dataset comprising token-level and sentence-level hallucination cases. Based on this dataset, we introduce an attribution method based on causal interventions to quantify the hallucination relevance of each layer. With the attribution scores across layers, we propose a layerwise strategy that converts these scores into feature steering intensities for individual layers, enabling more precise adjustments specifically on hallucination-relevant layers. Extensive experiments across multiple LVLMs and benchmarks demonstrate that LTS-FS effectively mitigates hallucination while preserving strong performance. Codes are available at https://github.com/huttersadan/LTS-FS.","@InProceedings{Dang_2026_CVPR, author = {Dang, Tiantian and Bi, Chao and Shen, Shufan and Liu, Jinzhe and Huang, Qingming and Wang, Shuhui}, title = {Locate-then-Sparsify: Attribution Guided Sparse Strategy for Visual Hallucination Mitigation}, booktitle = {Proceedings of the IEEE/CVF Conference on Computer Vision and Pattern Recognition (CVPR)}, month = {June}, year = {2026}, pages = {18251-18260} }"
Shao_FastLightGen_Fast_and_Light_Video_Generation_with_Fewer_Steps_and_CVPR_2026_paper,2026,0,Video_Action_Recognition,Video_Action_Recognition|Efficiency_Compression,15.0,0.467,FastLightGen: Fast and Light Video Generation with Fewer Steps and Parameters,Shitong Shao; Yufei Gu; Zeke Xie,3,2104-2114,True,https://openaccess.thecvf.com/content/CVPR2026/papers/Shao_FastLightGen_Fast_and_Light_Video_Generation_with_Fewer_Steps_and_CVPR_2026_paper.pdf,https://openaccess.thecvf.com/content/CVPR2026/supplemental/Shao_FastLightGen_Fast_and_CVPR_2026_supplemental.pdf,https://openaccess.thecvf.com/content/CVPR2026/html/Shao_FastLightGen_Fast_and_Light_Video_Generation_with_Fewer_Steps_and_CVPR_2026_paper.html,"The recent advent of powerful video generation models, such as Hunyuan, WanX, Veo3, and Kling, has inaugurated a new era in the field. However, the practical deployment of these models is severely impeded by their substantial computational overhead, which stems from enormous parameter counts and the iterative, multi-step sampling process required during inference. Prior research on accelerating generative models has predominantly followed two distinct trajectories: reducing the number of sampling steps (e.g., LCM, DMD, and MagicDistillation) or compressing the model size for more efficient inference (e.g., ICMD). The potential of simultaneously compressing both to create a fast and lightweight model remains an unexplored avenue. In this paper, we propose _**FastLightGen**_, an algorithm that transforms large, computationally expensive models into fast, lightweight counterparts. The core idea is to construct an optimal teacher model, one engineered to maximize student performance, within a synergistic framework for distilling both model size and inference steps. Our extensive experiments on HunyuanVideo-ATI2V and WanX-TI2V reveal that a generator using 4-step sampling and 30% parameter pruning achieves optimal visual quality under a constrained inference budget. Furthermore, FastLightGen consistently outperforms all competing methods, establishing a new state-of-the-art in efficient video generation.","@InProceedings{Shao_2026_CVPR, author = {Shao, Shitong and Gu, Yufei and Xie, Zeke}, title = {FastLightGen: Fast and Light Video Generation with Fewer Steps and Parameters}, booktitle = {Proceedings of the IEEE/CVF Conference on Computer Vision and Pattern Recognition (CVPR)}, month = {June}, year = {2026}, pages = {2104-2114} }"
Li_ElasticFormer_Detecting_Objects_in_HRW_Shots_via_Elastic_Computing_Vision_CVPR_2026_paper,2026,1,Efficiency_Compression,Efficiency_Compression,6.0,0.333,ElasticFormer: Detecting Objects in HRW Shots via Elastic Computing Vision Transformer,Wenxi Li; Jingchen Huang; Chenyang Lyu; Moran Liu; Haozhe Lin; Guiguang Ding; Yuchen Guo,7,32735-32744,True,https://openaccess.thecvf.com/content/CVPR2026/papers/Li_ElasticFormer_Detecting_Objects_in_HRW_Shots_via_Elastic_Computing_Vision_CVPR_2026_paper.pdf,,https://openaccess.thecvf.com/content/CVPR2026/html/Li_ElasticFormer_Detecting_Objects_in_HRW_Shots_via_Elastic_Computing_Vision_CVPR_2026_paper.html,"Recent advances in gigapixel-level imaging have brought High-Resolution Wide shots to the forefront of research. However, these images present significant challenges: extreme sparsity of foreground, gigapixel-level resolutions and diverse target counts. This makes traditional close-up detectors inaccurate and slow as they are overwhelmed by the background. Although previous research has explored sparse backbones, their fixed sparsity patterns lack the adaptability required to handle diverse target numbers. To address this, we introduce ElasticFormer, a sparse backbone that dynamically allocates computational resources based on foreground proportion. After scoring windows based on variance, proposed ElasticSelector module will predict the foreground proportion for top-k selection. The mechanism guides the model to select target-containing windows, scaling resources in areas where objects are clustered. We introduce a novel loss function combined with the 3-phase training strategy for ElasticSelector, allowing it to function properly when bounding box annotations are missing. A WSOD study is carried on PASCAL VOC 2007 to evaluate its extensibility. Further, ElasticNet is created to verify its backbone-agnostic nature. In experiments on the PANDA gigapixel benchmark, ElasticFormer reduces backbone FLOPs by 80% while achieving a significant improvement in AP_ 50 when compared to fixed-ratio sparse methods.","@InProceedings{Li_2026_CVPR, author = {Li, Wenxi and Huang, Jingchen and Lyu, Chenyang and Liu, Moran and Lin, Haozhe and Ding, Guiguang and Guo, Yuchen}, title = {ElasticFormer: Detecting Objects in HRW Shots via Elastic Computing Vision Transformer}, booktitle = {Proceedings of the IEEE/CVF Conference on Computer Vision and Pattern Recognition (CVPR)}, month = {June}, year = {2026}, pages = {32735-32744} }"
Chavan_S2D_Selective_Spectral_Decay_for_Quantization-Friendly_Conditioning_of_Neural_Activations_CVPR_2026_paper,2026,1,Efficiency_Compression,Efficiency_Compression,18.0,0.722,S2D: Selective Spectral Decay for Quantization-Friendly Conditioning of Neural Activations,Arnav Chavan; Nahush Lele; Udbhav Bamba; Sankalp Dayal; Aditi Raghunathan; Deepak Gupta,6,12074-12083,True,https://openaccess.thecvf.com/content/CVPR2026/papers/Chavan_S2D_Selective_Spectral_Decay_for_Quantization-Friendly_Conditioning_of_Neural_Activations_CVPR_2026_paper.pdf,https://openaccess.thecvf.com/content/CVPR2026/supplemental/Chavan_S2D_Selective_Spectral_CVPR_2026_supplemental.pdf,https://openaccess.thecvf.com/content/CVPR2026/html/Chavan_S2D_Selective_Spectral_Decay_for_Quantization-Friendly_Conditioning_of_Neural_Activations_CVPR_2026_paper.html,"Activation outliers in large-scale transformer models pose a fundamental challenge to model quantization, creating excessively large ranges that cause severe accuracy drops during quantization. We empirically observe that outlier severity intensifies with pre-training scale (e.g., progressing from CLIP to the more extensively trained SigLIP and SigLIP2). Through theoretical analysis as well as empirical correlation studies, we establish the direct link between these activation outliers and dominant singular values of the weights. Building on this insight, we propose Selective Spectral Decay (S2D), a geometrically-principled conditioning method that surgically regularizes only the weight components corresponding to the largest singular values during fine-tuning. Through extensive experiments, we demonstrate that S2D significantly reduces activation outliers and produces well-conditioned representations that are inherently quantization-friendly. Models trained with S2D achieve up to 7% improved PTQ accuracy on ImageNet under W4A4 quantization and 4% gains when combined with QAT. These improvements also generalize across downstream tasks and vision-language models, enabling the scaling of increasingly large and rigorously trained models without sacrificing deployment efficiency.","@InProceedings{Chavan_2026_CVPR, author = {Chavan, Arnav and Lele, Nahush and Bamba, Udbhav and Dayal, Sankalp and Raghunathan, Aditi and Gupta, Deepak}, title = {S2D: Selective Spectral Decay for Quantization-Friendly Conditioning of Neural Activations}, booktitle = {Proceedings of the IEEE/CVF Conference on Computer Vision and Pattern Recognition (CVPR)}, month = {June}, year = {2026}, pages = {12074-12083} }"
Lee_Neural-Centric_Video_Processing_Pipeline_for_Unified_Multi-Task_Inference_CVPR_2026_paper,2026,0,Video_Action_Recognition,Video_Action_Recognition|Efficiency_Compression,9.0,0.333,Neural-Centric Video Processing Pipeline for Unified Multi-Task Inference,Seyeon Lee; Juncheol Ye; Jaehong Kim; Dongsu Han,4,18555-18564,True,https://openaccess.thecvf.com/content/CVPR2026/papers/Lee_Neural-Centric_Video_Processing_Pipeline_for_Unified_Multi-Task_Inference_CVPR_2026_paper.pdf,https://openaccess.thecvf.com/content/CVPR2026/supplemental/Lee_Neural-Centric_Video_Processing_CVPR_2026_supplemental.pdf,https://openaccess.thecvf.com/content/CVPR2026/html/Lee_Neural-Centric_Video_Processing_Pipeline_for_Unified_Multi-Task_Inference_CVPR_2026_paper.html,"Videos are increasingly used as inputs to machine learning systems, where repeated decoding and processing across diverse downstream tasks dominate computational cost. However, existing video pipelines remain inefficient. Traditional codecs such as H.264 and H.265 are optimized for human perception and require full pixel decoding for every query, compressed-domain methods are tied to specific codec structures with limited flexibility, and machine-oriented video coding approaches often rely on task-specific encoders and separate representations without supporting human visualization. We propose Neural Video Pipeline (NVP), a framework that leverages implicit neural representations to directly extract task-specific features from intermediate layers, eliminating pixel reconstruction overhead. NVP introduces lightweight micro adapters that map these features into the representation space of downstream models, bypassing both decoding and early-stage feature extraction. Across four representative tasks--image classification, object detection, action recognition, and segmentation--NVP reduces latency by up to 89.5% and inference FLOPs by up to 29.9%, while supporting multiple tasks using a single unified representation.","@InProceedings{Lee_2026_CVPR, author = {Lee, Seyeon and Ye, Juncheol and Kim, Jaehong and Han, Dongsu}, title = {Neural-Centric Video Processing Pipeline for Unified Multi-Task Inference}, booktitle = {Proceedings of the IEEE/CVF Conference on Computer Vision and Pattern Recognition (CVPR)}, month = {June}, year = {2026}, pages = {18555-18564} }"
Jia_Scalable_Multi-View_Subspace_Clustering_with_Tensorized_Anchor_Guidance_CVPR_2026_paper,2026,1,Efficiency_Compression,Efficiency_Compression,2.0,1.0,Scalable Multi-View Subspace Clustering with Tensorized Anchor Guidance,Miao Jia; Xingchen Hu; Jiyuan Liu; Siwei Wang; Min Wang; Zijian Chen,6,14367-14376,True,https://openaccess.thecvf.com/content/CVPR2026/papers/Jia_Scalable_Multi-View_Subspace_Clustering_with_Tensorized_Anchor_Guidance_CVPR_2026_paper.pdf,https://openaccess.thecvf.com/content/CVPR2026/supplemental/Jia_Scalable_Multi-View_Subspace_CVPR_2026_supplemental.pdf,https://openaccess.thecvf.com/content/CVPR2026/html/Jia_Scalable_Multi-View_Subspace_Clustering_with_Tensorized_Anchor_Guidance_CVPR_2026_paper.html,"Anchor-based multi-view clustering methods have gained significant attention for their effectiveness in handling large-scale datasets in recent years. The performance of these methods is highly dependent on anchor quality. However, current methods neglect the interactive relationships among cross-view anchors, failing to effectively discover and exploit consistent and complementary information, leading to noisy or suboptimal anchor representations. In this paper, we propose a novel scalable multi-view subspace clustering method with tensorized anchor guidance, which directly couples anchors across views to improve clustering performance. Specifically, we construct a third-order anchor tensor from view-specific anchors in a low-dimensional latent space. By imposing a tensor Schatten p-norm constraint on the anchor tensor, we can explicitly capture cross-view low-rank structure and jointly exploit consistent and complementary information among anchors. Moreover, the tensorized anchor regularizer is independent of the number of samples, which reduces both time and space complexity. Experimental results on seven datasets demonstrate that SMVS-TAG achieves superior effectiveness and stability compared to state-of-the-art large-scale MVC methods. Our code is available at https://github.com/Jiamiao2024/SMVS-TAG.","@InProceedings{Jia_2026_CVPR, author = {Jia, Miao and Hu, Xingchen and Liu, Jiyuan and Wang, Siwei and Wang, Min and Chen, Zijian}, title = {Scalable Multi-View Subspace Clustering with Tensorized Anchor Guidance}, booktitle = {Proceedings of the IEEE/CVF Conference on Computer Vision and Pattern Recognition (CVPR)}, month = {June}, year = {2026}, pages = {14367-14376} }"
Tan_UCAN_Unified_Convolutional_Attention_Network_for_Expansive_Receptive_Fields_in_CVPR_2026_paper,2026,0,Restoration_Enhancement,Restoration_Enhancement|Efficiency_Compression,15.0,0.333,UCAN: Unified Convolutional Attention Network for Expansive Receptive Fields in Lightweight Super-Resolution,Cao Thien Tan; Phan Thi Thu Trang; Do Nghiem Duc; Ho Ngoc Anh; Hanyang Zhuang; Nguyen Duc Dung,6,23409-23418,True,https://openaccess.thecvf.com/content/CVPR2026/papers/Tan_UCAN_Unified_Convolutional_Attention_Network_for_Expansive_Receptive_Fields_in_CVPR_2026_paper.pdf,https://openaccess.thecvf.com/content/CVPR2026/supplemental/Tan_UCAN_Unified_Convolutional_CVPR_2026_supplemental.pdf,https://openaccess.thecvf.com/content/CVPR2026/html/Tan_UCAN_Unified_Convolutional_Attention_Network_for_Expansive_Receptive_Fields_in_CVPR_2026_paper.html,"Hybrid CNN-Transformer architectures achieve strong results in image super-resolution, but scaling attention windows or convolution kernels significantly increases computational cost, limiting deployment on resource-constrained devices. We present UCAN, a lightweight network that unifies convolution and attention to expand the effective receptive field efficiently. UCAN combines window-based spatial attention with a Hedgehog Attention mechanism to model both local texture and long-range dependencies, and introduces a distillation-based large-kernel module to preserve high-frequency structure without heavy computation. In addition, we employ cross-layer parameter sharing to further reduce complexity. On Manga109 (4x), UCAN-L achieves 31.63 dB PSNR with only 48.4G MACs, surpassing recent lightweight models. On BSDS100, UCAN attains 27.79 dB, outperforming methods with significantly larger models. Extensive experiments show that UCAN achieves a superior trade-off between accuracy, efficiency, and scalability, making it well-suited for practical high-resolution image restoration.","@InProceedings{Tan_2026_CVPR, author = {Tan, Cao Thien and Trang, Phan Thi Thu and Duc, Do Nghiem and Anh, Ho Ngoc and Zhuang, Hanyang and Dung, Nguyen Duc}, title = {UCAN: Unified Convolutional Attention Network for Expansive Receptive Fields in Lightweight Super-Resolution}, booktitle = {Proceedings of the IEEE/CVF Conference on Computer Vision and Pattern Recognition (CVPR)}, month = {June}, year = {2026}, pages = {23409-23418} }"
Yang_EmoStyle_Emotion-Driven_Image_Stylization_CVPR_2026_paper,2026,1,Efficiency_Compression,Efficiency_Compression,3.0,1.0,EmoStyle: Emotion-Driven Image Stylization,Jingyuan Yang; Zihuan Bai; Hui Huang,3,594-603,True,https://openaccess.thecvf.com/content/CVPR2026/papers/Yang_EmoStyle_Emotion-Driven_Image_Stylization_CVPR_2026_paper.pdf,https://openaccess.thecvf.com/content/CVPR2026/supplemental/Yang_EmoStyle_Emotion-Driven_Image_CVPR_2026_supplemental.pdf,https://openaccess.thecvf.com/content/CVPR2026/html/Yang_EmoStyle_Emotion-Driven_Image_Stylization_CVPR_2026_paper.html,"Art has long been a profound medium for expressing emotions.While existing image stylization methods effectively transform visual appearance, they often overlook the emotional impact carried by styles.To bridge this gap, we introduce Affective Image Stylization (AIS), a task that applies artistic styles to evoke specific emotions while preserving content.We present EmoStyle, a framework designed to address key challenges in AIS, including the lack of training data and the emotion-style mapping.First, we construct EmoStyleSet, a content-emotion-stylized image triplet dataset derived from ArtEmis to support AIS.We then propose an Emotion-Content Reasoner that adaptively integrates emotional cues with content to learn coherent style queries.Given the discrete nature of artistic styles, we further develop a Style Quantizer that converts continuous style features into emotion-related codebook entries.Extensive qualitative and quantitative evaluations, including user studies, demonstrate that EmoStyle enhances emotional expressiveness while maintaining content consistency.Moreover, the learned emotion-aware style dictionary is adaptable to other generative tasks, highlighting its potential for broader applications.Our work establishes a foundation for emotion-driven image stylization, expanding the creative potential of AI-generated art.","@InProceedings{Yang_2026_CVPR, author = {Yang, Jingyuan and Bai, Zihuan and Huang, Hui}, title = {EmoStyle: Emotion-Driven Image Stylization}, booktitle = {Proceedings of the IEEE/CVF Conference on Computer Vision and Pattern Recognition (CVPR)}, month = {June}, year = {2026}, pages = {594-603} }"
Wang_STAC_Plug-and-Play_Spatio-Temporal_Aware_Cache_Compression_for_Streaming_3D_Reconstruction_CVPR_2026_paper,2026,0,3D_Reconstruction,3D_Reconstruction|Efficiency_Compression|Video_Action_Recognition,18.0,0.222,STAC: Plug-and-Play Spatio-Temporal Aware Cache Compression for Streaming 3D Reconstruction,Runze Wang; Yuxuan Song; Youcheng Cai; Ligang Liu,4,7567-7576,True,https://openaccess.thecvf.com/content/CVPR2026/papers/Wang_STAC_Plug-and-Play_Spatio-Temporal_Aware_Cache_Compression_for_Streaming_3D_Reconstruction_CVPR_2026_paper.pdf,https://openaccess.thecvf.com/content/CVPR2026/supplemental/Wang_STAC_Plug-and-Play_Spatio-Temporal_CVPR_2026_supplemental.pdf,https://openaccess.thecvf.com/content/CVPR2026/html/Wang_STAC_Plug-and-Play_Spatio-Temporal_Aware_Cache_Compression_for_Streaming_3D_Reconstruction_CVPR_2026_paper.html,"Online 3D reconstruction from streaming inputs requires both long-term temporal consistency and efficient memory usage. Although causal variants of VGGT address this challenge through a key-value (KV) cache mechanism, the cache grows linearly with the stream length, creating a major memory bottleneck. Under limited memory budgets, early cache eviction significantly degrades reconstruction quality and temporal consistency. In this work, we observe that attention in causal transformers for 3D reconstruction exhibits intrinsic spatio-temporal sparsity. Based on this insight, we propose STAC, a Spatio-Temporally Aware Cache Compression framework for streaming 3D reconstruction with large causal transformers. STAC consists of three key components: (1) a Working Temporal Token Caching mechanism that preserves long-term informative tokens using decayed cumulative attention scores; (2) a Long-term Spatial Token Caching scheme that compresses spatially redundant tokens into voxel-aligned representations for memory-efficient storage; and (3) a Chunk-based Multi-frame Optimization strategy that jointly processes consecutive frames to improve temporal coherence and GPU efficiency. Extensive experiments show that STAC achieves state-of-the-art reconstruction quality while reducing memory consumption by nearly 10x and accelerating inference by 4x, substantially improving the scalability of real-time 3D reconstruction in streaming settings.","@InProceedings{Wang_2026_CVPR, author = {Wang, Runze and Song, Yuxuan and Cai, Youcheng and Liu, Ligang}, title = {STAC: Plug-and-Play Spatio-Temporal Aware Cache Compression for Streaming 3D Reconstruction}, booktitle = {Proceedings of the IEEE/CVF Conference on Computer Vision and Pattern Recognition (CVPR)}, month = {June}, year = {2026}, pages = {7567-7576} }"
Pan_QVGGT_Post-Training_Quantized_Visual_Geometry_Grounded_Transformer_CVPR_2026_paper,2026,1,Efficiency_Compression,Efficiency_Compression,23.0,0.739,QVGGT: Post-Training Quantized Visual Geometry Grounded Transformer,Zhizhen Pan; Hesong Wang; Huan Wang,3,7536-7545,True,https://openaccess.thecvf.com/content/CVPR2026/papers/Pan_QVGGT_Post-Training_Quantized_Visual_Geometry_Grounded_Transformer_CVPR_2026_paper.pdf,https://openaccess.thecvf.com/content/CVPR2026/supplemental/Pan_QVGGT_Post-Training_Quantized_CVPR_2026_supplemental.pdf,https://openaccess.thecvf.com/content/CVPR2026/html/Pan_QVGGT_Post-Training_Quantized_Visual_Geometry_Grounded_Transformer_CVPR_2026_paper.html,"Estimating 3D attributes directly from images has advanced rapidly with the Visual Geometry Grounded Transformer (VGGT), which predicts camera parameters, depth maps, and point clouds in a single forward pass. However, its 1.2B-parameter scale severely limits deployment on resource-constrained platforms such as UAVs and mobile AR devices. To address this limitation, we introduce QVGGT, a tailored quantization framework designed to compress VGGT. Our approach starts from the observation that transformer blocks within VGGT exhibit heterogeneous sensitivity to quantization. We thus analyze per-block quantization sensitivity and propose a selective mixed-precision strategy that allocates higher precision to the most fragile transformer blocks. To address the amplification of quantization error caused by high-variance camera and register tokens, we further introduce token filtering with camera information compensation, which removes these outliers from activation calibration and restores their geometric cues using a PCA-derived global compensation token. Finally, we develop a task-aware scale search mechanism that evaluates candidate quantization scales not only through layer reconstruction but also through multi-head supervision and cross-head geometric consistency among camera poses, depth maps, and point maps.Extensive experiments on multiple geometry perception benchmarks demonstrate that QVGGT achieves near-lossless W4A16 quantization, preserving the accuracy of all 3D prediction heads while delivering 3 4.9xmemory reduction and up to 2.8x real hardware speedup over FP32.Our approach makes high-fidelity 3D perception feasible on edge devices, enabling practical deployment of feed-forward 3D reconstruction models in real-world constrained environments.","@InProceedings{Pan_2026_CVPR, author = {Pan, Zhizhen and Wang, Hesong and Wang, Huan}, title = {QVGGT: Post-Training Quantized Visual Geometry Grounded Transformer}, booktitle = {Proceedings of the IEEE/CVF Conference on Computer Vision and Pattern Recognition (CVPR)}, month = {June}, year = {2026}, pages = {7536-7545} }"
Wei_NuWa_Deriving_Lightweight_Class-Specific_Vision_Transformers_for_Edge_Devices_CVPR_2026_paper,2026,1,Efficiency_Compression,Efficiency_Compression,36.0,0.917,NuWa: Deriving Lightweight Class-Specific Vision Transformers for Edge Devices,Ziteng Wei; Qiang He; Bing Li; Feifei Chen; Hai Jin; Yun Yang,6,156-166,True,https://openaccess.thecvf.com/content/CVPR2026/papers/Wei_NuWa_Deriving_Lightweight_Class-Specific_Vision_Transformers_for_Edge_Devices_CVPR_2026_paper.pdf,https://openaccess.thecvf.com/content/CVPR2026/supplemental/Wei_NuWa_Deriving_Lightweight_CVPR_2026_supplemental.zip,https://openaccess.thecvf.com/content/CVPR2026/html/Wei_NuWa_Deriving_Lightweight_Class-Specific_Vision_Transformers_for_Edge_Devices_CVPR_2026_paper.html,"Vision Transformers (ViTs) often need to be compressed for deployment on resource-constrained edge devices like drones and smart vehicles. However, existing model compression methods ignore that many edge devices only require the knowledge of specific classes for their applications. As a result, the derived all-class ViTs retain redundant knowledge and perform suboptimally on these classes. We discovered that simply replacing the calibration dataset with class-specific data does not suffice to address this issue, as these methods face two fundamental limitations. First, they overlook the existence of class-detrimental weights, which interfere with specialization, while removing them can improve class-specific performance. Second, the diversity of target classes and resource constraints on edge devices demand numerous customized models. Existing methods are time-consuming and computationally expensive, thus unscalable. In this work, we present NuWa, a cost-efficient method that addresses these challenges by deriving small ViTs from base ViTs for edge devices with specific class requirements. NuWa performs self-knowledge purification to prune class-detrimental weights and efficiently derives compact ViTs through closed-form optimization. Without post-pruning retraining, the derived edge ViTs surpass the base ViT in class-specific accuracy and accelerate inference. Comprehensive experiments demonstrate that NuWa outperforms state-of-the-art training-free pruning methods on class-specific tasks by up to 29.00% in accuracy. Compared with the best-performing training-dependent pruning method, NuWa achieves a 33.69x pruning speedup and reduces pruning cost by up to 99.83%, with only a 0.61% average accuracy loss.","@InProceedings{Wei_2026_CVPR, author = {Wei, Ziteng and He, Qiang and Li, Bing and Chen, Feifei and Jin, Hai and Yang, Yun}, title = {NuWa: Deriving Lightweight Class-Specific Vision Transformers for Edge Devices}, booktitle = {Proceedings of the IEEE/CVF Conference on Computer Vision and Pattern Recognition (CVPR)}, month = {June}, year = {2026}, pages = {156-166} }"
