paper_id,year,is_primary,primary_topic,all_topics,topic_score,confidence,title,authors,n_authors,pages,has_abstract,pdf_url,supp_url,detail_url,abstract,bibtex
Xiao_Deterministic_Image-to-Image_Translation_via_Denoising_Brownian_Bridge_Models_with_Dual_CVPR_2025_paper,2025,1,Restoration_Enhancement,Restoration_Enhancement,15.0,0.733,Deterministic Image-to-Image Translation via Denoising Brownian Bridge Models with Dual Approximators,Bohan Xiao; Peiyong Wang; Qisheng He; Ming Dong,4,28232-28241,True,https://openaccess.thecvf.com/content/CVPR2025/papers/Xiao_Deterministic_Image-to-Image_Translation_via_Denoising_Brownian_Bridge_Models_with_Dual_CVPR_2025_paper.pdf,,https://openaccess.thecvf.com/content/CVPR2025/html/Xiao_Deterministic_Image-to-Image_Translation_via_Denoising_Brownian_Bridge_Models_with_Dual_CVPR_2025_paper.html,"Image-to-Image (I2I) translation involves converting an im- age from one domain to another. Deterministic I2I transla- tion, such as in image super-resolution, extends this con- cept by guaranteeing that each input generates a consistent and predictable output, closely matching the ground truth (GT) with high fidelity. In this paper, we propose a denois- ing Brownian bridge model with dual approximators (Dual- approx Bridge), a novel generative model that exploits the Brownian bridge dynamics and two neural network-based approximators (one for forward and one for reverse pro- cess) to produce faithful output with negligible variance and high image quality in I2I translations. Our extensive exper- iments on benchmark datasets including image generation and super-resolution demonstrate the consistent and supe- rior performance of Dual-approx Bridge in terms of im- age quality and faithfulness to GT when compared to both stochastic and deterministic baselines. Project page and code: https://github.com/bohan95/dual-app-bridge","@InProceedings{Xiao_2025_CVPR, author = {Xiao, Bohan and Wang, Peiyong and He, Qisheng and Dong, Ming}, title = {Deterministic Image-to-Image Translation via Denoising Brownian Bridge Models with Dual Approximators}, booktitle = {Proceedings of the Computer Vision and Pattern Recognition Conference (CVPR)}, month = {June}, year = {2025}, pages = {28232-28241} }"
Tang_GAF_Gaussian_Avatar_Reconstruction_from_Monocular_Videos_via_Multi-view_Diffusion_CVPR_2025_paper,2025,0,Diffusion_Generative,Diffusion_Generative|Neural_Rendering_NeRF_3DGS|Restoration_Enhancement,6.0,0.0,GAF: Gaussian Avatar Reconstruction from Monocular Videos via Multi-view Diffusion,Jiapeng Tang; Davide Davoli; Tobias Kirschstein; Liam Schoneveld; Matthias Nießner,5,5546-5558,True,https://openaccess.thecvf.com/content/CVPR2025/papers/Tang_GAF_Gaussian_Avatar_Reconstruction_from_Monocular_Videos_via_Multi-view_Diffusion_CVPR_2025_paper.pdf,https://openaccess.thecvf.com/content/CVPR2025/supplemental/Tang_GAF_Gaussian_Avatar_CVPR_2025_supplemental.pdf,https://openaccess.thecvf.com/content/CVPR2025/html/Tang_GAF_Gaussian_Avatar_Reconstruction_from_Monocular_Videos_via_Multi-view_Diffusion_CVPR_2025_paper.html,"We propose a novel approach for reconstructing animatable 3D Gaussian avatars from monocular videos captured by commodity devices like smartphones. Photorealistic 3D head avatar reconstruction from such recordings is challenging due to limited observations, which leaves unobserved regions under-constrained and can lead to artifacts in novel views. To address this problem, we introduce a multi-view head diffusion model, leveraging its priors to fill in missing regions and ensure view consistency in Gaussian splatting renderings. To enable precise viewpoint control, we use normal maps rendered from FLAME-based head reconstruction, which provides pixel-aligned inductive biases. We also condition the diffusion model on VAE features extracted from the input image to preserve facial identity and appearance details. For Gaussian avatar reconstruction, we distill multi-view diffusion priors by using iteratively denoised images as pseudo-ground truths, effectively mitigating over-saturation issues. To further improve photorealism, we apply latent upsampling priors to refine the denoised latent before decoding it into an image. We evaluate our method on the NeRSemble dataset, showing that GAF outperforms previous state-of-the-art methods in novel view synthesis. Furthermore, we demonstrate higher-fidelity avatar reconstructions from monocular videos captured on commodity devices.","@InProceedings{Tang_2025_CVPR, author = {Tang, Jiapeng and Davoli, Davide and Kirschstein, Tobias and Schoneveld, Liam and Nie{\ss}ner, Matthias}, title = {GAF: Gaussian Avatar Reconstruction from Monocular Videos via Multi-view Diffusion}, booktitle = {Proceedings of the Computer Vision and Pattern Recognition Conference (CVPR)}, month = {June}, year = {2025}, pages = {5546-5558} }"
Kong_Dual_Prompting_Image_Restoration_with_Diffusion_Transformers_CVPR_2025_paper,2025,0,Diffusion_Generative,Diffusion_Generative|Restoration_Enhancement|LLM_Reasoning_Agent,24.0,0.25,Dual Prompting Image Restoration with Diffusion Transformers,Dehong Kong; Fan Li; Zhixin Wang; Jiaqi Xu; Renjing Pei; Wenbo Li; WenQi Ren,7,12809-12819,True,https://openaccess.thecvf.com/content/CVPR2025/papers/Kong_Dual_Prompting_Image_Restoration_with_Diffusion_Transformers_CVPR_2025_paper.pdf,,https://openaccess.thecvf.com/content/CVPR2025/html/Kong_Dual_Prompting_Image_Restoration_with_Diffusion_Transformers_CVPR_2025_paper.html,"Recent state-of-the-art image restoration methods mostly adopt latent diffusion models with U-Net backbones, yet still facing challenges in achieving high-quality restoration due to their limited capabilities. Diffusion transformers (DiTs), like SD3, are emerging as a promising alternative because of their better quality with scalability. However, previous conditional control methods for U-Net-based diffusion models, such as ControlNet, are not well-suited for DiTs. In this paper, we introduce DPIR (Dual Recent state-of-the-art image restoration methods mostly adopt latent diffusion models with U-Net backbones, yet still facing challenges in achieving high-quality restoration due to their limited capabilities. Diffusion transformers (DiTs), like SD3, are emerging as a promising alternative because of their better quality with scalability. In this paper, we introduce DPIR (Dual Prompting Image Restoration), a novel image restoration method that effectivly extracts conditional information of low-quality images from multiple perspectives. Specifically, DPIR consits of two branches: a low-quality image conditioning branch and a dual prompting control branch. The first branch utilizes a lightweight module to incorporate image priors into the DiT with high efficiency. More importantly, we believe that in image restoration, textual description alone cannot fully capture its rich visual characteristics. Therefore, a dual prompting module is designed to provide DiT with additional visual cues, capturing both global context and local appearance. The extracted global-local visual prompts as extra conditional control, alongside textual prompts to form dual prompts, greatly enhance the quality of the restoration. Extensive experimental results demonstrate that DPIR delivers superior image restoration performance.","@InProceedings{Kong_2025_CVPR, author = {Kong, Dehong and Li, Fan and Wang, Zhixin and Xu, Jiaqi and Pei, Renjing and Li, Wenbo and Ren, WenQi}, title = {Dual Prompting Image Restoration with Diffusion Transformers}, booktitle = {Proceedings of the Computer Vision and Pattern Recognition Conference (CVPR)}, month = {June}, year = {2025}, pages = {12809-12819} }"
Chen_A_Polarization-Aided_Transformer_for_Image_Deblurring_via_Motion_Vector_Decomposition_CVPR_2025_paper,2025,1,Restoration_Enhancement,Restoration_Enhancement,23.0,1.0,A Polarization-Aided Transformer for Image Deblurring via Motion Vector Decomposition,Duosheng Chen; Shihao Zhou; Jinshan Pan; Jinglei Shi; Lishen Qu; Jufeng Yang,6,28061-28070,True,https://openaccess.thecvf.com/content/CVPR2025/papers/Chen_A_Polarization-Aided_Transformer_for_Image_Deblurring_via_Motion_Vector_Decomposition_CVPR_2025_paper.pdf,,https://openaccess.thecvf.com/content/CVPR2025/html/Chen_A_Polarization-Aided_Transformer_for_Image_Deblurring_via_Motion_Vector_Decomposition_CVPR_2025_paper.html,"Effectively leveraging motion information is crucial for the image deblurring task. Existing methods typically build deep-learning models to restore a clean image by estimating blur patterns over the entire movement. This suggests that the blur caused by rotational motion components is processed together with the translational one. Exploring the movement without separation leads to limited performance for complex motion deblurring, especially rotational motion. In this paper, we propose Motion Decomposition Transformer (MDT), a transformer-based architecture augmented with polarized modules for deblurring via motion vector decomposition. MDT consists of a Motion Decomposition Module (MDM) for extracting hybrid rotation and translation features, and a Radial Stripe Attention Solver (RSAS) for sharp image reconstruction with enhanced rotational information. Specifically, the MDM uses a deformable Cartesian convolutional branch to capture translational motion, complemented by a polar-system branch to capture rotational motion. The RSAS employs radial stripe windows and angular relative positional encoding in the polar system to enhance rotational information. This design preserves translational details while keeping computational costs lower than dual-coordinate design. Experimental results on 6 image deblurring datasets show that MDT outperforms state-of-the-art methods, particularly in handling blur caused by complex motions with significant rotational components.","@InProceedings{Chen_2025_CVPR, author = {Chen, Duosheng and Zhou, Shihao and Pan, Jinshan and Shi, Jinglei and Qu, Lishen and Yang, Jufeng}, title = {A Polarization-Aided Transformer for Image Deblurring via Motion Vector Decomposition}, booktitle = {Proceedings of the Computer Vision and Pattern Recognition Conference (CVPR)}, month = {June}, year = {2025}, pages = {28061-28070} }"
Wu_AuraFusion360_Augmented_Unseen_Region_Alignment_for_Reference-based_360deg_Unbounded_Scene_CVPR_2025_paper,2025,0,Diffusion_Generative,Diffusion_Generative|Restoration_Enhancement,10.0,0.0,AuraFusion360: Augmented Unseen Region Alignment for Reference-based 360deg Unbounded Scene Inpainting,Chung-Ho Wu; Yang-Jung Chen; Ying-Huan Chen; Jie-Ying Lee; Bo-Hsu Ke; Chun-Wei Tuan Mu; Yi-Chuan Huang; Chin-Yang Lin; Min-Hung Chen; Yen-Yu Lin; Yu-Lun Liu,11,16366-16376,True,https://openaccess.thecvf.com/content/CVPR2025/papers/Wu_AuraFusion360_Augmented_Unseen_Region_Alignment_for_Reference-based_360deg_Unbounded_Scene_CVPR_2025_paper.pdf,https://openaccess.thecvf.com/content/CVPR2025/supplemental/Wu_AuraFusion360_Augmented_Unseen_CVPR_2025_supplemental.pdf,https://openaccess.thecvf.com/content/CVPR2025/html/Wu_AuraFusion360_Augmented_Unseen_Region_Alignment_for_Reference-based_360deg_Unbounded_Scene_CVPR_2025_paper.html,"Three-dimensional scene inpainting is crucial for applications from virtual reality to architectural visualization, yet existing methods struggle with view consistency and geometric accuracy in 360deg unbounded scenes. We present AuraFusion360, a novel reference-based method that enables high-quality object removal and hole filling in 3D scenes represented by Gaussian Splatting. Our approach introduces (1) depth-aware unseen mask generation for accurate occlusion identification, (2) Adaptive Guided Depth Diffusion, a zero-shot method for accurate initial point placement without requiring additional training, and (3) SDEdit-based detail enhancement for multi-view coherence. We also introduce 360-USID, the first comprehensive dataset for 360deg unbounded scene inpainting with ground truth. Extensive experiments demonstrate that AuraFusion360 significantly outperforms existing methods, achieving superior perceptual quality while maintaining geometric accuracy across dramatic viewpoint changes.","@InProceedings{Wu_2025_CVPR, author = {Wu, Chung-Ho and Chen, Yang-Jung and Chen, Ying-Huan and Lee, Jie-Ying and Ke, Bo-Hsu and Mu, Chun-Wei Tuan and Huang, Yi-Chuan and Lin, Chin-Yang and Chen, Min-Hung and Lin, Yen-Yu and Liu, Yu-Lun}, title = {AuraFusion360: Augmented Unseen Region Alignment for Reference-based 360deg Unbounded Scene Inpainting}, booktitle = {Proceedings of the Computer Vision and Pattern Recognition Conference (CVPR)}, month = {June}, year = {2025}, pages = {16366-16376} }"
Zhuravlev_Denoising_Functional_Maps_Diffusion_Models_for_Shape_Correspondence_CVPR_2025_paper,2025,0,Diffusion_Generative,Diffusion_Generative|LowLevel_Flow_Depth_Matching|Restoration_Enhancement,15.0,0.0,Denoising Functional Maps: Diffusion Models for Shape Correspondence,Aleksei Zhuravlev; Zorah Lähner; Vladislav Golyanik,3,26899-26909,True,https://openaccess.thecvf.com/content/CVPR2025/papers/Zhuravlev_Denoising_Functional_Maps_Diffusion_Models_for_Shape_Correspondence_CVPR_2025_paper.pdf,https://openaccess.thecvf.com/content/CVPR2025/supplemental/Zhuravlev_Denoising_Functional_Maps_CVPR_2025_supplemental.pdf,https://openaccess.thecvf.com/content/CVPR2025/html/Zhuravlev_Denoising_Functional_Maps_Diffusion_Models_for_Shape_Correspondence_CVPR_2025_paper.html,"Estimating correspondences between pairs of deformable shapes remains a challenging problem. Despite substantial progress, existing methods lack broad generalization capabilities and require category-specific training data. To address these limitations, we propose a fundamentally new approach to shape correspondence based on denoising diffusion models. In our method, a diffusion model learns to directly predict the functional map, a low-dimensional representation of a point-wise map between shapes. We use a large dataset of synthetic human meshes for training and employ two steps to reduce the number of functional maps that need to be learned. First, the maps refer to a template rather than shape pairs. Second, the functional map is defined in a basis of eigenvectors of the Laplacian, which is not unique due to sign ambiguity. Therefore, we introduce an unsupervised approach to select a specific basis by correcting the signs of eigenvectors based on surface features. Our model achieves competitive performance on standard human datasets, meshes with anisotropic connectivity, non-isometric humanoid shapes, as well as animals compared to existing descriptor-based and large-scale shape deformation methods.","@InProceedings{Zhuravlev_2025_CVPR, author = {Zhuravlev, Aleksei and L\""ahner, Zorah and Golyanik, Vladislav}, title = {Denoising Functional Maps: Diffusion Models for Shape Correspondence}, booktitle = {Proceedings of the Computer Vision and Pattern Recognition Conference (CVPR)}, month = {June}, year = {2025}, pages = {26899-26909} }"
Yang_DnLUT_Ultra-Efficient_Color_Image_Denoising_via_Channel-Aware_Lookup_Tables_CVPR_2025_paper,2025,1,Restoration_Enhancement,Restoration_Enhancement,18.0,0.833,DnLUT: Ultra-Efficient Color Image Denoising via Channel-Aware Lookup Tables,Sidi Yang; Binxiao Huang; Yulun Zhang; Dahai Yu; Yujiu Yang; Ngai Wong,6,7582-7591,True,https://openaccess.thecvf.com/content/CVPR2025/papers/Yang_DnLUT_Ultra-Efficient_Color_Image_Denoising_via_Channel-Aware_Lookup_Tables_CVPR_2025_paper.pdf,,https://openaccess.thecvf.com/content/CVPR2025/html/Yang_DnLUT_Ultra-Efficient_Color_Image_Denoising_via_Channel-Aware_Lookup_Tables_CVPR_2025_paper.html,"While deep neural networks have revolutionized image denoising capabilities, their deployment on edge devices remains challenging due to substantial computational and memory requirements. To this end, we present DnLUT, an ultra-efficient lookup table-based framework that achieves high-quality color image denoising with minimal resource consumption. Our key innovation lies in two complementary components: a Pairwise Channel Mixer (PCM) that effectively captures inter-channel correlations and spatial dependencies in parallel, and a novel L-shaped convolution design that maximizes receptive field coverage while minimizing storage overhead. By converting these components into optimized lookup tables post-training, DnLUT achieves remarkable efficiency - requiring only 500KB storage and 0.1% energy consumption compared to its CNN contestant DnCNN, while delivering 20x faster inference. Extensive experiments demonstrate that DnLUT outperforms all existing LUT-based methods by over 1dB in PSNR, establishing a new state-of-the-art in resource-efficient color image denoising.","@InProceedings{Yang_2025_CVPR, author = {Yang, Sidi and Huang, Binxiao and Zhang, Yulun and Yu, Dahai and Yang, Yujiu and Wong, Ngai}, title = {DnLUT: Ultra-Efficient Color Image Denoising via Channel-Aware Lookup Tables}, booktitle = {Proceedings of the Computer Vision and Pattern Recognition Conference (CVPR)}, month = {June}, year = {2025}, pages = {7582-7591} }"
Liu_DynamicScaler_Seamless_and_Scalable_Video_Generation_for_Panoramic_Scenes_CVPR_2025_paper,2025,0,Video_Action_Recognition,Video_Action_Recognition|Diffusion_Generative|Restoration_Enhancement,14.0,0.571,DynamicScaler: Seamless and Scalable Video Generation for Panoramic Scenes,Jinxiu Liu; Shaoheng Lin; Yinxiao Li; Ming-Hsuan Yang,4,6144-6153,True,https://openaccess.thecvf.com/content/CVPR2025/papers/Liu_DynamicScaler_Seamless_and_Scalable_Video_Generation_for_Panoramic_Scenes_CVPR_2025_paper.pdf,,https://openaccess.thecvf.com/content/CVPR2025/html/Liu_DynamicScaler_Seamless_and_Scalable_Video_Generation_for_Panoramic_Scenes_CVPR_2025_paper.html,"The increasing demand for immersive AR/VR applications and spatial intelligence has heightened the need to generate high-quality scene-level and 360deg panoramic video. However, most video diffusion models are constrained by limited resolution and aspect ratio, which restricts their applicability to scene-level dynamic content synthesis. In this work, we propose DynamicScaler, addressing these challenges by enabling spatially scalable and panoramic dynamic scene synthesis that preserves coherence across panoramic scenes of arbitrary size. Specifically, we introduce a Offset Shifting Denoiser, facilitating efficient, synchronous, and coherent denoising panoramic dynamic scenes via a diffusion model with fixed resolution through a seamless rotating Window, which ensures seamless boundary transitions and consistency across the entire panoramic space, accommodating varying resolutions and aspect ratios. Additionally, we employ a Global Motion Guidance mechanism to ensure both local detail fidelity and global motion continuity. Extensive experiments demonstrate our method achieves superior content and motion quality in panoramic scene-level video generation, offering a training-free, efficient, and scalable solution for immersive dynamic scene creation with constant VRAM consumption regardless of the output video resolution. Project page is available at https://dynamic-scaler.pages.dev/new.","@InProceedings{Liu_2025_CVPR, author = {Liu, Jinxiu and Lin, Shaoheng and Li, Yinxiao and Yang, Ming-Hsuan}, title = {DynamicScaler: Seamless and Scalable Video Generation for Panoramic Scenes}, booktitle = {Proceedings of the Computer Vision and Pattern Recognition Conference (CVPR)}, month = {June}, year = {2025}, pages = {6144-6153} }"
Lee_REWIND_Real-Time_Egocentric_Whole-Body_Motion_Diffusion_with_Exemplar-Based_Identity_Conditioning_CVPR_2025_paper,2025,0,Video_Action_Recognition,Video_Action_Recognition|Restoration_Enhancement,18.0,0.5,REWIND: Real-Time Egocentric Whole-Body Motion Diffusion with Exemplar-Based Identity Conditioning,Jihyun Lee; Weipeng Xu; Alexander Richard; Shih-En Wei; Shunsuke Saito; Shaojie Bai; Te-Li Wang; Minhyuk Sung; Tae-Kyun Kim; Jason Saragih,10,7095-7104,True,https://openaccess.thecvf.com/content/CVPR2025/papers/Lee_REWIND_Real-Time_Egocentric_Whole-Body_Motion_Diffusion_with_Exemplar-Based_Identity_Conditioning_CVPR_2025_paper.pdf,https://openaccess.thecvf.com/content/CVPR2025/supplemental/Lee_REWIND_Real-Time_Egocentric_CVPR_2025_supplemental.zip,https://openaccess.thecvf.com/content/CVPR2025/html/Lee_REWIND_Real-Time_Egocentric_Whole-Body_Motion_Diffusion_with_Exemplar-Based_Identity_Conditioning_CVPR_2025_paper.html,"We present REWIND (Real-Time Egocentric Whole-Body Motion Diffusion), a one-step diffusion model for real-time, high-fidelity human motion estimation from egocentric image inputs. While an existing method for egocentric whole-body (i.e., body and hands) motion estimation is non-real-time and acausal due to diffusion-based iterative motion refinement to capture correlations between body and hand poses, REWIND operates in a fully causal and real-time manner. To enable real-time inference, we introduce (1) cascaded body-hand denoising diffusion, which effectively models the correlation between egocentric body and hand motions in a fast, feed-forward manner, and (2) diffusion distillation, which enables high-quality motion estimation with a single denoising step. Our denoising diffusion model is based on a modified Transformer architecture, designed to causally model output motions while enhancing generalizability to unseen motion lengths. Additionally, REWIND optionally supports identity-conditioned motion estimation when identity prior is available. To this end, we propose a novel identity conditioning method based on a small set of pose exemplars of the target identity, which further enhances motion estimation quality. Through extensive experiments, we demonstrate that REWIND significantly outperforms the existing baselines both with and without exemplar-based identity conditioning.","@InProceedings{Lee_2025_CVPR, author = {Lee, Jihyun and Xu, Weipeng and Richard, Alexander and Wei, Shih-En and Saito, Shunsuke and Bai, Shaojie and Wang, Te-Li and Sung, Minhyuk and Kim, Tae-Kyun and Saragih, Jason}, title = {REWIND: Real-Time Egocentric Whole-Body Motion Diffusion with Exemplar-Based Identity Conditioning}, booktitle = {Proceedings of the Computer Vision and Pattern Recognition Conference (CVPR)}, month = {June}, year = {2025}, pages = {7095-7104} }"
Liu_DiffFNO_Diffusion_Fourier_Neural_Operator_CVPR_2025_paper,2025,1,Restoration_Enhancement,Restoration_Enhancement,9.0,0.889,DiffFNO: Diffusion Fourier Neural Operator,Xiaoyi Liu; Hao Tang,2,150-160,True,https://openaccess.thecvf.com/content/CVPR2025/papers/Liu_DiffFNO_Diffusion_Fourier_Neural_Operator_CVPR_2025_paper.pdf,https://openaccess.thecvf.com/content/CVPR2025/supplemental/Liu_DiffFNO_Diffusion_Fourier_CVPR_2025_supplemental.pdf,https://openaccess.thecvf.com/content/CVPR2025/html/Liu_DiffFNO_Diffusion_Fourier_Neural_Operator_CVPR_2025_paper.html,"We introduce DiffFNO, a novel diffusion framework for arbitrary-scale super-resolution strengthened by a Weighted Fourier Neural Operator (WFNO). Mode Rebalancing in WFNO effectively captures critical frequency components, significantly improving the reconstruction of high-frequency image details that are crucial for super-resolution tasks. Gated Fusion Mechanism (GFM) adaptively complements WFNO's spectral features with spatial features from an Attention-based Neural Operator (AttnNO). This enhances the network's capability to capture both global structures and local details. Adaptive Time-Step (ATS) ODE solver, a deterministic sampling strategy, accelerates inference without sacrificing output quality by dynamically adjusting integration step sizes ATS. Extensive experiments demonstrate that DiffFNO achieves state-of-the-art (SOTA) results, outperforming existing methods across various scaling factors by a margin of 2-4 dB in PSNR, including those beyond the training distribution. It also achieves this at lower inference time. Our approach sets a new standard in super-resolution, delivering both superior accuracy and computational efficiency.","@InProceedings{Liu_2025_CVPR, author = {Liu, Xiaoyi and Tang, Hao}, title = {DiffFNO: Diffusion Fourier Neural Operator}, booktitle = {Proceedings of the Computer Vision and Pattern Recognition Conference (CVPR)}, month = {June}, year = {2025}, pages = {150-160} }"
Chen_Adversarial_Diffusion_Compression_for_Real-World_Image_Super-Resolution_CVPR_2025_paper,2025,1,Restoration_Enhancement,Restoration_Enhancement|Diffusion_Generative,15.0,0.533,Adversarial Diffusion Compression for Real-World Image Super-Resolution,Bin Chen; Gehui Li; Rongyuan Wu; Xindong Zhang; Jie Chen; Jian Zhang; Lei Zhang,7,28208-28220,True,https://openaccess.thecvf.com/content/CVPR2025/papers/Chen_Adversarial_Diffusion_Compression_for_Real-World_Image_Super-Resolution_CVPR_2025_paper.pdf,https://openaccess.thecvf.com/content/CVPR2025/supplemental/Chen_Adversarial_Diffusion_Compression_CVPR_2025_supplemental.pdf,https://openaccess.thecvf.com/content/CVPR2025/html/Chen_Adversarial_Diffusion_Compression_for_Real-World_Image_Super-Resolution_CVPR_2025_paper.html,"Real-world image super-resolution (Real-ISR) aims to reconstruct high-resolution images from low-resolution inputs degraded by complex, unknown processes. While many Stable Diffusion (SD)-based Real-ISR methods have achieved remarkable success, their slow, multi-step inference hinders practical deployment. Recent SD-based one-step networks like OSEDiff and S3Diff alleviate this issue but still incur high computational costs due to their reliance on large pretrained SD models. This paper proposes a novel Real-ISR method, AdcSR, by distilling the one-step diffusion network OSEDiff into a streamlined diffusion-GAN model under our Adversarial Diffusion Compression (ADC) framework. We meticulously examine the modules of OSEDiff, categorizing them into two types: (1) Removable (VAE encoder, prompt extractor, text encoder, etc.) and (2) Prunable (denoising UNet and VAE decoder). Since direct removal and pruning can degrade the model's generation capability, we pretrain our pruned VAE decoder to restore its ability to decode images and employ adversarial distillation to compensate for performance loss. This ADC-based diffusion-GAN hybrid design effectively reduces complexity by 73% in inference time, 78% in computation, and 74% in parameters, while preserving the model's generation capability. Experiments manifest that our proposed AdcSR achieves competitive recovery quality on both synthetic and real-world datasets, offering up to 9.3x speedup over previous one-step diffusion-based methods. Code and models are available at https://github.com/Guaishou74851/AdcSR.","@InProceedings{Chen_2025_CVPR, author = {Chen, Bin and Li, Gehui and Wu, Rongyuan and Zhang, Xindong and Chen, Jie and Zhang, Jian and Zhang, Lei}, title = {Adversarial Diffusion Compression for Real-World Image Super-Resolution}, booktitle = {Proceedings of the Computer Vision and Pattern Recognition Conference (CVPR)}, month = {June}, year = {2025}, pages = {28208-28220} }"
Lu_BARD-GS_Blur-Aware_Reconstruction_of_Dynamic_Scenes_via_Gaussian_Splatting_CVPR_2025_paper,2025,0,Neural_Rendering_NeRF_3DGS,Neural_Rendering_NeRF_3DGS|Restoration_Enhancement|LowLevel_Flow_Depth_Matching,15.0,0.0,BARD-GS: Blur-Aware Reconstruction of Dynamic Scenes via Gaussian Splatting,Yiren Lu; Yunlai Zhou; Disheng Liu; Tuo Liang; Yu Yin,5,16532-16542,True,https://openaccess.thecvf.com/content/CVPR2025/papers/Lu_BARD-GS_Blur-Aware_Reconstruction_of_Dynamic_Scenes_via_Gaussian_Splatting_CVPR_2025_paper.pdf,,https://openaccess.thecvf.com/content/CVPR2025/html/Lu_BARD-GS_Blur-Aware_Reconstruction_of_Dynamic_Scenes_via_Gaussian_Splatting_CVPR_2025_paper.html,"3D Gaussian Splatting (3DGS) has shown remarkable potential for static scene reconstruction, and recent advancements have extended its application to dynamic scenes. However, the quality of reconstructions depends heavily on high-quality input images and precise camera poses, which is not that trivial to fulfill in the real-world scenarios. Capturing dynamic scenes with handheld monocular cameras, for instance, typically involves simultaneous movement of both the camera and objects within a single exposure. This combined motion frequently results in image blur that existing methods cannot adequately handle. To address these challenges, we introduce BARD-GS, a novel approach for robust dynamic scene reconstruction that effectively handles blurry inputs and imprecise camera poses. Our method comprises two main components: 1) camera motion deblurring and 2) object motion deblurring. By explicitly decomposing motion blur into camera motion blur and object motion blur and modeling them separately, we achieve significantly improved rendering results in dynamic regions. In addition, we collect a real-world motion blur dataset of dynamic scenes to evaluate our approach. Extensive experiments demonstrate that BARD-GS effectively reconstructs high-quality dynamic scenes under realistic conditions, significantly outperforming existing methods.","@InProceedings{Lu_2025_CVPR, author = {Lu, Yiren and Zhou, Yunlai and Liu, Disheng and Liang, Tuo and Yin, Yu}, title = {BARD-GS: Blur-Aware Reconstruction of Dynamic Scenes via Gaussian Splatting}, booktitle = {Proceedings of the Computer Vision and Pattern Recognition Conference (CVPR)}, month = {June}, year = {2025}, pages = {16532-16542} }"
Zhao_V2V3D_View-to-View_Denoised_3D_Reconstruction_for_Light_Field_Microscopy_CVPR_2025_paper,2025,1,Restoration_Enhancement,Restoration_Enhancement|3D_Reconstruction|Computational_Photography|Medical_Bio_RemoteSensing,15.0,0.2,V2V3D: View-to-View Denoised 3D Reconstruction for Light Field Microscopy,Jiayin Zhao; Zhenqi Fu; Tao Yu; Hui Qiao,4,26451-26461,True,https://openaccess.thecvf.com/content/CVPR2025/papers/Zhao_V2V3D_View-to-View_Denoised_3D_Reconstruction_for_Light_Field_Microscopy_CVPR_2025_paper.pdf,https://openaccess.thecvf.com/content/CVPR2025/supplemental/Zhao_V2V3D_View-to-View_Denoised_CVPR_2025_supplemental.pdf,https://openaccess.thecvf.com/content/CVPR2025/html/Zhao_V2V3D_View-to-View_Denoised_3D_Reconstruction_for_Light_Field_Microscopy_CVPR_2025_paper.html,"Light field microscopy (LFM) has gained significant attention due to its ability to capture snapshot-based, large-scale 3D fluorescence images. However, existing LFM reconstruction algorithms are highly sensitive to sensor noise or require hard-to-get ground-truth annotated data for training. To address these challenges, this paper introduces V2V3D, an unsupervised view2view-based framework that establishes a new paradigm for joint optimization of image denoising and 3D reconstruction in a unified architecture. We assume that the LF images are derived from a consistent 3D signal, with the noise in each view being independent. This enables V2V3D to incorporate the principle of noise2noise for effective denoising. To enhance the recovery of high-frequency details, we propose a novel wave-optics-based feature alignment technique, which transforms the point spread function, used for forward propagation in wave optics, into convolution kernels specifically designed for feature alignment. Moreover, we introduce an LFM dataset containing LF images and their corresponding 3D intensity volumes. Extensive experiments demonstrate that our approach achieves high computational efficiency and outperforms the other state-of-the-art methods. These advancements position V2V3D as a promising solution for 3D imaging under challenging conditions. Our code and dataset will be publicly accessible at https://joey1998hub.github.io/V2V3D/.","@InProceedings{Zhao_2025_CVPR, author = {Zhao, Jiayin and Fu, Zhenqi and Yu, Tao and Qiao, Hui}, title = {V2V3D: View-to-View Denoised 3D Reconstruction for Light Field Microscopy}, booktitle = {Proceedings of the Computer Vision and Pattern Recognition Conference (CVPR)}, month = {June}, year = {2025}, pages = {26451-26461} }"
Li_Noise_Modeling_in_One_Hour_Minimizing_Preparation_Efforts_for_Self-supervised_CVPR_2025_paper,2025,1,Restoration_Enhancement,Restoration_Enhancement,27.0,0.667,Noise Modeling in One Hour: Minimizing Preparation Efforts for Self-supervised Low-Light RAW Image Denoising,Feiran Li; Haiyang Jiang; Daisuke Iso,3,5699-5708,True,https://openaccess.thecvf.com/content/CVPR2025/papers/Li_Noise_Modeling_in_One_Hour_Minimizing_Preparation_Efforts_for_Self-supervised_CVPR_2025_paper.pdf,https://openaccess.thecvf.com/content/CVPR2025/supplemental/Li_Noise_Modeling_in_CVPR_2025_supplemental.pdf,https://openaccess.thecvf.com/content/CVPR2025/html/Li_Noise_Modeling_in_One_Hour_Minimizing_Preparation_Efforts_for_Self-supervised_CVPR_2025_paper.html,"Noise synthesis is a promising solution for addressing the data shortage problem in data-driven low-light RAW image denoising. However, accurate noise synthesis methods often necessitate labor-intensive calibration and profiling procedures during preparation, preventing them from landing to practice at scale. This work introduces a practically simple noise synthesis pipeline based on detailed analyses of noise properties and extensive justification of widespread techniques. Compared to other approaches, our proposed pipeline eliminates the cumbersome system gain calibration and signal-independent noise profiling steps, reducing the preparation time for noise synthesis from days to hours. Meanwhile, our method exhibits strong denoising performance, showing an up to 0.54dB PSNR improvement over the current state-of-the-art noise synthesis technique.","@InProceedings{Li_2025_CVPR, author = {Li, Feiran and Jiang, Haiyang and Iso, Daisuke}, title = {Noise Modeling in One Hour: Minimizing Preparation Efforts for Self-supervised Low-Light RAW Image Denoising}, booktitle = {Proceedings of the Computer Vision and Pattern Recognition Conference (CVPR)}, month = {June}, year = {2025}, pages = {5699-5708} }"
Zhang_Improving_Diffusion_Inverse_Problem_Solving_with_Decoupled_Noise_Annealing_CVPR_2025_paper,2025,1,Restoration_Enhancement,Restoration_Enhancement,6.0,0.5,Improving Diffusion Inverse Problem Solving with Decoupled Noise Annealing,Bingliang Zhang; Wenda Chu; Julius Berner; Chenlin Meng; Anima Anandkumar; Yang Song,6,20895-20905,True,https://openaccess.thecvf.com/content/CVPR2025/papers/Zhang_Improving_Diffusion_Inverse_Problem_Solving_with_Decoupled_Noise_Annealing_CVPR_2025_paper.pdf,https://openaccess.thecvf.com/content/CVPR2025/supplemental/Zhang_Improving_Diffusion_Inverse_CVPR_2025_supplemental.pdf,https://openaccess.thecvf.com/content/CVPR2025/html/Zhang_Improving_Diffusion_Inverse_Problem_Solving_with_Decoupled_Noise_Annealing_CVPR_2025_paper.html,"Diffusion models have recently achieved success in solving Bayesian inverse problems with learned data priors. Current methods build on top of the diffusion sampling process, where each denoising step makes small modifications to samples from the previous step. However, this process struggles to correct errors from earlier sampling steps, leading to worse performance in complicated nonlinear inverse problems, such as phase retrieval. To address this challenge, we propose a new method called Decoupled Annealing Posterior Sampling (DAPS) that relies on a novel noise annealing process. Specifically, we decouple consecutive steps in a diffusion sampling trajectory, allowing them to vary considerably from one another while ensuring their time-marginals anneal to the true posterior as we reduce noise levels. This approach enables the exploration of a larger solution space, improving the success rate for accurate reconstructions. We demonstrate that DAPS significantly improves sample quality and stability across multiple image restoration tasks, particularly in complicated nonlinear inverse problems.","@InProceedings{Zhang_2025_CVPR, author = {Zhang, Bingliang and Chu, Wenda and Berner, Julius and Meng, Chenlin and Anandkumar, Anima and Song, Yang}, title = {Improving Diffusion Inverse Problem Solving with Decoupled Noise Annealing}, booktitle = {Proceedings of the Computer Vision and Pattern Recognition Conference (CVPR)}, month = {June}, year = {2025}, pages = {20895-20905} }"
Chen_UniRestore_Unified_Perceptual_and_Task-Oriented_Image_Restoration_Model_Using_Diffusion_CVPR_2025_paper,2025,1,Restoration_Enhancement,Restoration_Enhancement,18.0,1.0,UniRestore: Unified Perceptual and Task-Oriented Image Restoration Model Using Diffusion Prior,I-Hsiang Chen; Wei-Ting Chen; Yu-Wei Liu; Yuan-Chun Chiang; Sy-Yen Kuo; Ming-Hsuan Yang,6,17969-17979,True,https://openaccess.thecvf.com/content/CVPR2025/papers/Chen_UniRestore_Unified_Perceptual_and_Task-Oriented_Image_Restoration_Model_Using_Diffusion_CVPR_2025_paper.pdf,https://openaccess.thecvf.com/content/CVPR2025/supplemental/Chen_UniRestore_Unified_Perceptual_CVPR_2025_supplemental.pdf,https://openaccess.thecvf.com/content/CVPR2025/html/Chen_UniRestore_Unified_Perceptual_and_Task-Oriented_Image_Restoration_Model_Using_Diffusion_CVPR_2025_paper.html,"Image restoration aims to recover content from inputs degraded by various factors, such as adverse weather, blur, and noise. Perceptual Image Restoration (PIR) methods improve visual quality but often do not support downstream tasks effectively. On the other hand, Task-oriented Image Restoration (TIR) methods focus on enhancing image utility for high-level vision tasks, sometimes compromising visual quality. This paper introduces UniRestore, a unified image restoration model that bridges the gap between PIR and TIR by using a diffusion prior. The diffusion prior is designed to generate images that align with human visual quality preferences, but these images are often unsuitable for TIR scenarios. To solve this limitation, UniRestore utilizes encoder features from an autoencoder to adapt the diffusion prior to specific tasks. We propose a Complementary Feature Restoration Module (CFRM) to reconstruct degraded encoder features and a Task Feature Adapter (TFA) module to facilitate adaptive feature fusion in the decoder. This design allows UniRestore to optimize images for both human perception and downstream task requirements, addressing discrepancies between visual quality and functional needs. Integrating these modules also enhances UniRestore's adapability and efficiency across diverse tasks. Extensive expertments demonstrate the superior performance of UniRestore in both PIR and TIR scenarios.","@InProceedings{Chen_2025_CVPR, author = {Chen, I-Hsiang and Chen, Wei-Ting and Liu, Yu-Wei and Chiang, Yuan-Chun and Kuo, Sy-Yen and Yang, Ming-Hsuan}, title = {UniRestore: Unified Perceptual and Task-Oriented Image Restoration Model Using Diffusion Prior}, booktitle = {Proceedings of the Computer Vision and Pattern Recognition Conference (CVPR)}, month = {June}, year = {2025}, pages = {17969-17979} }"
Xu_URWKV_Unified_RWKV_Model_with_Multi-state_Perspective_for_Low-light_Image_CVPR_2025_paper,2025,1,Restoration_Enhancement,Restoration_Enhancement,32.0,1.0,URWKV: Unified RWKV Model with Multi-state Perspective for Low-light Image Restoration,Rui Xu; Yuzhen Niu; Yuezhou Li; Huangbiao Xu; Wenxi Liu; Yuzhong Chen,6,21267-21276,True,https://openaccess.thecvf.com/content/CVPR2025/papers/Xu_URWKV_Unified_RWKV_Model_with_Multi-state_Perspective_for_Low-light_Image_CVPR_2025_paper.pdf,https://openaccess.thecvf.com/content/CVPR2025/supplemental/Xu_URWKV_Unified_RWKV_CVPR_2025_supplemental.pdf,https://openaccess.thecvf.com/content/CVPR2025/html/Xu_URWKV_Unified_RWKV_Model_with_Multi-state_Perspective_for_Low-light_Image_CVPR_2025_paper.html,"Existing low-light image enhancement (LLIE) and joint LLIE and deblurring (LLIE-deblur) models have made strides in addressing predefined degradations, yet they are often constrained by dynamically coupled degradations. To address these challenges, we introduce a Unified Receptance Weighted Key Value (URWKV) model with multi-state perspective, enabling flexible and effective degradation restoration for low-light images. Specifically, we customize the core URWKV block to perceive and analyze complex degradations by leveraging multiple intra- and inter-stage states. First, inspired by the pupil mechanism in the human visual system, we propose Luminance-adaptive Normalization (LAN) that adjusts normalization parameters based on rich inter-stage states, allowing for adaptive, scene-aware luminance modulation. Second, we aggregate multiple intra-stage states through exponential moving average approach, effectively capturing subtle variations while mitigating information loss inherent in the single-state mechanism. To reduce the degradation effects commonly associated with conventional skip connections, we propose the State-aware Selective Fusion (SSF) module, which dynamically aligns and integrates multi-state features across encoder stages, selectively fusing contextual information. In comparison to state-of-the-art models, our URWKV model achieves superior performance on various benchmarks, while requiring significantly fewer parameters and computational resources. Code is available at: https://github.com/FZU-N/URWKV.","@InProceedings{Xu_2025_CVPR, author = {Xu, Rui and Niu, Yuzhen and Li, Yuezhou and Xu, Huangbiao and Liu, Wenxi and Chen, Yuzhong}, title = {URWKV: Unified RWKV Model with Multi-state Perspective for Low-light Image Restoration}, booktitle = {Proceedings of the Computer Vision and Pattern Recognition Conference (CVPR)}, month = {June}, year = {2025}, pages = {21267-21276} }"
Wang_OSDFace_One-Step_Diffusion_Model_for_Face_Restoration_CVPR_2025_paper,2025,0,Face_Biometrics,Face_Biometrics|Diffusion_Generative|Restoration_Enhancement,21.0,0.095,OSDFace: One-Step Diffusion Model for Face Restoration,Jingkai Wang; Jue Gong; Lin Zhang; Zheng Chen; Xing Liu; Hong Gu; Yutong Liu; Yulun Zhang; Xiaokang Yang,9,12626-12636,True,https://openaccess.thecvf.com/content/CVPR2025/papers/Wang_OSDFace_One-Step_Diffusion_Model_for_Face_Restoration_CVPR_2025_paper.pdf,https://openaccess.thecvf.com/content/CVPR2025/supplemental/Wang_OSDFace_One-Step_Diffusion_CVPR_2025_supplemental.pdf,https://openaccess.thecvf.com/content/CVPR2025/html/Wang_OSDFace_One-Step_Diffusion_Model_for_Face_Restoration_CVPR_2025_paper.html,"Diffusion models have demonstrated impressive performance in face restoration. Yet, their multi-step inference process remains computationally intensive, limiting their applicability in real-world scenarios. Moreover, existing methods often struggle to generate face images that are harmonious, realistic, and consistent with the subject's identity. In this work, we propose OSDFace, a novel one-step diffusion model for face restoration. Specifically, we propose a visual representation embedder (VRE) to better capture prior information and understand the input face. In VRE, low-quality faces are processed by a visual tokenizer and subsequently embedded with a vector-quantized dictionary to generate visual prompts. Additionally, we incorporate a facial identity loss derived from face recognition to further ensure identity consistency. We further employ a generative adversarial network (GAN) as a guidance model to encourage distribution alignment between the restored face and the ground truth. Experimental results demonstrate that OSDFace surpasses current state-of-the-art (SOTA) methods in both visual quality and quantitative metrics, generating high-fidelity, natural face images with high identity consistency. The code and model will be released at https://github.com/jkwang28/OSDFace.","@InProceedings{Wang_2025_CVPR, author = {Wang, Jingkai and Gong, Jue and Zhang, Lin and Chen, Zheng and Liu, Xing and Gu, Hong and Liu, Yutong and Zhang, Yulun and Yang, Xiaokang}, title = {OSDFace: One-Step Diffusion Model for Face Restoration}, booktitle = {Proceedings of the Computer Vision and Pattern Recognition Conference (CVPR)}, month = {June}, year = {2025}, pages = {12626-12636} }"
Liu_TFCustom_Customized_Image_Generation_with_Time-Aware_Frequency_Feature_Guidance_CVPR_2025_paper,2025,0,Diffusion_Generative,Diffusion_Generative|Restoration_Enhancement,8.0,0.25,TFCustom: Customized Image Generation with Time-Aware Frequency Feature Guidance,Mushui Liu; Dong She; Jingxuan Pang; Qihan Huang; Jiacheng Ying; Wanggui He; Yuanlei Hou; Siming Fu,8,2714-2723,True,https://openaccess.thecvf.com/content/CVPR2025/papers/Liu_TFCustom_Customized_Image_Generation_with_Time-Aware_Frequency_Feature_Guidance_CVPR_2025_paper.pdf,,https://openaccess.thecvf.com/content/CVPR2025/html/Liu_TFCustom_Customized_Image_Generation_with_Time-Aware_Frequency_Feature_Guidance_CVPR_2025_paper.html,"Subject-driven image personalization has seen notable advancements, especially with the advent of the ReferenceNet paradigm. ReferenceNet excels in integrating image reference features, making it highly applicable in creative and commercial settings. However, current implementations of ReferenceNet primarily operate as latent-level feature extractors, which limit their potential. This constraint hinders the provision of appropriate features to the denoising backbone across different timesteps, leading to suboptimal image consistency. In this paper, we revisit the extraction of reference features and propose TFCustom, a model framework designed to focus on reference image features at different temporal steps and frequency levels. Specifically, we firstly propose synchronized ReferenceNet to extract reference image features while simultaneously optimizing noise injection and denoising for the reference image. We also propose a time-aware frequency feature refinement module that leverages high- and low-frequency filters, combined with time embeddings, to adaptively select the degree of reference feature injection. Additionally, to enhance the similarity between reference objects and the generated image, we introduce a novel reward-based loss that encourages greater alignment between the reference and generated images. Experimental results demonstrate state-of-the-art performance in both multi-object and single-object reference generation, with significant improvements in texture and textual detail generation over existing methods.","@InProceedings{Liu_2025_CVPR, author = {Liu, Mushui and She, Dong and Pang, Jingxuan and Huang, Qihan and Ying, Jiacheng and He, Wanggui and Hou, Yuanlei and Fu, Siming}, title = {TFCustom: Customized Image Generation with Time-Aware Frequency Feature Guidance}, booktitle = {Proceedings of the Computer Vision and Pattern Recognition Conference (CVPR)}, month = {June}, year = {2025}, pages = {2714-2723} }"
Liu_Effective_Cloud_Removal_for_Remote_Sensing_Images_by_an_Improved_CVPR_2025_paper,2025,1,Restoration_Enhancement,Restoration_Enhancement|Medical_Bio_RemoteSensing|Diffusion_Generative,18.0,0.333,Effective Cloud Removal for Remote Sensing Images by an Improved Mean-Reverting Denoising Model with Elucidated Design Space,Yi Liu; Wengen Li; Jihong Guan; Shuigeng Zhou; Yichao Zhang,5,17851-17861,True,https://openaccess.thecvf.com/content/CVPR2025/papers/Liu_Effective_Cloud_Removal_for_Remote_Sensing_Images_by_an_Improved_CVPR_2025_paper.pdf,https://openaccess.thecvf.com/content/CVPR2025/supplemental/Liu_Effective_Cloud_Removal_CVPR_2025_supplemental.pdf,https://openaccess.thecvf.com/content/CVPR2025/html/Liu_Effective_Cloud_Removal_for_Remote_Sensing_Images_by_an_Improved_CVPR_2025_paper.html,"Cloud removal (CR) remains a challenging task in remote sensing image processing. Although diffusion models (DM) exhibit strong generative capabilities, their direct applications to CR are suboptimal, as they generate cloudless images from random noise, ignoring inherent information in cloudy inputs. To overcome this drawback, we develop a new CR model EMRDM based on mean-reverting diffusion models (MRDMs) to establish a direct diffusion process between cloudy and cloudless images. Compared to current MRDMs, EMRDM offers a modular framework with updatable modules and an elucidated design space, based on a reformulated forward process and a new ordinary differential equation (ODE)-based backward process. Leveraging our framework, we redesign key MRDM modules to boost CR performance, including restructuring the denoiser via a preconditioning technique, reorganizing the training process, and improving the sampling process by introducing deterministic and stochastic samplers. To achieve multi-temporal CR, we further develop a denoising network for simultaneously denoising sequential images. Experiments on mono-temporal and multi-temporal datasets demonstrate the superior performance of EMRDM. Our code is available at https://github.com/Ly403/EMRDM.","@InProceedings{Liu_2025_CVPR, author = {Liu, Yi and Li, Wengen and Guan, Jihong and Zhou, Shuigeng and Zhang, Yichao}, title = {Effective Cloud Removal for Remote Sensing Images by an Improved Mean-Reverting Denoising Model with Elucidated Design Space}, booktitle = {Proceedings of the Computer Vision and Pattern Recognition Conference (CVPR)}, month = {June}, year = {2025}, pages = {17851-17861} }"
Mi_ADD_Attribution-Driven_Data_Augmentation_Framework_for_Boosting_Image_Super-Resolution_CVPR_2025_paper,2025,1,Restoration_Enhancement,Restoration_Enhancement|Segmentation,9.0,0.0,ADD: Attribution-Driven Data Augmentation Framework for Boosting Image Super-Resolution,Ze-Yu Mi; Yu-Bin Yang,2,23101-23110,True,https://openaccess.thecvf.com/content/CVPR2025/papers/Mi_ADD_Attribution-Driven_Data_Augmentation_Framework_for_Boosting_Image_Super-Resolution_CVPR_2025_paper.pdf,https://openaccess.thecvf.com/content/CVPR2025/supplemental/Mi_ADD_Attribution-Driven_Data_CVPR_2025_supplemental.pdf,https://openaccess.thecvf.com/content/CVPR2025/html/Mi_ADD_Attribution-Driven_Data_Augmentation_Framework_for_Boosting_Image_Super-Resolution_CVPR_2025_paper.html,"Data augmentation (DA) stands out as a powerful technique to enhance the generalization capabilities of deep neural networks across diverse tasks. However, in low-level vision tasks, DA remains rudimentary (i.e., vanilla DA), facing a critical bottleneck due to information loss. In this paper, we introduce a novel Calibrated Attribution Maps (CAM) to generate saliency masks, followed by two saliency-based DA methods-- Attribution-Driven Data augmentation (ADD) and ADD+--designed to address this issue. CAM leverages integrated gradients and incorporates two key innovations: a global feature detector and calibrated integrated gradients. Based on CAM and the proposed methods, we have two new insights for low-level vision tasks: (1) increasing pixel diversity, as seen in vanilla DA, can improve performance, and (2) focusing on salient features while minimizing the impact of irrelevant pixels, as seen in saliency-based DA, more effectively enhances model performance. Additionally, we find and highlight the key guiding principle for designing saliency-based DA: a wider spectrum of degradation patterns. Extensive experiments demonstrate the compatibility and consistency of our method, as well as the significant performance improvement across various SR tasks and networks.","@InProceedings{Mi_2025_CVPR, author = {Mi, Ze-Yu and Yang, Yu-Bin}, title = {ADD: Attribution-Driven Data Augmentation Framework for Boosting Image Super-Resolution}, booktitle = {Proceedings of the Computer Vision and Pattern Recognition Conference (CVPR)}, month = {June}, year = {2025}, pages = {23101-23110} }"
Huang_3D_Gaussian_Inpainting_with_Depth-Guided_Cross-View_Consistency_CVPR_2025_paper,2025,0,Neural_Rendering_NeRF_3DGS,Neural_Rendering_NeRF_3DGS|Diffusion_Generative|Restoration_Enhancement,15.0,0.2,3D Gaussian Inpainting with Depth-Guided Cross-View Consistency,Sheng-Yu Huang; Zi-Ting Chou; Yu-Chiang Frank Wang,3,26704-26713,True,https://openaccess.thecvf.com/content/CVPR2025/papers/Huang_3D_Gaussian_Inpainting_with_Depth-Guided_Cross-View_Consistency_CVPR_2025_paper.pdf,https://openaccess.thecvf.com/content/CVPR2025/supplemental/Huang_3D_Gaussian_Inpainting_CVPR_2025_supplemental.pdf,https://openaccess.thecvf.com/content/CVPR2025/html/Huang_3D_Gaussian_Inpainting_with_Depth-Guided_Cross-View_Consistency_CVPR_2025_paper.html,"When performing 3D inpainting using novel-view rendering methods like Neural Radiance Field (NeRF) or 3D Gussian Splatting (3DGS), how to achieve texture and geometry consistency across camera views has been a challenge. In this paper, we propose a framework of 3D Gaussian Inpainting with Depth-Guided Cross-View Consistency (3DGIC) for cross-view consistent 3D inpainting. Guided by the rendered depth information from each training view, our 3DGIC exploits background pixels visible across different views for updating the inpainting mask, allowing us to refine the 3DGS for inpainting purposes. Through extensive experiments on benchmark datasets, we confirm that our 3DGIC outperforms current state-of-the-art 3D inpainting methods quantitatively and qualitatively.","@InProceedings{Huang_2025_CVPR, author = {Huang, Sheng-Yu and Chou, Zi-Ting and Wang, Yu-Chiang Frank}, title = {3D Gaussian Inpainting with Depth-Guided Cross-View Consistency}, booktitle = {Proceedings of the Computer Vision and Pattern Recognition Conference (CVPR)}, month = {June}, year = {2025}, pages = {26704-26713} }"
Long_Progressive_Focused_Transformer_for_Single_Image_Super-Resolution_CVPR_2025_paper,2025,1,Restoration_Enhancement,Restoration_Enhancement,15.0,1.0,Progressive Focused Transformer for Single Image Super-Resolution,Wei Long; Xingyu Zhou; Leheng Zhang; Shuhang Gu,4,2279-2288,True,https://openaccess.thecvf.com/content/CVPR2025/papers/Long_Progressive_Focused_Transformer_for_Single_Image_Super-Resolution_CVPR_2025_paper.pdf,https://openaccess.thecvf.com/content/CVPR2025/supplemental/Long_Progressive_Focused_Transformer_CVPR_2025_supplemental.pdf,https://openaccess.thecvf.com/content/CVPR2025/html/Long_Progressive_Focused_Transformer_for_Single_Image_Super-Resolution_CVPR_2025_paper.html,"Transformer-based methods have achieved remarkable results in image super-resolution tasks because they can capture non-local dependencies in low-quality input images. However, this feature-intensive modeling approach is computationally expensive because it calculates the similarities between numerous features that are irrelevant to the query features when obtaining attention weights. These unnecessary similarity calculations not only degrade the reconstruction performance but also introduce significant computational overhead. How to accurately identify the features that are important to the current query features and avoid similarity calculations between irrelevant features remains an urgent problem. To address this issue, we propose a novel and effective Progressive Focused Transformer (PFT) that links all isolated attention maps in the network through Progressive Focused Attention (PFA) to focus attention on the most important tokens. PFA not only enables the network to capture more critical similar features, but also significantly reduces the computational cost of the overall network by filtering out irrelevant features before calculating similarities. Extensive experiments demonstrate the effectiveness of the proposed method, achieving state-of-the-art performance on various single image super-resolution benchmarks.","@InProceedings{Long_2025_CVPR, author = {Long, Wei and Zhou, Xingyu and Zhang, Leheng and Gu, Shuhang}, title = {Progressive Focused Transformer for Single Image Super-Resolution}, booktitle = {Proceedings of the Computer Vision and Pattern Recognition Conference (CVPR)}, month = {June}, year = {2025}, pages = {2279-2288} }"
Anagnostidis_FlexiDiT_Your_Diffusion_Transformer_Can_Easily_Generate_High-Quality_Samples_with_CVPR_2025_paper,2025,0,Diffusion_Generative,Diffusion_Generative|Restoration_Enhancement,14.0,0.571,FlexiDiT: Your Diffusion Transformer Can Easily Generate High-Quality Samples with Less Compute,Sotiris Anagnostidis; Gregor Bachmann; Yeongmin Kim; Jonas Kohler; Markos Georgopoulos; Artsiom Sanakoyeu; Yuming Du; Albert Pumarola; Ali Thabet; Edgar Schönfeld,10,28316-28326,True,https://openaccess.thecvf.com/content/CVPR2025/papers/Anagnostidis_FlexiDiT_Your_Diffusion_Transformer_Can_Easily_Generate_High-Quality_Samples_with_CVPR_2025_paper.pdf,https://openaccess.thecvf.com/content/CVPR2025/supplemental/Anagnostidis_FlexiDiT_Your_Diffusion_CVPR_2025_supplemental.pdf,https://openaccess.thecvf.com/content/CVPR2025/html/Anagnostidis_FlexiDiT_Your_Diffusion_Transformer_Can_Easily_Generate_High-Quality_Samples_with_CVPR_2025_paper.html,"Despite their remarkable performance, modern Diffusion Transformers (DiTs) are hindered by substantial resource requirements during inference, stemming from the fixed and large amount of compute needed for each denoising step. In this work, we revisit the conventional static paradigm that allocates a fixed compute budget per denoising iteration and propose a dynamic strategy instead. Our simple and sample-efficient framework enables pre-trained DiT models to be converted into flexible ones --- dubbed FlexiDiT --- allowing them to process inputs at varying compute budgets. We demonstrate how a single flexible model can generate images without any drop in quality, while reducing the required FLOPs by more than 40% compared to their static counterparts, for both class-conditioned and text-conditioned image generation. Our method is general and agnostic to input and conditioning modalities. We show how our approach can be readily extended for video generation, where FlexiDiT models generate samples with up to 75% less compute without compromising performance.","@InProceedings{Anagnostidis_2025_CVPR, author = {Anagnostidis, Sotiris and Bachmann, Gregor and Kim, Yeongmin and Kohler, Jonas and Georgopoulos, Markos and Sanakoyeu, Artsiom and Du, Yuming and Pumarola, Albert and Thabet, Ali and Sch\""onfeld, Edgar}, title = {FlexiDiT: Your Diffusion Transformer Can Easily Generate High-Quality Samples with Less Compute}, booktitle = {Proceedings of the Computer Vision and Pattern Recognition Conference (CVPR)}, month = {June}, year = {2025}, pages = {28316-28326} }"
Chen_FaithDiff_Unleashing_Diffusion_Priors_for_Faithful_Image_Super-resolution_CVPR_2025_paper,2025,0,Diffusion_Generative,Diffusion_Generative|Restoration_Enhancement,14.0,0.143,FaithDiff: Unleashing Diffusion Priors for Faithful Image Super-resolution,Junyang Chen; Jinshan Pan; Jiangxin Dong,3,28188-28197,True,https://openaccess.thecvf.com/content/CVPR2025/papers/Chen_FaithDiff_Unleashing_Diffusion_Priors_for_Faithful_Image_Super-resolution_CVPR_2025_paper.pdf,https://openaccess.thecvf.com/content/CVPR2025/supplemental/Chen_FaithDiff_Unleashing_Diffusion_CVPR_2025_supplemental.pdf,https://openaccess.thecvf.com/content/CVPR2025/html/Chen_FaithDiff_Unleashing_Diffusion_Priors_for_Faithful_Image_Super-resolution_CVPR_2025_paper.html,"Faithful image super-resolution (SR) not only needs to recover images that appear realistic, similar to image generation tasks, but also requires that the restored images maintain fidelity and structural consistency with the input. To this end, we propose a simple and effective method, named FaithDiff, to fully harness the impressive power of latent diffusion models (LDMs) for faithful image SR. In contrast to existing diffusion-based SR methods that freeze the diffusion model pre-trained on high-quality images, we propose to unleash the diffusion prior to identify useful information and recover faithful structures. As there exists a significant gap between the features of degraded inputs and the noisy latent from the diffusion model, we then develop an effective alignment module to explore useful features from degraded inputs to align well with the diffusion process. Considering the indispensable roles and interplay of the encoder and diffusion model in LDMs, we jointly fine-tune them in a unified optimization framework, facilitating the encoder to extract useful features that coincide with diffusion process. Extensive experimental results demonstrate that FaithDiff outperforms state-of-the-art methods, providing high-quality and faithful SR results.","@InProceedings{Chen_2025_CVPR, author = {Chen, Junyang and Pan, Jinshan and Dong, Jiangxin}, title = {FaithDiff: Unleashing Diffusion Priors for Faithful Image Super-resolution}, booktitle = {Proceedings of the Computer Vision and Pattern Recognition Conference (CVPR)}, month = {June}, year = {2025}, pages = {28188-28197} }"
Du_PatchVSR_Breaking_Video_Diffusion_Resolution_Limits_with_Patch-wise_Video_Super-Resolution_CVPR_2025_paper,2025,1,Restoration_Enhancement,Restoration_Enhancement|Video_Action_Recognition,12.0,0.083,PatchVSR: Breaking Video Diffusion Resolution Limits with Patch-wise Video Super-Resolution,Shian Du; Menghan Xia; Chang Liu; Xintao Wang; Jing Wang; Pengfei Wan; Di Zhang; Xiangyang Ji,8,17799-17809,True,https://openaccess.thecvf.com/content/CVPR2025/papers/Du_PatchVSR_Breaking_Video_Diffusion_Resolution_Limits_with_Patch-wise_Video_Super-Resolution_CVPR_2025_paper.pdf,https://openaccess.thecvf.com/content/CVPR2025/supplemental/Du_PatchVSR_Breaking_Video_CVPR_2025_supplemental.pdf,https://openaccess.thecvf.com/content/CVPR2025/html/Du_PatchVSR_Breaking_Video_Diffusion_Resolution_Limits_with_Patch-wise_Video_Super-Resolution_CVPR_2025_paper.html,"Pre-trained video generation models hold great potential for generative video super-resolution (VSR). However, adapting them for full-size VSR, as most existing methods do, suffers from unnecessary intensive full-attention computation and fixed output resolution. To overcome these limitations, we make the first exploration into utilizing video diffusion priors for patch-wise VSR.This is non-trivial because pre-trained video diffusion models are not native for patch-level detail generation. To mitigate this challenge, we propose an innovative approach, called PatchVSR, which integrates a dual-stream adapter for conditional guidance. The patch branch extracts features from input patches to maintain content fidelity while the global branch extracts context features from the resized full video to bridge the generation gap caused byincomplete semantics of patches.Particularly, we also inject the patch's location information into the model to better contextualize patch synthesis within the global video frame.Experiments demonstrate that our method can synthesize high-fidelity, high-resolution details at the patch level. A tailor-made multi-patch joint modulation is proposed to ensure visual consistency across individually enhanced patches. Due to the flexibility of our patch-based paradigm, we can achieve highly competitive 4K VSR based on a 512x512 resolution base model, with extremely high efficiency.","@InProceedings{Du_2025_CVPR, author = {Du, Shian and Xia, Menghan and Liu, Chang and Wang, Xintao and Wang, Jing and Wan, Pengfei and Zhang, Di and Ji, Xiangyang}, title = {PatchVSR: Breaking Video Diffusion Resolution Limits with Patch-wise Video Super-Resolution}, booktitle = {Proceedings of the Computer Vision and Pattern Recognition Conference (CVPR)}, month = {June}, year = {2025}, pages = {17799-17809} }"
Lee_Auto-Encoded_Supervision_for_Perceptual_Image_Super-Resolution_CVPR_2025_paper,2025,1,Restoration_Enhancement,Restoration_Enhancement,12.0,0.833,Auto-Encoded Supervision for Perceptual Image Super-Resolution,MinKyu Lee; Sangeek Hyun; Woojin Jun; Jae-Pil Heo,4,17958-17968,True,https://openaccess.thecvf.com/content/CVPR2025/papers/Lee_Auto-Encoded_Supervision_for_Perceptual_Image_Super-Resolution_CVPR_2025_paper.pdf,https://openaccess.thecvf.com/content/CVPR2025/supplemental/Lee_Auto-Encoded_Supervision_for_CVPR_2025_supplemental.pdf,https://openaccess.thecvf.com/content/CVPR2025/html/Lee_Auto-Encoded_Supervision_for_Perceptual_Image_Super-Resolution_CVPR_2025_paper.html,"This work tackles the fidelity objective in the perceptual super-resolution (SR) task. Specifically, we address the shortcomings of pixel-level \mathcal L _\text p loss (\mathcal L _\text pix ) in the GAN-based SR framework. Since \mathcal L _\text pix is known to have a trade-off relationship against perceptual quality, prior methods often multiply a small scale factor or utilize low-pass filters. However, this work shows that these circumventions fail to address the fundamental factor that induces blurring. Accordingly, we focus on two points: 1) precisely discriminating the subcomponent of \mathcal L _\text pix that contributes to blurring, and 2) guiding reconstruction only based on the factor that is free from this trade-off relationship. We show that this can be achieved in a surprisingly simple manner, with an Auto-Encoder (AE) pretrained using \mathcal L _\text pix . Based on this insight, we propose the Auto-Encoded Supervision for Optimal Penalization loss (\mathcal L _\text AESOP ), a novel loss function that measures distance in the AE space (the space after the decoder, not the bottleneck), rather than in the raw pixel space. By simply substituting \mathcal L _\text pix with \mathcal L _\text AESOP , we can provide effective reconstruction guidance without compromising perceptual quality. Designed for simplicity, our method enables easy integration into existing SR frameworks. Extensive experiments demonstrate the effectiveness of AESOP.","@InProceedings{Lee_2025_CVPR, author = {Lee, MinKyu and Hyun, Sangeek and Jun, Woojin and Heo, Jae-Pil}, title = {Auto-Encoded Supervision for Perceptual Image Super-Resolution}, booktitle = {Proceedings of the Computer Vision and Pattern Recognition Conference (CVPR)}, month = {June}, year = {2025}, pages = {17958-17968} }"
Fu_Iterative_Predictor-Critic_Code_Decoding_for_Real-World_Image_Dehazing_CVPR_2025_paper,2025,1,Restoration_Enhancement,Restoration_Enhancement,18.0,1.0,Iterative Predictor-Critic Code Decoding for Real-World Image Dehazing,Jiayi Fu; Siyu Liu; Zikun Liu; Chun-Le Guo; Hyunhee Park; Ruiqi Wu; Guoqing Wang; Chongyi Li,8,12700-12709,True,https://openaccess.thecvf.com/content/CVPR2025/papers/Fu_Iterative_Predictor-Critic_Code_Decoding_for_Real-World_Image_Dehazing_CVPR_2025_paper.pdf,https://openaccess.thecvf.com/content/CVPR2025/supplemental/Fu_Iterative_Predictor-Critic_Code_CVPR_2025_supplemental.pdf,https://openaccess.thecvf.com/content/CVPR2025/html/Fu_Iterative_Predictor-Critic_Code_Decoding_for_Real-World_Image_Dehazing_CVPR_2025_paper.html,"We propose a novel Iterative Predictor-Critic Code Decoding framework for real-world image dehazing, abbreviated as IPC-Dehaze, which leverages the high-quality codebook prior encapsulated in a pre-trained VQGAN. Apart from previous codebook-based methods that rely on one-shot decoding, our method utilizes high-quality codes obtained in the previous iteration to guide the prediction of the Code-Predictor in the subsequent iteration, improving code prediction accuracy and ensuring stable dehazing performance. Our idea stems from the observations that 1) the degradation of hazy images varies with haze density and scene depth, and 2) clear regions play crucial cues in restoring dense haze regions. However, it is nontrivial to progressively refine the obtained codes in subsequent iterations, owing to the difficulty in determining which codes should be retained or replaced at each iteration. Another key insight of our study is to propose Code-Critic to capture interrelations among codes. The Code-Critic is used to evaluate code correlations and then resample a set of codes with the highest mask scores, i.e., a higher score indicates that the code is more likely to be rejected, which helps retain more accurate codes and predict difficult ones. Extensive experiments demonstrate the superiority of our method over state-of-the-art methods in real-world dehazing. Our code will be made publicly available.","@InProceedings{Fu_2025_CVPR, author = {Fu, Jiayi and Liu, Siyu and Liu, Zikun and Guo, Chun-Le and Park, Hyunhee and Wu, Ruiqi and Wang, Guoqing and Li, Chongyi}, title = {Iterative Predictor-Critic Code Decoding for Real-World Image Dehazing}, booktitle = {Proceedings of the Computer Vision and Pattern Recognition Conference (CVPR)}, month = {June}, year = {2025}, pages = {12700-12709} }"
Xiao_Event-based_Video_Super-Resolution_via_State_Space_Models_CVPR_2025_paper,2025,1,Restoration_Enhancement,Restoration_Enhancement|Video_Action_Recognition,12.0,0.5,Event-based Video Super-Resolution via State Space Models,Zeyu Xiao; Xinchao Wang,2,12564-12574,True,https://openaccess.thecvf.com/content/CVPR2025/papers/Xiao_Event-based_Video_Super-Resolution_via_State_Space_Models_CVPR_2025_paper.pdf,https://openaccess.thecvf.com/content/CVPR2025/supplemental/Xiao_Event-based_Video_Super-Resolution_CVPR_2025_supplemental.pdf,https://openaccess.thecvf.com/content/CVPR2025/html/Xiao_Event-based_Video_Super-Resolution_via_State_Space_Models_CVPR_2025_paper.html,"Exploiting temporal correlations is crucial for video super-resolution (VSR). Recent approaches enhance this by incorporating event cameras. In this paper, we introduce MamEVSR, a Mamba-based network for event-based VSR that leverages the selective state space model, Mamba. MamEVSR stands out by offering global receptive field coverage with linear computational complexity, thus addressing the limitations of convolutional neural networks and Transformers. The key components of MamEVSR include: (1) The interleaved Mamba (iMamba) block, which interleaves tokens from adjacent frames and applies multidirectional selective state space modeling, enabling efficient feature fusion and propagation across bi-directional frames while maintaining linear complexity. (2) The crossmodality Mamba (cMamba) block facilitates further interaction and aggregation between event information and the output from the iMamba block. The cMamba block can leverage complementary spatio-temporal information from both modalities and allows MamEVSR to capture finermotion details. Experimental results show that the proposed MamEVSR achieves superior performance on various datasets quantitatively and qualitatively.","@InProceedings{Xiao_2025_CVPR, author = {Xiao, Zeyu and Wang, Xinchao}, title = {Event-based Video Super-Resolution via State Space Models}, booktitle = {Proceedings of the Computer Vision and Pattern Recognition Conference (CVPR)}, month = {June}, year = {2025}, pages = {12564-12574} }"
Tang_ATA_Adaptive_Transformation_Agent_for_Text-Guided_Subject-Position_Variable_Background_Inpainting_CVPR_2025_paper,2025,0,Diffusion_Generative,Diffusion_Generative|Restoration_Enhancement|LLM_Reasoning_Agent,12.0,0.0,ATA: Adaptive Transformation Agent for Text-Guided Subject-Position Variable Background Inpainting,Yizhe Tang; Zhimin Sun; Yuzhen Du; Ran Yi; Guangben Lu; Teng Hu; Luying Li; Lizhuang Ma; Fangyuan Zou,9,18335-18345,True,https://openaccess.thecvf.com/content/CVPR2025/papers/Tang_ATA_Adaptive_Transformation_Agent_for_Text-Guided_Subject-Position_Variable_Background_Inpainting_CVPR_2025_paper.pdf,https://openaccess.thecvf.com/content/CVPR2025/supplemental/Tang_ATA_Adaptive_Transformation_CVPR_2025_supplemental.pdf,https://openaccess.thecvf.com/content/CVPR2025/html/Tang_ATA_Adaptive_Transformation_Agent_for_Text-Guided_Subject-Position_Variable_Background_Inpainting_CVPR_2025_paper.html,"Image inpainting aims to fill the missing region of an image.Recently, there has been a surge of interest in foreground-conditioned background inpainting, a sub-task that fills the background of an image while the foreground subject and associated text prompt are provided.Existing background inpainting methods typically strictly preserve the subject's original position from the source image,resulting in inconsistencies between the subject and the generated background.To address this challenge, we propose a new task, the ""Text-Guided Subject-Position Variable Background Inpainting"", which aims to dynamically adjust the subject position to achieve a harmonious relationship between the subject andthe inpainted background, and propose the Adaptive Transformation Agent (A^\text T A) for this task.Firstly, we design a PosAgent Block that adaptively predicts an appropriate displacement based on given features to achieve variable subject-position.Secondly, we design the Reverse Displacement Transform (RDT) module, which arranges multiple PosAgent blocks in a reverse structure, to transform hierarchical feature maps from deep to shallow based on semantic information.Thirdly, we equip A^\text T A with a Position Switch Embedding to control whether the subject's position in the generated image is adaptively predicted or fixed.Extensive comparative experiments validate the effectiveness of our A^\text T A approach, which not only demonstrates superior inpainting capabilities in subject-position variable inpainting, but also ensures good performance on subject-position fixed inpainting.","@InProceedings{Tang_2025_CVPR, author = {Tang, Yizhe and Sun, Zhimin and Du, Yuzhen and Yi, Ran and Lu, Guangben and Hu, Teng and Li, Luying and Ma, Lizhuang and Zou, Fangyuan}, title = {ATA: Adaptive Transformation Agent for Text-Guided Subject-Position Variable Background Inpainting}, booktitle = {Proceedings of the Computer Vision and Pattern Recognition Conference (CVPR)}, month = {June}, year = {2025}, pages = {18335-18345} }"
Chen_Optimizing_for_the_Shortest_Path_in_Denoising_Diffusion_Model_CVPR_2025_paper,2025,0,Diffusion_Generative,Diffusion_Generative|Restoration_Enhancement,21.0,0.143,Optimizing for the Shortest Path in Denoising Diffusion Model,Ping Chen; Xingpeng Zhang; Zhaoxiang Liu; Huan Hu; Xiang Liu; Kai Wang; Min Wang; Yanlin Qian; Shiguo Lian,9,18021-18030,True,https://openaccess.thecvf.com/content/CVPR2025/papers/Chen_Optimizing_for_the_Shortest_Path_in_Denoising_Diffusion_Model_CVPR_2025_paper.pdf,,https://openaccess.thecvf.com/content/CVPR2025/html/Chen_Optimizing_for_the_Shortest_Path_in_Denoising_Diffusion_Model_CVPR_2025_paper.html,"In this research, we propose a novel denoising diffusion model based on shortest-path modeling that optimizes residual propagation to enhance both denoising efficiency and quality. Drawing on Denoising Diffusion Implicit Models (DDIM) and insights from graph theory, our model, termed the Shortest Path Diffusion Model (ShortDF), treats the denoising process as a shortest-path problem aimed at minimizing reconstruction error. By optimizing the initial residuals, we improve the efficiency of the reverse diffusion process and the quality of the generated samples. Extensive experiments on multiple standard benchmarks demonstrate that ShortDF significantly reduces diffusion time (or steps) while enhancing the visual fidelity of generated samples compared to prior methods. This work, we suppose, paves the way for interactive diffusion-based applications and establishes a foundation for rapid data generation. Code is available at https://github.com/UnicomAI/ShortDF.","@InProceedings{Chen_2025_CVPR, author = {Chen, Ping and Zhang, Xingpeng and Liu, Zhaoxiang and Hu, Huan and Liu, Xiang and Wang, Kai and Wang, Min and Qian, Yanlin and Lian, Shiguo}, title = {Optimizing for the Shortest Path in Denoising Diffusion Model}, booktitle = {Proceedings of the Computer Vision and Pattern Recognition Conference (CVPR)}, month = {June}, year = {2025}, pages = {18021-18030} }"
Sun_Pixel-level_and_Semantic-level_Adjustable_Super-resolution_A_Dual-LoRA_Approach_CVPR_2025_paper,2025,1,Restoration_Enhancement,Restoration_Enhancement,12.0,1.0,Pixel-level and Semantic-level Adjustable Super-resolution: A Dual-LoRA Approach,Lingchen Sun; Rongyuan Wu; Zhiyuan Ma; Shuaizheng Liu; Qiaosi Yi; Lei Zhang,6,2333-2343,True,https://openaccess.thecvf.com/content/CVPR2025/papers/Sun_Pixel-level_and_Semantic-level_Adjustable_Super-resolution_A_Dual-LoRA_Approach_CVPR_2025_paper.pdf,https://openaccess.thecvf.com/content/CVPR2025/supplemental/Sun_Pixel-level_and_Semantic-level_CVPR_2025_supplemental.pdf,https://openaccess.thecvf.com/content/CVPR2025/html/Sun_Pixel-level_and_Semantic-level_Adjustable_Super-resolution_A_Dual-LoRA_Approach_CVPR_2025_paper.html,"Diffusion prior-based methods have shown impressive results in real-world image super-resolution (SR). However, most existing methods entangle pixel-level and semantic-level SR objectives in the training process, struggling to balance pixel-wise fidelity and perceptual quality. Meanwhile, users have varying preferences on SR results, thus it is demanded to develop an adjustable SR model that can be tailored to different fidelity-perception preferences during inference without re-training. We present Pixel-level and Semantic-level Adjustable SR (PiSA-SR), which learns two LoRA modules upon the pre-trained stable-diffusion (SD) model to achieve improved and adjustable SR results. We first formulate the SD-based SR problem as learning the residual between the low-quality input and the high-quality output, then show that the learning objective can be decoupled into two distinct LoRA weight spaces: one is characterized by the l2-loss for pixel-level regression, and another is characterized by the LPIPS and classifier score distillation losses to extract semantic information from pre-trained classification and SD models. In its default setting, PiSA-SR can be performed in a single diffusion step, achieving leading real-world SR results in both quality and efficiency. By introducing two adjustable guidance scales on the two LoRA modules to control the strengths of pixel-wise fidelity and semantic-level details during inference, PiSA-SR can offer flexible SR results according to user preference without re-training. The source code of our method can be found at https://github.com/csslc/PiSA-SR.","@InProceedings{Sun_2025_CVPR, author = {Sun, Lingchen and Wu, Rongyuan and Ma, Zhiyuan and Liu, Shuaizheng and Yi, Qiaosi and Zhang, Lei}, title = {Pixel-level and Semantic-level Adjustable Super-resolution: A Dual-LoRA Approach}, booktitle = {Proceedings of the Computer Vision and Pattern Recognition Conference (CVPR)}, month = {June}, year = {2025}, pages = {2333-2343} }"
Wang_Adapting_Text-to-Image_Generation_with_Feature_Difference_Instruction_for_Generic_Image_CVPR_2025_paper,2025,0,Diffusion_Generative,Diffusion_Generative|Restoration_Enhancement,18.0,0.0,Adapting Text-to-Image Generation with Feature Difference Instruction for Generic Image Restoration,Chao Wang; Hehe Fan; Huichen Yang; Sarvnaz Karimi; Lina Yao; Yi Yang,6,23539-23550,True,https://openaccess.thecvf.com/content/CVPR2025/papers/Wang_Adapting_Text-to-Image_Generation_with_Feature_Difference_Instruction_for_Generic_Image_CVPR_2025_paper.pdf,https://openaccess.thecvf.com/content/CVPR2025/supplemental/Wang_Adapting_Text-to-Image_Generation_CVPR_2025_supplemental.pdf,https://openaccess.thecvf.com/content/CVPR2025/html/Wang_Adapting_Text-to-Image_Generation_with_Feature_Difference_Instruction_for_Generic_Image_CVPR_2025_paper.html,"Diffusion-based Text-to-Image (T2I) models have demonstrated significant potential in image restoration. However, existing models continue to grapple with challenges such as complex training and prompt design. We introduce a new perspective for improving image restoration by injecting knowledge from pretrained vision-language models into current T2I models. We empirically show that the degradation and content representations in BLIP-2 can be linearly separated, providing promising degradation guidance for image restoration. Specifically, the Feature Difference Instruction (FDI) is first extracted by Q-Formers through a simple subtraction operation based on reference image pairs. Then, we propose a multi-scale FDI adapter to decouple the degradation style and corrupted artifacts, and inject the styleflow exclusively into specific blocks through adapter-tuning, thereby preventing noise interference and eschewing the need for cumbersome weight retraining. In this way, we can train various task-specific adapters according to different degradations, achieving rich detail enhancement in the restoration results. Furthermore, the proposed FDI adapters have attractive properties of practical value, such as composability and generalization ability for all-in-one and mixed-degradation restoration. Extensive experiments under various settings demonstrate that our method has promising repairing quality over 10 image restoration tasks and a wide range of other applications.","@InProceedings{Wang_2025_CVPR, author = {Wang, Chao and Fan, Hehe and Yang, Huichen and Karimi, Sarvnaz and Yao, Lina and Yang, Yi}, title = {Adapting Text-to-Image Generation with Feature Difference Instruction for Generic Image Restoration}, booktitle = {Proceedings of the Computer Vision and Pattern Recognition Conference (CVPR)}, month = {June}, year = {2025}, pages = {23539-23550} }"
Jin_On_Denoising_Walking_Videos_for_Gait_Recognition_CVPR_2025_paper,2025,1,Restoration_Enhancement,Restoration_Enhancement|Human_Pose_Body|LowLevel_Flow_Depth_Matching,18.0,0.333,On Denoising Walking Videos for Gait Recognition,Dongyang Jin; Chao Fan; Jingzhe Ma; Jingkai Zhou; Weihua Chen; Shiqi Yu,6,12347-12357,True,https://openaccess.thecvf.com/content/CVPR2025/papers/Jin_On_Denoising_Walking_Videos_for_Gait_Recognition_CVPR_2025_paper.pdf,https://openaccess.thecvf.com/content/CVPR2025/supplemental/Jin_On_Denoising_Walking_CVPR_2025_supplemental.pdf,https://openaccess.thecvf.com/content/CVPR2025/html/Jin_On_Denoising_Walking_Videos_for_Gait_Recognition_CVPR_2025_paper.html,"To capture individual gait patterns, excluding identity-irrelevant cues in walking videos, such as clothing texture and color, remains a persistent challenge for vision-based gait recognition. Traditional silhouette and pose-based methods, though theoretically effective at removing such distractions, often fall short of high accuracy due to their sparse and less informative inputs. To address this, emerging end-to-end methods focus on directly denoising RGB videos using global optimization and human-defined priors. Building on this trend, we propose a novel gait denoising method, DenosingGait. Inspired by the philosophy that ""what I cannot create, I do not understand"", we turn to generative diffusion models, uncovering how these models can partially filter out irrelevant factors for improved gait understanding. Based on this generation-driven denoising, we introduce feature matching, a kind of popular geometrical constraint in optical flow and depth estimation, to compact multi-channel float-encoded RGB information into two-channel direction vectors that represent local structural features, where within-frame matching captures spatial details and cross-frame matching conveys temporal dynamics. Experiments on the CCPG, CAISA-B*, and SUSTech1K datasets demonstrate that DenoisingGait achieves a new SoTA performance in most cases for both within-domain and cross-domain evaluations. Code is available at https://github.com/ShiqiYu/OpenGait.","@InProceedings{Jin_2025_CVPR, author = {Jin, Dongyang and Fan, Chao and Ma, Jingzhe and Zhou, Jingkai and Chen, Weihua and Yu, Shiqi}, title = {On Denoising Walking Videos for Gait Recognition}, booktitle = {Proceedings of the Computer Vision and Pattern Recognition Conference (CVPR)}, month = {June}, year = {2025}, pages = {12347-12357} }"
Xia_Rectified_Diffusion_Guidance_for_Conditional_Generation_CVPR_2025_paper,2025,0,Diffusion_Generative,Diffusion_Generative|Restoration_Enhancement,15.0,0.6,Rectified Diffusion Guidance for Conditional Generation,Mengfei Xia; Nan Xue; Yujun Shen; Ran Yi; Tieliang Gong; Yong-Jin Liu,6,13371-13380,True,https://openaccess.thecvf.com/content/CVPR2025/papers/Xia_Rectified_Diffusion_Guidance_for_Conditional_Generation_CVPR_2025_paper.pdf,https://openaccess.thecvf.com/content/CVPR2025/supplemental/Xia_Rectified_Diffusion_Guidance_CVPR_2025_supplemental.pdf,https://openaccess.thecvf.com/content/CVPR2025/html/Xia_Rectified_Diffusion_Guidance_for_Conditional_Generation_CVPR_2025_paper.html,"Classifier-Free Guidance (CFG), which combines the conditional and unconditional score functions with two coefficients summing to one, serves as a practical technique for diffusion model sampling. Theoretically, however, denoising with CFG cannot be expressed as a reciprocal diffusion process, which may consequently leave some hidden risks during use. In this work, we revisit the theory behind CFG and rigorously confirm that the improper configuration of the combination coefficients (*i.e.*, the widely used summing-to-one version) brings about expectation shift of the generative distribution. To rectify this issue, we propose ReCFG with a relaxation on the guidance coefficients such that denoising with ReCFG strictly aligns with the diffusion theory. We further show that our approach enjoys a **closed-form** solution given the guidance strength. That way, the rectified coefficients can be readily pre-computed via traversing the observed data, leaving the sampling speed barely affected. Empirical evidence on real-world data demonstrate the compatibility of our post-hoc design with existing state-of-the-art diffusion models, including both class-conditioned ones (*e.g.*, EDM2 on ImageNet) and text-conditioned ones (*e.g.*, SD3 on CC12M), without any retraining. Code is available at https://github.com/thuxmf/recfg.","@InProceedings{Xia_2025_CVPR, author = {Xia, Mengfei and Xue, Nan and Shen, Yujun and Yi, Ran and Gong, Tieliang and Liu, Yong-Jin}, title = {Rectified Diffusion Guidance for Conditional Generation}, booktitle = {Proceedings of the Computer Vision and Pattern Recognition Conference (CVPR)}, month = {June}, year = {2025}, pages = {13371-13380} }"
Ding_RaSS_Improving_Denoising_Diffusion_Samplers_with_Reinforced_Active_Sampling_Scheduler_CVPR_2025_paper,2025,1,Restoration_Enhancement,Restoration_Enhancement|Diffusion_Generative,15.0,0.4,RaSS: Improving Denoising Diffusion Samplers with Reinforced Active Sampling Scheduler,Xin Ding; Lei Yu; Xin Li; Zhijun Tu; Hanting Chen; Jie Hu; Zhibo Chen,7,12923-12933,True,https://openaccess.thecvf.com/content/CVPR2025/papers/Ding_RaSS_Improving_Denoising_Diffusion_Samplers_with_Reinforced_Active_Sampling_Scheduler_CVPR_2025_paper.pdf,https://openaccess.thecvf.com/content/CVPR2025/supplemental/Ding_RaSS_Improving_Denoising_CVPR_2025_supplemental.pdf,https://openaccess.thecvf.com/content/CVPR2025/html/Ding_RaSS_Improving_Denoising_Diffusion_Samplers_with_Reinforced_Active_Sampling_Scheduler_CVPR_2025_paper.html,"Recent years have witnessed the great success of denoising diffusion samplers in improving the generative capability and sampling efficiency given a pre-trained diffusion model. However, most sampling schedulers in diffusion models lack the sampling dynamics and planning capability for future generation results, leading to suboptimal solutions. To overcome this, we propose the Reinforced Active Sampling Scheduler, termed RaSS, intending to find the optimal sampling trajectory by actively planning and adjusting the sampling steps for each sampling process in time. Concretely, RaSS divides the whole sampling process into five stages and introduces a reinforcement learning (RL) agent to continuously monitor the generated instance and perceive the potential generation results, thereby achieving optimal instance- and state-adaptive sampling steps decision. Meanwhile, a sampling reward is designed to assist the planning capability of the RL agent by balancing the sampling efficiency and generation quality. The RaSS is a plug-and-play module, which is applicable to multiple denoising diffusion samplers of diffusion models. Extensive experiments on different benchmarks have shown that our RaSS can consistently improve the generation quality and efficiency across various tasks, without introducing significant computational overhead.","@InProceedings{Ding_2025_CVPR, author = {Ding, Xin and Yu, Lei and Li, Xin and Tu, Zhijun and Chen, Hanting and Hu, Jie and Chen, Zhibo}, title = {RaSS: Improving Denoising Diffusion Samplers with Reinforced Active Sampling Scheduler}, booktitle = {Proceedings of the Computer Vision and Pattern Recognition Conference (CVPR)}, month = {June}, year = {2025}, pages = {12923-12933} }"
Xu_AutoLUT_LUT-Based_Image_Super-Resolution_with_Automatic_Sampling_and_Adaptive_Residual_CVPR_2025_paper,2025,1,Restoration_Enhancement,Restoration_Enhancement,15.0,0.8,AutoLUT: LUT-Based Image Super-Resolution with Automatic Sampling and Adaptive Residual Learning,Yuheng Xu; Shijie Yang; Xin Liu; Jie Liu; Jie Tang; Gangshan Wu,6,23131-23140,True,https://openaccess.thecvf.com/content/CVPR2025/papers/Xu_AutoLUT_LUT-Based_Image_Super-Resolution_with_Automatic_Sampling_and_Adaptive_Residual_CVPR_2025_paper.pdf,,https://openaccess.thecvf.com/content/CVPR2025/html/Xu_AutoLUT_LUT-Based_Image_Super-Resolution_with_Automatic_Sampling_and_Adaptive_Residual_CVPR_2025_paper.html,"In recent years, the increasing popularity of Hi-DPI screens has driven a rising demand for high-resolution images. However, the limited computational power of edge devices poses a challenge in deploying complex super-resolution neural networks, highlighting the need for efficient methods. While prior works have made significant progress, they have not fully exploited pixel-level information. Moreover, their reliance on fixed sampling patterns limits both accuracy and the ability to capture fine details in low-resolution images. To address these challenges, we introduce two plug-and-play modules designed to capture and leverage pixel information effectively in Look-Up Table (LUT) based super-resolution networks. Our method introduces Automatic Sampling (AutoSample), a flexible LUT sampling approach where sampling weights are dynamically learned during training to adapt to pixel variations and expand the receptive field without added inference cost. We also incorporate Adaptive Residual Learning (AdaRL) to enhance inter-layer connections, enabling detailed information flow and improving the network's ability to reconstruct fine details. Our method achieves significant performance improvements on both MuLUT and SPF-LUT while maintaining similar storage sizes. Specifically, for MuLUT, we achieve a PSNR improvement of approximately +0.20 dB improvement on average across five datasets . For SPF-LUT, with more than a 50% reduction in storage space and about a 2/3 reduction in inference time, our method still maintains performance comparable to the original.","@InProceedings{Xu_2025_CVPR, author = {Xu, Yuheng and Yang, Shijie and Liu, Xin and Liu, Jie and Tang, Jie and Wu, Gangshan}, title = {AutoLUT: LUT-Based Image Super-Resolution with Automatic Sampling and Adaptive Residual Learning}, booktitle = {Proceedings of the Computer Vision and Pattern Recognition Conference (CVPR)}, month = {June}, year = {2025}, pages = {23131-23140} }"
Bai_A_Regularization-Guided_Equivariant_Approach_for_Image_Restoration_CVPR_2025_paper,2025,1,Restoration_Enhancement,Restoration_Enhancement,15.0,0.8,A Regularization-Guided Equivariant Approach for Image Restoration,Yulu Bai; Jiahong Fu; Qi Xie; Deyu Meng,4,2300-2310,True,https://openaccess.thecvf.com/content/CVPR2025/papers/Bai_A_Regularization-Guided_Equivariant_Approach_for_Image_Restoration_CVPR_2025_paper.pdf,https://openaccess.thecvf.com/content/CVPR2025/supplemental/Bai_A_Regularization-Guided_Equivariant_CVPR_2025_supplemental.pdf,https://openaccess.thecvf.com/content/CVPR2025/html/Bai_A_Regularization-Guided_Equivariant_Approach_for_Image_Restoration_CVPR_2025_paper.html,"Equivariant and invariant deep learning models have been developed to exploit intrinsic symmetries in data, demonstrating significant effectiveness in certain scenarios. However, these methods often suffer from limited representation accuracy and rely on strict symmetry assumptions that may not hold in practice. These limitations pose a significant drawback for image restoration tasks, which demands high accuracy and precise symmetry representation. To address these challenges, we propose a rotation-equivariant regularization strategy that adaptively enforces the appropriate symmetry constraints on the data while preserving the network's representational accuracy. Specifically, we introduce EQ-Reg, a regularizer designed to enhance rotation equivariance, which innovatively extends the insights of data-augmentation-based and equivariant-based methodologies. This is achieved through self-supervised learning and the spatial rotation and cyclic channel shift of feature maps deduce in the equivariant framework. Our approach firstly enables a non-strictly equivariant network suitable for image restoration, providing a simple and adaptive mechanism for adjusting equivariance based on task. Extensive experiments across three low-level tasks demonstrate the superior accuracy and generalization capability of our method, outperforming state-of-the-art approaches.","@InProceedings{Bai_2025_CVPR, author = {Bai, Yulu and Fu, Jiahong and Xie, Qi and Meng, Deyu}, title = {A Regularization-Guided Equivariant Approach for Image Restoration}, booktitle = {Proceedings of the Computer Vision and Pattern Recognition Conference (CVPR)}, month = {June}, year = {2025}, pages = {2300-2310} }"
Kumar_DynaMoDe-NeRF_Motion-aware_Deblurring_Neural_Radiance_Field_for_Dynamic_Scenes_CVPR_2025_paper,2025,0,Neural_Rendering_NeRF_3DGS,Neural_Rendering_NeRF_3DGS|Restoration_Enhancement,42.0,0.429,DynaMoDe-NeRF: Motion-aware Deblurring Neural Radiance Field for Dynamic Scenes,Ashish Kumar; Rajagopalan A. N.,2,21728-21738,True,https://openaccess.thecvf.com/content/CVPR2025/papers/Kumar_DynaMoDe-NeRF_Motion-aware_Deblurring_Neural_Radiance_Field_for_Dynamic_Scenes_CVPR_2025_paper.pdf,https://openaccess.thecvf.com/content/CVPR2025/supplemental/Kumar_DynaMoDe-NeRF_Motion-aware_Deblurring_CVPR_2025_supplemental.zip,https://openaccess.thecvf.com/content/CVPR2025/html/Kumar_DynaMoDe-NeRF_Motion-aware_Deblurring_Neural_Radiance_Field_for_Dynamic_Scenes_CVPR_2025_paper.html,"Neural Radiance Fields (NeRFs) have made significant advances in rendering novel photorealistic views for both static and dynamic scenes. However, most prior works assume ideal conditions of artifact-free visual inputs i.e., images and videos. In real scenarios, artifacts such as object motion blur, camera motion blur, or lens defocus blur are ubiquitous. Some recent studies have explored novel view synthesis using blurred input frames by examining either camera motion blur, defocus blur, or both. However, these studies are limited to static scenes. In this work, we enable NeRFs to deal with object motion blur whose local nature stems from the interplay between object velocity and camera exposure time. Often, the object motion is unknown and time varying, and this adds to the complexity of scene reconstruction. Sports videos are a prime example of how rapid object motion can significantly degrade video quality for static cameras by introducing motion blur. We present an approach for realizing motion blur-free novel views of dynamic scenes from input videos with object motion blur captured from static cameras spanning multiple poses. We propose a NeRF-based analytical framework that elegantly correlates object three-dimensional (3D) motion across views as well as time to the observed blurry videos. Our proposed method DynaMoDe-NeRF (Dynamic Motion-aware Deblurring NeRF) is self-supervised and reconstructs the dynamic 3D scene, renders sharp novel views by blind deblurring, and recovers the underlying 3D motion and blur parameters. We provide comprehensive experimental analysis on synthetic and real data to validate our approach. To the best of our knowledge, this is the first work to address localized object motion blur in the NeRF domain.","@InProceedings{Kumar_2025_CVPR, author = {Kumar, Ashish and N., Rajagopalan A.}, title = {DynaMoDe-NeRF: Motion-aware Deblurring Neural Radiance Field for Dynamic Scenes}, booktitle = {Proceedings of the Computer Vision and Pattern Recognition Conference (CVPR)}, month = {June}, year = {2025}, pages = {21728-21738} }"
Garber_Zero-Shot_Image_Restoration_Using_Few-Step_Guidance_of_Consistency_Models_and_CVPR_2025_paper,2025,0,Diffusion_Generative,Diffusion_Generative|Restoration_Enhancement,19.0,0.105,Zero-Shot Image Restoration Using Few-Step Guidance of Consistency Models (and Beyond),Tomer Garber; Tom Tirer,2,2398-2407,True,https://openaccess.thecvf.com/content/CVPR2025/papers/Garber_Zero-Shot_Image_Restoration_Using_Few-Step_Guidance_of_Consistency_Models_and_CVPR_2025_paper.pdf,https://openaccess.thecvf.com/content/CVPR2025/supplemental/Garber_Zero-Shot_Image_Restoration_CVPR_2025_supplemental.pdf,https://openaccess.thecvf.com/content/CVPR2025/html/Garber_Zero-Shot_Image_Restoration_Using_Few-Step_Guidance_of_Consistency_Models_and_CVPR_2025_paper.html,"In recent years, it has become popular to tackle image restoration tasks with a single pretrained diffusion model (DM) and data-fidelity guidance, instead of training a dedicated deep neural network per task. However, such ""zero-shot"" restoration schemes currently require many Neural Function Evaluations (NFEs) for performing well, which may be attributed to the many NFEs needed in the original generative functionality of the DMs. Recently, faster variants of DMs have been explored for image generation. These include Consistency Models (CMs), which can generate samples via a couple of NFEs. However, existing works that use guided CMs for restoration still require tens of NFEs or fine-tuning of the model per task that leads to performance drop if the assumptions during the fine-tuning are not accurate. In this paper, we propose a zero-shot restoration scheme that uses CMs and operates well with as little as 4 NFEs. It is based on a wise combination of several ingredients: better initialization, back-projection guidance, and above all a novel noise injection mechanism. We demonstrate the advantages of our approach for image super-resolution and inpainting. Interestingly, we show that the usefulness of our noise injection technique goes beyond CMs: it can also mitigate the performance degradation of existing guided DM methods when reducing their NFE count.","@InProceedings{Garber_2025_CVPR, author = {Garber, Tomer and Tirer, Tom}, title = {Zero-Shot Image Restoration Using Few-Step Guidance of Consistency Models (and Beyond)}, booktitle = {Proceedings of the Computer Vision and Pattern Recognition Conference (CVPR)}, month = {June}, year = {2025}, pages = {2398-2407} }"
Zamfir_Complexity_Experts_are_Task-Discriminative_Learners_for_Any_Image_Restoration_CVPR_2025_paper,2025,1,Restoration_Enhancement,Restoration_Enhancement,12.0,0.75,Complexity Experts are Task-Discriminative Learners for Any Image Restoration,Eduard Zamfir; Zongwei Wu; Nancy Mehta; Yuedong Tan; Danda Pani Paudel; Yulun Zhang; Radu Timofte,7,12753-12763,True,https://openaccess.thecvf.com/content/CVPR2025/papers/Zamfir_Complexity_Experts_are_Task-Discriminative_Learners_for_Any_Image_Restoration_CVPR_2025_paper.pdf,https://openaccess.thecvf.com/content/CVPR2025/supplemental/Zamfir_Complexity_Experts_are_CVPR_2025_supplemental.pdf,https://openaccess.thecvf.com/content/CVPR2025/html/Zamfir_Complexity_Experts_are_Task-Discriminative_Learners_for_Any_Image_Restoration_CVPR_2025_paper.html,"Recent advancements in all-in-one image restoration models have revolutionized the ability to address diverse degradations through a unified framework. However, parameters tied to specific tasks often remain inactive for other tasks, making mixture-of-experts (MoE) architectures a natural extension. Despite this, MoEs often show inconsistent behavior, with some experts unexpectedly generalizing across tasks while others struggle within their intended scope. This hinders leveraging MoEs' computational benefits by bypassing irrelevant experts during inference.We attribute this undesired behavior to the uniform and rigid architecture of traditional MoEs. To address this, we introduce ""complexity experts"" -- flexible expert blocks with varying computational complexity and receptive fields. A key challenge is assigning tasks to each expert, as degradation complexity is unknown in advance. Thus, we execute tasks with a simple bias toward lower complexity.To our surprise, this preference effectively drives task-specific allocation, assigning tasks to experts with the appropriate complexity. Extensive experiments validate our approach, demonstrating the ability to bypass irrelevant experts during inference while maintaining superior performance. The proposed MoCE-IR model outperforms state-of-the-art methods, affirming its efficiency and practical applicability. The source code and models are publicly available at \href https://eduardzamfir.github.io/moceir/ \texttt eduardzamfir.github.io/MoCE-IR/","@InProceedings{Zamfir_2025_CVPR, author = {Zamfir, Eduard and Wu, Zongwei and Mehta, Nancy and Tan, Yuedong and Paudel, Danda Pani and Zhang, Yulun and Timofte, Radu}, title = {Complexity Experts are Task-Discriminative Learners for Any Image Restoration}, booktitle = {Proceedings of the Computer Vision and Pattern Recognition Conference (CVPR)}, month = {June}, year = {2025}, pages = {12753-12763} }"
Wang_Towards_Precise_Embodied_Dialogue_Localization_via_Causality_Guided_Diffusion_CVPR_2025_paper,2025,0,Embodied_AI_Robotics,Embodied_AI_Robotics|Diffusion_Generative|Restoration_Enhancement,15.0,0.4,Towards Precise Embodied Dialogue Localization via Causality Guided Diffusion,Haoyu Wang; Le Wang; Sanping Zhou; Jingyi Tian; Zheng Qin; Yabing Wang; Gang Hua; Wei Tang,8,13350-13360,True,https://openaccess.thecvf.com/content/CVPR2025/papers/Wang_Towards_Precise_Embodied_Dialogue_Localization_via_Causality_Guided_Diffusion_CVPR_2025_paper.pdf,,https://openaccess.thecvf.com/content/CVPR2025/html/Wang_Towards_Precise_Embodied_Dialogue_Localization_via_Causality_Guided_Diffusion_CVPR_2025_paper.html,"Embodied localization based on vision and natural language dialogues presents a persistent challenge in embodied intelligence. Existing methods often approach this task as an image translation problem, leveraging encoder-decoder architectures to predict heatmaps. However, these methods frequently experience a deficiency in accuracy, largely due to their heavy reliance on resolution. To address this issue, we introduce CGD, a novel framework that utilizes causality guided diffusion model to directly model coordinate distributions. Specifically, CGD employs a denoising network to regress coordinates, while integrating causal learning modules, namely back-door adjustment (BDA) and front-door adjustment (FDA) to mitigate confounders during the diffusion process. This approach reduces the dependency on high resolution for improving accuracy, while effectively minimizing spurious correlations, thereby promoting unbiased learning. By guiding the denoising process with causal adjustments, CGD offers flexible control over intensity, ensuring seamless integration with diffusion models. Experimental results demonstrate that CGD outperforms state-of-the-art methods across all metrics. Additionally, we also evaluate CGD in a multi-shot setting, achieving consistently high accuracy.","@InProceedings{Wang_2025_CVPR, author = {Wang, Haoyu and Wang, Le and Zhou, Sanping and Tian, Jingyi and Qin, Zheng and Wang, Yabing and Hua, Gang and Tang, Wei}, title = {Towards Precise Embodied Dialogue Localization via Causality Guided Diffusion}, booktitle = {Proceedings of the Computer Vision and Pattern Recognition Conference (CVPR)}, month = {June}, year = {2025}, pages = {13350-13360} }"
He_A_Universal_Scale-Adaptive_Deformable_Transformer_for_Image_Restoration_across_Diverse_CVPR_2025_paper,2025,1,Restoration_Enhancement,Restoration_Enhancement,12.0,1.0,A Universal Scale-Adaptive Deformable Transformer for Image Restoration across Diverse Artifacts,Xuyi He; Yuhui Quan; Ruotao Xu; Hui Ji,4,12731-12741,True,https://openaccess.thecvf.com/content/CVPR2025/papers/He_A_Universal_Scale-Adaptive_Deformable_Transformer_for_Image_Restoration_across_Diverse_CVPR_2025_paper.pdf,https://openaccess.thecvf.com/content/CVPR2025/supplemental/He_A_Universal_Scale-Adaptive_CVPR_2025_supplemental.pdf,https://openaccess.thecvf.com/content/CVPR2025/html/He_A_Universal_Scale-Adaptive_Deformable_Transformer_for_Image_Restoration_across_Diverse_CVPR_2025_paper.html,"Structured artifacts are semi-regular, repetitive patterns that closely intertwine with genuine image content, making their removal highly challenging. In this paper, we introduce the Scale-Adaptive Deformable Transformer, an network architecture specifically designed to eliminate such artifacts from images. The proposed network features two key components: a scale-enhanced deformable convolution module for modeling scale-varying patterns with abundant orientations and potential distortions, and a scale-adaptive deformable attention mechanism for capturing long-range relationships among repetitive patterns with different sizes and non-uniform spatial distributions. Extensive experiments show that our network consistently outperforms state-of-the-art methods in diverse artifact removal tasks, including image deraining, image demoireing, and image debanding.","@InProceedings{He_2025_CVPR, author = {He, Xuyi and Quan, Yuhui and Xu, Ruotao and Ji, Hui}, title = {A Universal Scale-Adaptive Deformable Transformer for Image Restoration across Diverse Artifacts}, booktitle = {Proceedings of the Computer Vision and Pattern Recognition Conference (CVPR)}, month = {June}, year = {2025}, pages = {12731-12741} }"
Yao_PolarFree_Polarization-based_Reflection-Free_Imaging_CVPR_2025_paper,2025,1,Restoration_Enhancement,Restoration_Enhancement,9.0,0.667,PolarFree: Polarization-based Reflection-Free Imaging,Mingde Yao; Menglu Wang; King-Man Tam; Lingen Li; Tianfan Xue; Jinwei Gu,6,10890-10899,True,https://openaccess.thecvf.com/content/CVPR2025/papers/Yao_PolarFree_Polarization-based_Reflection-Free_Imaging_CVPR_2025_paper.pdf,https://openaccess.thecvf.com/content/CVPR2025/supplemental/Yao_PolarFree_Polarization-based_Reflection-Free_CVPR_2025_supplemental.pdf,https://openaccess.thecvf.com/content/CVPR2025/html/Yao_PolarFree_Polarization-based_Reflection-Free_Imaging_CVPR_2025_paper.html,"Reflection removal is challenging due to complex light interactions, where reflections obscure important details and hinder scene understanding. Polarization naturally provides a powerful cue to distinguish between reflected and transmitted light, enabling more accurate reflection removal. However, existing methods often rely on small-scale or synthetic datasets, which fail to capture the diversity and complexity of real-world scenarios. To this end, we construct a large-scale dataset, PolaRGB, for Polarization-based reflection removal of RGB images, which enables us to train models that generalize effectively across a wide range of real-world scenarios. The PolaRGB dataset contains 6,500 well-aligned mixed-transmission image pairs, 8xlarger than existing polarization datasets, and is the first to include both RGB and polarization images captured across diverse indoor and outdoor environments with varying lighting conditions. Besides, to fully exploit the potential of polarization cues for reflection removal, we introduce PolarFree, which leverages diffusion process to generate reflection-free cues for accurate reflection removal. Extensive experiments show that PolarFree significantly enhances image clarity in challenging reflective scenarios, setting a new benchmark for polarized imaging and reflection removal. Code and dataset are available at https://github.com/mdyao/PolarFree.","@InProceedings{Yao_2025_CVPR, author = {Yao, Mingde and Wang, Menglu and Tam, King-Man and Li, Lingen and Xue, Tianfan and Gu, Jinwei}, title = {PolarFree: Polarization-based Reflection-Free Imaging}, booktitle = {Proceedings of the Computer Vision and Pattern Recognition Conference (CVPR)}, month = {June}, year = {2025}, pages = {10890-10899} }"
Shi_Self-supervised_ControlNet_with_Spatio-Temporal_Mamba_for_Real-world_Video_Super-resolution_CVPR_2025_paper,2025,0,SelfSupervised_Representation,SelfSupervised_Representation|Video_Action_Recognition|Restoration_Enhancement|Diffusion_Generative,21.0,0.286,Self-supervised ControlNet with Spatio-Temporal Mamba for Real-world Video Super-resolution,Shijun Shi; Jing Xu; Lijing Lu; Zhihang Li; Kai Hu,5,7385-7395,True,https://openaccess.thecvf.com/content/CVPR2025/papers/Shi_Self-supervised_ControlNet_with_Spatio-Temporal_Mamba_for_Real-world_Video_Super-resolution_CVPR_2025_paper.pdf,,https://openaccess.thecvf.com/content/CVPR2025/html/Shi_Self-supervised_ControlNet_with_Spatio-Temporal_Mamba_for_Real-world_Video_Super-resolution_CVPR_2025_paper.html,"Existing diffusion-based video super-resolution (VSR) methods are susceptible to introducing complex degradations and noticeable artifacts into high-resolution videos due to their inherent randomness. In this paper, we propose a noise-robust real-world VSR framework by incorporating self-supervised learning and Mamba into pre-trained latent diffusion models. To ensure content consistency across adjacent frames, we enhance the diffusion model with a global spatio-temporal attention mechanism using the Video State-Space block with a 3D Selective Scan module, which reinforces coherence at an affordable computational cost. To further reduce artifacts in generated details, we introduce a self-supervised ControlNet that leverages HR features as guidance and employs contrastive learning to extract degradation-insensitive features from LR videos. Finally, a three-stage training strategy based on a mixture of HR-LR videos is proposed to stabilize VSR training. The proposed Self-supervised ControlNet with Spatio-Temporal Continuous Mamba based VSR algorithm achieves superior perceptual quality than state-of-the-arts on real-world VSR benchmark datasets, validating the effectiveness of the proposed model design and training strategies.","@InProceedings{Shi_2025_CVPR, author = {Shi, Shijun and Xu, Jing and Lu, Lijing and Li, Zhihang and Hu, Kai}, title = {Self-supervised ControlNet with Spatio-Temporal Mamba for Real-world Video Super-resolution}, booktitle = {Proceedings of the Computer Vision and Pattern Recognition Conference (CVPR)}, month = {June}, year = {2025}, pages = {7385-7395} }"
Wang_Towards_Enhanced_Image_Inpainting_Mitigating_Unwanted_Object_Insertion_and_Preserving_CVPR_2025_paper,2025,0,Diffusion_Generative,Diffusion_Generative|Restoration_Enhancement,22.0,0.455,Towards Enhanced Image Inpainting: Mitigating Unwanted Object Insertion and Preserving Color Consistency,Yikai Wang; Chenjie Cao; Junqiu Yu; Ke Fan; Xiangyang Xue; Yanwei Fu,6,23237-23248,True,https://openaccess.thecvf.com/content/CVPR2025/papers/Wang_Towards_Enhanced_Image_Inpainting_Mitigating_Unwanted_Object_Insertion_and_Preserving_CVPR_2025_paper.pdf,https://openaccess.thecvf.com/content/CVPR2025/supplemental/Wang_Towards_Enhanced_Image_CVPR_2025_supplemental.pdf,https://openaccess.thecvf.com/content/CVPR2025/html/Wang_Towards_Enhanced_Image_Inpainting_Mitigating_Unwanted_Object_Insertion_and_Preserving_CVPR_2025_paper.html,"Recent advances in image inpainting increasingly use generative models to handle large irregular masks. However, these models can create unrealistic inpainted images due to two main issues: (1) Unwanted object insertion: Even with unmasked areas as context, generative models may still generate arbitrary objects in the masked region that don't align with the rest of the image. (2) Color inconsistency: Inpainted regions often have color shifts that causes a smeared appearance, reducing image quality. Retraining the generative model could help solve these issues, but it's costly since state-of-the-art latent-based diffusion and rectified flow models require a three-stage training process: training a VAE, training a generative U-Net or transformer, and fine-tuning for inpainting. Instead, this paper proposes a post-processing approach, dubbed as ASUKA (Aligned Stable inpainting with UnKnown Areas prior), to improve inpainting models. To address unwanted object insertion, we leverage a Masked Auto-Encoder (MAE) for reconstruction-based priors. This mitigates object hallucination while maintaining the model's generation capabilities. To address color inconsistency, we propose a specialized VAE decoder that treats latent-to-image decoding as a local harmonization task, significantly reducing color shifts for color-consistent inpainting. We validate ASUKA on SD 1.5 and FLUX inpainting variants with Places2 and MISATO, our proposed diverse collection of datasets. Results show that ASUKA mitigates object hallucination and improves color consistency over standard diffusion and rectified flow models and other inpainting methods.","@InProceedings{Wang_2025_CVPR, author = {Wang, Yikai and Cao, Chenjie and Yu, Junqiu and Fan, Ke and Xue, Xiangyang and Fu, Yanwei}, title = {Towards Enhanced Image Inpainting: Mitigating Unwanted Object Insertion and Preserving Color Consistency}, booktitle = {Proceedings of the Computer Vision and Pattern Recognition Conference (CVPR)}, month = {June}, year = {2025}, pages = {23237-23248} }"
Jin_Classic_Video_Denoising_in_a_Machine_Learning_World_Robust_Fast_CVPR_2025_paper,2025,1,Restoration_Enhancement,Restoration_Enhancement,18.0,0.722,"Classic Video Denoising in a Machine Learning World: Robust, Fast, and Controllable",Xin Jin; Simon Niklaus; Zhoutong Zhang; Zhihao Xia; Chunle Guo; Yuting Yang; Jiawen Chen; Chongyi Li,8,2084-2093,True,https://openaccess.thecvf.com/content/CVPR2025/papers/Jin_Classic_Video_Denoising_in_a_Machine_Learning_World_Robust_Fast_CVPR_2025_paper.pdf,https://openaccess.thecvf.com/content/CVPR2025/supplemental/Jin_Classic_Video_Denoising_CVPR_2025_supplemental.pdf,https://openaccess.thecvf.com/content/CVPR2025/html/Jin_Classic_Video_Denoising_in_a_Machine_Learning_World_Robust_Fast_CVPR_2025_paper.html,"Denoising is a crucial step in many video processing pipelines such as in interactive editing, where high quality, speed, and user control are essential. While recent approaches achieve significant improvements in denoising quality by leveraging deep learning, they are prone to unexpected failures due to discrepancies between training data distributions and the wide variety of noise patterns found in real-world videos. These methods also tend to be slow and lack user control. In contrast, traditional denoising methods perform reliably on in-the-wild videos and run relatively quickly on modern hardware. However, they require manually tuning parameters for each input video, which is not only tedious but also requires skill. We bridge the gap between these two paradigms by proposing a differentiable denoising pipeline based on traditional methods. A neural network is then trained to predict the optimal denoising parameters for each specific input, resulting in a robust and efficient approach that also supports user control.","@InProceedings{Jin_2025_CVPR, author = {Jin, Xin and Niklaus, Simon and Zhang, Zhoutong and Xia, Zhihao and Guo, Chunle and Yang, Yuting and Chen, Jiawen and Li, Chongyi}, title = {Classic Video Denoising in a Machine Learning World: Robust, Fast, and Controllable}, booktitle = {Proceedings of the Computer Vision and Pattern Recognition Conference (CVPR)}, month = {June}, year = {2025}, pages = {2084-2093} }"
Xu_Satellite_to_GroundScape_-_Large-scale_Consistent_Ground_View_Generation_from_CVPR_2025_paper,2025,1,Restoration_Enhancement,Restoration_Enhancement|Diffusion_Generative,9.0,0.333,Satellite to GroundScape - Large-scale Consistent Ground View Generation from Satellite Views,Ningli Xu; Rongjun Qin,2,6068-6077,True,https://openaccess.thecvf.com/content/CVPR2025/papers/Xu_Satellite_to_GroundScape_-_Large-scale_Consistent_Ground_View_Generation_from_CVPR_2025_paper.pdf,https://openaccess.thecvf.com/content/CVPR2025/supplemental/Xu_Satellite_to_GroundScape_CVPR_2025_supplemental.pdf,https://openaccess.thecvf.com/content/CVPR2025/html/Xu_Satellite_to_GroundScape_-_Large-scale_Consistent_Ground_View_Generation_from_CVPR_2025_paper.html,"Generating consistent ground-view images from satellite imagery is challenging, primarily due to the large discrepancies in viewing angles and resolution between satellite and ground-level domains. Previous efforts mainly concentrated on single-view generation, often resulting in inconsistencies across neighboring ground views. In this work, we propose a novel cross-view synthesis approach designed to overcome these challenges by ensuring consistency across ground-view images generated from satellite views. Our method, based on a fixed latent diffusion model, introduces two conditioning modules: satellite-guided denoising, which extracts high-level scene layout to guide the denoising process, and satellite-temporal denoising, which captures camera motion to maintain consistency across multiple generated views. We further contribute a large-scale satellite-ground dataset containing over 100,000 perspective pairs to facilitate extensive ground scene or video generation. Experimental results demonstrate that our approach outperforms existing methods on perceptual and temporal metrics, achieving high photorealism and consistency in multi-view outputs. The project page is at https://gdaosu.github.io/sat2groundscape","@InProceedings{Xu_2025_CVPR, author = {Xu, Ningli and Qin, Rongjun}, title = {Satellite to GroundScape - Large-scale Consistent Ground View Generation from Satellite Views}, booktitle = {Proceedings of the Computer Vision and Pattern Recognition Conference (CVPR)}, month = {June}, year = {2025}, pages = {6068-6077} }"
Terris_FiRe_Fixed-points_of_Restoration_Priors_for_Solving_Inverse_Problems_CVPR_2025_paper,2025,1,Restoration_Enhancement,Restoration_Enhancement,6.0,1.0,FiRe: Fixed-points of Restoration Priors for Solving Inverse Problems,Matthieu Terris; Ulugbek S. Kamilov; Thomas Moreau,3,23185-23194,True,https://openaccess.thecvf.com/content/CVPR2025/papers/Terris_FiRe_Fixed-points_of_Restoration_Priors_for_Solving_Inverse_Problems_CVPR_2025_paper.pdf,https://openaccess.thecvf.com/content/CVPR2025/supplemental/Terris_FiRe_Fixed-points_of_CVPR_2025_supplemental.pdf,https://openaccess.thecvf.com/content/CVPR2025/html/Terris_FiRe_Fixed-points_of_Restoration_Priors_for_Solving_Inverse_Problems_CVPR_2025_paper.html,"Selecting an appropriate prior to compensate for information loss due to the measurement operator is a fundamental challenge in imaging inverse problems. Implicit priors based on denoising neural networks have become central to widely-used frameworks such as Plug-and-Play (PnP) algorithms. In this work, we introduce Fixed-points of Restoration (FiRe) priors as a new framework for expanding the notion of priors in PnP to general restoration models beyond traditional denoising models. The key insight behind FiRe is that smooth images emerge as fixed points of the composition of a degradation operator with the corresponding restoration model. This enables us to derive an explicit formula for our implicit prior by quantifying invariance of images under this composite operation. Adopting this fixed-point perspective, we show how various restoration networks can effectively serve as priors for solving inverse problems. The FiRe framework further enables ensemble-like combinations of multiple restoration models as well as acquisition-informed restoration networks, all within a unified optimization approach. Experimental results validate the effectiveness of FiRe across various inverse problems, establishing a new paradigm for incorporating pretrained restoration models into PnP-like algorithms. Code available at https://github.com/matthieutrs/fire.","@InProceedings{Terris_2025_CVPR, author = {Terris, Matthieu and Kamilov, Ulugbek S. and Moreau, Thomas}, title = {FiRe: Fixed-points of Restoration Priors for Solving Inverse Problems}, booktitle = {Proceedings of the Computer Vision and Pattern Recognition Conference (CVPR)}, month = {June}, year = {2025}, pages = {23185-23194} }"
Li_DifIISR_A_Diffusion_Model_with_Gradient_Guidance_for_Infrared_Image_CVPR_2025_paper,2025,0,Diffusion_Generative,Diffusion_Generative|Restoration_Enhancement,15.0,0.0,DifIISR: A Diffusion Model with Gradient Guidance for Infrared Image Super-Resolution,Xingyuan Li; Zirui Wang; Yang Zou; Zhixin Chen; Jun Ma; Zhiying Jiang; Long Ma; Jinyuan Liu,8,7534-7544,True,https://openaccess.thecvf.com/content/CVPR2025/papers/Li_DifIISR_A_Diffusion_Model_with_Gradient_Guidance_for_Infrared_Image_CVPR_2025_paper.pdf,https://openaccess.thecvf.com/content/CVPR2025/supplemental/Li_DifIISR_A_Diffusion_CVPR_2025_supplemental.pdf,https://openaccess.thecvf.com/content/CVPR2025/html/Li_DifIISR_A_Diffusion_Model_with_Gradient_Guidance_for_Infrared_Image_CVPR_2025_paper.html,"Infrared imaging is essential for autonomous driving and robotic operations as a supportive modality due to its reliable performance in challenging environments. Despite its popularity, the limitations of infrared cameras, such as low spatial resolution and complex degradations, consistently challenge imaging quality and subsequent visual tasks. Hence, infrared image super-resolution (IISR) has been developed to address this challenge. While recent developments in diffusion models have greatly advanced this field, current methods to solve it either ignore the unique modal characteristics of infrared imaging or overlook the machine perception requirements. To bridge these gaps, we propose DifIISR, an infrared image super-resolution diffusion model optimized for visual quality and perceptual performance. Our approach achieves task-based guidance for diffusion by injecting gradients derived from visual and perceptual priors into the noise during the reverse process. Specifically, we introduce an infrared thermal spectrum distribution regulation to preserve visual fidelity, ensuring that the reconstructed infrared images closely align with high-resolution images by matching their frequency components. Subsequently, we incorporate various visual foundational models as the perceptual guidance for downstream visual tasks, infusing generalizable perceptual features beneficial for detection and segmentation. As a result, our approach gains superior visual results while attaining State-Of-The-Art downstream task performance.","@InProceedings{Li_2025_CVPR, author = {Li, Xingyuan and Wang, Zirui and Zou, Yang and Chen, Zhixin and Ma, Jun and Jiang, Zhiying and Ma, Long and Liu, Jinyuan}, title = {DifIISR: A Diffusion Model with Gradient Guidance for Infrared Image Super-Resolution}, booktitle = {Proceedings of the Computer Vision and Pattern Recognition Conference (CVPR)}, month = {June}, year = {2025}, pages = {7534-7544} }"
Wang_DOF-GS_Adjustable_Depth-of-Field_3D_Gaussian_Splatting_for_Post-Capture_Refocusing_Defocus_CVPR_2025_paper,2025,0,Neural_Rendering_NeRF_3DGS,Neural_Rendering_NeRF_3DGS|Computational_Photography|Restoration_Enhancement,21.0,0.429,"DOF-GS: Adjustable Depth-of-Field 3D Gaussian Splatting for Post-Capture Refocusing, Defocus Rendering and Blur Removal",Yujie Wang; Praneeth Chakravarthula; Baoquan Chen,3,21297-21306,True,https://openaccess.thecvf.com/content/CVPR2025/papers/Wang_DOF-GS_Adjustable_Depth-of-Field_3D_Gaussian_Splatting_for_Post-Capture_Refocusing_Defocus_CVPR_2025_paper.pdf,https://openaccess.thecvf.com/content/CVPR2025/supplemental/Wang_DOF-GS_Adjustable_Depth-of-Field_CVPR_2025_supplemental.zip,https://openaccess.thecvf.com/content/CVPR2025/html/Wang_DOF-GS_Adjustable_Depth-of-Field_3D_Gaussian_Splatting_for_Post-Capture_Refocusing_Defocus_CVPR_2025_paper.html,"3D Gaussian Splatting (3DGS) techniques have recently enabled high-quality 3D scene reconstruction and real-time novel view synthesis. These approaches, however, are limited by the pinhole camera model and lack effective modeling of defocus effects. Departing from this, we introduce DOF-- a new 3DGS-based framework with a finite-aperture camera model and explicit, differentiable defocus rendering, enabling it to function as a post-capture control tool. By training with multi-view images with moderate defocus blur, DOF-GS learns inherent camera characteristics and reconstructs sharp details of the underlying scene, particularly, enabling rendering of varying DOF effects through on-demand aperture and focal distance control, post-capture and optimization. Additionally, our framework extracts circle-of-confusion cues during optimization to identify in-focus regions in input views, enhancing the reconstructed 3D scene details. Experimental results demonstrate that DOF-GS supports post-capture refocusing, adjustable defocus and high-quality all-in-focus rendering, from multi-view images with uncalibrated defocus blur.","@InProceedings{Wang_2025_CVPR, author = {Wang, Yujie and Chakravarthula, Praneeth and Chen, Baoquan}, title = {DOF-GS: Adjustable Depth-of-Field 3D Gaussian Splatting for Post-Capture Refocusing, Defocus Rendering and Blur Removal}, booktitle = {Proceedings of the Computer Vision and Pattern Recognition Conference (CVPR)}, month = {June}, year = {2025}, pages = {21297-21306} }"
Zhao_From_Zero_to_Detail_Deconstructing_Ultra-High-Definition_Image_Restoration_from_Progressive_CVPR_2025_paper,2025,1,Restoration_Enhancement,Restoration_Enhancement,15.0,0.8,From Zero to Detail: Deconstructing Ultra-High-Definition Image Restoration from Progressive Spectral Perspective,Chen Zhao; Zhizhou Chen; Yunzhe Xu; Enxuan Gu; Jian Li; Zili Yi; Qian Wang; Jian Yang; Ying Tai,9,17935-17946,True,https://openaccess.thecvf.com/content/CVPR2025/papers/Zhao_From_Zero_to_Detail_Deconstructing_Ultra-High-Definition_Image_Restoration_from_Progressive_CVPR_2025_paper.pdf,https://openaccess.thecvf.com/content/CVPR2025/supplemental/Zhao_From_Zero_to_CVPR_2025_supplemental.pdf,https://openaccess.thecvf.com/content/CVPR2025/html/Zhao_From_Zero_to_Detail_Deconstructing_Ultra-High-Definition_Image_Restoration_from_Progressive_CVPR_2025_paper.html,"Ultra-high-definition (UHD) image restoration faces significant challenges due to its high resolution, complex content, and intricate details. To cope with these challenges, we analyze the restoration process in depth through a progressive spectral perspective, and deconstruct the complex UHD restoration problem into three progressive stages: zero-frequency enhancement, low-frequency restoration, and high-frequency refinement. Building on this insight, we propose a novel framework, ERR, which comprises three collaborative sub-networks: the zero-frequency enhancer (ZFE), the low-frequency restorer (LFR), and the high-frequency refiner (HFR). Specifically, the ZFE integrates global priors to learn global mapping, while the LFR restores low-frequency information, emphasizing reconstruction of coarse-grained content. Finally, the HFR employs our designed frequency-windowed Kolmogorov-Arnold Networks (FW-KAN) to refine textures and details, producing high-quality image restoration. Our approach significantly outperforms previous UHD methods across various tasks, with extensive ablation studies validating the effectiveness of each component.","@InProceedings{Zhao_2025_CVPR, author = {Zhao, Chen and Chen, Zhizhou and Xu, Yunzhe and Gu, Enxuan and Li, Jian and Yi, Zili and Wang, Qian and Yang, Jian and Tai, Ying}, title = {From Zero to Detail: Deconstructing Ultra-High-Definition Image Restoration from Progressive Spectral Perspective}, booktitle = {Proceedings of the Computer Vision and Pattern Recognition Conference (CVPR)}, month = {June}, year = {2025}, pages = {17935-17946} }"
Quan_Zero-Shot_Blind-spot_Image_Denoising_via_Implicit_Neural_Sampling_CVPR_2025_paper,2025,1,Restoration_Enhancement,Restoration_Enhancement,18.0,0.833,Zero-Shot Blind-spot Image Denoising via Implicit Neural Sampling,Yuhui Quan; Tianxiang Zheng; Zhiyuan Ma; Hui Ji,4,7502-7512,True,https://openaccess.thecvf.com/content/CVPR2025/papers/Quan_Zero-Shot_Blind-spot_Image_Denoising_via_Implicit_Neural_Sampling_CVPR_2025_paper.pdf,https://openaccess.thecvf.com/content/CVPR2025/supplemental/Quan_Zero-Shot_Blind-spot_Image_CVPR_2025_supplemental.pdf,https://openaccess.thecvf.com/content/CVPR2025/html/Quan_Zero-Shot_Blind-spot_Image_Denoising_via_Implicit_Neural_Sampling_CVPR_2025_paper.html,"The blind-spot principle has been a widely used tool in zero-shot image denoising but faces challenges with real-world noise that exhibits strong local correlations. Existing methods focus on reducing noise correlation, which also weaken the pixel correlations needed for accurately estimating missing pixels. In this paper, we first present a rigorous analysis of how noise correlation and pixel correlation impact the statistical risk of a linear blind-spot denoiser. We then propose using an implicit neural representation to resample noisy pixels, effectively reducing noise correlation while preserving the essential pixel correlations for successful blind-spot denoising. Extensive experiments show our method surpasses existing zero-shot denoising techniques on real-world noisy images.","@InProceedings{Quan_2025_CVPR, author = {Quan, Yuhui and Zheng, Tianxiang and Ma, Zhiyuan and Ji, Hui}, title = {Zero-Shot Blind-spot Image Denoising via Implicit Neural Sampling}, booktitle = {Proceedings of the Computer Vision and Pattern Recognition Conference (CVPR)}, month = {June}, year = {2025}, pages = {7502-7512} }"
Lan_Efficient_Diffusion_as_Low_Light_Enhancer_CVPR_2025_paper,2025,1,Restoration_Enhancement,Restoration_Enhancement,14.0,0.929,Efficient Diffusion as Low Light Enhancer,Guanzhou Lan; Qianli Ma; Yuqi Yang; Zhigang Wang; Dong Wang; Xuelong Li; Bin Zhao,7,21277-21286,True,https://openaccess.thecvf.com/content/CVPR2025/papers/Lan_Efficient_Diffusion_as_Low_Light_Enhancer_CVPR_2025_paper.pdf,https://openaccess.thecvf.com/content/CVPR2025/supplemental/Lan_Efficient_Diffusion_as_CVPR_2025_supplemental.pdf,https://openaccess.thecvf.com/content/CVPR2025/html/Lan_Efficient_Diffusion_as_Low_Light_Enhancer_CVPR_2025_paper.html,"The computational burden of the iterative sampling process remains a major challenge in diffusion-based Low-Light Image Enhancement (LLIE). Current acceleration methods, whether training-based or training-free, often lead to significant performance degradation, highlighting the trade-off between performance and efficiency.In this paper, we identify two primary factors contributing to performance degradation: fitting errors and the inference gap. Our key insight is that fitting errors can be mitigated by linearly extrapolating the incorrect score functions, while the inference gap can be reduced by shifting the Gaussian flow to a reflectance-aware residual space.Based on the above insights, we design Reflectance-Aware Trajectory Refinement (RATR) module, a simple yet effective module to refine the teacher trajectory using the reflectance component of images. Following this, we introduce Reflectance-aware Diffusion with Distilled Trajectory ReDDiT, an efficient and flexible distillation framework tailored for LLIE. Our framework achieves comparable performance to previous diffusion-based methods with redundant steps in just 2 steps while establishing new state-of-the-art (SOTA) results with 8 or 4 steps. Comprehensive experimental evaluations on 10 benchmark datasets validate the effectiveness of our method, consistently outperforming existing SOTA methods.","@InProceedings{Lan_2025_CVPR, author = {Lan, Guanzhou and Ma, Qianli and Yang, Yuqi and Wang, Zhigang and Wang, Dong and Li, Xuelong and Zhao, Bin}, title = {Efficient Diffusion as Low Light Enhancer}, booktitle = {Proceedings of the Computer Vision and Pattern Recognition Conference (CVPR)}, month = {June}, year = {2025}, pages = {21277-21286} }"
Tian_Sampling_Innovation-Based_Adaptive_Compressive_Sensing_CVPR_2025_paper,2025,1,Restoration_Enhancement,Restoration_Enhancement,6.0,1.0,Sampling Innovation-Based Adaptive Compressive Sensing,Zhifu Tian; Tao Hu; Chaoyang Niu; Di Wu; Shu Wang,5,2387-2397,True,https://openaccess.thecvf.com/content/CVPR2025/papers/Tian_Sampling_Innovation-Based_Adaptive_Compressive_Sensing_CVPR_2025_paper.pdf,https://openaccess.thecvf.com/content/CVPR2025/supplemental/Tian_Sampling_Innovation-Based_Adaptive_CVPR_2025_supplemental.pdf,https://openaccess.thecvf.com/content/CVPR2025/html/Tian_Sampling_Innovation-Based_Adaptive_Compressive_Sensing_CVPR_2025_paper.html,"Scene-aware Adaptive Compressive Sensing (ACS) has attracted significant interest due to its promising capability for efficient and high-fidelity acquisition of scene images. ACS typically prescribes adaptive sampling allocation (ASA) based on previous samples in the absence of ground truth. However, when confronting unknown scenes, existing ACS methods often lack accurate judgment and robust feedback mechanisms for ASA, thus limiting the high-fidelity sensing of the scene. In this paper, we introduce a Sampling Innovation-Based ACS (SIB-ACS) method that can effectively identify and allocate sampling to challenging image reconstruction areas, culminating in high-fidelity image reconstruction. An innovation criterion is proposed to judge ASA by predicting the decrease in image reconstruction error attributable to sampling increments, thereby directing more samples towards regions where the reconstruction error diminishes significantly. A sampling innovation-guided multi-stage adaptive sampling (AS) framework is proposed, which iteratively refines the ASA through a multi-stage feedback process. For image reconstruction, we propose a Principal Component Compressed Domain Network (PCCD-Net), which efficiently and faithfully reconstructs images under AS scenarios. Extensive experiments demonstrate that the proposed SIB-ACS method significantly outperforms the state-of-the-art methods in terms of image reconstruction fidelity and visual effects. Codes are available at https://github.com/giant-pandada/SIB-ACS_CVPR2025.","@InProceedings{Tian_2025_CVPR, author = {Tian, Zhifu and Hu, Tao and Niu, Chaoyang and Wu, Di and Wang, Shu}, title = {Sampling Innovation-Based Adaptive Compressive Sensing}, booktitle = {Proceedings of the Computer Vision and Pattern Recognition Conference (CVPR)}, month = {June}, year = {2025}, pages = {2387-2397} }"
Liu_Rotation-Equivariant_Self-Supervised_Method_in_Image_Denoising_CVPR_2025_paper,2025,1,Restoration_Enhancement,Restoration_Enhancement|SelfSupervised_Representation,18.0,0.0,Rotation-Equivariant Self-Supervised Method in Image Denoising,Hanze Liu; Jiahong Fu; Qi Xie; Deyu Meng,4,12720-12730,True,https://openaccess.thecvf.com/content/CVPR2025/papers/Liu_Rotation-Equivariant_Self-Supervised_Method_in_Image_Denoising_CVPR_2025_paper.pdf,https://openaccess.thecvf.com/content/CVPR2025/supplemental/Liu_Rotation-Equivariant_Self-Supervised_Method_CVPR_2025_supplemental.pdf,https://openaccess.thecvf.com/content/CVPR2025/html/Liu_Rotation-Equivariant_Self-Supervised_Method_in_Image_Denoising_CVPR_2025_paper.html,"Self-supervised image denoising methods have garnered significant research attention in recent years, for this kind of method reduces the requirement of large training datasets.Compared to supervised methods, self-supervised methods rely more on the prior embedded in deep networks themselves. As a result, most of the self-supervised methods are designed with Convolution Neural Networks(CNNs) architectures, which well capture one of the most important image prior, translation equivariant prior. Inspired by the great success achieved by the introduction of translational equivariance, in this paper, we explore the way to further incorporate another important image prior. Specifically, we first apply high-accuracy rotation equivariant convolution to self-supervised image denoising. Through rigorous theoretical analysis, we have proved that simply replacing all the convolution layers with rotation equivariant convolution layers would modify the network into its rotation equivariant version.To the best of our knowledge, this is the first time that rotation equivariant image prior is introduced to self-supervised image denoising at the network architecture level with a comprehensive theoretical analysis of equivariance errors, whichoffers a new perspective to the field of self-supervised image denoising.Moreover, to further improve the performance, we design a new mask mechanism to fusion the output of rotation equivariant network and vanilla CNN-based network, and construct an adaptive rotation equivariant framework. Through extensive experiments on three typical methods, we have demonstrated the effectiveness of the proposed method.","@InProceedings{Liu_2025_CVPR, author = {Liu, Hanze and Fu, Jiahong and Xie, Qi and Meng, Deyu}, title = {Rotation-Equivariant Self-Supervised Method in Image Denoising}, booktitle = {Proceedings of the Computer Vision and Pattern Recognition Conference (CVPR)}, month = {June}, year = {2025}, pages = {12720-12730} }"
Qian_T2ICount_Enhancing_Cross-modal_Understanding_for_Zero-Shot_Counting_CVPR_2025_paper,2025,0,Vision_Language_Multimodal,Vision_Language_Multimodal|Restoration_Enhancement,13.0,0.538,T2ICount: Enhancing Cross-modal Understanding for Zero-Shot Counting,Yifei Qian; Zhongliang Guo; Bowen Deng; Chun Tong Lei; Shuai Zhao; Chun Pong Lau; Xiaopeng Hong; Michael P. Pound,8,25336-25345,True,https://openaccess.thecvf.com/content/CVPR2025/papers/Qian_T2ICount_Enhancing_Cross-modal_Understanding_for_Zero-Shot_Counting_CVPR_2025_paper.pdf,https://openaccess.thecvf.com/content/CVPR2025/supplemental/Qian_T2ICount_Enhancing_Cross-modal_CVPR_2025_supplemental.pdf,https://openaccess.thecvf.com/content/CVPR2025/html/Qian_T2ICount_Enhancing_Cross-modal_Understanding_for_Zero-Shot_Counting_CVPR_2025_paper.html,"Zero-shot object counting aims to count instances of arbitrary object categories specified by text descriptions. Existing methods typically rely on vision-language models like CLIP, but often exhibit limited sensitivity to text prompts. We present T2ICount, a diffusion-based framework that leverages rich prior knowledge and fine-grained visual understanding from pretrained diffusion models. While one-step denoising ensures efficiency, it leads to weakened text sensitivity. To address this challenge, we propose a Hierarchical Semantic Correction Module that progressively refines text-image feature alignment, and a Representational Regional Coherence Loss that provides reliable supervision signals by leveraging the cross-attention maps extracted from the denoising U-Net. Furthermore, we observe that current benchmarks mainly focus on majority objects in images, potentially masking models' text sensitivity. To address this, we contribute a challenging re-annotated subset of FSC147 for better evaluation of text-guided counting ability. Extensive experiments demonstrate that our method achieves superior performance across different benchmarks. Code is available at https://github.com/cha15yq/T2ICount","@InProceedings{Qian_2025_CVPR, author = {Qian, Yifei and Guo, Zhongliang and Deng, Bowen and Lei, Chun Tong and Zhao, Shuai and Lau, Chun Pong and Hong, Xiaopeng and Pound, Michael P.}, title = {T2ICount: Enhancing Cross-modal Understanding for Zero-Shot Counting}, booktitle = {Proceedings of the Computer Vision and Pattern Recognition Conference (CVPR)}, month = {June}, year = {2025}, pages = {25336-25345} }"
Balle_Good_Cheap_and_Fast_Overfitted_Image_Compression_with_Wasserstein_Distortion_CVPR_2025_paper,2025,1,Restoration_Enhancement,Restoration_Enhancement,2.0,1.0,"Good, Cheap, and Fast: Overfitted Image Compression with Wasserstein Distortion",Jona Ballé; Luca Versari; Emilien Dupont; Hyunjik Kim; Matthias Bauer,5,23259-23268,True,https://openaccess.thecvf.com/content/CVPR2025/papers/Balle_Good_Cheap_and_Fast_Overfitted_Image_Compression_with_Wasserstein_Distortion_CVPR_2025_paper.pdf,https://openaccess.thecvf.com/content/CVPR2025/supplemental/Balle_Good_Cheap_and_CVPR_2025_supplemental.pdf,https://openaccess.thecvf.com/content/CVPR2025/html/Balle_Good_Cheap_and_Fast_Overfitted_Image_Compression_with_Wasserstein_Distortion_CVPR_2025_paper.html,"Inspired by the success of generative image models, recent work on learned image compression increasingly focuses on better probabilistic models of the natural image distribution, leading to excellent image quality. This, however, comes at the expense of a computational complexity that is several orders of magnitude higher than today's commercial codecs, and thus prohibitive for most practical applications. With this paper, we demonstrate that by focusing on modeling visual perception rather than the data distribution, we can achieve a very good trade-off between visual quality and bit rate similar to ""generative"" compression models such as HiFiC, while requiring less than 1% of the multiply-accumulate operations (MACs) for decompression. We do this by optimizing C3, an overfitted image codec, for Wasserstein Distortion (WD), and evaluating the image reconstructions with a human rater study, showing that WD clearly outperforms LPIPS as an optimization objective. The study also reveals that WD outperforms other perceptual metrics such as LPIPS, DISTS, and MS-SSIM as a predictor of human ratings, remarkably achieving over 94% Pearson correlation with Elo scores.","@InProceedings{Balle_2025_CVPR, author = {Ball\'e, Jona and Versari, Luca and Dupont, Emilien and Kim, Hyunjik and Bauer, Matthias}, title = {Good, Cheap, and Fast: Overfitted Image Compression with Wasserstein Distortion}, booktitle = {Proceedings of the Computer Vision and Pattern Recognition Conference (CVPR)}, month = {June}, year = {2025}, pages = {23259-23268} }"
Huang_V2X-R_Cooperative_LiDAR-4D_Radar_Fusion_with_Denoising_Diffusion_for_3D_CVPR_2025_paper,2025,0,Object_Detection,Object_Detection|Autonomous_Driving|Restoration_Enhancement,33.0,0.455,V2X-R: Cooperative LiDAR-4D Radar Fusion with Denoising Diffusion for 3D Object Detection,Xun Huang; Jinlong Wang; Qiming Xia; Siheng Chen; Bisheng Yang; Xin Li; Cheng Wang; Chenglu Wen,8,27390-27400,True,https://openaccess.thecvf.com/content/CVPR2025/papers/Huang_V2X-R_Cooperative_LiDAR-4D_Radar_Fusion_with_Denoising_Diffusion_for_3D_CVPR_2025_paper.pdf,https://openaccess.thecvf.com/content/CVPR2025/supplemental/Huang_V2X-R_Cooperative_LiDAR-4D_CVPR_2025_supplemental.pdf,https://openaccess.thecvf.com/content/CVPR2025/html/Huang_V2X-R_Cooperative_LiDAR-4D_Radar_Fusion_with_Denoising_Diffusion_for_3D_CVPR_2025_paper.html,"Current Vehicle-to-Everything (V2X) systems have significantly enhanced 3D object detection using LiDAR and camera data. However, they face performance degradation in adverse weather. Weather-robust 4D radar, with Doppler velocity and additional geometric information, offers a promising solution to this challenge. To this end, we present V2X-R, the first simulated V2X dataset incorporating LiDAR, camera, and 4D radar modalities. V2X-R contains 12,079 scenarios with 37,727 frames of LiDAR and 4D radar point clouds, 150,908 images, and 170,859 annotated 3D vehicle bounding boxes. Subsequently, we propose a novel cooperative LiDAR-4D radar fusion pipeline for 3D object detection and implement it with multiple fusion strategies. To achieve weather-robust detection, we additionally propose a Multi-modal Denoising Diffusion (MDD) module in our fusion pipeline. MDD utilizes weather-robust 4D radar feature as a condition to guide the diffusion model in denoising noisy LiDAR features.Experiments show that our LiDAR-4D radar fusion pipeline demonstrates superior performance in the V2X-R dataset. Over and above this, our MDD module further improved the foggy/snowy performance of the basic fusion model by up to 5.73%/6.70% and barely disrupting normal performance. The dataset and code will be publicly available.","@InProceedings{Huang_2025_CVPR, author = {Huang, Xun and Wang, Jinlong and Xia, Qiming and Chen, Siheng and Yang, Bisheng and Li, Xin and Wang, Cheng and Wen, Chenglu}, title = {V2X-R: Cooperative LiDAR-4D Radar Fusion with Denoising Diffusion for 3D Object Detection}, booktitle = {Proceedings of the Computer Vision and Pattern Recognition Conference (CVPR)}, month = {June}, year = {2025}, pages = {27390-27400} }"
Dai_Multi-Modal_Synergistic_Implicit_Image_Enhancement_for_Efficient_Optical_Flow_Estimation_CVPR_2025_paper,2025,0,LowLevel_Flow_Depth_Matching,LowLevel_Flow_Depth_Matching|Vision_Language_Multimodal|Restoration_Enhancement,18.0,0.333,Multi-Modal Synergistic Implicit Image Enhancement for Efficient Optical Flow Estimation,Weichen Dai; Hexing Wu; Xiaoyang Weng; Yuxin Zheng; Yuhang Ming; Wanzeng Kong,6,2173-2182,True,https://openaccess.thecvf.com/content/CVPR2025/papers/Dai_Multi-Modal_Synergistic_Implicit_Image_Enhancement_for_Efficient_Optical_Flow_Estimation_CVPR_2025_paper.pdf,,https://openaccess.thecvf.com/content/CVPR2025/html/Dai_Multi-Modal_Synergistic_Implicit_Image_Enhancement_for_Efficient_Optical_Flow_Estimation_CVPR_2025_paper.html,"As a fundamental visual task, optical flow estimation has widespread applications in computer vision. However, it faces significant challenges under adverse lighting conditions, where low texture and noise make accurate optical flow estimation particularly difficult.In this paper, we propose an optical flow method that employs implicit image enhancement through multi-modal synergistic training. To supplement the scene information missing in the original low-quality image, we utilize a high-low frequency feature enhancement network. The enhancement network is implicitly guided by multi-modal data and the specific subsequent tasks, enabling the model to learn multi-modal knowledge that enhances feature information suitable for optical flow estimation during inference. By using RGBD multi-modal data, the proposed method avoids the reliance on the images captured from the same view, a common limitation in traditional image enhancement methods.During training, the encoded features extracted from the enhanced images are synergistically supervised by features from the RGBD fusion as well as by the optical flow task.Experiments conducted on both synthetic and real datasets demonstrate that the proposed method significantly improves performance on public datasets.","@InProceedings{Dai_2025_CVPR, author = {Dai, Weichen and Wu, Hexing and Weng, Xiaoyang and Zheng, Yuxin and Ming, Yuhang and Kong, Wanzeng}, title = {Multi-Modal Synergistic Implicit Image Enhancement for Efficient Optical Flow Estimation}, booktitle = {Proceedings of the Computer Vision and Pattern Recognition Conference (CVPR)}, month = {June}, year = {2025}, pages = {2173-2182} }"
Chen_Quad-Pixel_Image_Defocus_Deblurring_A_New_Benchmark_and_Model_CVPR_2025_paper,2025,1,Restoration_Enhancement,Restoration_Enhancement|Computational_Photography,18.0,0.333,Quad-Pixel Image Defocus Deblurring: A New Benchmark and Model,Hang Chen; Yin Xie; Xiaoxiu Peng; Lihu Sun; Wenkai Su; Xiaodong Yang; Chengming Liu,7,5709-5719,True,https://openaccess.thecvf.com/content/CVPR2025/papers/Chen_Quad-Pixel_Image_Defocus_Deblurring_A_New_Benchmark_and_Model_CVPR_2025_paper.pdf,https://openaccess.thecvf.com/content/CVPR2025/supplemental/Chen_Quad-Pixel_Image_Defocus_CVPR_2025_supplemental.pdf,https://openaccess.thecvf.com/content/CVPR2025/html/Chen_Quad-Pixel_Image_Defocus_Deblurring_A_New_Benchmark_and_Model_CVPR_2025_paper.html,"Defocus deblurring is a challenging task due to the spatially varying blur. Recent works have shown impressive results in data-driven approaches using dual-pixel (DP) sensors. Quad-pixel (QP) sensors represent an advanced evolution of DP sensors, providing four distinct sub-aperture views in contrast to only two views offered by DP sensors. However, research on QP-based defocus deblurring is scarce. In this paper, we propose a novel end-to-end learning-based approach for defocus deblurring that leverages QP data. To achieve this, we design a QP defocus and all-in-focus image pair acquisition method and provide a QP Defocus Deblurring (QPDD) dataset containing 4,935 image pairs. We then introduce a Local-gate assisted Mamba Network (LMNet), which includes a two-branch encoder and a Simple Fusion Module (SFM) to fully utilize features of sub-aperture views. In particular, our LMNet incorporates a Local-gate assisted Mamba Block (LAMB) that mitigates local pixel forgetting and channel redundancy within Mamba, and effectively captures global and local dependencies. By extending the defocus deblurring task from a DP-based to a QP-based approach, we demonstrate significant improvements in restoring sharp images. Comprehensive experimental evaluations further indicate that our approach outperforms state-of-the-art methods.","@InProceedings{Chen_2025_CVPR, author = {Chen, Hang and Xie, Yin and Peng, Xiaoxiu and Sun, Lihu and Su, Wenkai and Yang, Xiaodong and Liu, Chengming}, title = {Quad-Pixel Image Defocus Deblurring: A New Benchmark and Model}, booktitle = {Proceedings of the Computer Vision and Pattern Recognition Conference (CVPR)}, month = {June}, year = {2025}, pages = {5709-5719} }"
Hong_ITA-MDT_Image-Timestep-Adaptive_Masked_Diffusion_Transformer_Framework_for_Image-Based_Virtual_Try-On_CVPR_2025_paper,2025,0,Diffusion_Generative,Diffusion_Generative|Restoration_Enhancement,18.0,0.5,ITA-MDT: Image-Timestep-Adaptive Masked Diffusion Transformer Framework for Image-Based Virtual Try-On,Ji Woo Hong; Tri Ton; Trung X. Pham; Gwanhyeong Koo; Sunjae Yoon; Chang D. Yoo,6,28284-28294,True,https://openaccess.thecvf.com/content/CVPR2025/papers/Hong_ITA-MDT_Image-Timestep-Adaptive_Masked_Diffusion_Transformer_Framework_for_Image-Based_Virtual_Try-On_CVPR_2025_paper.pdf,https://openaccess.thecvf.com/content/CVPR2025/supplemental/Hong_ITA-MDT_Image-Timestep-Adaptive_Masked_CVPR_2025_supplemental.pdf,https://openaccess.thecvf.com/content/CVPR2025/html/Hong_ITA-MDT_Image-Timestep-Adaptive_Masked_Diffusion_Transformer_Framework_for_Image-Based_Virtual_Try-On_CVPR_2025_paper.html,"This paper introduces ITA-MDT, the Image-Timestep-Adaptive Masked Diffusion Transformer Framework for Image-Based Virtual Try-On (IVTON), designed to overcome the limitations of previous approaches by leveraging the Masked Diffusion Transformer (MDT) for improved handling of both global garment context and fine-grained details. The IVTON task involves seamlessly superimposing a garment from one image onto a person in another, creating a realistic depiction of the person wearing the specified garment. Unlike conventional diffusion-based virtual try-on models that depend on large pre-trained U-Net architectures, ITA-MDT leverages a lightweight, scalable transformer-based denoising diffusion model with a mask latent modeling scheme, achieving competitive results while reducing computational overhead. A key component of ITA-MDT is the Image-Timestep Adaptive Feature Aggregator (ITAFA), a dynamic feature aggregator that combines all of the features from the image encoder into a unified feature of the same size, guided by diffusion timestep and garment image complexity. This enables adaptive weighting of features, allowing the model to emphasize either global information or fine-grained details based on the requirements of the denoising stage. Additionally, the Salient Region Extractor (SRE) module is presented to identify complex region of the garment to provide high-resolution local information to the denoising model as an additional condition alongside the global information of the full garment image. This targeted conditioning strategy enhances detail preservation of fine details in highly salient garment regions, optimizing computational resources by avoiding unnecessarily processing entire garment image. Comparative evaluations confirms that ITA-MDT improves efficiency while maintaining strong performance, reaching state-of-the-art results in several metrics.","@InProceedings{Hong_2025_CVPR, author = {Hong, Ji Woo and Ton, Tri and Pham, Trung X. and Koo, Gwanhyeong and Yoon, Sunjae and Yoo, Chang D.}, title = {ITA-MDT: Image-Timestep-Adaptive Masked Diffusion Transformer Framework for Image-Based Virtual Try-On}, booktitle = {Proceedings of the Computer Vision and Pattern Recognition Conference (CVPR)}, month = {June}, year = {2025}, pages = {28284-28294} }"
Yu_VolFormer_Explore_More_Comprehensive_Cube_Interaction_for_Hyperspectral_Image_Restoration_CVPR_2025_paper,2025,1,Restoration_Enhancement,Restoration_Enhancement|Medical_Bio_RemoteSensing,21.0,0.143,VolFormer: Explore More Comprehensive Cube Interaction for Hyperspectral Image Restoration and Beyond,Dabing Yu; Zheng Gao,2,28091-28101,True,https://openaccess.thecvf.com/content/CVPR2025/papers/Yu_VolFormer_Explore_More_Comprehensive_Cube_Interaction_for_Hyperspectral_Image_Restoration_CVPR_2025_paper.pdf,https://openaccess.thecvf.com/content/CVPR2025/supplemental/Yu_VolFormer_Explore_More_CVPR_2025_supplemental.pdf,https://openaccess.thecvf.com/content/CVPR2025/html/Yu_VolFormer_Explore_More_Comprehensive_Cube_Interaction_for_Hyperspectral_Image_Restoration_CVPR_2025_paper.html,"Capitalizing on the talent of self-attention in capturing non-local features, Transformer architectures have exhibited remarkable performance in single hyperspectral image restoration. For hyperspectral images, each pixel is located in the hyperspectral image cubes with a large spectral dimension and two spatial dimensions. Although uni-dimensional self-attention, like channel self-attention or spatial self-attention, builds long-range dependencies in spectral or spatial dimensions, they lack more comprehensive interactions across dimensions. To tackle the above drawback, we propose a VolFormer, a volumetric self-attention embedded Transformer network for single hyperspectral image restoration. Specifically, we propose volumetric self-attention (VolSA), which extends the interaction from 2D flat to 3D cube. VolSA can simultaneously model token interaction in the 3D cube, mining the potential correlations between the hyperspectral image cube. An attention decomposition form is proposed to reduce the computational burden of modeling volumetric information. In practical terms, VolSA adapts double similarity matrixes in spatial and channel dimensions to implicitly model 3D context information while transforming the complexity from cubic to quadratic. Additionally, we introduce the explicit spectral location prior to enhance the proposed self-attention. This property allows the target token to perceive global spectral information while simultaneously assigning different levels of attention to tokens at varying wavelength bands. Extensive experiments demonstrate that VolFormer achieves record-high performance on hyperspectral image super-resolution, denoise and classification benchmarks. Particularly, VolSA is portable and achieves inspiring results in hyperspectral classification. The source code is available at https://github.com/yudadabing/VolFormer.","@InProceedings{Yu_2025_CVPR, author = {Yu, Dabing and Gao, Zheng}, title = {VolFormer: Explore More Comprehensive Cube Interaction for Hyperspectral Image Restoration and Beyond}, booktitle = {Proceedings of the Computer Vision and Pattern Recognition Conference (CVPR)}, month = {June}, year = {2025}, pages = {28091-28101} }"
Kant_Pippo_High-Resolution_Multi-View_Humans_from_a_Single_Image_CVPR_2025_paper,2025,1,Restoration_Enhancement,Restoration_Enhancement,6.0,0.167,Pippo: High-Resolution Multi-View Humans from a Single Image,Yash Kant; Ethan Weber; Jin Kyu Kim; Rawal Khirodkar; Su Zhaoen; Julieta Martinez; Igor Gilitschenski; Shunsuke Saito; Timur Bagautdinov,9,16418-16429,True,https://openaccess.thecvf.com/content/CVPR2025/papers/Kant_Pippo_High-Resolution_Multi-View_Humans_from_a_Single_Image_CVPR_2025_paper.pdf,https://openaccess.thecvf.com/content/CVPR2025/supplemental/Kant_Pippo_High-Resolution_Multi-View_CVPR_2025_supplemental.pdf,https://openaccess.thecvf.com/content/CVPR2025/html/Kant_Pippo_High-Resolution_Multi-View_Humans_from_a_Single_Image_CVPR_2025_paper.html,"We present Pippo, a generative model capable of producing 1K resolution dense turnaround videos of a person from a single casually clicked photo. Pippo is a multi-view diffusion transformer and does not require any additional inputs - e.g., a fitted parametric model or camera parameters of the input image. We pre-train Pippo on 3B human images without captions, and conduct multi-view mid-training and post-training on studio captured humans. During mid-training, to quickly absorb the studio dataset, we denoise several (up to 48) views at low-resolution, and encode target cameras coarsely using a shallow MLP. During post-training, we denoise fewer views at high-resolution and use pixel-aligned controls (e.g., Spatial anchor and Plucker rays) to enable 3D consistent generations. At inference, we propose an attention biasing technique that allows Pippo to simultaneously generate greater than 5 times as many views as seen during training. Finally, we also introduce an improved metric to evaluate 3D consistency of multi-view generations, and show that Pippo outperforms existing works on multi-view human generation from a single image.","@InProceedings{Kant_2025_CVPR, author = {Kant, Yash and Weber, Ethan and Kim, Jin Kyu and Khirodkar, Rawal and Zhaoen, Su and Martinez, Julieta and Gilitschenski, Igor and Saito, Shunsuke and Bagautdinov, Timur}, title = {Pippo: High-Resolution Multi-View Humans from a Single Image}, booktitle = {Proceedings of the Computer Vision and Pattern Recognition Conference (CVPR)}, month = {June}, year = {2025}, pages = {16418-16429} }"
Gu_Improving_Visual_and_Downstream_Performance_of_Low-Light_Enhancer_with_Vision_CVPR_2025_paper,2025,0,SelfSupervised_Representation,SelfSupervised_Representation|Restoration_Enhancement,21.0,0.143,Improving Visual and Downstream Performance of Low-Light Enhancer with Vision Foundation Models Collaboration,Yuxuan Gu; Haoxuan Wang; Pengyang Ling; Zhixiang Wei; Huaian Chen; Yi Jin; Enhong Chen,7,16071-16080,True,https://openaccess.thecvf.com/content/CVPR2025/papers/Gu_Improving_Visual_and_Downstream_Performance_of_Low-Light_Enhancer_with_Vision_CVPR_2025_paper.pdf,https://openaccess.thecvf.com/content/CVPR2025/supplemental/Gu_Improving_Visual_and_CVPR_2025_supplemental.pdf,https://openaccess.thecvf.com/content/CVPR2025/html/Gu_Improving_Visual_and_Downstream_Performance_of_Low-Light_Enhancer_with_Vision_CVPR_2025_paper.html,"In this paper, we observe that the collaboration of various foundation models can perceive semantic and degraded information within images, thereby guiding the low-light enhancement process. Specifically, we propose a self-supervised low-light enhancement framework based on the multiple foundation models collaboration (dubbed FoCo), aimed at improving both the visual quality of enhanced images and the performance in high-level applications. At the feature level, FoCo leverages the rich features from various foundation models to enhance the model's semantic perception during training, thereby reducing the gap between enhanced results and high-quality images from a high-level perspective. At the task level, we exploit the robustness-gap between strong foundation models and weak models, applying high-level task guidance to the low-light enhancement training process. Through the collaboration of multiple foundation models, the proposed framework shows better enhancement performance and adapts better to high-level tasks. Extensive experiments across various enhancement and application benchmarks demonstrate the qualitative and quantitative superiority of the proposed method over numerous state-of-the-art techniques.","@InProceedings{Gu_2025_CVPR, author = {Gu, Yuxuan and Wang, Haoxuan and Ling, Pengyang and Wei, Zhixiang and Chen, Huaian and Jin, Yi and Chen, Enhong}, title = {Improving Visual and Downstream Performance of Low-Light Enhancer with Vision Foundation Models Collaboration}, booktitle = {Proceedings of the Computer Vision and Pattern Recognition Conference (CVPR)}, month = {June}, year = {2025}, pages = {16071-16080} }"
Liu_UHD-processer_Unified_UHD_Image_Restoration_with_Progressive_Frequency_Learning_and_CVPR_2025_paper,2025,1,Restoration_Enhancement,Restoration_Enhancement,27.0,0.778,UHD-processer: Unified UHD Image Restoration with Progressive Frequency Learning and Degradation-aware Prompts,Yidi Liu; Dong Li; Xueyang Fu; Xin Lu; Jie Huang; Zheng-Jun Zha,6,23121-23130,True,https://openaccess.thecvf.com/content/CVPR2025/papers/Liu_UHD-processer_Unified_UHD_Image_Restoration_with_Progressive_Frequency_Learning_and_CVPR_2025_paper.pdf,https://openaccess.thecvf.com/content/CVPR2025/supplemental/Liu_UHD-processer_Unified_UHD_CVPR_2025_supplemental.pdf,https://openaccess.thecvf.com/content/CVPR2025/html/Liu_UHD-processer_Unified_UHD_Image_Restoration_with_Progressive_Frequency_Learning_and_CVPR_2025_paper.html,"We introduce UHD-Processor, a unified and robust framework for all-in-one image restoration, which is particularly resource-efficient for Ultra-High-Definition (UHD) images. To address the limitations of traditional all-in-one methods that rely on complex restoration backbones, our strategy employs a frequency domain decoupling progressive learning technique, motivated by curriculum learning, to incrementally learn restoration mappings from low to high frequencies. This approach incorporates specialized sub-network modules to effectively tackle different frequency bands in a divide-and-conquer manner, significantly enhancing the learning capability of simpler networks. Moreover, to accommodate the high-resolution characteristics of UHD images, we developed a variational autoencoder (VAE)-based framework that reduces computational complexity by modeling a concise latent space. It integrates task-specific degradation awareness in the encoder and frequency selection in the decoder, enhancing task comprehension and generalization. Our unified model is able to handle various degradations such as denoising, deblurring, dehazing, low-lighting, etc. Experimental evaluations extensively showcase the effectiveness of our dual-strategy approach, significantly improving UHD image restoration and achieving cutting-edge performance across diverse conditions. The code will be available at https://github.com/lyd-2022/UHD-processer.","@InProceedings{Liu_2025_CVPR, author = {Liu, Yidi and Li, Dong and Fu, Xueyang and Lu, Xin and Huang, Jie and Zha, Zheng-Jun}, title = {UHD-processer: Unified UHD Image Restoration with Progressive Frequency Learning and Degradation-aware Prompts}, booktitle = {Proceedings of the Computer Vision and Pattern Recognition Conference (CVPR)}, month = {June}, year = {2025}, pages = {23121-23130} }"
Jatyani_A_Unified_Model_for_Compressed_Sensing_MRI_Across_Undersampling_Patterns_CVPR_2025_paper,2025,0,Medical_Bio_RemoteSensing,Medical_Bio_RemoteSensing|Restoration_Enhancement,18.0,0.389,A Unified Model for Compressed Sensing MRI Across Undersampling Patterns,Armeet Singh Jatyani; Jiayun Wang; Aditi Chandrashekar; Zihui Wu; Miguel Liu-Schiaffini; Bahareh Tolooshams; Anima Anandkumar,7,26004-26013,True,https://openaccess.thecvf.com/content/CVPR2025/papers/Jatyani_A_Unified_Model_for_Compressed_Sensing_MRI_Across_Undersampling_Patterns_CVPR_2025_paper.pdf,https://openaccess.thecvf.com/content/CVPR2025/supplemental/Jatyani_A_Unified_Model_CVPR_2025_supplemental.pdf,https://openaccess.thecvf.com/content/CVPR2025/html/Jatyani_A_Unified_Model_for_Compressed_Sensing_MRI_Across_Undersampling_Patterns_CVPR_2025_paper.html,"Compressed Sensing MRI reconstructs images of the body's internal anatomy from undersampled measurements, thereby reducing the scan time - the time subjects need to remain still. Recently, deep learning has shown great potential for reconstructing high-fidelity images from highly undersampled measurements. However, one needs to train multiple models for different undersampling patterns and desired output image resolutions, since most networks operate on a fixed discretization. Such approaches are highly impractical in clinical settings, where undersampling patterns and image resolutions are frequently changed to accommodate different real-time imaging and diagnostic requirements. We propose a unified MRI reconstruction model robust to various measurement undersampling patterns and image resolutions. Our approach uses neural operators- a discretization-agnostic architecture applied in both image and measurement spaces--to capture local and global features. Empirically, our model improves SSIM by 11% and PSNR by 4dB over a state-of-the-art CNN (End-to-End VarNet), with inference 600x faster than diffusion methods. The resolution-agnostic design also enables zero-shot super-resolution and extended field-of-view reconstruction, offering a versatile and efficient solution for clinical MR imaging. Our unified model offers a versatile solution for MRI, adapting seamlessly to various measurement undersampling and imaging resolutions, making it highly effective for flexible and reliable clinical imaging. Our code is available at https://armeet.ca/nomri.","@InProceedings{Jatyani_2025_CVPR, author = {Jatyani, Armeet Singh and Wang, Jiayun and Chandrashekar, Aditi and Wu, Zihui and Liu-Schiaffini, Miguel and Tolooshams, Bahareh and Anandkumar, Anima}, title = {A Unified Model for Compressed Sensing MRI Across Undersampling Patterns}, booktitle = {Proceedings of the Computer Vision and Pattern Recognition Conference (CVPR)}, month = {June}, year = {2025}, pages = {26004-26013} }"
Dong_TSD-SR_One-Step_Diffusion_with_Target_Score_Distillation_for_Real-World_Image_CVPR_2025_paper,2025,1,Restoration_Enhancement,Restoration_Enhancement|Diffusion_Generative,21.0,0.429,TSD-SR: One-Step Diffusion with Target Score Distillation for Real-World Image Super-Resolution,Linwei Dong; Qingnan Fan; Yihong Guo; Zhonghao Wang; Qi Zhang; Jinwei Chen; Yawei Luo; Changqing Zou,8,23174-23184,True,https://openaccess.thecvf.com/content/CVPR2025/papers/Dong_TSD-SR_One-Step_Diffusion_with_Target_Score_Distillation_for_Real-World_Image_CVPR_2025_paper.pdf,https://openaccess.thecvf.com/content/CVPR2025/supplemental/Dong_TSD-SR_One-Step_Diffusion_CVPR_2025_supplemental.pdf,https://openaccess.thecvf.com/content/CVPR2025/html/Dong_TSD-SR_One-Step_Diffusion_with_Target_Score_Distillation_for_Real-World_Image_CVPR_2025_paper.html,"Pre-trained text-to-image diffusion models are increasingly applied to real-world image super-resolution (Real-ISR) task. Given the iterative refinement nature of diffusion models, most existing approaches are computationally expensive. While methods such as SinSR and OSEDiff have emerged to condense inference steps via distillation, their performance in image restoration or details recovery is not satisfied. To address this, we propose TSD-SR, a novel distillation framework specifically designed for real-world image super-resolution, aiming to construct an efficient and effective one-step model. We first introduce the Target Score Distillation, which leverages the priors of diffusion models and real image references to achieve more realistic image restoration. Secondly, we propose a Distribution-Aware Sampling Module to make detail-oriented gradients more readily accessible, addressing the challenge of recovering fine details. Extensive experiments demonstrate that our TSD-SR has superior restoration results (most of the metrics perform the best) and the fastest inference speed (e.g. 40 times faster than SeeSR) compared to the past Real-ISR approaches based on pre-trained diffusion priors.","@InProceedings{Dong_2025_CVPR, author = {Dong, Linwei and Fan, Qingnan and Guo, Yihong and Wang, Zhonghao and Zhang, Qi and Chen, Jinwei and Luo, Yawei and Zou, Changqing}, title = {TSD-SR: One-Step Diffusion with Target Score Distillation for Real-World Image Super-Resolution}, booktitle = {Proceedings of the Computer Vision and Pattern Recognition Conference (CVPR)}, month = {June}, year = {2025}, pages = {23174-23184} }"
Wang_Learning_Hazing_to_Dehazing_Towards_Realistic_Haze_Generation_for_Real-World_CVPR_2025_paper,2025,1,Restoration_Enhancement,Restoration_Enhancement|Diffusion_Generative,27.0,0.593,Learning Hazing to Dehazing: Towards Realistic Haze Generation for Real-World Image Dehazing,Ruiyi Wang; Yushuo Zheng; Zicheng Zhang; Chunyi Li; Shuaicheng Liu; Guangtao Zhai; Xiaohong Liu,7,23091-23100,True,https://openaccess.thecvf.com/content/CVPR2025/papers/Wang_Learning_Hazing_to_Dehazing_Towards_Realistic_Haze_Generation_for_Real-World_CVPR_2025_paper.pdf,https://openaccess.thecvf.com/content/CVPR2025/supplemental/Wang_Learning_Hazing_to_CVPR_2025_supplemental.pdf,https://openaccess.thecvf.com/content/CVPR2025/html/Wang_Learning_Hazing_to_Dehazing_Towards_Realistic_Haze_Generation_for_Real-World_CVPR_2025_paper.html,"Existing real-world image dehazing methods primarily attempt to fine-tune pre-trained models or adapt their inference procedures, thus heavily relying on the pre-trained models and associated training data. Moreover, restoring heavily distorted information under dense haze requires generative diffusion models, whose potential in dehazing remains underutilized partly due to their lengthy sampling processes. To address these limitations, we introduce a novel hazing-dehazing pipeline consisting of a Realistic Hazy Image Generation framework (HazeGen) and a Diffusion-based Dehazing framework (DiffDehaze). Specifically, HazeGen harnesses robust generative diffusion priors of real-world hazy images embedded in a pre-trained text-to-image diffusion model. By employing specialized hybrid training and blended sampling strategies, HazeGen produces realistic and diverse hazy images as high-quality training data for DiffDehaze. To alleviate the inefficiency and fidelity concerns associated with diffusion-based methods, DiffDehaze adopts an Accelerated Fidelity-Preserving Sampling process (AccSamp). The core of AccSamp is the Tiled Statistical Alignment Operation (AlignOp), which can provide a clean and faithful dehazing estimate within a small fraction of sampling steps to reduce complexity and enable effective fidelity guidance. Extensive experiments demonstrate the superior dehazing performance and visual quality of our approach over existing methods. The code is available at https://github.com/ruiyi-w/Learning-Hazing-to-Dehazing.","@InProceedings{Wang_2025_CVPR, author = {Wang, Ruiyi and Zheng, Yushuo and Zhang, Zicheng and Li, Chunyi and Liu, Shuaicheng and Zhai, Guangtao and Liu, Xiaohong}, title = {Learning Hazing to Dehazing: Towards Realistic Haze Generation for Real-World Image Dehazing}, booktitle = {Proceedings of the Computer Vision and Pattern Recognition Conference (CVPR)}, month = {June}, year = {2025}, pages = {23091-23100} }"
Wei_EvEnhancer_Empowering_Effectiveness_Efficiency_and_Generalizability_for_Continuous_Space-Time_Video_CVPR_2025_paper,2025,1,Restoration_Enhancement,Restoration_Enhancement|Video_Action_Recognition,12.0,0.25,"EvEnhancer: Empowering Effectiveness, Efficiency and Generalizability for Continuous Space-Time Video Super-Resolution with Events",Shuoyan Wei; Feng Li; Shengeng Tang; Yao Zhao; Huihui Bai,5,17755-17766,True,https://openaccess.thecvf.com/content/CVPR2025/papers/Wei_EvEnhancer_Empowering_Effectiveness_Efficiency_and_Generalizability_for_Continuous_Space-Time_Video_CVPR_2025_paper.pdf,https://openaccess.thecvf.com/content/CVPR2025/supplemental/Wei_EvEnhancer_Empowering_Effectiveness_CVPR_2025_supplemental.pdf,https://openaccess.thecvf.com/content/CVPR2025/html/Wei_EvEnhancer_Empowering_Effectiveness_Efficiency_and_Generalizability_for_Continuous_Space-Time_Video_CVPR_2025_paper.html,"Continuous space-time video super-resolution (C-STVSR) endeavors to upscale videos simultaneously at arbitrary spatial and temporal scales, which has recently garnered increasing interest. However, prevailing methods struggle to yield satisfactory videos at out-of-distribution spatial and temporal scales. On the other hand, event streams characterized by high temporal resolution and high dynamic range, exhibit compelling promise in vision tasks. This paper presents EvEnhancer, an innovative approach that marries the unique advantages of event streams to elevate effectiveness, efficiency, and generalizability for C-STVSR. Our approach hinges on two pivotal components: 1) Event-adapted synthesis capitalizes on the spatiotemporal correlations between frames and events to discern and learn long-term motion trajectories, enabling the adaptive interpolation and fusion of informative spatiotemporal features; 2) Local implicit video transformer integrates local implicit video neural function with cross-scale spatiotemporal attention to learn continuous video representations utilized to generate plausible videos at arbitrary resolutions and frame rates. Experiments show that EvEnhancer achieves superiority on synthetic and real-world datasets and preferable generalizability on out-of-distribution scales against state-of-the-art methods. Code is available at https://github.com/W-Shuoyan/EvEnhancer.","@InProceedings{Wei_2025_CVPR, author = {Wei, Shuoyan and Li, Feng and Tang, Shengeng and Zhao, Yao and Bai, Huihui}, title = {EvEnhancer: Empowering Effectiveness, Efficiency and Generalizability for Continuous Space-Time Video Super-Resolution with Events}, booktitle = {Proceedings of the Computer Vision and Pattern Recognition Conference (CVPR)}, month = {June}, year = {2025}, pages = {17755-17766} }"
Xu_Adaptive_Dropout_Unleashing_Dropout_across_Layers_for_Generalizable_Image_Super-Resolution_CVPR_2025_paper,2025,1,Restoration_Enhancement,Restoration_Enhancement,15.0,1.0,Adaptive Dropout: Unleashing Dropout across Layers for Generalizable Image Super-Resolution,Hang Xu; Jie Huang; Wei Yu; Jiangtong Tan; Zhen Zou; Feng Zhao,6,7513-7523,True,https://openaccess.thecvf.com/content/CVPR2025/papers/Xu_Adaptive_Dropout_Unleashing_Dropout_across_Layers_for_Generalizable_Image_Super-Resolution_CVPR_2025_paper.pdf,https://openaccess.thecvf.com/content/CVPR2025/supplemental/Xu_Adaptive_Dropout_Unleashing_CVPR_2025_supplemental.pdf,https://openaccess.thecvf.com/content/CVPR2025/html/Xu_Adaptive_Dropout_Unleashing_Dropout_across_Layers_for_Generalizable_Image_Super-Resolution_CVPR_2025_paper.html,"Blind Super-Resolution(blind SR) aims to enhance the model's generalization ability with unknown degradation, yet it still encounters severe overfitting issues. Some previous methods inspired by dropout, which enhances generalization by regularizing features, have shown promising results in blind SR. Nevertheless, these methods focus solely on regularizing features before the final layer and overlook the need for generalization in features at intermediate layers. Without explicit regularization of features at intermediate layers, the blind SR network struggles to obtain well-generalized feature representations. However, the key challenge is that directly applying dropout to intermediate layers leads to a significant performance drop, which we attribute to the inconsistency in training-testing and across layers it introduced. Therefore, we propose Adaptive Dropout, a new regularization method for blind SR models, which mitigates the inconsistency and facilitates application across intermediate layers of networks. Specifically, for training-testing inconsistency, we re-design the form of dropout and integrate the features before and after dropout adaptively. For inconsistency in generalization requirements across different layers, we innovatively design an adaptive training strategy to strengthen feature propagation by layer-wise annealing. Experimental results show that our method outperforms all past regularization methods on both synthetic and real-world benchmark datasets, also highly effective in other image restoration tasks.","@InProceedings{Xu_2025_CVPR, author = {Xu, Hang and Huang, Jie and Yu, Wei and Tan, Jiangtong and Zou, Zhen and Zhao, Feng}, title = {Adaptive Dropout: Unleashing Dropout across Layers for Generalizable Image Super-Resolution}, booktitle = {Proceedings of the Computer Vision and Pattern Recognition Conference (CVPR)}, month = {June}, year = {2025}, pages = {7513-7523} }"
Ye_BEVDiffuser_Plug-and-Play_Diffusion_Model_for_BEV_Denoising_with_Ground-Truth_Guidance_CVPR_2025_paper,2025,0,Autonomous_Driving,Autonomous_Driving|Restoration_Enhancement|Diffusion_Generative|Object_Detection,21.0,0.143,BEVDiffuser: Plug-and-Play Diffusion Model for BEV Denoising with Ground-Truth Guidance,Xin Ye; Burhaneddin Yaman; Sheng Cheng; Feng Tao; Abhirup Mallik; Liu Ren,6,1495-1504,True,https://openaccess.thecvf.com/content/CVPR2025/papers/Ye_BEVDiffuser_Plug-and-Play_Diffusion_Model_for_BEV_Denoising_with_Ground-Truth_Guidance_CVPR_2025_paper.pdf,https://openaccess.thecvf.com/content/CVPR2025/supplemental/Ye_BEVDiffuser_Plug-and-Play_Diffusion_CVPR_2025_supplemental.pdf,https://openaccess.thecvf.com/content/CVPR2025/html/Ye_BEVDiffuser_Plug-and-Play_Diffusion_Model_for_BEV_Denoising_with_Ground-Truth_Guidance_CVPR_2025_paper.html,"Bird's-eye-view (BEV) representations play a crucial role in autonomous driving tasks. Despite recent advancements in BEV generation, inherent noise, stemming from sensor limitations and the learning process, remains largely unaddressed, resulting in suboptimal BEV representations that adversely impact the performance of downstream tasks. To address this, we propose BEVDiffuser, a novel diffusion model that effectively denoises BEV feature maps using the ground-truth object layout as guidance. BEVDiffuser can be operated in a plug-and-play manner during training time to enhance existing BEV models without requiring any architectural modifications. Extensive experiments on the challenging nuScenes dataset demonstrate BEVDiffuser's exceptional denoising and generation capabilities, which enable significant enhancement to existing BEV models, as evidenced by notable improvements of 12.3% in mAP and 10.1% in NDS achieved for 3D object detection without introducing additional computational complexity. Moreover, substantial improvements in long-tail object detection and under challenging weather and lighting conditions further validate BEVDiffuser's effectiveness in denoising and enhancing BEV representations.","@InProceedings{Ye_2025_CVPR, author = {Ye, Xin and Yaman, Burhaneddin and Cheng, Sheng and Tao, Feng and Mallik, Abhirup and Ren, Liu}, title = {BEVDiffuser: Plug-and-Play Diffusion Model for BEV Denoising with Ground-Truth Guidance}, booktitle = {Proceedings of the Computer Vision and Pattern Recognition Conference (CVPR)}, month = {June}, year = {2025}, pages = {1495-1504} }"
Lee_DiET-GS_Diffusion_Prior_and_Event_Stream-Assisted_Motion_Deblurring_3D_Gaussian_CVPR_2025_paper,2025,1,Restoration_Enhancement,Restoration_Enhancement|Neural_Rendering_NeRF_3DGS,27.0,0.333,DiET-GS: Diffusion Prior and Event Stream-Assisted Motion Deblurring 3D Gaussian Splatting,Seungjun Lee; Gim Hee Lee,2,21739-21749,True,https://openaccess.thecvf.com/content/CVPR2025/papers/Lee_DiET-GS_Diffusion_Prior_and_Event_Stream-Assisted_Motion_Deblurring_3D_Gaussian_CVPR_2025_paper.pdf,https://openaccess.thecvf.com/content/CVPR2025/supplemental/Lee_DiET-GS_Diffusion_Prior_CVPR_2025_supplemental.pdf,https://openaccess.thecvf.com/content/CVPR2025/html/Lee_DiET-GS_Diffusion_Prior_and_Event_Stream-Assisted_Motion_Deblurring_3D_Gaussian_CVPR_2025_paper.html,"Reconstructing sharp 3D representations from blurry multi-view images are long-standing problem in computer vision. Recent works attempt to enhance high-quality novel view synthesis from the motion blur by leveraging event-based cameras, benefiting from high dynamic range and microsecond temporal resolution. However, they often reach sub-optimal visual quality in either restoring inaccurate color or losing fine-grained details. In this paper, we present DiET-GS, a diffusion prior and event stream-assisted motion deblurring 3DGS. Our framework effectively leverages blur-free event streams and diffusion prior in a two-stage training strategy. Specifically, we introduce the novel framework to constraint 3DGS with event double integral, achieving both accurate color and well-defined details. Additionally, we propose a simple technique to leverage diffusion prior to further enhance the edge details. Qualitative and quantitative results on both synthetic and real-world data demonstrate that our DiET-GS is capable of producing better quality of novel views compared to the existing baselines. The project page link is attached in main paper.","@InProceedings{Lee_2025_CVPR, author = {Lee, Seungjun and Lee, Gim Hee}, title = {DiET-GS: Diffusion Prior and Event Stream-Assisted Motion Deblurring 3D Gaussian Splatting}, booktitle = {Proceedings of the Computer Vision and Pattern Recognition Conference (CVPR)}, month = {June}, year = {2025}, pages = {21739-21749} }"
Ma_Rethinking_Reconstruction_and_Denoising_in_the_Dark_New_Perspective_General_CVPR_2025_paper,2025,1,Restoration_Enhancement,Restoration_Enhancement,18.0,0.833,"Rethinking Reconstruction and Denoising in the Dark: New Perspective, General Architecture and Beyond",Tengyu Ma; Long Ma; Ziye Li; Yuetong Wang; Jinyuan Liu; Chengpei Xu; Risheng Liu,7,2323-2332,True,https://openaccess.thecvf.com/content/CVPR2025/papers/Ma_Rethinking_Reconstruction_and_Denoising_in_the_Dark_New_Perspective_General_CVPR_2025_paper.pdf,,https://openaccess.thecvf.com/content/CVPR2025/html/Ma_Rethinking_Reconstruction_and_Denoising_in_the_Dark_New_Perspective_General_CVPR_2025_paper.html,"Recently, enhancing image quality in the original RAW domain has garnered significant attention, with denoising and reconstruction emerging as fundamental tasks. Although some works attempt to couple these tasks, they primarily focus on cascade learning while neglecting task associativity within a broader parameter space, leading to suboptimal performance. This work introduces a novel approach by rethinking denoising and reconstruction from a ""backbone-head"" perspective, leveraging the stronger shared parameter space offered by the backbone, compared to the encoder used in existing works. We derive task-specific heads with fewer parameters to mitigate learning pressure. By incorporating chromaticity-and-noise perception module into the backbone and introducing task-specific supervision during training, we enable simultaneous high-quality results for reconstruction and denoising. Additionally, we design a dual-head interaction module to capture the latent correspondence between the two tasks, significantly enhancing multi-task accuracy. Extensive experiments validate the superiority of the proposed method. Code is available at: https://github.com/csmty/CANS.","@InProceedings{Ma_2025_CVPR, author = {Ma, Tengyu and Ma, Long and Li, Ziye and Wang, Yuetong and Liu, Jinyuan and Xu, Chengpei and Liu, Risheng}, title = {Rethinking Reconstruction and Denoising in the Dark: New Perspective, General Architecture and Beyond}, booktitle = {Proceedings of the Computer Vision and Pattern Recognition Conference (CVPR)}, month = {June}, year = {2025}, pages = {2323-2332} }"
Hadji_Edge-SD-SR_Low_Latency_and_Parameter_Efficient_On-device_Super-Resolution_with_Stable_CVPR_2025_paper,2025,0,Efficiency_Compression,Efficiency_Compression|Diffusion_Generative|Restoration_Enhancement,22.0,0.182,Edge-SD-SR: Low Latency and Parameter Efficient On-device Super-Resolution with Stable Diffusion via Bidirectional Conditioning,Isma Hadji; Mehdi Noroozi; Victor Escorcia; Anestis Zaganidis; Brais Martinez; Georgios Tzimiropoulos,6,12789-12798,True,https://openaccess.thecvf.com/content/CVPR2025/papers/Hadji_Edge-SD-SR_Low_Latency_and_Parameter_Efficient_On-device_Super-Resolution_with_Stable_CVPR_2025_paper.pdf,,https://openaccess.thecvf.com/content/CVPR2025/html/Hadji_Edge-SD-SR_Low_Latency_and_Parameter_Efficient_On-device_Super-Resolution_with_Stable_CVPR_2025_paper.html,"There has been immense progress recently in the visual quality of Stable Diffusion-based Super Resolution (SD-SR). However, deploying large diffusion models on computationally restricted devices such as mobile phones remains impractical due to the large model size and high latency. This is compounded for SR as it often operates at high res (e.g. 4Kx3K). In this work, we introduce Edge-SD-SR, the first parameter efficient and low latency diffusion model for image super-resolution. Edge-SD-SR consists of 169M parameters, including UNet, encoder and decoder, and has a complexity of only 142 GFLOPs. To maintain a high visual quality on such low compute budget, we introduce a number of training strategies: (i) A novel conditioning mechanism on the low-resolution input, coined bidirectional conditioning, which tailors the SD model for the SR task. (ii) Joint training of the UNet and encoder, while decoupling the encodings of the HR and LR images and using a dedicated schedule. (iii) Finetuning the decoder using the UNet's output to directly tailor the decoder to the latents obtained at inference time. Edge-SD-SR runs efficiently on device, e.g. it can upscale a 128x128 patch to 512x512 in 38 msec while running on a Samsung S24 DSP, and of a 512 x 512 to 2, 048 x 2, 048 (requiring 25 model evaluations) in just 1.1 sec. Furthermore, we show that Edge-SD-SR matches or even outperforms state-of-the-art SR approaches on the most established SR benchmarks.","@InProceedings{Hadji_2025_CVPR, author = {Hadji, Isma and Noroozi, Mehdi and Escorcia, Victor and Zaganidis, Anestis and Martinez, Brais and Tzimiropoulos, Georgios}, title = {Edge-SD-SR: Low Latency and Parameter Efficient On-device Super-Resolution with Stable Diffusion via Bidirectional Conditioning}, booktitle = {Proceedings of the Computer Vision and Pattern Recognition Conference (CVPR)}, month = {June}, year = {2025}, pages = {12789-12798} }"
Zhou_TSP-Mamba_The_Travelling_Salesman_Problem_Meets_Mamba_for_Image_Super-resolution_CVPR_2025_paper,2025,1,Restoration_Enhancement,Restoration_Enhancement,12.0,0.667,TSP-Mamba: The Travelling Salesman Problem Meets Mamba for Image Super-resolution and Beyond,Kun Zhou; Xinyu Lin; Jiangbo Lu,3,28134-28143,True,https://openaccess.thecvf.com/content/CVPR2025/papers/Zhou_TSP-Mamba_The_Travelling_Salesman_Problem_Meets_Mamba_for_Image_Super-resolution_CVPR_2025_paper.pdf,https://openaccess.thecvf.com/content/CVPR2025/supplemental/Zhou_TSP-Mamba_The_Travelling_CVPR_2025_supplemental.pdf,https://openaccess.thecvf.com/content/CVPR2025/html/Zhou_TSP-Mamba_The_Travelling_Salesman_Problem_Meets_Mamba_for_Image_Super-resolution_CVPR_2025_paper.html,"Recently, Mamba-based frameworks have achieved substantial advancements across diverse computer vision and NLP tasks, particularly in their capacity for reasoning over long-range information with linear complexity. However, the fixed 2D-to-1D scanning pattern overlooks the local structures of an image, limiting its effectiveness in aggregating 2D spatial information. While stacking additional Mamba layers can partially address this issue, it increases parameter intensity and constrains real-time application. In this work, we reconsider the local optimal scanning path in Mamba, enhancing the rigid and uniform 1D scan through the local shortest path theory, thus creating a structure-aware Mamba suited for lightweight single-image super-resolution. Specifically, we draw inspiration from the Traveling Salesman Problem (TSP) to establish a local optimal scanning path for improved structural 2D information utilization. Here, local patch aggregation occurs in a content-adaptive manner with minimal propagation cost. TSP-Mamba demonstrates substantial improvements over existing Mamba-based and Transformer-based architectures. For example, TSP-Mamba surpasses MambaIR by up to 0.7dB in lightweight SISR, with comparable parameters and very slightly extra computational demands (1-2 GFlops for 720P images).","@InProceedings{Zhou_2025_CVPR, author = {Zhou, Kun and Lin, Xinyu and Lu, Jiangbo}, title = {TSP-Mamba: The Travelling Salesman Problem Meets Mamba for Image Super-resolution and Beyond}, booktitle = {Proceedings of the Computer Vision and Pattern Recognition Conference (CVPR)}, month = {June}, year = {2025}, pages = {28134-28143} }"
Cheng_MVPaint_Synchronized_Multi-View_Diffusion_for_Painting_Anything_3D_CVPR_2025_paper,2025,1,Restoration_Enhancement,Restoration_Enhancement,5.0,0.6,MVPaint: Synchronized Multi-View Diffusion for Painting Anything 3D,Wei Cheng; Juncheng Mu; Xianfang Zeng; Xin Chen; Anqi Pang; Chi Zhang; Zhibin Wang; Bin Fu; Gang Yu; Ziwei Liu; Liang Pan,11,585-594,True,https://openaccess.thecvf.com/content/CVPR2025/papers/Cheng_MVPaint_Synchronized_Multi-View_Diffusion_for_Painting_Anything_3D_CVPR_2025_paper.pdf,https://openaccess.thecvf.com/content/CVPR2025/supplemental/Cheng_MVPaint_Synchronized_Multi-View_CVPR_2025_supplemental.zip,https://openaccess.thecvf.com/content/CVPR2025/html/Cheng_MVPaint_Synchronized_Multi-View_Diffusion_for_Painting_Anything_3D_CVPR_2025_paper.html,"Texturing is a crucial step in the 3D asset production workflow, which enhances the visual appeal and diversity of 3D assets. Despite recent advancements in Text-to-Texture (T2T) generation, existing methods often yield subpar results, primarily due to local discontinuities, inconsistencies across multiple views, and their heavy dependence on UV unwrapping outcomes. To tackle these challenges, we propose a novel generation-refinement 3D texturing framework called MVPaint, which can generate high-resolution, seamless textures while emphasizing multi-view consistency. MVPaint mainly consists of three key modules. 1) Synchronized Multi-view Generation (SMG). Given a 3D mesh model, MVPaint first simultaneously generates multi-view images by employing an SMG model, which leads to coarse texturing results with unpainted parts due to missing observations. 2) Spatial-aware 3D Inpainting (S3I). To ensure complete 3D texturing, we introduce the S3I method, specifically designed to effectively texture previously unobserved areas. 3) UV Refinement (UVR). Furthermore, MVPaint employs a UVR module to improve the texture quality in the UV space, which first performs a UV-space Super-Resolution, followed by a Spatial-aware Seam-Smoothing algorithm for revising spatial texturing discontinuities caused by UV unwrapping. Moreover, we establish two T2T evaluation benchmarks: the Objaverse T2T benchmark and the GSO T2T benchmark, based on selected high-quality 3D meshes from the Objaverse dataset and the entire GSO dataset, respectively. Extensive experimental results demonstrate that MVPaint surpasses existing state-of-the-art methods. Notably, MVPaint could generate high-fidelity textures with minimal Janus issues and highly enhanced cross-view consistency.","@InProceedings{Cheng_2025_CVPR, author = {Cheng, Wei and Mu, Juncheng and Zeng, Xianfang and Chen, Xin and Pang, Anqi and Zhang, Chi and Wang, Zhibin and Fu, Bin and Yu, Gang and Liu, Ziwei and Pan, Liang}, title = {MVPaint: Synchronized Multi-View Diffusion for Painting Anything 3D}, booktitle = {Proceedings of the Computer Vision and Pattern Recognition Conference (CVPR)}, month = {June}, year = {2025}, pages = {585-594} }"
Zhang_Uncertainty-guided_Perturbation_for_Image_Super-Resolution_Diffusion_Model_CVPR_2025_paper,2025,1,Restoration_Enhancement,Restoration_Enhancement|Diffusion_Generative,15.0,0.067,Uncertainty-guided Perturbation for Image Super-Resolution Diffusion Model,Leheng Zhang; Weiyi You; Kexuan Shi; Shuhang Gu,4,17980-17989,True,https://openaccess.thecvf.com/content/CVPR2025/papers/Zhang_Uncertainty-guided_Perturbation_for_Image_Super-Resolution_Diffusion_Model_CVPR_2025_paper.pdf,https://openaccess.thecvf.com/content/CVPR2025/supplemental/Zhang_Uncertainty-guided_Perturbation_for_CVPR_2025_supplemental.pdf,https://openaccess.thecvf.com/content/CVPR2025/html/Zhang_Uncertainty-guided_Perturbation_for_Image_Super-Resolution_Diffusion_Model_CVPR_2025_paper.html,"Diffusion-based image super-resolution methods have demonstrated significant advantages over GAN-based approaches, particularly in terms of perceptual quality. Building upon a lengthy Markov chain, diffusion-based methods possess remarkable modeling capacity, enabling them to achieve outstanding performance in real-world scenarios. Unlike previous methods that focus on modifying the noise schedule or sampling process to enhance performance, our approach emphasizes the improved utilization of LR information. We find that different regions of the LR image can be viewed as corresponding to different timesteps in a diffusion process, where flat areas are closer to the target HR distribution but edge and texture regions are farther away. In these flat areas, applying a slight noise is more advantageous for the reconstruction. We associate this characteristic with uncertainty and propose to apply uncertainty estimate to guide region-specific noise level control, a technique we refer to as Uncertainty-guided Noise Weighting. Pixels with lower uncertainty (i.e., flat regions) receive reduced noise to preserve more LR information, therefore improving performance. Furthermore, we modify the network architecture of previous methods to develop our Uncertainty-guided Perturbation Super-Resolution (UPSR) model. Extensive experimental results demonstrate that, despite reduced model size and training overhead, the proposed UPSR method outperforms current state-of-the-art methods across various datasets, both quantitatively and qualitatively.","@InProceedings{Zhang_2025_CVPR, author = {Zhang, Leheng and You, Weiyi and Shi, Kexuan and Gu, Shuhang}, title = {Uncertainty-guided Perturbation for Image Super-Resolution Diffusion Model}, booktitle = {Proceedings of the Computer Vision and Pattern Recognition Conference (CVPR)}, month = {June}, year = {2025}, pages = {17980-17989} }"
Wang_Navigating_Image_Restoration_with_VARs_Distribution_Alignment_Prior_CVPR_2025_paper,2025,1,Restoration_Enhancement,Restoration_Enhancement,20.0,0.75,Navigating Image Restoration with VAR's Distribution Alignment Prior,Siyang Wang; Naishan Zheng; Jie Huang; Feng Zhao,4,7559-7569,True,https://openaccess.thecvf.com/content/CVPR2025/papers/Wang_Navigating_Image_Restoration_with_VARs_Distribution_Alignment_Prior_CVPR_2025_paper.pdf,https://openaccess.thecvf.com/content/CVPR2025/supplemental/Wang_Navigating_Image_Restoration_CVPR_2025_supplemental.pdf,https://openaccess.thecvf.com/content/CVPR2025/html/Wang_Navigating_Image_Restoration_with_VARs_Distribution_Alignment_Prior_CVPR_2025_paper.html,"Generative models trained on extensive high-quality datasets effectively capture the structural and statistical properties of clean images, rendering them powerful priors for transforming degraded features into clean ones in image restoration. VAR, a novel image generative paradigm, surpasses diffusion models in generation quality by applying a next-scale prediction approach. It progressively captures both global structures and fine-grained details through the autoregressive process, consistent with the multi-scale restoration principle widely acknowledged in the restoration community. Furthermore, we observe that during the image reconstruction process utilizing VAR, scale predictions automatically modulate the input, facilitating the alignment of representations at subsequent scales with the distribution of clean images. To harness VAR's adaptive distribution alignment capability in image restoration tasks, we formulate the multi-scale latent representations within VAR as the restoration prior, thus advancing our delicately designed VarFormer framework. The strategic application of these priors enables our VarFormer to achieve remarkable generalization on unseen tasks while also reducing training computational costs. Extensive experiments underscores that our VarFormer outperforms existing multi-task image restoration methods across various restoration tasks. The code is available at https://github.com/siywang541/Varformer.","@InProceedings{Wang_2025_CVPR, author = {Wang, Siyang and Zheng, Naishan and Huang, Jie and Zhao, Feng}, title = {Navigating Image Restoration with VAR's Distribution Alignment Prior}, booktitle = {Proceedings of the Computer Vision and Pattern Recognition Conference (CVPR)}, month = {June}, year = {2025}, pages = {7559-7569} }"
Di_QMambaBSR_Burst_Image_Super-Resolution_with_Query_State_Space_Model_CVPR_2025_paper,2025,1,Restoration_Enhancement,Restoration_Enhancement|Computational_Photography,15.0,0.4,QMambaBSR: Burst Image Super-Resolution with Query State Space Model,Xin Di; Long Peng; Peizhe Xia; Wenbo Li; Renjing Pei; Yang Cao; Yang Wang; Zheng-Jun Zha,8,23080-23090,True,https://openaccess.thecvf.com/content/CVPR2025/papers/Di_QMambaBSR_Burst_Image_Super-Resolution_with_Query_State_Space_Model_CVPR_2025_paper.pdf,https://openaccess.thecvf.com/content/CVPR2025/supplemental/Di_QMambaBSR_Burst_Image_CVPR_2025_supplemental.pdf,https://openaccess.thecvf.com/content/CVPR2025/html/Di_QMambaBSR_Burst_Image_Super-Resolution_with_Query_State_Space_Model_CVPR_2025_paper.html,"Burst super-resolution (BurstSR) aims to reconstruct high-resolution images by fusing subpixel details from multiple low-resolution burst frames. The primary challenge lies in effectively extracting useful information while mitigating the impact of high-frequency noise. Most existing methods rely on frame-by-frame fusion, which often struggles to distinguish informative subpixels from noise, leading to suboptimal performance. To address these limitations, we introduce a novel Query Mamba Burst Super-Resolution (QMambaBSR) network. Specifically, we observe that sub-pixels have consistent spatial distribution while noise appears randomly. Considering the entire burst sequence during fusion allows for more reliable extraction of consistent subpixels and better suppression of noise outliers. Based on this, a Query State Space Model (QSSM) is proposed for both inter-frame querying and intra-frame scanning, enabling a more efficient fusion of useful subpixels. Additionally, to overcome the limitations of static upsampling methods that often result in over-smoothing, we propose an Adaptive Upsampling (AdaUp) module that dynamically adjusts the upsampling kernel to suit the characteristics of different burst scenes, achieving superior detail reconstruction. Extensive experiments on four benchmark datasets--spanning both synthetic and real-world images--demonstrate that QMambaBSR outperforms existing state-of-the-art methods.","@InProceedings{Di_2025_CVPR, author = {Di, Xin and Peng, Long and Xia, Peizhe and Li, Wenbo and Pei, Renjing and Cao, Yang and Wang, Yang and Zha, Zheng-Jun}, title = {QMambaBSR: Burst Image Super-Resolution with Query State Space Model}, booktitle = {Proceedings of the Computer Vision and Pattern Recognition Conference (CVPR)}, month = {June}, year = {2025}, pages = {23080-23090} }"
Yan_HVI_A_New_Color_Space_for_Low-light_Image_Enhancement_CVPR_2025_paper,2025,1,Restoration_Enhancement,Restoration_Enhancement,26.0,0.885,HVI: A New Color Space for Low-light Image Enhancement,Qingsen Yan; Yixu Feng; Cheng Zhang; Guansong Pang; Kangbiao Shi; Peng Wu; Wei Dong; Jinqiu Sun; Yanning Zhang,9,5678-5687,True,https://openaccess.thecvf.com/content/CVPR2025/papers/Yan_HVI_A_New_Color_Space_for_Low-light_Image_Enhancement_CVPR_2025_paper.pdf,https://openaccess.thecvf.com/content/CVPR2025/supplemental/Yan_HVI_A_New_CVPR_2025_supplemental.pdf,https://openaccess.thecvf.com/content/CVPR2025/html/Yan_HVI_A_New_Color_Space_for_Low-light_Image_Enhancement_CVPR_2025_paper.html,"Low-Light Image Enhancement (LLIE) is a crucial computer vision task that aims to restore detailed visual information from corrupted low-light images. Many existing LLIE methods are based on standard RGB (sRGB) space, which often produce color bias and brightness artifacts due to inherent high color sensitivity in sRGB. While converting the images using Hue, Saturation and Value (HSV) color space helps resolve the brightness issue, it introduces significant red and black noise artifacts. To address this issue, we propose a new color space for LLIE, namely Horizontal/Vertical-Intensity (HVI), defined by polarized HS maps and learnable intensity. The former enforces small distances for red coordinates to remove the red artifacts, while the latter compresses the low-light regions to remove the black artifacts. To fully leverage the chromatic and intensity information, a novel Color and Intensity Decoupling Network (CIDNet) is further introduced to learn accurate photometric mapping function under different lighting conditions in the HVI space. Comprehensive results from benchmark and ablation experiments show that the proposed HVI color space with CIDNet outperforms the state-of-the-art methods on 10 datasets. The code is available at https://github.com/Fediory/HVI-CIDNet.","@InProceedings{Yan_2025_CVPR, author = {Yan, Qingsen and Feng, Yixu and Zhang, Cheng and Pang, Guansong and Shi, Kangbiao and Wu, Peng and Dong, Wei and Sun, Jinqiu and Zhang, Yanning}, title = {HVI: A New Color Space for Low-light Image Enhancement}, booktitle = {Proceedings of the Computer Vision and Pattern Recognition Conference (CVPR)}, month = {June}, year = {2025}, pages = {5678-5687} }"
Du_SuperPC_A_Single_Diffusion_Model_for_Point_Cloud_Completion_Upsampling_CVPR_2025_paper,2025,0,3D_Reconstruction,3D_Reconstruction|Diffusion_Generative|Restoration_Enhancement,15.0,0.2,"SuperPC: A Single Diffusion Model for Point Cloud Completion, Upsampling, Denoising, and Colorization",Yi Du; Zhipeng Zhao; Shaoshu Su; Sharath Golluri; Haoze Zheng; Runmao Yao; Chen Wang,7,16953-16964,True,https://openaccess.thecvf.com/content/CVPR2025/papers/Du_SuperPC_A_Single_Diffusion_Model_for_Point_Cloud_Completion_Upsampling_CVPR_2025_paper.pdf,https://openaccess.thecvf.com/content/CVPR2025/supplemental/Du_SuperPC_A_Single_CVPR_2025_supplemental.pdf,https://openaccess.thecvf.com/content/CVPR2025/html/Du_SuperPC_A_Single_Diffusion_Model_for_Point_Cloud_Completion_Upsampling_CVPR_2025_paper.html,"Point cloud (PC) processing tasks--such as completion, upsampling, denoising, and colorization--are crucial in applications like autonomous driving and 3D reconstruction. Despite substantial advancements, prior approaches often address each of these tasks independently, with separate models focused on individual issues. However, this isolated approach fails to account for the fact that defects like incompleteness, low resolution, noise, and lack of color frequently coexist, with each defect influencing and correlating with the others.Simply applying these models sequentially can lead to error accumulation from each model, along with increased computational costs. To address these challenges, we introduce SuperPC, the first unified diffusion model capable of concurrently handling all four tasks. Our approach employs a three-level-conditioned diffusion framework, enhanced by a novel spatial-mix-fusion strategy, to leverage the correlations among these four defects for simultaneous, efficient processing.We show that SuperPC outperforms the state-of-the-art specialized models as well as their combination on all four individual tasks.","@InProceedings{Du_2025_CVPR, author = {Du, Yi and Zhao, Zhipeng and Su, Shaoshu and Golluri, Sharath and Zheng, Haoze and Yao, Runmao and Wang, Chen}, title = {SuperPC: A Single Diffusion Model for Point Cloud Completion, Upsampling, Denoising, and Colorization}, booktitle = {Proceedings of the Computer Vision and Pattern Recognition Conference (CVPR)}, month = {June}, year = {2025}, pages = {16953-16964} }"
Zhou_All-Optical_Nonlinear_Diffractive_Deep_Network_for_Ultrafast_Image_Denoising_CVPR_2025_paper,2025,1,Restoration_Enhancement,Restoration_Enhancement,18.0,0.889,All-Optical Nonlinear Diffractive Deep Network for Ultrafast Image Denoising,Xiaoling Zhou; Zhemg Lee; Wei Ye; Rui Xie; Wenbo Zhang; Guanju Peng; Zongze Li; Shikun Zhang,8,28221-28231,True,https://openaccess.thecvf.com/content/CVPR2025/papers/Zhou_All-Optical_Nonlinear_Diffractive_Deep_Network_for_Ultrafast_Image_Denoising_CVPR_2025_paper.pdf,,https://openaccess.thecvf.com/content/CVPR2025/html/Zhou_All-Optical_Nonlinear_Diffractive_Deep_Network_for_Ultrafast_Image_Denoising_CVPR_2025_paper.html,"Image denoising poses a significant challenge in image processing, aiming to remove noise and artifacts from input images. However, current denoising algorithms implemented on electronic chips frequently encounter latency issues and demand substantial computational resources. In this paper, we introduce an all-optical Nonlinear Diffractive Denoising Deep Network (N3DNet) for image denoising at the speed of light. Initially, we incorporate an image encoding and pre-denoising module into the Diffractive Deep Neural Network and integrate a nonlinear activation function, termed the phase exponential linear function, after each diffractive layer, thereby boosting the network's nonlinear modeling and denoising capabilities. Subsequently, we devise a new reinforcement learning algorithm called regularization-assisted deep Q-network to optimize N3DNet. Finally, leveraging 3D printing techniques, we fabricate N3DNet using the trained parameters and construct a physical experimental system for real-world applications. A new benchmark dataset, termed MIDD, is constructed for mode image denoising, comprising 120K pairs of noisy/noise-free images captured from real fiber communication systems across various transmission lengths. Through extensive simulation and real experiments, we validate that N3DNet outperforms both traditional and deep learning-based denoising approaches across various datasets. Remarkably, its processing speed is nearly 3,800 times faster than electronic chip-based methods.","@InProceedings{Zhou_2025_CVPR, author = {Zhou, Xiaoling and Lee, Zhemg and Ye, Wei and Xie, Rui and Zhang, Wenbo and Peng, Guanju and Li, Zongze and Zhang, Shikun}, title = {All-Optical Nonlinear Diffractive Deep Network for Ultrafast Image Denoising}, booktitle = {Proceedings of the Computer Vision and Pattern Recognition Conference (CVPR)}, month = {June}, year = {2025}, pages = {28221-28231} }"
Mao_SIR-DIFF_Sparse_Image_Sets_Restoration_with_Multi-View_Diffusion_Model_CVPR_2025_paper,2025,0,Diffusion_Generative,Diffusion_Generative|Restoration_Enhancement,12.0,0.0,SIR-DIFF: Sparse Image Sets Restoration with Multi-View Diffusion Model,Yucheng Mao; Boyang Wang; Nilesh Kulkarni; Jeong Joon Park,4,21620-21630,True,https://openaccess.thecvf.com/content/CVPR2025/papers/Mao_SIR-DIFF_Sparse_Image_Sets_Restoration_with_Multi-View_Diffusion_Model_CVPR_2025_paper.pdf,https://openaccess.thecvf.com/content/CVPR2025/supplemental/Mao_SIR-DIFF_Sparse_Image_CVPR_2025_supplemental.pdf,https://openaccess.thecvf.com/content/CVPR2025/html/Mao_SIR-DIFF_Sparse_Image_Sets_Restoration_with_Multi-View_Diffusion_Model_CVPR_2025_paper.html,"The computer vision community has developed numerous techniques for digitally restoring true scene information from single-view degraded photographs, an important yet extremely ill-posed task. In this work, we tackle image restoration from a different perspective by jointly denoising multiple photographs of the same scene. Our core hypothesis is that degraded images capturing a shared scene contain complementary information that, when combined, better constrains the restoration problem. To this end, we implement a powerful multi-view diffusion model that jointly generates uncorrupted views by extracting rich information from multi-view relationships. Our experiments show that our multi-view approach outperforms existing single-view image and even video-based methods on image deblurring and super-resolution tasks. Critically, our model is trained to output 3D consistent images, making it a promising tool for applications requiring robust multi-view integration, such as 3D reconstruction or pose estimation.","@InProceedings{Mao_2025_CVPR, author = {Mao, Yucheng and Wang, Boyang and Kulkarni, Nilesh and Park, Jeong Joon}, title = {SIR-DIFF: Sparse Image Sets Restoration with Multi-View Diffusion Model}, booktitle = {Proceedings of the Computer Vision and Pattern Recognition Conference (CVPR)}, month = {June}, year = {2025}, pages = {21620-21630} }"
Zhao_Reversible_Decoupling_Network_for_Single_Image_Reflection_Removal_CVPR_2025_paper,2025,1,Restoration_Enhancement,Restoration_Enhancement,12.0,0.833,Reversible Decoupling Network for Single Image Reflection Removal,Hao Zhao; Mingjia Li; Qiming Hu; Xiaojie Guo,4,26430-26439,True,https://openaccess.thecvf.com/content/CVPR2025/papers/Zhao_Reversible_Decoupling_Network_for_Single_Image_Reflection_Removal_CVPR_2025_paper.pdf,https://openaccess.thecvf.com/content/CVPR2025/supplemental/Zhao_Reversible_Decoupling_Network_CVPR_2025_supplemental.pdf,https://openaccess.thecvf.com/content/CVPR2025/html/Zhao_Reversible_Decoupling_Network_for_Single_Image_Reflection_Removal_CVPR_2025_paper.html,"Recent deep-learning-based approaches to single-image reflection removal have shown promising advances, primarily for two reasons: 1) the utilization of recognition-pretrained features as inputs, and 2) the design of dual-stream interaction networks. However, according to the Information Bottleneck principle, high-level semantic clues tend to be compressed or discarded during layer-by-layer propagation. Additionally, interactions in dual-stream networks follow a fixed pattern across different layers, limiting overall performance. To address these limitations, we propose a novel architecture called Reversible Decoupling Network (RDNet), which employs a reversible encoder to secure valuable information while flexibly decoupling transmission- and reflection-relevant features during the forward pass. Furthermore, we customize a transmission-rate-aware prompt generator to dynamically calibrate features, further boosting performance. Extensive experiments demonstrate the superiority of RDNet over existing SOTA methods on five widely-adopted benchmark datasets. Our code will be made publicly available.","@InProceedings{Zhao_2025_CVPR, author = {Zhao, Hao and Li, Mingjia and Hu, Qiming and Guo, Xiaojie}, title = {Reversible Decoupling Network for Single Image Reflection Removal}, booktitle = {Proceedings of the Computer Vision and Pattern Recognition Conference (CVPR)}, month = {June}, year = {2025}, pages = {26430-26439} }"
Chen_Toward_Generalized_Image_Quality_Assessment_Relaxing_the_Perfect_Reference_Quality_CVPR_2025_paper,2025,1,Restoration_Enhancement,Restoration_Enhancement,3.0,1.0,Toward Generalized Image Quality Assessment: Relaxing the Perfect Reference Quality Assumption,Du Chen; Tianhe Wu; Kede Ma; Lei Zhang,4,12742-12752,True,https://openaccess.thecvf.com/content/CVPR2025/papers/Chen_Toward_Generalized_Image_Quality_Assessment_Relaxing_the_Perfect_Reference_Quality_CVPR_2025_paper.pdf,https://openaccess.thecvf.com/content/CVPR2025/supplemental/Chen_Toward_Generalized_Image_CVPR_2025_supplemental.pdf,https://openaccess.thecvf.com/content/CVPR2025/html/Chen_Toward_Generalized_Image_Quality_Assessment_Relaxing_the_Perfect_Reference_Quality_CVPR_2025_paper.html,"Full-reference image quality assessment (FR-IQA) generally assumes that reference images are of perfect quality. However, this assumption is flawed due to the sensor and optical limitations of modern imaging systems. Moreover, recent generative enhancement methods are capable of producing images of higher quality than their original. All of these challenge the effectiveness and applicability of current FR-IQA models. To relax the assumption of perfect reference image quality, we build a large-scale IQA database, namely DiffIQA, containing approximately 180,000 images generated by a diffusion-based image enhancer with adjustable hyper-parameters. Each image is annotated by human subjects as either worse, similar, or better quality compared to its reference. Building on this, we present a generalized FR-IQA model, namely Adaptive FIdelity-Naturalness Evaluator (A-FINE), to accurately assess and adaptively combine the fidelity and naturalness of a test image. A-FINE aligns well with standard FR-IQA when the reference image is much more natural than the test image. We demonstrate by extensive experiments that A-FINE surpasses standard FR-IQA models on well-established IQA datasets and our newly created DiffIQA. To further validate A-FINE, we additionally construct a super-resolution IQA benchmark (SRIQA-Bench), encompassing test images derived from ten state-of-the-art SR methods with reliable human quality annotations. Tests on SRIQA-Bench re-affirm the advantages of A-FINE. The code and dataset are available at https://tianhewu.github.io/A-FINE-page.github.io/.","@InProceedings{Chen_2025_CVPR, author = {Chen, Du and Wu, Tianhe and Ma, Kede and Zhang, Lei}, title = {Toward Generalized Image Quality Assessment: Relaxing the Perfect Reference Quality Assumption}, booktitle = {Proceedings of the Computer Vision and Pattern Recognition Conference (CVPR)}, month = {June}, year = {2025}, pages = {12742-12752} }"
Ni_Hazy_Low-Quality_Satellite_Video_Restoration_Via_Learning_Optimal_Joint_Degradation_CVPR_2025_paper,2025,1,Restoration_Enhancement,Restoration_Enhancement,15.0,0.667,Hazy Low-Quality Satellite Video Restoration Via Learning Optimal Joint Degradation Patterns and Continuous-Scale Super-Resolution Reconstruction,Ning Ni; Libao Zhang,2,12690-12699,True,https://openaccess.thecvf.com/content/CVPR2025/papers/Ni_Hazy_Low-Quality_Satellite_Video_Restoration_Via_Learning_Optimal_Joint_Degradation_CVPR_2025_paper.pdf,,https://openaccess.thecvf.com/content/CVPR2025/html/Ni_Hazy_Low-Quality_Satellite_Video_Restoration_Via_Learning_Optimal_Joint_Degradation_CVPR_2025_paper.html,"Currently, the demand for higher video quality has grown significantly. However, satellite video has low resolution, complex motion, and weak textures. Haze interference further exacerbates the loss of motion information and texture details, hindering effective spatiotemporal feature fusion and fine-grained feature mining. This presents significant challenges for subsequent super-resolution (SR) reconstruction, especially at continuous scales. To address these problems, this paper models the double-degradation process of hazy low-quality satellite videos and proposes a novel network to learn the optimal joint degradation pattern (ODPNet) for continuous-scale SR of hazy satellite videos. First, we design a prior-based feature soft dehazing module to eliminate haze interference at the feature level. Second, we develop a spatiotemporal self-attention (SSA) to capture long-range feature dependencies, thereby achieving effective spatiotemporal feature fusion. Third, we devise a tri-branch cross-aggregation block (TCB) to enhance feature representations of weak textures in satellite videos by effectively aggregating contextual information. Finally, we propose a cross-scale feature Top-k selection Transformer (CFTST), which aims to adaptively select and aggregate cross-scale latent codes to learn feature representations of satellite videos at arbitrary resolutions, thus enabling continuous-scale SR. Experiments show that ODPNet outperforms existing methods and achieves a better balance between model parameters and performance.","@InProceedings{Ni_2025_CVPR, author = {Ni, Ning and Zhang, Libao}, title = {Hazy Low-Quality Satellite Video Restoration Via Learning Optimal Joint Degradation Patterns and Continuous-Scale Super-Resolution Reconstruction}, booktitle = {Proceedings of the Computer Vision and Pattern Recognition Conference (CVPR)}, month = {June}, year = {2025}, pages = {12690-12699} }"
Tu_StableAnimator_High-Quality_Identity-Preserving_Human_Image_Animation_CVPR_2025_paper,2025,0,Face_Biometrics,Face_Biometrics|Diffusion_Generative|Restoration_Enhancement,9.0,0.333,StableAnimator: High-Quality Identity-Preserving Human Image Animation,Shuyuan Tu; Zhen Xing; Xintong Han; Zhi-Qi Cheng; Qi Dai; Chong Luo; Zuxuan Wu,7,21096-21106,True,https://openaccess.thecvf.com/content/CVPR2025/papers/Tu_StableAnimator_High-Quality_Identity-Preserving_Human_Image_Animation_CVPR_2025_paper.pdf,https://openaccess.thecvf.com/content/CVPR2025/supplemental/Tu_StableAnimator_High-Quality_Identity-Preserving_CVPR_2025_supplemental.pdf,https://openaccess.thecvf.com/content/CVPR2025/html/Tu_StableAnimator_High-Quality_Identity-Preserving_Human_Image_Animation_CVPR_2025_paper.html,"Current diffusion models for human image animation struggle to ensure identity (ID) consistency. This paper presents StableAnimator, the first end-to-end ID-preserving video diffusion framework, which synthesizes high-quality videos without any post-processing, conditioned on a reference image and a sequence of poses. Building upon a video diffusion model, StableAnimator contains carefully designed modules for both training and inference striving for identity consistency. In particular, StableAnimator begins by computing image and face embeddings with off-the-shelf extractors, respectively and face embeddings are further refined by interacting with image embeddings using a global content-aware Face Encoder. Then, StableAnimator introduces a novel distribution-aware ID Adapter that prevents interference caused by temporal layers while preserving ID via alignment. During inference, we propose a novel Hamilton-Jacobi-Bellman (HJB) equation-based optimization to further enhance the face quality. We demonstrate that solving the HJB equation can be integrated into the diffusion denoising process, and the resulting solution constrains the denoising path and thus benefits ID preservation. Experiments on multiple benchmarks show the effectiveness of StableAnimator both qualitatively and quantitatively.","@InProceedings{Tu_2025_CVPR, author = {Tu, Shuyuan and Xing, Zhen and Han, Xintong and Cheng, Zhi-Qi and Dai, Qi and Luo, Chong and Wu, Zuxuan}, title = {StableAnimator: High-Quality Identity-Preserving Human Image Animation}, booktitle = {Proceedings of the Computer Vision and Pattern Recognition Conference (CVPR)}, month = {June}, year = {2025}, pages = {21096-21106} }"
Zhou_PIDSR_Complementary_Polarized_Image_Demosaicing_and_Super-Resolution_CVPR_2025_paper,2025,0,Computational_Photography,Computational_Photography|Restoration_Enhancement,20.0,0.25,PIDSR: Complementary Polarized Image Demosaicing and Super-Resolution,Shuangfan Zhou; Chu Zhou; Youwei Lyu; Heng Guo; Zhanyu Ma; Boxin Shi; Imari Sato,7,16081-16090,True,https://openaccess.thecvf.com/content/CVPR2025/papers/Zhou_PIDSR_Complementary_Polarized_Image_Demosaicing_and_Super-Resolution_CVPR_2025_paper.pdf,https://openaccess.thecvf.com/content/CVPR2025/supplemental/Zhou_PIDSR_Complementary_Polarized_CVPR_2025_supplemental.pdf,https://openaccess.thecvf.com/content/CVPR2025/html/Zhou_PIDSR_Complementary_Polarized_Image_Demosaicing_and_Super-Resolution_CVPR_2025_paper.html,"Polarization cameras can capture multiple polarized images with different polarizer angles in a single shot, bringing convenience to polarization-based downstream tasks. However, their direct outputs are color-polarization filter array (CPFA) raw images, requiring demosaicing to reconstruct full-resolution, full-color polarized images; unfortunately, this necessary step introduces artifacts that make polarization-related parameters such as the degree of polarization (DoP) and angle of polarization (AoP) prone to error. Besides, limited by the hardware design, the resolution of a polarization camera is often much lower than that of a conventional RGB camera. Existing polarized image demosaicing (PID) methods are limited in that they cannot enhance resolution, while polarized image super-resolution (PISR) methods, though designed to obtain high-resolution (HR) polarized images from the demosaicing results, tend to retain or even amplify errors in the DoP and AoP introduced by demosaicing artifacts. In this paper, we propose PIDSR, a joint framework that performs complementary Polarized Image Demosaicing and Super-Resolution, showing the ability to robustly obtain high-quality HR polarized images with more accurate DoP and AoP from a CPFA raw image in a direct manner. Experiments show our PIDSR not only achieves state-of-the-art performance on both synthetic and real data, but also facilitates downstream tasks.","@InProceedings{Zhou_2025_CVPR, author = {Zhou, Shuangfan and Zhou, Chu and Lyu, Youwei and Guo, Heng and Ma, Zhanyu and Shi, Boxin and Sato, Imari}, title = {PIDSR: Complementary Polarized Image Demosaicing and Super-Resolution}, booktitle = {Proceedings of the Computer Vision and Pattern Recognition Conference (CVPR)}, month = {June}, year = {2025}, pages = {16081-16090} }"
Wang_Flash-Split_2D_Reflection_Removal_with_Flash_Cues_and_Latent_Diffusion_CVPR_2025_paper,2025,0,Diffusion_Generative,Diffusion_Generative|Restoration_Enhancement|Computational_Photography,12.0,0.25,Flash-Split: 2D Reflection Removal with Flash Cues and Latent Diffusion Separation,Tianfu Wang; Mingyang Xie; Haoming Cai; Sachin Shah; Christopher A. Metzler,5,5688-5698,True,https://openaccess.thecvf.com/content/CVPR2025/papers/Wang_Flash-Split_2D_Reflection_Removal_with_Flash_Cues_and_Latent_Diffusion_CVPR_2025_paper.pdf,https://openaccess.thecvf.com/content/CVPR2025/supplemental/Wang_Flash-Split_2D_Reflection_CVPR_2025_supplemental.pdf,https://openaccess.thecvf.com/content/CVPR2025/html/Wang_Flash-Split_2D_Reflection_Removal_with_Flash_Cues_and_Latent_Diffusion_CVPR_2025_paper.html,"Transparent surfaces, such as glass, create complex reflections that obscure images and challenge downstream computer vision applications. We introduce Flash-Split, a robust framework for separating transmitted and reflected light using a single (potentially misaligned) pair of flash/no-flash images. Our core idea is to perform flash-informed reflection separation iteratively in a low-dimensional latent space. Specifically, Flash-Split consists of two stages. Stage 1 separates the reflection latent and transmission latent via a dual-branch diffusion model that is conditioned on an encoded flash/no-flash latent pair. This stage effectively mitigates the flash/no-flash misalignment issue. Stage 2 restores high-resolution, faithful details to the separated latents via a cross-latent decoding process that is conditioned on the original images before separation. We validate Flash-Split on challenging real-world scenes and demonstrate it significantly outperforms existing methods. Our project webpage is at https://flash-split.github.io/.","@InProceedings{Wang_2025_CVPR, author = {Wang, Tianfu and Xie, Mingyang and Cai, Haoming and Shah, Sachin and Metzler, Christopher A.}, title = {Flash-Split: 2D Reflection Removal with Flash Cues and Latent Diffusion Separation}, booktitle = {Proceedings of the Computer Vision and Pattern Recognition Conference (CVPR)}, month = {June}, year = {2025}, pages = {5688-5698} }"
Zhang_Augmenting_Perceptual_Super-Resolution_via_Image_Quality_Predictors_CVPR_2025_paper,2025,1,Restoration_Enhancement,Restoration_Enhancement,12.0,1.0,Augmenting Perceptual Super-Resolution via Image Quality Predictors,Fengjia Zhang; Samrudhdhi B. Rangrej; Tristan Aumentado-Armstrong; Afsaneh Fazly; Alex Levinshtein,5,2311-2322,True,https://openaccess.thecvf.com/content/CVPR2025/papers/Zhang_Augmenting_Perceptual_Super-Resolution_via_Image_Quality_Predictors_CVPR_2025_paper.pdf,https://openaccess.thecvf.com/content/CVPR2025/supplemental/Zhang_Augmenting_Perceptual_Super-Resolution_CVPR_2025_supplemental.pdf,https://openaccess.thecvf.com/content/CVPR2025/html/Zhang_Augmenting_Perceptual_Super-Resolution_via_Image_Quality_Predictors_CVPR_2025_paper.html,"Super-resolution (SR), a classical inverse problem in computer vision, is inherently ill-posed, inducing a distribution of plausible solutions for every input. However, the desired result is not simply the expectation of this distribution, which is the blurry image obtained by minimizing pixelwise error, but rather the sample with the highest image quality. A variety of techniques, from perceptual metrics to adversarial losses, are employed to this end. In this work, we explore an alternative: utilizing powerful non-reference image quality assessment (NR-IQA) models in the SR context. We begin with a comprehensive analysis of NR-IQA metrics on human-derived SR data, identifying both the accuracy (human alignment) and complementarity of different metrics. Then, we explore two methods of applying NR-IQA models to SR learning: (i) altering data sampling, by building on an existing multi-ground-truth SR framework, and (ii) directly optimizing a differentiable quality score. Our results demonstrate a more human-centric perception-distortion tradeoff, focusing less on non-perceptual pixelwise distortion, instead improving the balance between perceptual fidelity and human-tuned NR-IQA measures.","@InProceedings{Zhang_2025_CVPR, author = {Zhang, Fengjia and Rangrej, Samrudhdhi B. and Aumentado-Armstrong, Tristan and Fazly, Afsaneh and Levinshtein, Alex}, title = {Augmenting Perceptual Super-Resolution via Image Quality Predictors}, booktitle = {Proceedings of the Computer Vision and Pattern Recognition Conference (CVPR)}, month = {June}, year = {2025}, pages = {2311-2322} }"
Li_MaIR_A_Locality-_and_Continuity-Preserving_Mamba_for_Image_Restoration_CVPR_2025_paper,2025,1,Restoration_Enhancement,Restoration_Enhancement,27.0,1.0,MaIR: A Locality- and Continuity-Preserving Mamba for Image Restoration,Boyun Li; Haiyu Zhao; Wenxin Wang; Peng Hu; Yuanbiao Gou; Xi Peng,6,7491-7501,True,https://openaccess.thecvf.com/content/CVPR2025/papers/Li_MaIR_A_Locality-_and_Continuity-Preserving_Mamba_for_Image_Restoration_CVPR_2025_paper.pdf,https://openaccess.thecvf.com/content/CVPR2025/supplemental/Li_MaIR_A_Locality-_CVPR_2025_supplemental.pdf,https://openaccess.thecvf.com/content/CVPR2025/html/Li_MaIR_A_Locality-_and_Continuity-Preserving_Mamba_for_Image_Restoration_CVPR_2025_paper.html,"Recent advancements in Mamba have shown promising results in image restoration. These methods typically flatten 2D images into multiple distinct 1D sequences along rows and columns, process each sequence independently using selective scan operation, and recombine them to form the outputs. However, such a paradigm overlooks two vital aspects: i) the local relationships and spatial continuity inherent in natural images, and ii) the discrepancies among sequences unfolded through totally different ways. To overcome the drawbacks, we explore two problems in Mamba-based restoration methods: i) how to design a scanning strategy preserving both locality and continuity while facilitating restoration, and ii) how to aggregate the distinct sequences unfolded in totally different ways. To address these problems, we propose a novel Mamba-based Image Restoration model (MaIR), which consists of Nested S-shaped Scanning strategy (NSS) and Sequence Shuffle Attention block (SSA). Specifically, NSS preserves locality and continuity of the input images through the stripe-based scanning region and the S-shaped scanning path, respectively. SSA aggregates sequences through calculating attention weights within the corresponding channels of different sequences. Thanks to NSS and SSA, MaIR surpasses 40 baselines across 14 challenging datasets, achieving state-of-the-art performance on the tasks of image super-resolution, denoising, deblurring and dehazing.","@InProceedings{Li_2025_CVPR, author = {Li, Boyun and Zhao, Haiyu and Wang, Wenxin and Hu, Peng and Gou, Yuanbiao and Peng, Xi}, title = {MaIR: A Locality- and Continuity-Preserving Mamba for Image Restoration}, booktitle = {Proceedings of the Computer Vision and Pattern Recognition Conference (CVPR)}, month = {June}, year = {2025}, pages = {7491-7501} }"
Jain_Classifier-Free_Guidance_Inside_the_Attraction_Basin_May_Cause_Memorization_CVPR_2025_paper,2025,1,Restoration_Enhancement,Restoration_Enhancement,6.0,0.5,Classifier-Free Guidance Inside the Attraction Basin May Cause Memorization,Anubhav Jain; Yuya Kobayashi; Takashi Shibuya; Yuhta Takida; Nasir Memon; Julian Togelius; Yuki Mitsufuji,7,12871-12879,True,https://openaccess.thecvf.com/content/CVPR2025/papers/Jain_Classifier-Free_Guidance_Inside_the_Attraction_Basin_May_Cause_Memorization_CVPR_2025_paper.pdf,https://openaccess.thecvf.com/content/CVPR2025/supplemental/Jain_Classifier-Free_Guidance_Inside_CVPR_2025_supplemental.pdf,https://openaccess.thecvf.com/content/CVPR2025/html/Jain_Classifier-Free_Guidance_Inside_the_Attraction_Basin_May_Cause_Memorization_CVPR_2025_paper.html,"Diffusion models are prone to exactly reproduce images from the training data. This exact reproduction of the training data is concerning as it can lead to copyright infringement and/or leakage of privacy-sensitive information. In this paper, we present a novel perspective on the memorization phenomenon and propose a simple yet effective approach to mitigate it. We argue that memorization occurs because of an attraction basin in the denoising process which steers the diffusion trajectory towards a memorized image. However, this can be mitigated by guiding the diffusion trajectory away from the attraction basin by not applying classifier-free guidance until an ideal transition point occurs from which classifier-free guidance is applied. This leads to the generation of non-memorized images that are high in image quality and well-aligned with the conditioning mechanism. To further improve on this, we present a new guidance technique, opposite guidance, that escapes the attraction basin sooner in the denoising process. We demonstrate the existence of attraction basins in various scenarios in which memorization occurs, and we show that our proposed approach successfully mitigates memorization.","@InProceedings{Jain_2025_CVPR, author = {Jain, Anubhav and Kobayashi, Yuya and Shibuya, Takashi and Takida, Yuhta and Memon, Nasir and Togelius, Julian and Mitsufuji, Yuki}, title = {Classifier-Free Guidance Inside the Attraction Basin May Cause Memorization}, booktitle = {Proceedings of the Computer Vision and Pattern Recognition Conference (CVPR)}, month = {June}, year = {2025}, pages = {12871-12879} }"
Li_Volume_Tells_Dual_Cycle-Consistent_Diffusion_for_3D_Fluorescence_Microscopy_De-noising_CVPR_2025_paper,2025,1,Restoration_Enhancement,Restoration_Enhancement|Medical_Bio_RemoteSensing,21.0,0.429,Volume Tells: Dual Cycle-Consistent Diffusion for 3D Fluorescence Microscopy De-noising and Super-Resolution,Zelin Li; Chenwei Wang; Zhaoke Huang; Yiming Ma; Cunming Zhao; Zhongying Zhao; Hong Yan,7,16091-16100,True,https://openaccess.thecvf.com/content/CVPR2025/papers/Li_Volume_Tells_Dual_Cycle-Consistent_Diffusion_for_3D_Fluorescence_Microscopy_De-noising_CVPR_2025_paper.pdf,https://openaccess.thecvf.com/content/CVPR2025/supplemental/Li_Volume_Tells_Dual_CVPR_2025_supplemental.pdf,https://openaccess.thecvf.com/content/CVPR2025/html/Li_Volume_Tells_Dual_Cycle-Consistent_Diffusion_for_3D_Fluorescence_Microscopy_De-noising_CVPR_2025_paper.html,"3D fluorescence microscopy is essential for understanding fundamental life processes through long-term live-cell imaging. However, due to inherent issues in imaging principles, it faces significant challenges including spatially varying noise and anisotropic resolution, where the axial resolution lags behind the lateral resolution up to 4.5 times. Meanwhile, laser power is kept low to maintain cell viability, leading to inaccessible low-noise and high-resolution paired ground truth (GT). To tackle these limitations, a dual Cycle-consistent Diffusion is proposed to effectively mine intra-volume imaging priors within 3D cell volumes in an unsupervised manner, i.e., Volume Tells (VTCD), achieving de-noising and super-resolution (SR) simultaneously. Specifically, a spatially iso-distributed denoiser is designed to exploit the noise distribution consistency between adjacent low-noise and high-noise regions within the 3D cell volume, suppressing the spatially varying noise. Then, in light of the structural consistency of the cell volume, a cross-plane global-propagation SR module propagates high-resolution details from the XY plane into adjacent regions in the XZ and YZ planes, progressively enhancing resolution across the entire 3D cell volume. Experimental results on 10 in vivo cellular dataset demonstrate high improvements in both denoising and super-resolution, with axial resolution enhanced from 430nm to 90nm","@InProceedings{Li_2025_CVPR, author = {Li, Zelin and Wang, Chenwei and Huang, Zhaoke and Ma, Yiming and Zhao, Cunming and Zhao, Zhongying and Yan, Hong}, title = {Volume Tells: Dual Cycle-Consistent Diffusion for 3D Fluorescence Microscopy De-noising and Super-Resolution}, booktitle = {Proceedings of the Computer Vision and Pattern Recognition Conference (CVPR)}, month = {June}, year = {2025}, pages = {16091-16100} }"
Wang_Proximal_Algorithm_Unrolling_Flexible_and_Efficient_Reconstruction_Networks_for_Single-Pixel_CVPR_2025_paper,2025,1,Restoration_Enhancement,Restoration_Enhancement,3.0,1.0,Proximal Algorithm Unrolling: Flexible and Efficient Reconstruction Networks for Single-Pixel Imaging,Ping Wang; Lishun Wang; Gang Qu; Xiaodong Wang; Yulun Zhang; Xin Yuan,6,411-421,True,https://openaccess.thecvf.com/content/CVPR2025/papers/Wang_Proximal_Algorithm_Unrolling_Flexible_and_Efficient_Reconstruction_Networks_for_Single-Pixel_CVPR_2025_paper.pdf,https://openaccess.thecvf.com/content/CVPR2025/supplemental/Wang_Proximal_Algorithm_Unrolling_CVPR_2025_supplemental.pdf,https://openaccess.thecvf.com/content/CVPR2025/html/Wang_Proximal_Algorithm_Unrolling_Flexible_and_Efficient_Reconstruction_Networks_for_Single-Pixel_CVPR_2025_paper.html,"Deep-unrolling and plug-and-play (PnP) approaches have become the de-facto standard solvers for single-pixel imaging (SPI) inverse problem. PnP approaches, a class of iterative algorithms where regularization is implicitly performed by an off-the-shelf deep denoiser, are flexible for varying compression ratios (CRs) but are limited in reconstruction accuracy and speed. Conversely, unrolling approaches, a class of multi-stage neural networks where a truncated iterative optimization process is transformed into an end-to-end trainable network, typically achieve better accuracy with faster inference but require fine-tuning or even retraining when CR changes. In this paper, we address the challenge of integrating the strengths of both classes of solvers. To this end, we design an efficient deep image restorer (DIR) for the unrolling of HQS (half quadratic splitting) and ADMM (alternating direction method of multipliers). More importantly, a general proximal trajectory (PT) loss function is proposed to train HQS/ADMM-unrolling networks such that learned DIR approximates the proximal operator of an ideal explicit restoration regularizer. Extensive experiments demonstrate that, the resulting proximal unrolling networks can not only flexibly handle varying CRs with a single model like PnP algorithms, but also outperform previous CR-specific unrolling networks in both reconstruction accuracy and speed. Source codes and models are available at https://github.com/pwangcs/ProxUnroll.","@InProceedings{Wang_2025_CVPR, author = {Wang, Ping and Wang, Lishun and Qu, Gang and Wang, Xiaodong and Zhang, Yulun and Yuan, Xin}, title = {Proximal Algorithm Unrolling: Flexible and Efficient Reconstruction Networks for Single-Pixel Imaging}, booktitle = {Proceedings of the Computer Vision and Pattern Recognition Conference (CVPR)}, month = {June}, year = {2025}, pages = {411-421} }"
Zhang_BlockDance_Reuse_Structurally_Similar_Spatio-Temporal_Features_to_Accelerate_Diffusion_Transformers_CVPR_2025_paper,2025,0,Diffusion_Generative,Diffusion_Generative|Efficiency_Compression|Video_Action_Recognition|Restoration_Enhancement,15.0,0.333,BlockDance: Reuse Structurally Similar Spatio-Temporal Features to Accelerate Diffusion Transformers,Hui Zhang; Tingwei Gao; Jie Shao; Zuxuan Wu,4,12891-12900,True,https://openaccess.thecvf.com/content/CVPR2025/papers/Zhang_BlockDance_Reuse_Structurally_Similar_Spatio-Temporal_Features_to_Accelerate_Diffusion_Transformers_CVPR_2025_paper.pdf,https://openaccess.thecvf.com/content/CVPR2025/supplemental/Zhang_BlockDance_Reuse_Structurally_CVPR_2025_supplemental.pdf,https://openaccess.thecvf.com/content/CVPR2025/html/Zhang_BlockDance_Reuse_Structurally_Similar_Spatio-Temporal_Features_to_Accelerate_Diffusion_Transformers_CVPR_2025_paper.html,"Diffusion models have demonstrated impressive generation capabilities, particularly with recent advancements leveraging transformer architectures to improve both visual and artistic quality. However, Diffusion Transformers (DiTs) continue to encounter challenges related to low inference speed, primarily due to the iterative denoising process. To address this issue, we propose BlockDance, a training-free approach that explores feature similarities at adjacent time steps to accelerate DiTs. Unlike previous feature-reuse methods that lack tailored reuse strategies for features at different scales, BlockDance prioritizes the identification of the most structurally similar features, referred to as Structurally Similar Spatio-Temporal (STSS) features. These features are primarily located within the structure-focused blocks of the transformer during the later stages of denoising. BlockDance caches and reuses these highly similar features to mitigate redundant computation, thereby accelerating DiTs while maximizing consistency with the generated results of the original model. Furthermore, considering the diversity of generated content and the varying distributions of redundant features, we introduce BlockDance-Ada, a lightweight decision-making network tailored for instance-specific acceleration. BlockDance-Ada dynamically allocates resources and provides superior content quality. Both BlockDance and BlockDance-Ada have proven effective across various generation tasks and models, achieving accelerations between 25% and 50% while maintaining generation quality.","@InProceedings{Zhang_2025_CVPR, author = {Zhang, Hui and Gao, Tingwei and Shao, Jie and Wu, Zuxuan}, title = {BlockDance: Reuse Structurally Similar Spatio-Temporal Features to Accelerate Diffusion Transformers}, booktitle = {Proceedings of the Computer Vision and Pattern Recognition Conference (CVPR)}, month = {June}, year = {2025}, pages = {12891-12900} }"
Wang_Reconciling_Stochastic_and_Deterministic_Strategies_for_Zero-shot_Image_Restoration_using_CVPR_2025_paper,2025,1,Restoration_Enhancement,Restoration_Enhancement|Diffusion_Generative,24.0,0.25,Reconciling Stochastic and Deterministic Strategies for Zero-shot Image Restoration using Diffusion Model in Dual,Chong Wang; Lanqing Guo; Zixuan Fu; Siyuan Yang; Hao Cheng; Alex C. Kot; Bihan Wen,7,23207-23216,True,https://openaccess.thecvf.com/content/CVPR2025/papers/Wang_Reconciling_Stochastic_and_Deterministic_Strategies_for_Zero-shot_Image_Restoration_using_CVPR_2025_paper.pdf,,https://openaccess.thecvf.com/content/CVPR2025/html/Wang_Reconciling_Stochastic_and_Deterministic_Strategies_for_Zero-shot_Image_Restoration_using_CVPR_2025_paper.html,"Plug-and-play (PnP) methods offer an iterative strategy for solving image restoration (IR) problems in a zero-shot manner, using a learned discriminative denoiser as the implicit prior. More recently, a sampling-based variant of this approach, which utilizes a pre-trained generative diffusion model, has gained great popularity for solving IR problems through stochastic sampling. The IR results using PnP with a pre-trained diffusion model demonstrate distinct advantages compared to those using discriminative denoisers, i.e., improved perceptual quality while sacrificing the data fidelity. The unsatisfactory results are due to the lack of integration of these strategies in the IR tasks. In this work, we propose a novel zero-shot IR scheme, dubbed Reconciling Diffusion Model in Dual (RDMD), which leverages only a single pre-trained diffusion model to construct two complementary regularizers. Specifically, the diffusion model in RDMD will iteratively perform deterministic denoising and stochastic sampling, aiming to achieve high-fidelity image restoration with appealing perceptual quality.RDMD also allows users to customize the distortion-perception tradeoff with a single hyperparameter, enhancing the adaptability of the restoration process in different practical scenarios. Extensive experiments on several IR tasks demonstrate that our proposed method could achieve superior results compared to existing approaches on both the FFHQ and ImageNet datasets.","@InProceedings{Wang_2025_CVPR, author = {Wang, Chong and Guo, Lanqing and Fu, Zixuan and Yang, Siyuan and Cheng, Hao and Kot, Alex C. and Wen, Bihan}, title = {Reconciling Stochastic and Deterministic Strategies for Zero-shot Image Restoration using Diffusion Model in Dual}, booktitle = {Proceedings of the Computer Vision and Pattern Recognition Conference (CVPR)}, month = {June}, year = {2025}, pages = {23207-23216} }"
Hai_Hierarchical_Flow_Diffusion_for_Efficient_Frame_Interpolation_CVPR_2025_paper,2025,0,Diffusion_Generative,Diffusion_Generative|Restoration_Enhancement,9.0,0.333,Hierarchical Flow Diffusion for Efficient Frame Interpolation,Yang Hai; Guo Wang; Tan Su; Wenjie Jiang; Yinlin Hu,5,22943-22952,True,https://openaccess.thecvf.com/content/CVPR2025/papers/Hai_Hierarchical_Flow_Diffusion_for_Efficient_Frame_Interpolation_CVPR_2025_paper.pdf,,https://openaccess.thecvf.com/content/CVPR2025/html/Hai_Hierarchical_Flow_Diffusion_for_Efficient_Frame_Interpolation_CVPR_2025_paper.html,"Most recent diffusion-based methods still show a large gap compared to non-diffusion methods for video frame interpolation, in both accuracy and efficiency. Most of them formulate the problem as a denoising procedure in latent space directly, which is less effective caused by the large latent space. We propose to model bilateral optical flow explicitly by hierarchical diffusion models, which has much smaller search space in the denoising procedure. Based on the flow diffusion model, we then use a flow-guided image synthesizer to produce the final result. We train the flow diffusion model and the image synthesizer end to end. Our method achieves state of the art in accuracy, and 10+ times faster than other diffusion-based methods. The project page is at: https://hfd-interpolation.github.io.","@InProceedings{Hai_2025_CVPR, author = {Hai, Yang and Wang, Guo and Su, Tan and Jiang, Wenjie and Hu, Yinlin}, title = {Hierarchical Flow Diffusion for Efficient Frame Interpolation}, booktitle = {Proceedings of the Computer Vision and Pattern Recognition Conference (CVPR)}, month = {June}, year = {2025}, pages = {22943-22952} }"
Yue_Arbitrary-steps_Image_Super-resolution_via_Diffusion_Inversion_CVPR_2025_paper,2025,1,Restoration_Enhancement,Restoration_Enhancement|Diffusion_Generative,12.0,0.25,Arbitrary-steps Image Super-resolution via Diffusion Inversion,Zongsheng Yue; Kang Liao; Chen Change Loy,3,23153-23163,True,https://openaccess.thecvf.com/content/CVPR2025/papers/Yue_Arbitrary-steps_Image_Super-resolution_via_Diffusion_Inversion_CVPR_2025_paper.pdf,https://openaccess.thecvf.com/content/CVPR2025/supplemental/Yue_Arbitrary-steps_Image_Super-resolution_CVPR_2025_supplemental.pdf,https://openaccess.thecvf.com/content/CVPR2025/html/Yue_Arbitrary-steps_Image_Super-resolution_via_Diffusion_Inversion_CVPR_2025_paper.html,"This study presents a new image super-resolution (SR) technique based on diffusion inversion, aiming at harnessing the rich image priors encapsulated in large pre-trained diffusion models to improve SR performance. We design a Partial noise Prediction strategy to construct an intermediate state of the diffusion model, which serves as the starting sampling point. Central to our approach is a deep noise predictor to estimate the optimal noise maps for the forward diffusion process. Once trained, this noise predictor can be used to initialize the sampling process partially along the diffusion trajectory, generating the desirable high-resolution result. Compared to existing approaches, our method offers a flexible and efficient sampling mechanism that supports an arbitrary number of sampling steps, ranging from one to five. Even with a single sampling step, our method demonstrates superior or comparable performance to recent state-of-the-art approaches. The code and model will be made publicly available.","@InProceedings{Yue_2025_CVPR, author = {Yue, Zongsheng and Liao, Kang and Loy, Chen Change}, title = {Arbitrary-steps Image Super-resolution via Diffusion Inversion}, booktitle = {Proceedings of the Computer Vision and Pattern Recognition Conference (CVPR)}, month = {June}, year = {2025}, pages = {23153-23163} }"
Wang_Spk2SRImgNet_Super-Resolve_Dynamic_Scene_from_Spike_Stream_via_Motion_Aligned_CVPR_2025_paper,2025,1,Restoration_Enhancement,Restoration_Enhancement,6.0,0.667,Spk2SRImgNet: Super-Resolve Dynamic Scene from Spike Stream via Motion Aligned Collaborative Filtering,Yuanlin Wang; Yiyang Zhang; Ruiqin Xiong; Jing Zhao; Jian Zhang; Xiaopeng Fan; Tiejun Huang,7,11416-11426,True,https://openaccess.thecvf.com/content/CVPR2025/papers/Wang_Spk2SRImgNet_Super-Resolve_Dynamic_Scene_from_Spike_Stream_via_Motion_Aligned_CVPR_2025_paper.pdf,https://openaccess.thecvf.com/content/CVPR2025/supplemental/Wang_Spk2SRImgNet_Super-Resolve_Dynamic_CVPR_2025_supplemental.zip,https://openaccess.thecvf.com/content/CVPR2025/html/Wang_Spk2SRImgNet_Super-Resolve_Dynamic_Scene_from_Spike_Stream_via_Motion_Aligned_CVPR_2025_paper.html,"Spike camera is a kind of neuromorphic camera that records dynamic scenes by firing a stream of binary spikes with extremely high temporal resolution. It demonstrates great potential for vision tasks in high-speed scenarios. One limitation in its current implementation is the relatively low spatial resolution. This paper develops a network called Spk2SRImgNet to super-resolve high resolution images from low resolution spike stream. However, fluctuations in spike stream hinder the performance of spike camera super resolution. To address this issue, we propose a motion aligned collaborative filtering (MACF) module, which is motivated by key ideas in classic image restoration schemes to mitigate fluctuations in spike data. MACF leverages the temporal similarity of spike stream to acquire similar features from neighboring moments via motion alignment. To separate disturbances from features, MACF filters these similar features jointly in transform domain to exploit representation sparsity, and generates refinement features that will be used to update initial fluctuated features. Specifically, MACF designs an inverse motion alignment operation to map these refinement features back to their original positions. The initial features are aggregated with the repositioned refinement features to enhance reliability. Experimental results demonstrate that the proposed method achieves state-of-the-art performance compared with existing methods.","@InProceedings{Wang_2025_CVPR, author = {Wang, Yuanlin and Zhang, Yiyang and Xiong, Ruiqin and Zhao, Jing and Zhang, Jian and Fan, Xiaopeng and Huang, Tiejun}, title = {Spk2SRImgNet: Super-Resolve Dynamic Scene from Spike Stream via Motion Aligned Collaborative Filtering}, booktitle = {Proceedings of the Computer Vision and Pattern Recognition Conference (CVPR)}, month = {June}, year = {2025}, pages = {11416-11426} }"
Fu_FeedEdit_Text-Based_Image_Editing_with_Dynamic_Feedback_Regulation_CVPR_2025_paper,2025,1,Restoration_Enhancement,Restoration_Enhancement|Diffusion_Generative,9.0,0.111,FeedEdit: Text-Based Image Editing with Dynamic Feedback Regulation,Fengyi Fu; Lei Zhang; Mengqi Huang; Zhendong Mao,4,2661-2670,True,https://openaccess.thecvf.com/content/CVPR2025/papers/Fu_FeedEdit_Text-Based_Image_Editing_with_Dynamic_Feedback_Regulation_CVPR_2025_paper.pdf,https://openaccess.thecvf.com/content/CVPR2025/supplemental/Fu_FeedEdit_Text-Based_Image_CVPR_2025_supplemental.pdf,https://openaccess.thecvf.com/content/CVPR2025/html/Fu_FeedEdit_Text-Based_Image_Editing_with_Dynamic_Feedback_Regulation_CVPR_2025_paper.html,"Text-based image editing which aims at generating rigid or non-rigid changes to images conditioned on the given text, has recently attracted considerable interest. Previous works mainly follow the multi-step denoising diffusion paradigm, which adopts a fixed text guidance intensity (i.e., editing intensity) to inject textual features, while ignoring the step-specific editing requirements. This work argues that the editing intensity at each denoising step should be adaptively adjusted conditioned on the historical editing degree, to provide accurate text guidance for the whole denoising process. We thereby propose a novel feedback editing framework (FeedEdit), a training-free method which, explicitly exploits the feedback regulation on editing intensity to ensure precise and harmonious editing at all steps. Specifically, we design (1) Dynamic Editing Degree Perceiving module, which is based on specific frequency-domain filtering, to enhance and exploit the correlation between feature differences and editing degree for perceiving. (2) Proportional-Integral feedback controller, to automatically map the perceived editing errors into appropriate feedback control signals. (3) Phrase-level Regulating Strategy, to achieve fine-grained function-specific regulation of textual features. Extensive experiments demonstrate the superiority of FeedEdit over existing methods in both editability and quality, especially for multi-function editing scenarios.","@InProceedings{Fu_2025_CVPR, author = {Fu, Fengyi and Zhang, Lei and Huang, Mengqi and Mao, Zhendong}, title = {FeedEdit: Text-Based Image Editing with Dynamic Feedback Regulation}, booktitle = {Proceedings of the Computer Vision and Pattern Recognition Conference (CVPR)}, month = {June}, year = {2025}, pages = {2661-2670} }"
Wang_SVFR_A_Unified_Framework_for_Generalized_Video_Face_Restoration_CVPR_2025_paper,2025,1,Restoration_Enhancement,Restoration_Enhancement|Face_Biometrics,22.0,0.182,SVFR: A Unified Framework for Generalized Video Face Restoration,Zhiyao Wang; Xu Chen; Chengming Xu; Junwei Zhu; Xiaobin Hu; Jiangning Zhang; Chengjie Wang; Yuqi Liu; Yiyi Zhou; Rongrong Ji,10,7406-7415,True,https://openaccess.thecvf.com/content/CVPR2025/papers/Wang_SVFR_A_Unified_Framework_for_Generalized_Video_Face_Restoration_CVPR_2025_paper.pdf,https://openaccess.thecvf.com/content/CVPR2025/supplemental/Wang_SVFR_A_Unified_CVPR_2025_supplemental.pdf,https://openaccess.thecvf.com/content/CVPR2025/html/Wang_SVFR_A_Unified_Framework_for_Generalized_Video_Face_Restoration_CVPR_2025_paper.html,"Face Restoration (FR) is a crucial area within image and video processing, focusing on reconstructing high-quality portraits from degraded inputs. Despite advancements in image FR, video FR remains relatively under-explored, primarily due to challenges related to temporal consistency, motion artifacts, and the limited availability of high-quality video data. Moreover, traditional face restoration typically prioritizes enhancing resolution and may not give as much consideration to related tasks such as facial colorization and inpainting. In this paper, we propose a novel approach for the Generalized Video Face Restoration (GVFR) task, which integrates video blind face restoration (BFR), inpainting, and colorization tasks that we empirically show to benefit each other. We present a unified framework, termed as stable video face restoration (SVFR), which leverages the generative and motion priors of Stable Video Diffusion (SVD) and incorporates task-specific information through a unified face restoration framework. A learnable task embedding is introduced to enhance task identification. Meanwhile, a novel Unified Latent Regularization (ULR) is employed to encourage the shared feature representation learning among different subtasks. To further enhance the restoration quality and temporal stability, we introduce the facial prior learning and the self-referred refinement as auxiliary strategies. The proposed framework effectively combines the complementary strengths of these tasks, enhancing temporal coherence and achieving superior restoration quality. This work advances the state-of-the-art in video FR and establishes a new paradigm for generalized video face restoration. Code and video demo are available at https://github.com/wangzhiyaoo/SVFR.git.","@InProceedings{Wang_2025_CVPR, author = {Wang, Zhiyao and Chen, Xu and Xu, Chengming and Zhu, Junwei and Hu, Xiaobin and Zhang, Jiangning and Wang, Chengjie and Liu, Yuqi and Zhou, Yiyi and Ji, Rongrong}, title = {SVFR: A Unified Framework for Generalized Video Face Restoration}, booktitle = {Proceedings of the Computer Vision and Pattern Recognition Conference (CVPR)}, month = {June}, year = {2025}, pages = {7406-7415} }"
Zheng_Decoupling_Fine_Detail_and_Global_Geometry_for_Compressed_Depth_Map_CVPR_2025_paper,2025,1,Restoration_Enhancement,Restoration_Enhancement,12.0,0.833,Decoupling Fine Detail and Global Geometry for Compressed Depth Map Super-Resolution,Huan Zheng; Wencheng Han; Jianbing Shen,3,951-960,True,https://openaccess.thecvf.com/content/CVPR2025/papers/Zheng_Decoupling_Fine_Detail_and_Global_Geometry_for_Compressed_Depth_Map_CVPR_2025_paper.pdf,https://openaccess.thecvf.com/content/CVPR2025/supplemental/Zheng_Decoupling_Fine_Detail_CVPR_2025_supplemental.pdf,https://openaccess.thecvf.com/content/CVPR2025/html/Zheng_Decoupling_Fine_Detail_and_Global_Geometry_for_Compressed_Depth_Map_CVPR_2025_paper.html,"Recovering high-quality depth maps from compressed sources has gained significant attention due to the limitations of consumer-grade depth cameras and the bandwidth restrictions during data transmission. However, current methods still suffer from two challenges. First, bit-depth compression produces a uniform depth representation in regions with subtle variations, hindering the recovery of detailed information. Second, densely distributed random noise reduces the accuracy of estimating the global geometric structure of the scene. To address these challenges, we propose a novel framework, termed geometry-decoupled network (GDNet), for compressed depth map super-resolution that decouples the high-quality depth map reconstruction process by handling global and detailed geometric features separately. To be specific, we propose the fine geometry detail encoder (FGDE), which is designed to aggregate fine geometry details in high-resolution low-level image features while simultaneously enriching them with complementary information from low-resolution context-level image features. In addition, we develop the global geometry encoder (GGE) that aims at suppressing noise and extracting global geometric information effectively via constructing compact feature representation in a low-rank space. We conduct experiments on multiple benchmark datasets, demonstrating that our GDNet significantly outperforms current methods in terms of geometric consistency and detail recovery. In the ECCV 2024 AIM Compressed Depth Upsampling Challenge, our solution won the 1st place award. Our codes are available at: https://github.com/Ian0926/GDNet.","@InProceedings{Zheng_2025_CVPR, author = {Zheng, Huan and Han, Wencheng and Shen, Jianbing}, title = {Decoupling Fine Detail and Global Geometry for Compressed Depth Map Super-Resolution}, booktitle = {Proceedings of the Computer Vision and Pattern Recognition Conference (CVPR)}, month = {June}, year = {2025}, pages = {951-960} }"
Ren_Prior_Does_Matter_Visual_Navigation_via_Denoising_Diffusion_Bridge_Models_CVPR_2025_paper,2025,0,Embodied_AI_Robotics,Embodied_AI_Robotics|Restoration_Enhancement,39.0,0.538,Prior Does Matter: Visual Navigation via Denoising Diffusion Bridge Models,Hao Ren; Yiming Zeng; Zetong Bi; Zhaoliang Wan; Junlong Huang; Hui Cheng,6,12100-12110,True,https://openaccess.thecvf.com/content/CVPR2025/papers/Ren_Prior_Does_Matter_Visual_Navigation_via_Denoising_Diffusion_Bridge_Models_CVPR_2025_paper.pdf,https://openaccess.thecvf.com/content/CVPR2025/supplemental/Ren_Prior_Does_Matter_CVPR_2025_supplemental.pdf,https://openaccess.thecvf.com/content/CVPR2025/html/Ren_Prior_Does_Matter_Visual_Navigation_via_Denoising_Diffusion_Bridge_Models_CVPR_2025_paper.html,"Recent advancements in diffusion-based imitation learning, which shows impressive performance in modeling multimodal distributions and training stability, have led to substantial progress in various robot learning tasks. In visual navigation, previous diffusion-based policies typically generate action sequences by initiating from denoising Gaussian noise. However, the target action distribution often diverges significantly from Gaussian noise, leading to redundant denoising steps and increased learning complexity. Additionally, the sparsity of effective action distributions makes it challenging for the policy to generate accurate actions without guidance. To address these issues, we propose a novel, unified visual navigation framework leveraging the denoising diffusion bridge models named NaviBridger. This approach enables action generation by initiating from any informative prior actions, enhancing guidance and efficiency in the denoising process. We explore how diffusion bridges can enhance imitation learning in visual navigation tasks and further examine three source policies for generating prior actions. Extensive experiments in both simulated and real-world indoor and outdoor scenarios demonstrate that NaviBridger accelerates policy inference and outperforms the baselines in generating target action sequences. Code is available at https://github.com/hren20/NaiviBridger.","@InProceedings{Ren_2025_CVPR, author = {Ren, Hao and Zeng, Yiming and Bi, Zetong and Wan, Zhaoliang and Huang, Junlong and Cheng, Hui}, title = {Prior Does Matter: Visual Navigation via Denoising Diffusion Bridge Models}, booktitle = {Proceedings of the Computer Vision and Pattern Recognition Conference (CVPR)}, month = {June}, year = {2025}, pages = {12100-12110} }"
Xu_Detail-Preserving_Latent_Diffusion_for_Stable_Shadow_Removal_CVPR_2025_paper,2025,1,Restoration_Enhancement,Restoration_Enhancement|Diffusion_Generative,21.0,0.429,Detail-Preserving Latent Diffusion for Stable Shadow Removal,Jiamin Xu; Yuxin Zheng; Zelong Li; Chi Wang; Renshu Gu; Weiwei Xu; Gang Xu,7,7592-7602,True,https://openaccess.thecvf.com/content/CVPR2025/papers/Xu_Detail-Preserving_Latent_Diffusion_for_Stable_Shadow_Removal_CVPR_2025_paper.pdf,https://openaccess.thecvf.com/content/CVPR2025/supplemental/Xu_Detail-Preserving_Latent_Diffusion_CVPR_2025_supplemental.pdf,https://openaccess.thecvf.com/content/CVPR2025/html/Xu_Detail-Preserving_Latent_Diffusion_for_Stable_Shadow_Removal_CVPR_2025_paper.html,"Achieving high-quality shadow removal with strong generalizability is challenging in scenes with complex global illumination. Due to the limited diversity in shadow removal datasets, current methods are prone to overfitting training data, often leading to reduced performance on unseen cases. To address this, we leverage the rich visual priors of a pre-trained Stable Diffusion (SD) model and propose a two-stage fine-tuning pipeline to adapt the SD model for stable and efficient shadow removal. In the first stage, we fix the VAE and fine-tune the denoiser in latent space, which yields substantial shadow removal but may lose some high-frequency details. To resolve this, we introduce a second stage, called the detail injection stage. This stage selectively extracts features from the VAE encoder to modulate the decoder, injecting fine details into the final results. Experimental results show that our method outperforms state-of-the-art shadow removal techniques. The cross-dataset evaluation further demonstrates that our method generalizes effectively to unseen data, enhancing the applicability of shadow removal methods.","@InProceedings{Xu_2025_CVPR, author = {Xu, Jiamin and Zheng, Yuxin and Li, Zelong and Wang, Chi and Gu, Renshu and Xu, Weiwei and Xu, Gang}, title = {Detail-Preserving Latent Diffusion for Stable Shadow Removal}, booktitle = {Proceedings of the Computer Vision and Pattern Recognition Conference (CVPR)}, month = {June}, year = {2025}, pages = {7592-7602} }"
Guo_MambaIRv2_Attentive_State_Space_Restoration_CVPR_2025_paper,2025,1,Restoration_Enhancement,Restoration_Enhancement,6.0,0.667,MambaIRv2: Attentive State Space Restoration,Hang Guo; Yong Guo; Yaohua Zha; Yulun Zhang; Wenbo Li; Tao Dai; Shu-Tao Xia; Yawei Li,8,28124-28133,True,https://openaccess.thecvf.com/content/CVPR2025/papers/Guo_MambaIRv2_Attentive_State_Space_Restoration_CVPR_2025_paper.pdf,https://openaccess.thecvf.com/content/CVPR2025/supplemental/Guo_MambaIRv2_Attentive_State_CVPR_2025_supplemental.pdf,https://openaccess.thecvf.com/content/CVPR2025/html/Guo_MambaIRv2_Attentive_State_Space_Restoration_CVPR_2025_paper.html,"The Mamba-based image restoration backbones have recently demonstrated significant potential in balancing global reception and computational efficiency. However, the inherent causal modeling limitation of Mamba, where each token depends solely on its predecessors in the scanned sequence, restricts the full utilization of pixels across the image and thus presents new challenges in image restoration. In this work, we propose MambaIRv2, which equips Mamba with the non-causal modeling ability similar to ViTs to reach the attentive state space restoration model. Specifically, the proposed attentive state-space equation allows to attend beyond the scanned sequence and facilitate image unfolding with just one single scan. Moreover, we further introduce a semantic-guided neighboring mechanism to encourage interaction between distant but similar pixels. Extensive experiments show our MambaIRv2 outperforms SRFormer by even 0.35dB PSNR for lightweight SR even with 9.3% less parameters and suppresses HAT on classic SR by up to 0.29dB.","@InProceedings{Guo_2025_CVPR, author = {Guo, Hang and Guo, Yong and Zha, Yaohua and Zhang, Yulun and Li, Wenbo and Dai, Tao and Xia, Shu-Tao and Li, Yawei}, title = {MambaIRv2: Attentive State Space Restoration}, booktitle = {Proceedings of the Computer Vision and Pattern Recognition Conference (CVPR)}, month = {June}, year = {2025}, pages = {28124-28133} }"
Chen_Tokenize_Image_Patches_Global_Context_Fusion_for_Effective_Haze_Removal_CVPR_2025_paper,2025,1,Restoration_Enhancement,Restoration_Enhancement,6.0,0.5,Tokenize Image Patches: Global Context Fusion for Effective Haze Removal in Large Images,Jiuchen Chen; Xinyu Yan; Qizhi Xu; Kaiqi Li,4,2258-2268,True,https://openaccess.thecvf.com/content/CVPR2025/papers/Chen_Tokenize_Image_Patches_Global_Context_Fusion_for_Effective_Haze_Removal_CVPR_2025_paper.pdf,https://openaccess.thecvf.com/content/CVPR2025/supplemental/Chen_Tokenize_Image_Patches_CVPR_2025_supplemental.pdf,https://openaccess.thecvf.com/content/CVPR2025/html/Chen_Tokenize_Image_Patches_Global_Context_Fusion_for_Effective_Haze_Removal_CVPR_2025_paper.html,"Global contextual information and local detail features are essential for haze removal tasks. Deep learning models perform well on small, low-resolution images, but they encounter difficulties with large, high-resolution ones due to GPU memory limitations. As a compromise, they often resort to image slicing or downsampling. The former diminishes global information, while the latter discards high-frequency details. To address these challenges, we propose DehazeXL, a haze removal method that effectively balances global context and local feature extraction, enabling end-to-end modeling of large images on mainstream GPU hardware. Additionally, to evaluate the efficiency of global context utilization in haze removal performance, we design a visual attribution method tailored to the characteristics of haze removal tasks. Finally, recognizing the lack of benchmark datasets for haze removal in large images, we have developed an ultra-high-resolution haze removal dataset (8KDehaze) to support model training and testing. It includes 10000 pairs of clear and hazy remote sensing images, each sized at 8192 x8192 pixels. Extensive experiments demonstrate that DehazeXL can infer images up to 10240 x10240 pixels with only 21 GB of memory, achieving state-of-the-art results among all evaluated methods. The source code and experimental dataset will soon be made publicly available.","@InProceedings{Chen_2025_CVPR, author = {Chen, Jiuchen and Yan, Xinyu and Xu, Qizhi and Li, Kaiqi}, title = {Tokenize Image Patches: Global Context Fusion for Effective Haze Removal in Large Images}, booktitle = {Proceedings of the Computer Vision and Pattern Recognition Conference (CVPR)}, month = {June}, year = {2025}, pages = {2258-2268} }"
Wang_Complementary_Advantages_Exploiting_Cross-Field_Frequency_Correlation_for_NIR-Assisted_Image_Denoising_CVPR_2025_paper,2025,1,Restoration_Enhancement,Restoration_Enhancement,18.0,1.0,Complementary Advantages: Exploiting Cross-Field Frequency Correlation for NIR-Assisted Image Denoising,Yuchen Wang; Hongyuan Wang; Lizhi Wang; Xin Wang; Lin Zhu; Wanxuan Lu; Hua Huang,7,12679-12689,True,https://openaccess.thecvf.com/content/CVPR2025/papers/Wang_Complementary_Advantages_Exploiting_Cross-Field_Frequency_Correlation_for_NIR-Assisted_Image_Denoising_CVPR_2025_paper.pdf,https://openaccess.thecvf.com/content/CVPR2025/supplemental/Wang_Complementary_Advantages_Exploiting_CVPR_2025_supplemental.pdf,https://openaccess.thecvf.com/content/CVPR2025/html/Wang_Complementary_Advantages_Exploiting_Cross-Field_Frequency_Correlation_for_NIR-Assisted_Image_Denoising_CVPR_2025_paper.html,"Existing single-image denoising algorithms often struggle to restore details when dealing with complex noisy images. The introduction of near-infrared (NIR) images offers new possibilities for RGB image denoising. However, due to the inconsistency between NIR and RGB images, the existing works still struggle to balance the contributions of two fields in the process of image fusion. In response to this, in this paper, we develop a cross-field Frequency Correlation Exploiting Network (FCENet) for NIR-assisted image denoising. We first propose the frequency correlation prior based on an in-depth statistical frequency analysis of NIR-RGB image pairs. The prior reveals the complementary correlation of NIR and RGB images in the frequency domain. Leveraging frequency correlation prior, we then establish a frequency learning framework composed of Frequency Dynamic Selection Mechanism (FDSM) and Frequency Exhaustive Fusion Mechanism (FEFM). FDSM dynamically selects complementary information from NIR and RGB images in the frequency domain, and FEFM strengthens the control of common and differential features during the fusion process of NIR and RGB features. Extensive experiments on simulated and real data validate that the proposed method outperforms other state-of-the-art methods. The code will be released at https://github.com/yuchenwang815/FCENet.","@InProceedings{Wang_2025_CVPR, author = {Wang, Yuchen and Wang, Hongyuan and Wang, Lizhi and Wang, Xin and Zhu, Lin and Lu, Wanxuan and Huang, Hua}, title = {Complementary Advantages: Exploiting Cross-Field Frequency Correlation for NIR-Assisted Image Denoising}, booktitle = {Proceedings of the Computer Vision and Pattern Recognition Conference (CVPR)}, month = {June}, year = {2025}, pages = {12679-12689} }"
Xu_VideoGigaGAN_Towards_Detail-rich_Video_Super-Resolution_CVPR_2025_paper,2025,1,Restoration_Enhancement,Restoration_Enhancement,12.0,0.583,VideoGigaGAN: Towards Detail-rich Video Super-Resolution,Yiran Xu; Taesung Park; Richard Zhang; Yang Zhou; Eli Shechtman; Feng Liu; Jia-Bin Huang; Difan Liu,8,2139-2149,True,https://openaccess.thecvf.com/content/CVPR2025/papers/Xu_VideoGigaGAN_Towards_Detail-rich_Video_Super-Resolution_CVPR_2025_paper.pdf,https://openaccess.thecvf.com/content/CVPR2025/supplemental/Xu_VideoGigaGAN_Towards_Detail-rich_CVPR_2025_supplemental.pdf,https://openaccess.thecvf.com/content/CVPR2025/html/Xu_VideoGigaGAN_Towards_Detail-rich_Video_Super-Resolution_CVPR_2025_paper.html,"Video super-resolution (VSR) models achieve temporal consistency but often produce blurrier results than their image-based counterparts due to limited generative capacity. This prompts the question: can we adapt a generative image upsampler for VSR while preserving temporal consistency? We introduce VideoGigaGAN, a new generative VSR model that combines high-frequency detail with temporal stability, building on the large-scale GigaGAN image upsampler. Simple adaptations of GigaGAN for VSR led to flickering issues, so we propose techniques to enhance temporal consistency. We validate the effectiveness of VideoGigaGAN by comparing it with state-of-the-art VSR models on public datasets and showcasing video results with 8x upsampling.","@InProceedings{Xu_2025_CVPR, author = {Xu, Yiran and Park, Taesung and Zhang, Richard and Zhou, Yang and Shechtman, Eli and Liu, Feng and Huang, Jia-Bin and Liu, Difan}, title = {VideoGigaGAN: Towards Detail-rich Video Super-Resolution}, booktitle = {Proceedings of the Computer Vision and Pattern Recognition Conference (CVPR)}, month = {June}, year = {2025}, pages = {2139-2149} }"
Barda_Instant3dit_Multiview_Inpainting_for_Fast_Editing_of_3D_Objects_CVPR_2025_paper,2025,0,Diffusion_Generative,Diffusion_Generative|Restoration_Enhancement,15.0,0.2,Instant3dit: Multiview Inpainting for Fast Editing of 3D Objects,Amir Barda; Matheus Gadelha; Vladimir G. Kim; Noam Aigerman; Amit H. Bermano; Thibault Groueix,6,16273-16282,True,https://openaccess.thecvf.com/content/CVPR2025/papers/Barda_Instant3dit_Multiview_Inpainting_for_Fast_Editing_of_3D_Objects_CVPR_2025_paper.pdf,https://openaccess.thecvf.com/content/CVPR2025/supplemental/Barda_Instant3dit_Multiview_Inpainting_CVPR_2025_supplemental.pdf,https://openaccess.thecvf.com/content/CVPR2025/html/Barda_Instant3dit_Multiview_Inpainting_for_Fast_Editing_of_3D_Objects_CVPR_2025_paper.html,"We propose a generative technique to edit 3D shapes, represented as meshes, NeRFs, or Gaussian Splats, in ~3 seconds, without the need for running an SDS type of optimization.Our key insight is to cast 3D editing as a multiview image inpainting problem, as this representation is generic and can be mapped back to any 3D representation using the bank of available Large Reconstruction Models. We explore different fine-tuning strategies to obtain both multiview generation and inpainting capabilities within the same diffusion model. In particular, the design of the inpainting mask is an important factor of training an inpainting model, and we propose several masking strategies to mimic the types of edits a user would perform on a 3D shape. Our approach takes 3D generative editing from hours to seconds and produces higher-quality results compared to previous works.","@InProceedings{Barda_2025_CVPR, author = {Barda, Amir and Gadelha, Matheus and Kim, Vladimir G. and Aigerman, Noam and Bermano, Amit H. and Groueix, Thibault}, title = {Instant3dit: Multiview Inpainting for Fast Editing of 3D Objects}, booktitle = {Proceedings of the Computer Vision and Pattern Recognition Conference (CVPR)}, month = {June}, year = {2025}, pages = {16273-16282} }"
Fang_Parameterized_Blur_Kernel_Prior_Learning_for_Local_Motion_Deblurring_CVPR_2025_paper,2025,1,Restoration_Enhancement,Restoration_Enhancement,45.0,1.0,Parameterized Blur Kernel Prior Learning for Local Motion Deblurring,Zhenxuan Fang; Fangfang Wu; Tao Huang; Le Dong; Weisheng Dong; Xin Li; Guangming Shi,7,23006-23015,True,https://openaccess.thecvf.com/content/CVPR2025/papers/Fang_Parameterized_Blur_Kernel_Prior_Learning_for_Local_Motion_Deblurring_CVPR_2025_paper.pdf,https://openaccess.thecvf.com/content/CVPR2025/supplemental/Fang_Parameterized_Blur_Kernel_CVPR_2025_supplemental.pdf,https://openaccess.thecvf.com/content/CVPR2025/html/Fang_Parameterized_Blur_Kernel_Prior_Learning_for_Local_Motion_Deblurring_CVPR_2025_paper.html,"Unlike global motion blur, Local Motion Deblurring (LMD) presents a more complex challenge, as it requires precise restoration of blurry regions while preserving the sharpness of the background. Existing LMD methods rely on manually annotated blur masks and often overlook the blur kernel's characteristics, which are crucial for accurate restoration. To address these limitations, we propose a novel parameterized motion kernel modeling approach that defines the motion blur kernel with three key parameters: length, angle, and curvature. We then use networks to estimate these kernel parameters, significantly improving the accuracy of blur kernel estimation. To effectively learn the motion blur representation, we incorporate a shared memory bank that stores blur prior information. Additionally, we introduce a dual-branch deblurring network: one branch leverages Mamba to capture long-range dependencies, while the other uses a mask-guided CNN focused on refining the local blurry regions. By fully utilizing the estimated bur prior information, our approach greatly enhances deblurring outcomes. Experimental results show that our method achieves state-of-the-art performance both quantitatively and visually, with a substantial reduction in computational complexity.","@InProceedings{Fang_2025_CVPR, author = {Fang, Zhenxuan and Wu, Fangfang and Huang, Tao and Dong, Le and Dong, Weisheng and Li, Xin and Shi, Guangming}, title = {Parameterized Blur Kernel Prior Learning for Local Motion Deblurring}, booktitle = {Proceedings of the Computer Vision and Pattern Recognition Conference (CVPR)}, month = {June}, year = {2025}, pages = {23006-23015} }"
Zhu_PassionSR_Post-Training_Quantization_with_Adaptive_Scale_in_One-Step_Diffusion_based_CVPR_2025_paper,2025,0,Efficiency_Compression,Efficiency_Compression|Restoration_Enhancement,18.0,0.0,PassionSR: Post-Training Quantization with Adaptive Scale in One-Step Diffusion based Image Super-Resolution,Libo Zhu; Jianze Li; Haotong Qin; Wenbo Li; Yulun Zhang; Yong Guo; Xiaokang Yang,7,12778-12788,True,https://openaccess.thecvf.com/content/CVPR2025/papers/Zhu_PassionSR_Post-Training_Quantization_with_Adaptive_Scale_in_One-Step_Diffusion_based_CVPR_2025_paper.pdf,https://openaccess.thecvf.com/content/CVPR2025/supplemental/Zhu_PassionSR_Post-Training_Quantization_CVPR_2025_supplemental.pdf,https://openaccess.thecvf.com/content/CVPR2025/html/Zhu_PassionSR_Post-Training_Quantization_with_Adaptive_Scale_in_One-Step_Diffusion_based_CVPR_2025_paper.html,"Diffusion-based image super-resolution (SR) models have shown superior performance at the cost of multiple denoising steps. However, even though the denoising step has been reduced to one, they require high computational costs and storage requirements, making it difficult for deployment on hardware devices. To address these issues, we propose a novel post-training quantization approach with adaptive scale in one-step diffusion (OSD) image SR, PassionSR. First, we simplify OSD model to two core components, UNet and Variational Autoencoder (VAE) by removing the CLIPEncoder. Secondly, we propose Learnable Boundary Quantizer (LBQ) and Learnable Equivalent Transformation (LET) to optimize the quantization process and manipulate activation distributions for better quantization. Finally, we design a Distributed Quantization Calibration (DQC) strategy that stabilizes the training of quantized parameters for rapid convergence. Comprehensive experiments demonstrate that PassionSR with 8-bit and 6-bit obtains comparable visual results with full-precision model. Moreover, our PassionSR achieves significant advantages over recent leading low-bit quantization methods for image SR. Our code will be released","@InProceedings{Zhu_2025_CVPR, author = {Zhu, Libo and Li, Jianze and Qin, Haotong and Li, Wenbo and Zhang, Yulun and Guo, Yong and Yang, Xiaokang}, title = {PassionSR: Post-Training Quantization with Adaptive Scale in One-Step Diffusion based Image Super-Resolution}, booktitle = {Proceedings of the Computer Vision and Pattern Recognition Conference (CVPR)}, month = {June}, year = {2025}, pages = {12778-12788} }"
Dong_Exploring_Semantic_Feature_Discrimination_for_Perceptual_Image_Super-Resolution_and_Opinion-Unaware_CVPR_2025_paper,2025,1,Restoration_Enhancement,Restoration_Enhancement|Diffusion_Generative,15.0,0.6,Exploring Semantic Feature Discrimination for Perceptual Image Super-Resolution and Opinion-Unaware No-Reference Image Quality Assessment,Guanglu Dong; Xiangyu Liao; Mingyang Li; Guihuan Guo; Chao Ren,5,28176-28187,True,https://openaccess.thecvf.com/content/CVPR2025/papers/Dong_Exploring_Semantic_Feature_Discrimination_for_Perceptual_Image_Super-Resolution_and_Opinion-Unaware_CVPR_2025_paper.pdf,https://openaccess.thecvf.com/content/CVPR2025/supplemental/Dong_Exploring_Semantic_Feature_CVPR_2025_supplemental.pdf,https://openaccess.thecvf.com/content/CVPR2025/html/Dong_Exploring_Semantic_Feature_Discrimination_for_Perceptual_Image_Super-Resolution_and_Opinion-Unaware_CVPR_2025_paper.html,"Generative Adversarial Networks (GANs) have been widely applied to image super-resolution (SR) to enhance the perceptual quality. However, most existing GAN-based SR methods typically perform coarse-grained discrimination directly on images and ignore the semantic information of images, making it challenging for the super resolution networks (SRN) to learn fine-grained and semantic-related texture details. To alleviate this issue, we propose a semantic feature discrimination method, SFD, for perceptual SR. Specifically, we first design a feature discriminator (Feat-D), to discriminate the pixel-wise middle semantic features from CLIP, aligning the feature distributions of SR images with that of high-quality images. Additionally, we propose a text-guided discrimination method (TG-D) by introducing learnable prompt pairs (LPP) in an adversarial manner to perform discrimination on the more abstract output feature of CLIP, further enhancing the discriminative ability of our method. With both Feat-D and TG-D, our SFD can effectively distinguish between the semantic feature distributions of low-quality and high-quality images, encouraging SRN to generate more realistic and semantic-relevant textures. Furthermore, based on the trained Feat-D and LPP, we propose a novel opinion-unaware no-reference image quality assessment (OU NR-IQA) method, SFD-IQA, greatly improving OU NR-IQA performance without any additional targeted training. Extensive experiments on classical SISR, real-world SISR, and OU NR-IQA tasks, demonstrate the effectiveness of our proposed methods. Code is available at https://github.com/GuangluDong0728/SFD.","@InProceedings{Dong_2025_CVPR, author = {Dong, Guanglu and Liao, Xiangyu and Li, Mingyang and Guo, Guihuan and Ren, Chao}, title = {Exploring Semantic Feature Discrimination for Perceptual Image Super-Resolution and Opinion-Unaware No-Reference Image Quality Assessment}, booktitle = {Proceedings of the Computer Vision and Pattern Recognition Conference (CVPR)}, month = {June}, year = {2025}, pages = {28176-28187} }"
Liu_EdgeDiff_Edge-aware_Diffusion_Network_for_Building_Reconstruction_from_Point_Clouds_CVPR_2025_paper,2025,0,3D_Reconstruction,3D_Reconstruction|Restoration_Enhancement,9.0,0.333,EdgeDiff: Edge-aware Diffusion Network for Building Reconstruction from Point Clouds,Yujun Liu; Ruisheng Wang; Shangfeng Huang; Guorong Cai,4,17008-17018,True,https://openaccess.thecvf.com/content/CVPR2025/papers/Liu_EdgeDiff_Edge-aware_Diffusion_Network_for_Building_Reconstruction_from_Point_Clouds_CVPR_2025_paper.pdf,https://openaccess.thecvf.com/content/CVPR2025/supplemental/Liu_EdgeDiff_Edge-aware_Diffusion_CVPR_2025_supplemental.pdf,https://openaccess.thecvf.com/content/CVPR2025/html/Liu_EdgeDiff_Edge-aware_Diffusion_Network_for_Building_Reconstruction_from_Point_Clouds_CVPR_2025_paper.html,"Building reconstruction is a challenging problem at the intersection of computer vision, photogrammetry and computer graphics. 3D wireframe presents a compelling representation for building modeling through its compact structure. Existing wireframe reconstruction methods employing vertex detection and edge regression have achieved promising results. In this paper, we develop an Edge-aware Diffusion network, dubbed EdgeDiff. As a novel paradigm for wireframe reconstruction, the EdgeDiff generates wireframe models from noise using a conditional diffusion model. During the training process, the ground truth wireframes firstly are formulated as a set of parameterized edges and then diffused into a random noise distribution. EdgeDiff learns both the noise reversal process and the network structure simultaneously. During inference, EdgeDiff iteratively refines the generated edge distribution using the denoising diffusion implicit model, enabling flexible single- or multi-step denoising and dynamic adaptation to buildings of varying complexity. Additionally, given the unique structure of wireframes, we introduce an edge attention module to extract point-wise attention from point features, using it as auxiliary information to facilitate learning of edge cues and guide the network toward improved edge awareness. Extensive experiments on the real-world Building3D dataset demonstrate that our approach achieves state-of-the-art performance.","@InProceedings{Liu_2025_CVPR, author = {Liu, Yujun and Wang, Ruisheng and Huang, Shangfeng and Cai, Guorong}, title = {EdgeDiff: Edge-aware Diffusion Network for Building Reconstruction from Point Clouds}, booktitle = {Proceedings of the Computer Vision and Pattern Recognition Conference (CVPR)}, month = {June}, year = {2025}, pages = {17008-17018} }"
Gong_LP-Diff_Towards_Improved_Restoration_of_Real-World_Degraded_License_Plate_CVPR_2025_paper,2025,0,Document_OCR_Graphics,Document_OCR_Graphics|Restoration_Enhancement,10.0,0.4,LP-Diff: Towards Improved Restoration of Real-World Degraded License Plate,Haoyan Gong; Zhenrong Zhang; Yuzheng Feng; Anh Nguyen; Hongbin Liu,5,17831-17840,True,https://openaccess.thecvf.com/content/CVPR2025/papers/Gong_LP-Diff_Towards_Improved_Restoration_of_Real-World_Degraded_License_Plate_CVPR_2025_paper.pdf,https://openaccess.thecvf.com/content/CVPR2025/supplemental/Gong_LP-Diff_Towards_Improved_CVPR_2025_supplemental.pdf,https://openaccess.thecvf.com/content/CVPR2025/html/Gong_LP-Diff_Towards_Improved_Restoration_of_Real-World_Degraded_License_Plate_CVPR_2025_paper.html,"License plate (LP) recognition is crucial in intelligent traffic management systems. However, factors such as long distances and poor camera quality often lead to severe degradation of captured LP images, posing challenges to accurate recognition. The design of License Plate Image Restoration (LPIR) methods frequently relies on synthetic degraded data, which limits their effectiveness on real-world severely degraded LP images. To address this issue, we introduce the first paired LPIR dataset collected in real-world scenarios, named MDLP, including 10,245 pairs of multi-frame severely degraded LP images and their corresponding clear images. To better restore severely degraded LP, we propose a novel Diffusion-based network, called LP-Diff, to tackle real-world LPIR tasks. Our approach incorporates (1) an Inter-frame Cross Attention Module to fuse temporal information across multiple frames, (2) a Texture Enhancement Module to restore texture information in degraded images, and (3) a Dual-Pathway Fusion Module to select effective features from both channel and spatial dimensions. Extensive experiments demonstrate the reliability of our dataset for model training and evaluation. Our proposed LP-Diff consistently outperforms other state-of-the-art image restoration methods on real-world LPIR tasks. The dataset and code are available at https://github.com/haoyGONG/LP-Diff.","@InProceedings{Gong_2025_CVPR, author = {Gong, Haoyan and Zhang, Zhenrong and Feng, Yuzheng and Nguyen, Anh and Liu, Hongbin}, title = {LP-Diff: Towards Improved Restoration of Real-World Degraded License Plate}, booktitle = {Proceedings of the Computer Vision and Pattern Recognition Conference (CVPR)}, month = {June}, year = {2025}, pages = {17831-17840} }"
Jeong_Latent_Space_Super-Resolution_for_Higher-Resolution_Image_Generation_with_Diffusion_Models_CVPR_2025_paper,2025,0,Diffusion_Generative,Diffusion_Generative|Restoration_Enhancement,23.0,0.348,Latent Space Super-Resolution for Higher-Resolution Image Generation with Diffusion Models,Jinho Jeong; Sangmin Han; Jinwoo Kim; Seon Joo Kim,4,2355-2365,True,https://openaccess.thecvf.com/content/CVPR2025/papers/Jeong_Latent_Space_Super-Resolution_for_Higher-Resolution_Image_Generation_with_Diffusion_Models_CVPR_2025_paper.pdf,https://openaccess.thecvf.com/content/CVPR2025/supplemental/Jeong_Latent_Space_Super-Resolution_CVPR_2025_supplemental.pdf,https://openaccess.thecvf.com/content/CVPR2025/html/Jeong_Latent_Space_Super-Resolution_for_Higher-Resolution_Image_Generation_with_Diffusion_Models_CVPR_2025_paper.html,"In this paper, we propose LSRNA, a novel framework for higher-resolution (exceeding 1K) image generation using diffusion models by leveraging super-resolution directly in the latent space. Existing diffusion models struggle with scaling beyond their training resolutions, often leading to structural distortions or content repetition. Reference-based methods address the issues by upsampling a low-resolution reference to guide higher-resolution generation. However, they face significant challenges: upsampling in latent space often causes manifold deviation, which degrades output quality. On the other hand, upsampling in RGB space tends to produce overly smoothed outputs. To overcome these limitations, LSRNA combines Latent space Super-Resolution (LSR) for manifold alignment and Region-wise Noise Addition (RNA) to enhance high-frequency details. Our extensive experiments demonstrate that integrating LSRNA outperforms state-of-the-art reference-based methods across various resolutions and metrics, while showing the critical role of latent space upsampling in preserving detail and sharpness. The code will be available at https://github.com/3587jjh/LSRNA https://github.com/3587jjh/LSRNA.","@InProceedings{Jeong_2025_CVPR, author = {Jeong, Jinho and Han, Sangmin and Kim, Jinwoo and Kim, Seon Joo}, title = {Latent Space Super-Resolution for Higher-Resolution Image Generation with Diffusion Models}, booktitle = {Proceedings of the Computer Vision and Pattern Recognition Conference (CVPR)}, month = {June}, year = {2025}, pages = {2355-2365} }"
Varghese_Sea-ing_in_Low-light_CVPR_2025_paper,2025,1,Restoration_Enhancement,Restoration_Enhancement,27.0,0.778,Sea-ing in Low-light,Nisha Varghese; A. N. Rajagopalan,2,16629-16640,True,https://openaccess.thecvf.com/content/CVPR2025/papers/Varghese_Sea-ing_in_Low-light_CVPR_2025_paper.pdf,https://openaccess.thecvf.com/content/CVPR2025/supplemental/Varghese_Sea-ing_in_Low-light_CVPR_2025_supplemental.pdf,https://openaccess.thecvf.com/content/CVPR2025/html/Varghese_Sea-ing_in_Low-light_CVPR_2025_paper.html,"Underwater (UW) robotics applications require depth and restored images simultaneously in real-time, irrespective of whether the UW images are captured in good lighting conditions or not. Most of the UW image restoration and depth estimation methods have been devised for images under normal lighting. Consequently, they struggle to perform on poorly lit images. Even though artificial illumination can be used when there is insufficient ambient light, it can introduce non-uniform lighting artifacts in the restored images. Hence, the recovery of depth and restored images directly from Low-Light UW (LLUW) images is a critical requirement in marine applications. While a few works have attempted LLUW image restoration, there are no reported works on joint recovery of depth and clean image from LLUW images. We propose a Self-supervised Low-light Underwater Image and Depth recovery network (SelfLUID-Net) for joint estimation of depth and restored image in real-time from a single LLUW image. We have collected an Underwater Low-light Stereo Video (ULVStereo) dataset which is the first-ever UW dataset with stereo pairs of low-light and normally-lit UW images. For the dual tasks of image and depth recovery from a LLUW image, we effectively utilize the stereo data from ULVStereo that provides cues for both depth and illumination-independent clean image. We harness a combination of the UW image formation process, the Retinex model, and constraints enforced by the scene geometry for our self-supervised training. To handle occlusions, we additionally utilize monocular frames from our video dataset and propose a masking scheme to prevent dynamic transients, that do not respect the underlying scene geometry, from misguiding the learning process. Evaluations on five LLUW datasets demonstrate the superiority and generalization ability of our proposed SelfLUID-Net over existing state-of-the-art methods. The dataset ULVStereo is available at https://github.com/nishavarghese15/ULVStereo.","@InProceedings{Varghese_2025_CVPR, author = {Varghese, Nisha and Rajagopalan, A. N.}, title = {Sea-ing in Low-light}, booktitle = {Proceedings of the Computer Vision and Pattern Recognition Conference (CVPR)}, month = {June}, year = {2025}, pages = {16629-16640} }"
Kim_BF-STVSR_B-Splines_and_Fourier---Best_Friends_for_High_Fidelity_Spatial-Temporal_Video_CVPR_2025_paper,2025,1,Restoration_Enhancement,Restoration_Enhancement|LowLevel_Flow_Depth_Matching|Video_Action_Recognition,12.0,0.5,BF-STVSR: B-Splines and Fourier---Best Friends for High Fidelity Spatial-Temporal Video Super-Resolution,Eunjin Kim; Hyeonjin Kim; Kyong Hwan Jin; Jaejun Yoo,4,28009-28018,True,https://openaccess.thecvf.com/content/CVPR2025/papers/Kim_BF-STVSR_B-Splines_and_Fourier---Best_Friends_for_High_Fidelity_Spatial-Temporal_Video_CVPR_2025_paper.pdf,https://openaccess.thecvf.com/content/CVPR2025/supplemental/Kim_BF-STVSR_B-Splines_and_CVPR_2025_supplemental.zip,https://openaccess.thecvf.com/content/CVPR2025/html/Kim_BF-STVSR_B-Splines_and_Fourier---Best_Friends_for_High_Fidelity_Spatial-Temporal_Video_CVPR_2025_paper.html,"While prior methods in Continuous Spatial-Temporal Video Super-Resolution (C-STVSR) employ Implicit Neural Representation (INR) for continuous encoding, they often struggle to capture the complexity of video data, relying on simple coordinate concatenation and pre-trained optical flow networks for motion representation. Interestingly, we find that adding position encoding, contrary to common observations, does not improve---and even degrades---performance. This issue becomes particularly pronounced when combined with pre-trained optical flow networks, which can limit the model's flexibility. To address these issues, we propose BF-STVSR, a C-STVSR framework with two key modules tailored to better represent spatial and temporal characteristics of video: 1) B-spline Mapper for smooth temporal interpolation, and 2) Fourier Mapper for capturing dominant spatial frequencies. Our approach achieves state-of-the-art in various metrics, including PSNR and SSIM, showing enhanced spatial details and natural temporal consistency. Our code is available https://github.com/Eunjnnn/bfstvsr.","@InProceedings{Kim_2025_CVPR, author = {Kim, Eunjin and Kim, Hyeonjin and Jin, Kyong Hwan and Yoo, Jaejun}, title = {BF-STVSR: B-Splines and Fourier---Best Friends for High Fidelity Spatial-Temporal Video Super-Resolution}, booktitle = {Proceedings of the Computer Vision and Pattern Recognition Conference (CVPR)}, month = {June}, year = {2025}, pages = {28009-28018} }"
Mankovich_A_Flag_Decomposition_for_Hierarchical_Datasets_CVPR_2025_paper,2025,1,Restoration_Enhancement,Restoration_Enhancement,3.0,0.0,A Flag Decomposition for Hierarchical Datasets,Nathan Mankovich; Ignacio Santamaria; Gustau Camps-Valls; Tolga Birdal,4,18738-18748,True,https://openaccess.thecvf.com/content/CVPR2025/papers/Mankovich_A_Flag_Decomposition_for_Hierarchical_Datasets_CVPR_2025_paper.pdf,https://openaccess.thecvf.com/content/CVPR2025/supplemental/Mankovich_A_Flag_Decomposition_CVPR_2025_supplemental.pdf,https://openaccess.thecvf.com/content/CVPR2025/html/Mankovich_A_Flag_Decomposition_for_Hierarchical_Datasets_CVPR_2025_paper.html,"Flag manifolds encode nested sequences of subspaces and serve as powerful structures for various computer vision and machine learning applications. Despite their utility in tasks such as dimensionality reduction, motion averaging, and subspace clustering, current applications are often restricted to extracting flags using common matrix decomposition methods like the singular value decomposition. Here, we address the need for a general algorithm to factorize and work with hierarchical datasets. In particular, we propose a novel, flag-based method that decomposes arbitrary hierarchical real-valued data into a hierarchy-preserving flag representation in Stiefel coordinates. Our work harnesses the potential of flag manifolds in applications including denoising, clustering, and few-shot learning.","@InProceedings{Mankovich_2025_CVPR, author = {Mankovich, Nathan and Santamaria, Ignacio and Camps-Valls, Gustau and Birdal, Tolga}, title = {A Flag Decomposition for Hierarchical Datasets}, booktitle = {Proceedings of the Computer Vision and Pattern Recognition Conference (CVPR)}, month = {June}, year = {2025}, pages = {18738-18748} }"
Lin_JarvisIR_Elevating_Autonomous_Driving_Perception_with_Intelligent_Image_Restoration_CVPR_2025_paper,2025,0,Autonomous_Driving,Autonomous_Driving|Restoration_Enhancement|Vision_Language_Multimodal,9.0,0.0,JarvisIR: Elevating Autonomous Driving Perception with Intelligent Image Restoration,Yunlong Lin; Zixu Lin; Haoyu Chen; Panwang Pan; Chenxin Li; Sixiang Chen; Kairun Wen; Yeying Jin; Wenbo Li; Xinghao Ding,10,22369-22380,True,https://openaccess.thecvf.com/content/CVPR2025/papers/Lin_JarvisIR_Elevating_Autonomous_Driving_Perception_with_Intelligent_Image_Restoration_CVPR_2025_paper.pdf,https://openaccess.thecvf.com/content/CVPR2025/supplemental/Lin_JarvisIR_Elevating_Autonomous_CVPR_2025_supplemental.pdf,https://openaccess.thecvf.com/content/CVPR2025/html/Lin_JarvisIR_Elevating_Autonomous_Driving_Perception_with_Intelligent_Image_Restoration_CVPR_2025_paper.html,"Vision-centric perception systems often struggle with unpredictable and coupled weather degradations in the wild. Current solutions are often limited, as they either depend on specific degradation priors or suffer from significant domain gaps. To enable robust and autonomous operation in real-world conditions, we propose JarvisIR, a VLM-powered agent that leverages the VLM (e.g., Llava-Llama3) as a controller to manage multiple expert restoration models. To further enhance system robustness, reduce hallucinations, and improve generalizability in real-world adverse weather, JarvisIR employs a novel two-stage framework consisting of supervised fine-tuning and human feedback alignment. Specifically, to address the lack of paired data in real-world scenarios, the human feedback alignment enables the VLM to be fine-tuned effectively on large-scale real-world data in an unsupervised manner. To support the training and evaluation of JarvisIR, we introduce CleanBench, a comprehensive dataset consisting of high-quality and large-scale instruction-responses pairs, including 150K synthetic entries and 80K real entries. Extensive experiments demonstrate that JarvisIR exhibits superior decision-making and restoration capabilities. Compared with existing methods, it achieves a 50% improvement in the average of all perception metrics on CleanBench-Real.","@InProceedings{Lin_2025_CVPR, author = {Lin, Yunlong and Lin, Zixu and Chen, Haoyu and Pan, Panwang and Li, Chenxin and Chen, Sixiang and Wen, Kairun and Jin, Yeying and Li, Wenbo and Ding, Xinghao}, title = {JarvisIR: Elevating Autonomous Driving Perception with Intelligent Image Restoration}, booktitle = {Proceedings of the Computer Vision and Pattern Recognition Conference (CVPR)}, month = {June}, year = {2025}, pages = {22369-22380} }"
Liu_CATANet_Efficient_Content-Aware_Token_Aggregation_for_Lightweight_Image_Super-Resolution_CVPR_2025_paper,2025,1,Restoration_Enhancement,Restoration_Enhancement|Efficiency_Compression,12.0,0.167,CATANet: Efficient Content-Aware Token Aggregation for Lightweight Image Super-Resolution,Xin Liu; Jie Liu; Jie Tang; Gangshan Wu,4,17902-17912,True,https://openaccess.thecvf.com/content/CVPR2025/papers/Liu_CATANet_Efficient_Content-Aware_Token_Aggregation_for_Lightweight_Image_Super-Resolution_CVPR_2025_paper.pdf,https://openaccess.thecvf.com/content/CVPR2025/supplemental/Liu_CATANet_Efficient_Content-Aware_CVPR_2025_supplemental.pdf,https://openaccess.thecvf.com/content/CVPR2025/html/Liu_CATANet_Efficient_Content-Aware_Token_Aggregation_for_Lightweight_Image_Super-Resolution_CVPR_2025_paper.html,"Transformer-based methods have demonstrated impressive performance in low-level visual tasks such as Image Super-Resolution (SR). However, its computational complexity grows quadratically with the spatial resolution. A series of works attempt to alleviate this problem by dividing Low-Resolution images into local windows, axial stripes, or dilated windows. SR typically leverages the redundancy of images for reconstruction, and this redundancy appears not only in local regions but also in long-range regions. However, these methods limit attention computation to content-agnostic local regions, limiting directly the ability of attention to capture long-range dependency. To address these issues, we propose a lightweight Content-Aware Token Aggregation Network (CATANet). Specifically, we propose an efficient Content-Aware Token Aggregation module for aggregate long-range content-similar tokens, which shares token centers across all image tokens and updates them only during the training phase. Then we utilize intra-group self-attention to enable long-range information interaction. Moreover, we design an inter-group cross-attention to further enhance global information interaction. The experimental results show that, compared with the state-of-the-art cluster-based method SPIN, our method achieves superior performance, with a maximum PSNR improvement of 0.33dB and nearly double the inference speed.","@InProceedings{Liu_2025_CVPR, author = {Liu, Xin and Liu, Jie and Tang, Jie and Wu, Gangshan}, title = {CATANet: Efficient Content-Aware Token Aggregation for Lightweight Image Super-Resolution}, booktitle = {Proceedings of the Computer Vision and Pattern Recognition Conference (CVPR)}, month = {June}, year = {2025}, pages = {17902-17912} }"
Dufour_Around_the_World_in_80_Timesteps_A_Generative_Approach_to_CVPR_2025_paper,2025,1,Restoration_Enhancement,Restoration_Enhancement,3.0,0.333,Around the World in 80 Timesteps: A Generative Approach to Global Visual Geolocation,Nicolas Dufour; Vicky Kalogeiton; David Picard; Loic Landrieu,4,23016-23026,True,https://openaccess.thecvf.com/content/CVPR2025/papers/Dufour_Around_the_World_in_80_Timesteps_A_Generative_Approach_to_CVPR_2025_paper.pdf,https://openaccess.thecvf.com/content/CVPR2025/supplemental/Dufour_Around_the_World_CVPR_2025_supplemental.pdf,https://openaccess.thecvf.com/content/CVPR2025/html/Dufour_Around_the_World_in_80_Timesteps_A_Generative_Approach_to_CVPR_2025_paper.html,"Global visual geolocation predicts where an image was captured on Earth. Since images vary in how precisely they can be localized, this task inherently involves a significant degree of ambiguity. However, existing approaches are deterministic and overlook this aspect. In this paper, we aim to close the gap between traditional geolocalization and modern generative methods. We propose the first generative geolocation approach based on diffusion and Riemannian flow matching, where the denoising process operates directly on the Earth's surface. Our model achieves state-of-the-art performance on three visual geolocation benchmarks: OpenStreetView-5M, YFCC-100M, and iNat21. In addition, we introduce the task of probabilistic visual geolocation, where the model predicts a probability distribution over all possible locations instead of a single point. We introduce new metrics and baselines for this task, demonstrating the advantages of our diffusion-based approach. Codes and models will be made available.","@InProceedings{Dufour_2025_CVPR, author = {Dufour, Nicolas and Kalogeiton, Vicky and Picard, David and Landrieu, Loic}, title = {Around the World in 80 Timesteps: A Generative Approach to Global Visual Geolocation}, booktitle = {Proceedings of the Computer Vision and Pattern Recognition Conference (CVPR)}, month = {June}, year = {2025}, pages = {23016-23026} }"
Yang_Gyro-based_Neural_Single_Image_Deblurring_CVPR_2025_paper,2025,1,Restoration_Enhancement,Restoration_Enhancement,18.0,1.0,Gyro-based Neural Single Image Deblurring,Heemin Yang; Jaesung Rim; Seungyong Lee; Seung-Hwan Baek; Sunghyun Cho,5,23111-23120,True,https://openaccess.thecvf.com/content/CVPR2025/papers/Yang_Gyro-based_Neural_Single_Image_Deblurring_CVPR_2025_paper.pdf,https://openaccess.thecvf.com/content/CVPR2025/supplemental/Yang_Gyro-based_Neural_Single_CVPR_2025_supplemental.pdf,https://openaccess.thecvf.com/content/CVPR2025/html/Yang_Gyro-based_Neural_Single_Image_Deblurring_CVPR_2025_paper.html,"In this paper, we present GyroDeblurNet, a novel single-image deblurring method that utilizes a gyro sensor to resolve the ill-posedness of image deblurring. The gyro sensor provides valuable information about camera motion that can improve deblurring quality. However, exploiting real-world gyro data is challenging due to errors from various sources. To handle these errors, GyroDeblurNet is equipped with two novel neural network blocks: a gyro refinement block and a gyro deblurring block. The gyro refinement block refines the erroneous gyro data using the blur information from the input image. The gyro deblurring block removes blur from the input image using the refined gyro data and further compensates for gyro error by leveraging the blur information from the input image. For training a neural network with erroneous gyro data, we propose a training strategy based on the curriculum learning. We also introduce a novel gyro data embedding scheme to represent real-world intricate camera shakes. Finally, we present both synthetic and real-world datasets for training and evaluating gyro-based single image deblurring. Our experiments demonstrate that our approach achieves state-of-the-art deblurring quality by effectively utilizing erroneous gyro data.","@InProceedings{Yang_2025_CVPR, author = {Yang, Heemin and Rim, Jaesung and Lee, Seungyong and Baek, Seung-Hwan and Cho, Sunghyun}, title = {Gyro-based Neural Single Image Deblurring}, booktitle = {Proceedings of the Computer Vision and Pattern Recognition Conference (CVPR)}, month = {June}, year = {2025}, pages = {23111-23120} }"
Tian_Degradation-Aware_Feature_Perturbation_for_All-in-One_Image_Restoration_CVPR_2025_paper,2025,1,Restoration_Enhancement,Restoration_Enhancement,32.0,1.0,Degradation-Aware Feature Perturbation for All-in-One Image Restoration,Xiangpeng Tian; Xiangyu Liao; Xiao Liu; Meng Li; Chao Ren,5,28165-28175,True,https://openaccess.thecvf.com/content/CVPR2025/papers/Tian_Degradation-Aware_Feature_Perturbation_for_All-in-One_Image_Restoration_CVPR_2025_paper.pdf,https://openaccess.thecvf.com/content/CVPR2025/supplemental/Tian_Degradation-Aware_Feature_Perturbation_CVPR_2025_supplemental.pdf,https://openaccess.thecvf.com/content/CVPR2025/html/Tian_Degradation-Aware_Feature_Perturbation_for_All-in-One_Image_Restoration_CVPR_2025_paper.html,"All-in-one image restoration aims to recover clear images from various degradation types and levels with a unified model. Nonetheless, the significant variations among degradation types present challenges for training a universal model, often resulting in task interference, where the gradient update directions of different tasks may diverge due to shared parameters. To address this issue, motivated by the routing strategy, we propose DFPIR, a novel all-in-one image restorer that introduces Degradation-aware Feature Perturbations(DFP) to adjust the feature space to align with the unified parameter space. In this paper, the feature perturbations primarily include channel-wise perturbations and attention-wise perturbations. Specifically, channel-wise perturbations are implemented by shuffling the channels in high-dimensional space guided by degradation types, while attention-wise perturbations are achieved through selective masking in the attention space. To achieve these goals, we propose a Degradation-Guided Perturbation Block (DGPB) to implement these two functions, positioned between the encoding and decoding stages of the encoder-decoder architecture. Extensive experimental results demonstrate that DFPIR achieves state-of-the-art performance on several all-in-one image restoration tasks including image denoising, image dehazing, image deraining, motion deblurring, and low-light image enhancement. Our codes are available at https://github.com/TxpHome/DFPIR.","@InProceedings{Tian_2025_CVPR, author = {Tian, Xiangpeng and Liao, Xiangyu and Liu, Xiao and Li, Meng and Ren, Chao}, title = {Degradation-Aware Feature Perturbation for All-in-One Image Restoration}, booktitle = {Proceedings of the Computer Vision and Pattern Recognition Conference (CVPR)}, month = {June}, year = {2025}, pages = {28165-28175} }"
Gu_ACL_Activating_Capability_of_Linear_Attention_for_Image_Restoration_CVPR_2025_paper,2025,1,Restoration_Enhancement,Restoration_Enhancement,12.0,0.833,ACL: Activating Capability of Linear Attention for Image Restoration,Yubin Gu; Yuan Meng; Jiayi Ji; Xiaoshuai Sun,4,17913-17923,True,https://openaccess.thecvf.com/content/CVPR2025/papers/Gu_ACL_Activating_Capability_of_Linear_Attention_for_Image_Restoration_CVPR_2025_paper.pdf,,https://openaccess.thecvf.com/content/CVPR2025/html/Gu_ACL_Activating_Capability_of_Linear_Attention_for_Image_Restoration_CVPR_2025_paper.html,"Image restoration (IR), a key area in computer vision, has entered a new era with deep learning. Recent research has shifted toward Selective State Space Models (Mamba) to overcome CNNs' limited receptive fields and Transformers' computational inefficiency. However, due to Mamba's inherent one-dimensional scanning limitations, recent approaches have introduced multi-directional scanning to bolster inter-sequence correlations. Despite these enhancements, these methods still struggle with managing local pixel correlations across various directions. Moreover, the recursive computation in Mamba's SSM leads to reduced efficiency. To resolve these issues, we exploit the mathematical congruences between linear attention and SSM within Mamba to propose a novel model, ACL, which leverages news designs to Activate the Capability of Linear attention for IR. ACL integrates linear attention blocks instead of SSM within Mamba, serving as the core component of encoders/decoders, and aims to preserve a global perspective while boosting computational efficiency. Furthermore, we have designed a simple yet robust local enhancement module with multi-scale dilated convolutions to extract both coarse and fine features to improve local detail recovery. Experimental results confirm that our ACL model excels in classical IR tasks such as de-raining and de-blurring, while maintaining relatively low parameter counts and FLOPs.","@InProceedings{Gu_2025_CVPR, author = {Gu, Yubin and Meng, Yuan and Ji, Jiayi and Sun, Xiaoshuai}, title = {ACL: Activating Capability of Linear Attention for Image Restoration}, booktitle = {Proceedings of the Computer Vision and Pattern Recognition Conference (CVPR)}, month = {June}, year = {2025}, pages = {17913-17923} }"
Rajagopalan_GenDeg_Diffusion-based_Degradation_Synthesis_for_Generalizable_All-In-One_Image_Restoration_CVPR_2025_paper,2025,1,Restoration_Enhancement,Restoration_Enhancement|Diffusion_Generative,24.0,0.5,GenDeg: Diffusion-based Degradation Synthesis for Generalizable All-In-One Image Restoration,Sudarshan Rajagopalan; Nithin Gopalakrishnan Nair; Jay N. Paranjape; Vishal M. Patel,4,28144-28154,True,https://openaccess.thecvf.com/content/CVPR2025/papers/Rajagopalan_GenDeg_Diffusion-based_Degradation_Synthesis_for_Generalizable_All-In-One_Image_Restoration_CVPR_2025_paper.pdf,https://openaccess.thecvf.com/content/CVPR2025/supplemental/Rajagopalan_GenDeg_Diffusion-based_Degradation_CVPR_2025_supplemental.pdf,https://openaccess.thecvf.com/content/CVPR2025/html/Rajagopalan_GenDeg_Diffusion-based_Degradation_Synthesis_for_Generalizable_All-In-One_Image_Restoration_CVPR_2025_paper.html,"Deep learning-based models for All-In-One image Restoration (AIOR) have achieved significant advancements in recent years. However, their practical applicability is limited by poor generalization to samples outside the training distribution. This limitation arises primarily from insufficient diversity in degradation variations and scenes within existing datasets, resulting in inadequate representations of real-world scenarios. Additionally, capturing large-scale real-world paired data for degradations such as haze, low-light, and raindrops is often cumbersome and sometimes infeasible. In this paper, we leverage the generative capabilities of latent diffusion models to synthesize high-quality degraded images from their clean counterparts. Specifically, we introduce GenDeg, a degradation and intensity-aware conditional diffusion model, capable of producing diverse degradation patterns on clean images. Using GenDeg, we synthesize over 550k samples across six degradation types: haze, rain, snow, motion blur, low-light, and raindrops. These generated samples are integrated with existing datasets to form the GenDS dataset, comprising over 750k samples. Our experiments reveal that image restoration models trained on GenDS dataset exhibit significant improvements in out-of-distribution performance as compared to when trained solely on existing datasets. Furthermore, we provide comprehensive analyses on implications of diffusion model-based synthetic degradations for AIOR.","@InProceedings{Rajagopalan_2025_CVPR, author = {Rajagopalan, Sudarshan and Nair, Nithin Gopalakrishnan and Paranjape, Jay N. and Patel, Vishal M.}, title = {GenDeg: Diffusion-based Degradation Synthesis for Generalizable All-In-One Image Restoration}, booktitle = {Proceedings of the Computer Vision and Pattern Recognition Conference (CVPR)}, month = {June}, year = {2025}, pages = {28144-28154} }"
Mei_The_Power_of_Context_How_Multimodality_Improves_Image_Super-Resolution_CVPR_2025_paper,2025,1,Restoration_Enhancement,Restoration_Enhancement|Vision_Language_Multimodal|Diffusion_Generative|LLM_Reasoning_Agent,12.0,0.333,The Power of Context: How Multimodality Improves Image Super-Resolution,Kangfu Mei; Hossein Talebi; Mojtaba Ardakani; Vishal M. Patel; Peyman Milanfar; Mauricio Delbracio,6,23141-23152,True,https://openaccess.thecvf.com/content/CVPR2025/papers/Mei_The_Power_of_Context_How_Multimodality_Improves_Image_Super-Resolution_CVPR_2025_paper.pdf,https://openaccess.thecvf.com/content/CVPR2025/supplemental/Mei_The_Power_of_CVPR_2025_supplemental.pdf,https://openaccess.thecvf.com/content/CVPR2025/html/Mei_The_Power_of_Context_How_Multimodality_Improves_Image_Super-Resolution_CVPR_2025_paper.html,"Single-image super-resolution (SISR) remains challenging due to the inherent difficulty of recovering fine-grained details and preserving perceptual quality from low-resolution inputs. Existing methods often rely on limited image priors, leading to suboptimal results. We propose a novel approach that leverages the rich contextual information available in multiple modalities -- including depth, segmentation, edges, and text prompts -- to learn a powerful generative prior for SISR within a diffusion model framework. We introduce a flexible network architecture that effectively fuses multimodal information, accommodating an arbitrary number of input modalities without requiring significant modifications to the diffusion process. Crucially, we mitigate hallucinations, often introduced by text prompts, by using spatial information from other modalities to guide regional text-based conditioning. Each modality's guidance strength can also be controlled independently, allowing steering outputs toward different directions, such as increasing bokeh through depth or adjusting object prominence via segmentation. Extensive experiments demonstrate that our model surpasses state-of-the-art generative SISR methods, achieving superior visual quality and fidelity.","@InProceedings{Mei_2025_CVPR, author = {Mei, Kangfu and Talebi, Hossein and Ardakani, Mojtaba and Patel, Vishal M. and Milanfar, Peyman and Delbracio, Mauricio}, title = {The Power of Context: How Multimodality Improves Image Super-Resolution}, booktitle = {Proceedings of the Computer Vision and Pattern Recognition Conference (CVPR)}, month = {June}, year = {2025}, pages = {23141-23152} }"
Kong_Efficient_Visual_State_Space_Model_for_Image_Deblurring_CVPR_2025_paper,2025,1,Restoration_Enhancement,Restoration_Enhancement,21.0,1.0,Efficient Visual State Space Model for Image Deblurring,Lingshun Kong; Jiangxin Dong; Jinhui Tang; Ming-Hsuan Yang; Jinshan Pan,5,12710-12719,True,https://openaccess.thecvf.com/content/CVPR2025/papers/Kong_Efficient_Visual_State_Space_Model_for_Image_Deblurring_CVPR_2025_paper.pdf,https://openaccess.thecvf.com/content/CVPR2025/supplemental/Kong_Efficient_Visual_State_CVPR_2025_supplemental.pdf,https://openaccess.thecvf.com/content/CVPR2025/html/Kong_Efficient_Visual_State_Space_Model_for_Image_Deblurring_CVPR_2025_paper.html,"Convolutional neural networks (CNNs) and Vision Transformers (ViTs) have achieved excellent performance in image restoration. While ViTs generally outperform CNNs by effectively capturing long-range dependencies and input-specific characteristics, their computational complexity increases quadratically with image resolution. This limitation hampers their practical application in high-resolution image restoration. In this paper, we propose a simple yet effective visual state space model (EVSSM) for image deblurring, leveraging the benefits of state space models (SSMs) to visual data. In contrast to existing methods that employ several fixed-direction scanning for feature extraction, which significantly increases the computational cost, we develop an efficient visual scan block that applies various geometric transformations before each SSM-based module, capturing useful non-local information and maintaining high efficiency. In addition, to more effectively capture and represent local information, we propose an efficient discriminative frequency domain-based feedforward network (EDFFN) which can effectively estimate useful frequency information for latent clear image restoration. Extensive experimental results show that the proposed EVSSM performs favorably against state-of-the-art methods on benchmark datasets and real-world images.","@InProceedings{Kong_2025_CVPR, author = {Kong, Lingshun and Dong, Jiangxin and Tang, Jinhui and Yang, Ming-Hsuan and Pan, Jinshan}, title = {Efficient Visual State Space Model for Image Deblurring}, booktitle = {Proceedings of the Computer Vision and Pattern Recognition Conference (CVPR)}, month = {June}, year = {2025}, pages = {12710-12719} }"
Yang_Patient-Level_Anatomy_Meets_Scanning-Level_Physics_Personalized_Federated_Low-Dose_CT_Denoising_CVPR_2025_paper,2025,0,LLM_Reasoning_Agent,LLM_Reasoning_Agent|Diffusion_Generative|Trustworthy_Security_Privacy|Restoration_Enhancement|Medical_Bio_RemoteSensing,19.0,0.368,Patient-Level Anatomy Meets Scanning-Level Physics: Personalized Federated Low-Dose CT Denoising Empowered by Large Language Model,Ziyuan Yang; Yingyu Chen; Zhiwen Wang; Hongming Shan; Yang Chen; Yi Zhang,6,5154-5163,True,https://openaccess.thecvf.com/content/CVPR2025/papers/Yang_Patient-Level_Anatomy_Meets_Scanning-Level_Physics_Personalized_Federated_Low-Dose_CT_Denoising_CVPR_2025_paper.pdf,https://openaccess.thecvf.com/content/CVPR2025/supplemental/Yang_Patient-Level_Anatomy_Meets_CVPR_2025_supplemental.pdf,https://openaccess.thecvf.com/content/CVPR2025/html/Yang_Patient-Level_Anatomy_Meets_Scanning-Level_Physics_Personalized_Federated_Low-Dose_CT_Denoising_CVPR_2025_paper.html,"Reducing radiation doses benefits patients, but the resultant low-dose computed tomography (LDCT) images often suffer from clinically unacceptable noise and artifacts. While deep learning (DL) has shown promise in LDCT reconstruction, it requires large-scale data collection from multiple clients, raising privacy concerns. Federated learning (FL) has been introduced to mitigate these privacy concerns; however, current methods are typically tailored to specific scanning protocols, which limits their generalizability and makes them less effective for unseen protocols. To address these issues, we propose SCAN-PhysFed, a novel SCanning- and ANatomy-level personalized Physics-Driven Federated learning paradigm for LDCT reconstruction. Since the noise distribution in LDCT data is closely tied to scanning protocols and anatomical structures, we propose a dual-level physics-informed way to address these challenges. Specifically, we incorporate physical and anatomical prompts into our physics-informed hypernetworks to capture scanning- and anatomy-specific information, enabling dual-level physics-driven personalization of imaging features. These prompts are derived from the scanning protocol and the radiology report generated by a medical large language model (MLLM). Subsequently, client-specific decoders project these dual-level personalized imaging features back into the image domain. Besides, to tackle the challenge of unseen data, we introduce a novel protocol vector-quantization strategy (PVQS), which ensures consistent performance across new clients by quantifying unseen scanning codes to the closest match in the scanning codebook. Extensive experimental results demonstrate the superior performance of SCAN-PhysFed on public datasets.","@InProceedings{Yang_2025_CVPR, author = {Yang, Ziyuan and Chen, Yingyu and Wang, Zhiwen and Shan, Hongming and Chen, Yang and Zhang, Yi}, title = {Patient-Level Anatomy Meets Scanning-Level Physics: Personalized Federated Low-Dose CT Denoising Empowered by Large Language Model}, booktitle = {Proceedings of the Computer Vision and Pattern Recognition Conference (CVPR)}, month = {June}, year = {2025}, pages = {5154-5163} }"
Choi_Exploiting_Deblurring_Networks_for_Radiance_Fields_CVPR_2025_paper,2025,0,Neural_Rendering_NeRF_3DGS,Neural_Rendering_NeRF_3DGS|Restoration_Enhancement,21.0,0.0,Exploiting Deblurring Networks for Radiance Fields,Haeyun Choi; Heemin Yang; Janghyeok Han; Sunghyun Cho,4,6012-6021,True,https://openaccess.thecvf.com/content/CVPR2025/papers/Choi_Exploiting_Deblurring_Networks_for_Radiance_Fields_CVPR_2025_paper.pdf,https://openaccess.thecvf.com/content/CVPR2025/supplemental/Choi_Exploiting_Deblurring_Networks_CVPR_2025_supplemental.pdf,https://openaccess.thecvf.com/content/CVPR2025/html/Choi_Exploiting_Deblurring_Networks_for_Radiance_Fields_CVPR_2025_paper.html,"In this paper, we propose DeepDeblurRF, a novel radiance field deblurring approach that can synthesize high-quality novel views from blurred training views with significantly reduced training time. DeepDeblurRF leverages deep neural network (DNN)-based deblurring modules to enjoy their deblurring performance and computational efficiency. To effectively combine DNN-based deblurring and radiance field construction, we propose a novel radiance field (RF)-guided deblurring and an iterative framework that performs RF-guided deblurring and radiance field construction in an alternating manner. Moreover, DeepDeblurRF is compatible with various scene representations, such as voxel grids and 3D Gaussians, expanding its applicability. We also present BlurRF-Synth, the first large-scale synthetic dataset for training radiance field deblurring frameworks. We conduct extensive experiments on both camera motion blur and defocus blur, demonstrating that DeepDeblurRF achieves state-of-the-art novel-view synthesis quality with significantly reduced training time.","@InProceedings{Choi_2025_CVPR, author = {Choi, Haeyun and Yang, Heemin and Han, Janghyeok and Cho, Sunghyun}, title = {Exploiting Deblurring Networks for Radiance Fields}, booktitle = {Proceedings of the Computer Vision and Pattern Recognition Conference (CVPR)}, month = {June}, year = {2025}, pages = {6012-6021} }"
Chen_A_Physics-Informed_Blur_Learning_Framework_for_Imaging_Systems_CVPR_2025_paper,2025,1,Restoration_Enhancement,Restoration_Enhancement,6.0,0.667,A Physics-Informed Blur Learning Framework for Imaging Systems,Liqun Chen; Yuxuan Li; Jun Dai; Jinwei Gu; Tianfan Xue,5,10913-10922,True,https://openaccess.thecvf.com/content/CVPR2025/papers/Chen_A_Physics-Informed_Blur_Learning_Framework_for_Imaging_Systems_CVPR_2025_paper.pdf,https://openaccess.thecvf.com/content/CVPR2025/supplemental/Chen_A_Physics-Informed_Blur_CVPR_2025_supplemental.pdf,https://openaccess.thecvf.com/content/CVPR2025/html/Chen_A_Physics-Informed_Blur_Learning_Framework_for_Imaging_Systems_CVPR_2025_paper.html,"Accurate blur estimation is essential for high-performance imaging across various applications. Blur is typically represented by the point spread function (PSF). In this paper, we propose a physics-informed PSF learning framework for imaging systems, consisting of a simple calibration followed by a learning process. Our framework could achieve both high accuracy and universal applicability. Inspired by the Seidel PSF model for representing spatially varying PSF, we identify its limitations in optimization and introduce a novel wavefront-based PSF model accompanied by an optimization strategy, both reducing optimization complexity and improving estimation accuracy. Moreover, our wavefront-based PSF model is independent of lens parameters, eliminate the need for prior knowledge of the lens. To validate our approach, we compare it with recent PSF estimation methods (Degradation Transfer and Fast Two-step) through a deblurring task, where all the estimated PSFs are used to train state-of-the-art deblurring algorithms. Our approach demonstrates improvements in image quality in simulation and also showcases noticeable visual quality improvements on real captured images.","@InProceedings{Chen_2025_CVPR, author = {Chen, Liqun and Li, Yuxuan and Dai, Jun and Gu, Jinwei and Xue, Tianfan}, title = {A Physics-Informed Blur Learning Framework for Imaging Systems}, booktitle = {Proceedings of the Computer Vision and Pattern Recognition Conference (CVPR)}, month = {June}, year = {2025}, pages = {10913-10922} }"
Feijoo_DarkIR_Robust_Low-Light_Image_Restoration_CVPR_2025_paper,2025,1,Restoration_Enhancement,Restoration_Enhancement,38.0,1.0,DarkIR: Robust Low-Light Image Restoration,Daniel Feijoo; Juan C. Benito; Alvaro Garcia; Marcos V. Conde,4,10879-10889,True,https://openaccess.thecvf.com/content/CVPR2025/papers/Feijoo_DarkIR_Robust_Low-Light_Image_Restoration_CVPR_2025_paper.pdf,https://openaccess.thecvf.com/content/CVPR2025/supplemental/Feijoo_DarkIR_Robust_Low-Light_CVPR_2025_supplemental.pdf,https://openaccess.thecvf.com/content/CVPR2025/html/Feijoo_DarkIR_Robust_Low-Light_Image_Restoration_CVPR_2025_paper.html,"Photography during night or in dark conditions typically suffers from noise, low light and blurring issues due to the dim environment and the common use of long exposure. Although Deblurring and Low-light Image Enhancement (LLIE) are related under these conditions, most approaches in image restoration solve these tasks separately. In this paper, we present an efficient and robust neural network for multi-task low-light image restoration. Instead of following the current tendency of Transformer-based models, we propose new attention mechanisms to enhance the receptive field of efficient CNNs. Our method reduces the computational costs in terms of parameters and MAC operations compared to previous methods. Our model, DarkIR, achieves new state-of-the-art results on the popular LOLBlur, LOLv2 and Real-LOLBlur datasets, being able to generalize on real-world night images.","@InProceedings{Feijoo_2025_CVPR, author = {Feijoo, Daniel and Benito, Juan C. and Garcia, Alvaro and Conde, Marcos V.}, title = {DarkIR: Robust Low-Light Image Restoration}, booktitle = {Proceedings of the Computer Vision and Pattern Recognition Conference (CVPR)}, month = {June}, year = {2025}, pages = {10879-10889} }"
Qin_Reversing_Flow_for_Image_Restoration_CVPR_2025_paper,2025,1,Restoration_Enhancement,Restoration_Enhancement,18.0,0.611,Reversing Flow for Image Restoration,Haina Qin; Wenyang Luo; Libin Wang; Dandan Zheng; Jingdong Chen; Ming Yang; Bing Li; Weiming Hu,8,7545-7558,True,https://openaccess.thecvf.com/content/CVPR2025/papers/Qin_Reversing_Flow_for_Image_Restoration_CVPR_2025_paper.pdf,https://openaccess.thecvf.com/content/CVPR2025/supplemental/Qin_Reversing_Flow_for_CVPR_2025_supplemental.pdf,https://openaccess.thecvf.com/content/CVPR2025/html/Qin_Reversing_Flow_for_Image_Restoration_CVPR_2025_paper.html,"Image restoration aims to recover high-quality (HQ) images from degraded low-quality (LQ) ones by reversing the effects of degradation. Existing generative models for image restoration, including diffusion and score-based models, often treat the degradation process as a stochastic transformation, which introduces inefficiency and complexity. In this work, we propose ResFlow, a novel image restoration framework that models the degradation process as a deterministic path using continuous normalizing flows. ResFlow augments the degradation process with an auxiliary process that disambiguates the uncertainty in HQ prediction to enable reversible modeling of the degradation process. ResFlow adopts entropy-preserving flow paths and learns the augmented degradation flow by matching the velocity field. ResFlow significantly improves the performance and speed of image restoration, completing the task in fewer than four sampling steps. Extensive experiments demonstrate that ResFlow achieves state-of-the-art results across various image restoration benchmarks, offering a practical and efficient solution for real-world applications.","@InProceedings{Qin_2025_CVPR, author = {Qin, Haina and Luo, Wenyang and Wang, Libin and Zheng, Dandan and Chen, Jingdong and Yang, Ming and Li, Bing and Hu, Weiming}, title = {Reversing Flow for Image Restoration}, booktitle = {Proceedings of the Computer Vision and Pattern Recognition Conference (CVPR)}, month = {June}, year = {2025}, pages = {7545-7558} }"
Ren_FDS_Frequency-Aware_Denoising_Score_for_Text-Guided_Latent_Diffusion_Image_Editing_CVPR_2025_paper,2025,0,Diffusion_Generative,Diffusion_Generative|Restoration_Enhancement,20.0,0.55,FDS: Frequency-Aware Denoising Score for Text-Guided Latent Diffusion Image Editing,Yufan Ren; Zicong Jiang; Tong Zhang; Søren Forchhammer; Sabine Süsstrunk,5,2651-2660,True,https://openaccess.thecvf.com/content/CVPR2025/papers/Ren_FDS_Frequency-Aware_Denoising_Score_for_Text-Guided_Latent_Diffusion_Image_Editing_CVPR_2025_paper.pdf,https://openaccess.thecvf.com/content/CVPR2025/supplemental/Ren_FDS_Frequency-Aware_Denoising_CVPR_2025_supplemental.zip,https://openaccess.thecvf.com/content/CVPR2025/html/Ren_FDS_Frequency-Aware_Denoising_Score_for_Text-Guided_Latent_Diffusion_Image_Editing_CVPR_2025_paper.html,"Text-guided image editing using Text-to-Image (T2I) models often fails to yield satisfactory results, frequently introducing unintended modifications, such as the loss of local detail and color changes. In this paper, we analyze these failure cases and attribute them to the indiscriminate optimization across all frequency bands, even though only specific frequencies may require adjustment. To address this, we introduce a simple yet effective approach that enables the selective optimization of specific frequency bands within localized spatial regions for precise edits. Our method leverages wavelets to decompose images into different spatial resolutions across multiple frequency bands, enabling precise modifications at various levels of detail. To extend the applicability of our approach, we provide a comparative analysis of different frequency-domain techniques. Additionally, we extend our method to 3D texture editing by performing frequency decomposition on the triplane representation, enabling frequency-aware adjustments for 3D textures. Quantitative evaluations and user studies demonstrate the effectiveness of our method in producing high-quality and precise edits.","@InProceedings{Ren_2025_CVPR, author = {Ren, Yufan and Jiang, Zicong and Zhang, Tong and Forchhammer, S{\o}ren and S\""usstrunk, Sabine}, title = {FDS: Frequency-Aware Denoising Score for Text-Guided Latent Diffusion Image Editing}, booktitle = {Proceedings of the Computer Vision and Pattern Recognition Conference (CVPR)}, month = {June}, year = {2025}, pages = {2651-2660} }"
Yang_MMAR_Towards_Lossless_Multi-Modal_Auto-Regressive_Probabilistic_Modeling_CVPR_2025_paper,2025,0,Vision_Language_Multimodal,Vision_Language_Multimodal|Restoration_Enhancement,14.0,0.571,MMAR: Towards Lossless Multi-Modal Auto-Regressive Probabilistic Modeling,Jian Yang; Dacheng Yin; Yizhou Zhou; Fengyun Rao; Wei Zhai; Yang Cao; Zheng-Jun Zha,7,7974-7985,True,https://openaccess.thecvf.com/content/CVPR2025/papers/Yang_MMAR_Towards_Lossless_Multi-Modal_Auto-Regressive_Probabilistic_Modeling_CVPR_2025_paper.pdf,https://openaccess.thecvf.com/content/CVPR2025/supplemental/Yang_MMAR_Towards_Lossless_CVPR_2025_supplemental.pdf,https://openaccess.thecvf.com/content/CVPR2025/html/Yang_MMAR_Towards_Lossless_Multi-Modal_Auto-Regressive_Probabilistic_Modeling_CVPR_2025_paper.html,"Recent advancements in multi-modal large language models have propelled the development of joint probabilistic models capable of both image understanding and generation. However, we have identified that recent methods suffer from loss of image information during understanding task, due to either image discretization or diffusion denoising steps. To address this issue, we propose a novel Multi-Modal Auto-Regressive (MMAR) probabilistic modeling framework. Unlike discretization line of method, MMAR takes in continuous-valued image tokens to avoid information loss in an efficient way. Differing from diffusion-based approaches, we disentangle the diffusion process from auto-regressive backbone model by employing a light-weight diffusion head on top each auto-regressed image patch embedding. In this way, when the model transits from image generation to understanding through text generation, the backbone model's hidden representation of the image is not limited to the last denoising step. To successfully train our method, we also propose a theoretically proven technique that addresses the numerical stability issue and a training strategy that balances the generation and understanding task goals. Extensive evaluations on 18 image understanding benchmarks show that MMAR significantly outperforms most of the existing joint multi-modal models, surpassing the method that employs pre-trained CLIP vision encoder. Meanwhile, MMAR is able to generate high quality images. We also show that our method is scalable with larger data and model size.","@InProceedings{Yang_2025_CVPR, author = {Yang, Jian and Yin, Dacheng and Zhou, Yizhou and Rao, Fengyun and Zhai, Wei and Cao, Yang and Zha, Zheng-Jun}, title = {MMAR: Towards Lossless Multi-Modal Auto-Regressive Probabilistic Modeling}, booktitle = {Proceedings of the Computer Vision and Pattern Recognition Conference (CVPR)}, month = {June}, year = {2025}, pages = {7974-7985} }"
Huang_MTADiffusion_Mask_Text_Alignment_Diffusion_Model_for_Object_Inpainting_CVPR_2025_paper,2025,0,Diffusion_Generative,Diffusion_Generative|Restoration_Enhancement,26.0,0.538,MTADiffusion: Mask Text Alignment Diffusion Model for Object Inpainting,Jun Huang; Ting Liu; Yihang Wu; Xiaochao Qu; Luoqi Liu; Xiaolin Hu,6,18325-18334,True,https://openaccess.thecvf.com/content/CVPR2025/papers/Huang_MTADiffusion_Mask_Text_Alignment_Diffusion_Model_for_Object_Inpainting_CVPR_2025_paper.pdf,https://openaccess.thecvf.com/content/CVPR2025/supplemental/Huang_MTADiffusion_Mask_Text_CVPR_2025_supplemental.pdf,https://openaccess.thecvf.com/content/CVPR2025/html/Huang_MTADiffusion_Mask_Text_Alignment_Diffusion_Model_for_Object_Inpainting_CVPR_2025_paper.html,"Advancements in generative models have enabled image inpainting models to generate content within specific regions of an image based on provided prompts and masks. However, existing inpainting methods often suffer from problems such as semantic misalignment, structural distortion, and style inconsistency. In this work, we present MTADiffusion, a Mask-Text Alignment diffusion model designed for object inpainting. To enhance the semantic capabilities of the inpainting model, we introduce MTAPipeline, an automatic solution for annotating masks with detailed descriptions. Based on the MTAPipeline, we construct a new MTADataset comprising 5 million images and 25 million mask-text pairs. Furthermore, we propose a multi-task training strategy that integrates both inpainting and edge prediction tasks to improve structural stability. To promote style consistency, we present a novel inpainting style-consistency loss using a pre-trained VGG network and the Gram matrix. Comprehensive evaluations on BrushBench and EditBench demonstrate that MTADiffusion achieves state-of-the-art performance compared to other methods.","@InProceedings{Huang_2025_CVPR, author = {Huang, Jun and Liu, Ting and Wu, Yihang and Qu, Xiaochao and Liu, Luoqi and Hu, Xiaolin}, title = {MTADiffusion: Mask Text Alignment Diffusion Model for Object Inpainting}, booktitle = {Proceedings of the Computer Vision and Pattern Recognition Conference (CVPR)}, month = {June}, year = {2025}, pages = {18325-18334} }"
Bao_One-Step_Event-Driven_High-Speed_Autofocus_CVPR_2025_paper,2025,1,Restoration_Enhancement,Restoration_Enhancement,3.0,0.333,One-Step Event-Driven High-Speed Autofocus,Yuhan Bao; Shaohua Gao; Wenyong Li; Kaiwei Wang,4,6222-6230,True,https://openaccess.thecvf.com/content/CVPR2025/papers/Bao_One-Step_Event-Driven_High-Speed_Autofocus_CVPR_2025_paper.pdf,https://openaccess.thecvf.com/content/CVPR2025/supplemental/Bao_One-Step_Event-Driven_High-Speed_CVPR_2025_supplemental.zip,https://openaccess.thecvf.com/content/CVPR2025/html/Bao_One-Step_Event-Driven_High-Speed_Autofocus_CVPR_2025_paper.html,"High-speed autofocus in extreme scenes remains a significant challenge. Traditional methods rely on repeated sampling around the focus position, resulting in ""focus hunting"". Event-driven methods have advanced focusing speed and improved performance in low-light conditions; however, current approaches still require at least one lengthy round of ""focus hunting"", involving the collection of a complete focus stack. We introduce the Event Laplacian Product (ELP) focus detection function, which combines event data with grayscale Laplacian information, redefining focus search as a detection task. This innovation enables the first one-step event-driven autofocus, cutting focusing time by up to two-thirds and reducing focusing error by 24 times on the DAVIS346 dataset and 22 times on the EVK4 dataset. Additionally, we present an autofocus pipeline tailored for event-only cameras, achieving accurate results across a range of challenging motion and lighting conditions. All datasets and code will be made publicly available.","@InProceedings{Bao_2025_CVPR, author = {Bao, Yuhan and Gao, Shaohua and Li, Wenyong and Wang, Kaiwei}, title = {One-Step Event-Driven High-Speed Autofocus}, booktitle = {Proceedings of the Computer Vision and Pattern Recognition Conference (CVPR)}, month = {June}, year = {2025}, pages = {6222-6230} }"
Wang_DORNet_A_Degradation_Oriented_and_Regularized_Network_for_Blind_Depth_CVPR_2025_paper,2025,1,Restoration_Enhancement,Restoration_Enhancement,12.0,0.75,DORNet: A Degradation Oriented and Regularized Network for Blind Depth Super-Resolution,Zhengxue Wang; Zhiqiang Yan; Jinshan Pan; Guangwei Gao; Kai Zhang; Jian Yang,6,15813-15822,True,https://openaccess.thecvf.com/content/CVPR2025/papers/Wang_DORNet_A_Degradation_Oriented_and_Regularized_Network_for_Blind_Depth_CVPR_2025_paper.pdf,https://openaccess.thecvf.com/content/CVPR2025/supplemental/Wang_DORNet_A_Degradation_CVPR_2025_supplemental.pdf,https://openaccess.thecvf.com/content/CVPR2025/html/Wang_DORNet_A_Degradation_Oriented_and_Regularized_Network_for_Blind_Depth_CVPR_2025_paper.html,"Recent RGB-guided depth super-resolution methods have achieved impressive performance under the assumption of fixed and known degradation (e.g., bicubic downsampling). However, in real-world scenarios, captured depth data often suffer from unconventional and unknown degradation due to sensor limitations and complex imaging environments (e.g., low reflective surfaces, varying illumination). Consequently, the performance of these methods significantly declines when real-world degradation deviate from their assumptions. In this paper, we propose the Degradation Oriented and Regularized Network (DORNet), a novel framework designed to adaptively address unknown degradation in real-world scenes through implicit degradation representations. Our approach begins with the development of a self-supervised degradation learning strategy, which models the degradation representations of low-resolution depth data using routing selection-based degradation regularization. To facilitate effective RGB-D fusion, we further introduce a degradation-oriented feature transformation module that selectively propagates RGB content into the depth data based on the learned degradation priors. Extensive experimental results on both real and synthetic datasets demonstrate the superiority of our DORNet in handling unknown degradations, outperforming existing methods.","@InProceedings{Wang_2025_CVPR, author = {Wang, Zhengxue and Yan, Zhiqiang and Pan, Jinshan and Gao, Guangwei and Zhang, Kai and Yang, Jian}, title = {DORNet: A Degradation Oriented and Regularized Network for Blind Depth Super-Resolution}, booktitle = {Proceedings of the Computer Vision and Pattern Recognition Conference (CVPR)}, month = {June}, year = {2025}, pages = {15813-15822} }"
Li_Noise_Calibration_and_Spatial-Frequency_Interactive_Network_for_STEM_Image_Enhancement_CVPR_2025_paper,2025,1,Restoration_Enhancement,Restoration_Enhancement|Trustworthy_Security_Privacy,10.0,0.0,Noise Calibration and Spatial-Frequency Interactive Network for STEM Image Enhancement,Hesong Li; Ziqi Wu; Ruiwen Shao; Tao Zhang; Ying Fu,5,21287-21296,True,https://openaccess.thecvf.com/content/CVPR2025/papers/Li_Noise_Calibration_and_Spatial-Frequency_Interactive_Network_for_STEM_Image_Enhancement_CVPR_2025_paper.pdf,,https://openaccess.thecvf.com/content/CVPR2025/html/Li_Noise_Calibration_and_Spatial-Frequency_Interactive_Network_for_STEM_Image_Enhancement_CVPR_2025_paper.html,"Scanning Transmission Electron Microscopy (STEM) enables the observation of atomic arrangements at sub-angstrom resolution, allowing for atomically resolved analysis of the physical and chemical properties of materials. However, due to the effects of noise, electron beam damage, sample thickness, etc, obtaining satisfactory atomic-level images is often challenging. Enhancing STEM images can reveal clearer structural details of materials. Nonetheless, existing STEM image enhancement methods usually overlook unique features in the frequency domain, and existing datasets lack realism and generality. To resolve these issues, in this paper, we develop noise calibration, data synthesis, and enhancement methods for STEM images. We first present a STEM noise calibration method, which is used to synthesize more realistic STEM images. The parameters of background noise, scan noise, and pointwise noise are obtained by statistical analysis and fitting of real STEM images containing atoms. Then we use these parameters to develop a more general dataset that considers both regular and random atomic arrangements and includes both HAADF and BF mode images. Finally, we design a spatial-frequency interactive network for STEM image enhancement, which can explore the information in the frequency domain formed by the periodicity of atomic arrangement. Experimental results show that our data is closer to real STEM images and achieves better enhancement performances together with our network. Code will be available at https://github.com/HeasonLee/SFIN.","@InProceedings{Li_2025_CVPR, author = {Li, Hesong and Wu, Ziqi and Shao, Ruiwen and Zhang, Tao and Fu, Ying}, title = {Noise Calibration and Spatial-Frequency Interactive Network for STEM Image Enhancement}, booktitle = {Proceedings of the Computer Vision and Pattern Recognition Conference (CVPR)}, month = {June}, year = {2025}, pages = {21287-21296} }"
Zheng_Efficient_Video_Super-Resolution_for_Real-time_Rendering_with_Decoupled_G-buffer_Guidance_CVPR_2025_paper,2025,1,Restoration_Enhancement,Restoration_Enhancement,15.0,0.667,Efficient Video Super-Resolution for Real-time Rendering with Decoupled G-buffer Guidance,Mingjun Zheng; Long Sun; Jiangxin Dong; Jinshan Pan,4,11328-11337,True,https://openaccess.thecvf.com/content/CVPR2025/papers/Zheng_Efficient_Video_Super-Resolution_for_Real-time_Rendering_with_Decoupled_G-buffer_Guidance_CVPR_2025_paper.pdf,https://openaccess.thecvf.com/content/CVPR2025/supplemental/Zheng_Efficient_Video_Super-Resolution_CVPR_2025_supplemental.pdf,https://openaccess.thecvf.com/content/CVPR2025/html/Zheng_Efficient_Video_Super-Resolution_for_Real-time_Rendering_with_Decoupled_G-buffer_Guidance_CVPR_2025_paper.html,"Latency is a key driver for real-time rendering applications, making super-resolution techniques increasingly popular to accelerate rendering processes. In contrast to existing methods that directly concatenate low-resolution frames and G-buffers as input without discrimination, we develop an asymmetric UNet-based super-resolution network with decoupled G-buffer guidance, dubbed RDG, to facilitate the spatial and temporal feature exploration for minimizing performance overheads and latency.We first propose a dynamic feature modulator (DFM) to selectively encode the spatial information to capture precise structural information.We then incorporate auxiliary G-buffer information to guide the decoder to generate detail-rich, temporally stable results.Specifically, we adopt a high-frequency feature booster (HFB) to adaptively transfer the high-frequency information from the normal and bidirectional reflectance distribution function (BRDF) components of the G-buffer, enhancing the details of the generated results.To further enhance the temporal stability, we design a cross-frame temporal refiner (CTR) with depth and motion vector constraints to aggregate the previous and current frames.Extensive experimental results reveal that our proposed method is capable of generating high-quality and temporally stable results in real-time rendering.The proposed RDG-s produces 1080P rendering results on a RTX 3090 GPU with a speed of 126 FPS.","@InProceedings{Zheng_2025_CVPR, author = {Zheng, Mingjun and Sun, Long and Dong, Jiangxin and Pan, Jinshan}, title = {Efficient Video Super-Resolution for Real-time Rendering with Decoupled G-buffer Guidance}, booktitle = {Proceedings of the Computer Vision and Pattern Recognition Conference (CVPR)}, month = {June}, year = {2025}, pages = {11328-11337} }"
Yi_DL2G_Degradation-guided_Local-to-Global_Restoration_for_Eyeglass_Reflection_Removal_CVPR_2025_paper,2025,1,Restoration_Enhancement,Restoration_Enhancement,15.0,0.8,DL2G: Degradation-guided Local-to-Global Restoration for Eyeglass Reflection Removal,Zhilv Yi; Xiao Lu; Hong Ding; Jingbo Hu; Zhi Jiang; Chunxia Xiao,6,16061-16070,True,https://openaccess.thecvf.com/content/CVPR2025/papers/Yi_DL2G_Degradation-guided_Local-to-Global_Restoration_for_Eyeglass_Reflection_Removal_CVPR_2025_paper.pdf,https://openaccess.thecvf.com/content/CVPR2025/supplemental/Yi_DL2G_Degradation-guided_Local-to-Global_CVPR_2025_supplemental.pdf,https://openaccess.thecvf.com/content/CVPR2025/html/Yi_DL2G_Degradation-guided_Local-to-Global_Restoration_for_Eyeglass_Reflection_Removal_CVPR_2025_paper.html,"Eyeglass reflection removal can restore the texture information in the reflection destructed eye area, which is meaningful for various tasks on the facial images. It is still challenging to correctly eliminate reflections, reasonably restore the lost contents, and guarantee that the final result has a consistent color and illumination with the input image. In this paper, we introduce a Degradation-guided Local-to-Global (DL2G) restoration framework to address this problem. We first propose a multiplicative reflection degradation model, which is used to alleviate reflection degradation to obtain a preliminary result. Then, in the local details restoration stage, we propose a local structure-aware diffusion model to learn the true distribution of texture details in the eye area. This helps in recovering lost contents in the regions of heavy degradation where the background is invisible. Finally, in the global consistency refinement stage, we utilize the input image as a reference image to generate the final result that is consistent with the input image in color and illumination. Extensive experiments demonstrate that our method can improve the effect of reflection removal and generate results with more reasonable semantics, exquisite details, and harmonious illumination.","@InProceedings{Yi_2025_CVPR, author = {Yi, Zhilv and Lu, Xiao and Ding, Hong and Hu, Jingbo and Jiang, Zhi and Xiao, Chunxia}, title = {DL2G: Degradation-guided Local-to-Global Restoration for Eyeglass Reflection Removal}, booktitle = {Proceedings of the Computer Vision and Pattern Recognition Conference (CVPR)}, month = {June}, year = {2025}, pages = {16061-16070} }"
Chen_DiffVsgg_Diffusion-Driven_Online_Video_Scene_Graph_Generation_CVPR_2025_paper,2025,0,Diffusion_Generative,Diffusion_Generative|Restoration_Enhancement,9.0,0.333,DiffVsgg: Diffusion-Driven Online Video Scene Graph Generation,Mu Chen; Liulei Li; Wenguan Wang; Yi Yang,4,29161-29172,True,https://openaccess.thecvf.com/content/CVPR2025/papers/Chen_DiffVsgg_Diffusion-Driven_Online_Video_Scene_Graph_Generation_CVPR_2025_paper.pdf,https://openaccess.thecvf.com/content/CVPR2025/supplemental/Chen_DiffVsgg_Diffusion-Driven_Online_CVPR_2025_supplemental.pdf,https://openaccess.thecvf.com/content/CVPR2025/html/Chen_DiffVsgg_Diffusion-Driven_Online_Video_Scene_Graph_Generation_CVPR_2025_paper.html,"Top-leading solutions for Video Scene Graph Generation (VSGG) typically adopt an offline pipeline.Though demonstrating promising performance, they remain unable to handle real-time video streams and consume large GPU memory. Moreover, these approaches fall short in temporal reasoning, merely aggregating frame-level predictions over a temporal context. In response, we introduce DiffVsgg, an online VSGG solution that frames this task as an iterative scene graph update problem. Drawing inspiration from Latent Diffusion Models (LDMs) which generate images via denoising a latent feature embedding, we unify the decoding of object classification, bounding box regression, and graph generation three tasks using one shared feature embedding. Then, given an embedding containing unified features of object pairs, we conduct a step-wise Denoising on it within LDMs, so as to deliver a clean embedding which clearly indicates the relationships between objects.This embedding then serves as the input to task-specific heads for object classification, scene graph generation, etc. DiffVsgg further facilitates continuous temporal reasoning, where predictions for subsequent frames leverage results of past frames as the conditional inputs of LDMs, to guide the reverse diffusion process for current frames.Extensive experiments on three setups of Action Genome demonstrate the superiority of DiffVsgg.","@InProceedings{Chen_2025_CVPR, author = {Chen, Mu and Li, Liulei and Wang, Wenguan and Yang, Yi}, title = {DiffVsgg: Diffusion-Driven Online Video Scene Graph Generation}, booktitle = {Proceedings of the Computer Vision and Pattern Recognition Conference (CVPR)}, month = {June}, year = {2025}, pages = {29161-29172} }"
Bharadwaj_Image_Reconstruction_from_Readout-Multiplexed_Single-Photon_Detector_Arrays_CVPR_2025_paper,2025,0,Object_Detection,Object_Detection|Restoration_Enhancement,13.0,0.538,Image Reconstruction from Readout-Multiplexed Single-Photon Detector Arrays,Shashwath Bharadwaj; Ruangrawee Kitichotkul; Akshay Agarwal; Vivek K Goyal,4,11406-11415,True,https://openaccess.thecvf.com/content/CVPR2025/papers/Bharadwaj_Image_Reconstruction_from_Readout-Multiplexed_Single-Photon_Detector_Arrays_CVPR_2025_paper.pdf,https://openaccess.thecvf.com/content/CVPR2025/supplemental/Bharadwaj_Image_Reconstruction_from_CVPR_2025_supplemental.pdf,https://openaccess.thecvf.com/content/CVPR2025/html/Bharadwaj_Image_Reconstruction_from_Readout-Multiplexed_Single-Photon_Detector_Arrays_CVPR_2025_paper.html,"Readout multiplexing is a promising solution to overcome hardware limitations and data bottlenecks in imaging with single-photon detectors. Conventional multiplexed readout processing creates an upper bound on photon counts at a very fine time scale, where frames with multiple detected photons must either be discarded or allowed to introduce significant bias. We formulate multiphoton coincidence resolution as an inverse imaging problem and introduce a solution framework to probabilistically resolve the spatial locations of photon incidences. Specifically, we develop a theoretical abstraction of row--column multiplexing and a model of photon events that make readouts ambiguous. Using this, we propose a novel estimator that spatially resolves up to four coincident photons. Monte Carlo simulations show that our proposed method increases the peak signal-to-noise ratio (PSNR) of reconstruction by 3 to 4 dB compared to conventional methods under optimal incident flux conditions. Additionally, this method reduces the required number of readout frames to achieve the same mean-squared error as other methods by a factor of 4. Finally, our method matches the Cramer-Rao bound for detection probability estimation for a wider range of incident flux values compared to conventional methods. While demonstrated for a specific detector type and readout architecture, this method can be extended to more general multiplexing with different detector models.","@InProceedings{Bharadwaj_2025_CVPR, author = {Bharadwaj, Shashwath and Kitichotkul, Ruangrawee and Agarwal, Akshay and Goyal, Vivek K}, title = {Image Reconstruction from Readout-Multiplexed Single-Photon Detector Arrays}, booktitle = {Proceedings of the Computer Vision and Pattern Recognition Conference (CVPR)}, month = {June}, year = {2025}, pages = {11406-11415} }"
Wan_S2Gaussian_Sparse-View_Super-Resolution_3D_Gaussian_Splatting_CVPR_2025_paper,2025,0,Neural_Rendering_NeRF_3DGS,Neural_Rendering_NeRF_3DGS|Restoration_Enhancement,12.0,0.0,S2Gaussian: Sparse-View Super-Resolution 3D Gaussian Splatting,Yecong Wan; Mingwen Shao; Yuanshuo Cheng; Wangmeng Zuo,4,711-721,True,https://openaccess.thecvf.com/content/CVPR2025/papers/Wan_S2Gaussian_Sparse-View_Super-Resolution_3D_Gaussian_Splatting_CVPR_2025_paper.pdf,https://openaccess.thecvf.com/content/CVPR2025/supplemental/Wan_S2Gaussian_Sparse-View_Super-Resolution_CVPR_2025_supplemental.pdf,https://openaccess.thecvf.com/content/CVPR2025/html/Wan_S2Gaussian_Sparse-View_Super-Resolution_3D_Gaussian_Splatting_CVPR_2025_paper.html,"In this paper, we aim ambitiously for a realistic yet challenging problem, namely, how to reconstruct high-quality 3D scenes from sparse low-resolution views that simultaneously suffer from deficient perspectives and contents. Whereas existing methods only deal with either sparse views or low-resolution observations, they fail to handle such hybrid and complicated scenarios. To this end, we propose a novel Sparse-view Super-resolution 3D Gaussian Splatting framework, dubbed S2Gaussian, that can reconstruct structure-accurate and detail-faithful 3D scenes with only sparse and low-resolution views. The S2Gaussian operates in a two-stage fashion. In the first stage, we initially optimize a low-resolution Gaussian representation with depth regularization and densify it to initialize the high-resolution Gaussians through a tailored Gaussian Shuffle operation. In the second stage, we refine the high-resolution Gaussians with the super-resolved images generated from both original sparse views and pseudo-views rendered by the low-resolution Gaussians. In which a customized blur-free inconsistency modeling scheme and a 3D robust optimization strategy are elaborately designed to mitigate multi-view inconsistency and eliminate erroneous updates caused by imperfect supervision. Extensive experiments demonstrate superior results and in particular establishing new state-of-the-art performances with more consistent geometry and finer details. Project Page https://jeasco.github.io/S2Gaussian/.","@InProceedings{Wan_2025_CVPR, author = {Wan, Yecong and Shao, Mingwen and Cheng, Yuanshuo and Zuo, Wangmeng}, title = {S2Gaussian: Sparse-View Super-Resolution 3D Gaussian Splatting}, booktitle = {Proceedings of the Computer Vision and Pattern Recognition Conference (CVPR)}, month = {June}, year = {2025}, pages = {711-721} }"
Jiang_HIIF_Hierarchical_Encoding_based_Implicit_Image_Function_for_Continuous_Super-resolution_CVPR_2025_paper,2025,1,Restoration_Enhancement,Restoration_Enhancement,18.0,0.778,HIIF: Hierarchical Encoding based Implicit Image Function for Continuous Super-resolution,Yuxuan Jiang; Ho Man Kwan; Tianhao Peng; Ge Gao; Fan Zhang; Xiaoqing Zhu; Joel Sole; David Bull,8,2289-2299,True,https://openaccess.thecvf.com/content/CVPR2025/papers/Jiang_HIIF_Hierarchical_Encoding_based_Implicit_Image_Function_for_Continuous_Super-resolution_CVPR_2025_paper.pdf,,https://openaccess.thecvf.com/content/CVPR2025/html/Jiang_HIIF_Hierarchical_Encoding_based_Implicit_Image_Function_for_Continuous_Super-resolution_CVPR_2025_paper.html,"Recent advances in implicit neural representations (INRs) have shown significant promise in modeling visual signals for various low-vision tasks including image super-resolution (ISR). INR-based ISR methods typically learn continuous representations, providing flexibility for generating high-resolution images at any desired scale from their low-resolution counterparts. However, existing INR-based ISR methods utilize multi-layer perceptrons for parameterization in the network; this does not take account of the hierarchical structure existing in local sampling points and hence constrains the representation capability. In this paper, we propose a new Hierarchical encoding based Implicit Image Function for continuous image super-resolution, HIIF, which leverages a novel hierarchical positional encoding that enhances the local implicit representation, enabling it to capture fine details at multiple scales. Our approach also embeds a multi-head linear attention mechanism within the implicit attention network by taking additional non-local information into account. Our experiments show that, when integrated with different backbone encoders, HIIF outperforms the state-of-the-art continuous image super-resolution methods by up to 0.17dB in PSNR. The source code of HIIF will be made publicly available at www.github.com.","@InProceedings{Jiang_2025_CVPR, author = {Jiang, Yuxuan and Kwan, Ho Man and Peng, Tianhao and Gao, Ge and Zhang, Fan and Zhu, Xiaoqing and Sole, Joel and Bull, David}, title = {HIIF: Hierarchical Encoding based Implicit Image Function for Continuous Super-resolution}, booktitle = {Proceedings of the Computer Vision and Pattern Recognition Conference (CVPR)}, month = {June}, year = {2025}, pages = {2289-2299} }"
Wang_SoftShadow_Leveraging_Soft_Masks_for_Penumbra-Aware_Shadow_Removal_CVPR_2025_paper,2025,1,Restoration_Enhancement,Restoration_Enhancement,18.0,1.0,SoftShadow: Leveraging Soft Masks for Penumbra-Aware Shadow Removal,Xinrui Wang; Lanqing Guo; Xiyu Wang; Siyu Huang; Bihan Wen,5,23217-23226,True,https://openaccess.thecvf.com/content/CVPR2025/papers/Wang_SoftShadow_Leveraging_Soft_Masks_for_Penumbra-Aware_Shadow_Removal_CVPR_2025_paper.pdf,https://openaccess.thecvf.com/content/CVPR2025/supplemental/Wang_SoftShadow_Leveraging_Soft_CVPR_2025_supplemental.pdf,https://openaccess.thecvf.com/content/CVPR2025/html/Wang_SoftShadow_Leveraging_Soft_Masks_for_Penumbra-Aware_Shadow_Removal_CVPR_2025_paper.html,"Recent advancements in deep learning have yielded promising results for the image shadow removal task. However, most existing methods rely on binary pre-generated shadow masks. The binary nature of such masks could potentially lead to artifacts near the boundary between shadow and non-shadow areas. In view of this, inspired by the physical model of shadow formation, we introduce novel soft shadow masks specifically designed for shadow removal. To achieve such soft masks, we propose a SoftShadow framework by leveraging the prior knowledge of pretrained SAM and integrating physical constraints. Specifically, we jointly tune the SAM and the subsequent shadow removal network using penumbra formation constraint loss, mask reconstruction loss, and shadow removal loss. This framework enables accurate predictions of penumbra (partially shaded) and umbra (fully shaded) areas while simultaneously facilitating end-to-end shadow removal. Through extensive experiments on popular datasets, we found that our SoftShadow framework, which generates soft masks, can better restore boundary artifacts, achieve state-of-the-art performance, and demonstrate superior generalizability.","@InProceedings{Wang_2025_CVPR, author = {Wang, Xinrui and Guo, Lanqing and Wang, Xiyu and Huang, Siyu and Wen, Bihan}, title = {SoftShadow: Leveraging Soft Masks for Penumbra-Aware Shadow Removal}, booktitle = {Proceedings of the Computer Vision and Pattern Recognition Conference (CVPR)}, month = {June}, year = {2025}, pages = {23217-23226} }"
Kneeland_NSD-Imagery_A_Benchmark_Dataset_for_Extending_fMRI_Vision_Decoding_Methods_CVPR_2025_paper,2025,1,Restoration_Enhancement,Restoration_Enhancement,6.0,0.667,NSD-Imagery: A Benchmark Dataset for Extending fMRI Vision Decoding Methods to Mental Imagery,Reese Kneeland; Paul S. Scotti; Ghislain St-Yves; Jesse Breedlove; Kendrick Kay; Thomas Naselaris,6,28852-28862,True,https://openaccess.thecvf.com/content/CVPR2025/papers/Kneeland_NSD-Imagery_A_Benchmark_Dataset_for_Extending_fMRI_Vision_Decoding_Methods_CVPR_2025_paper.pdf,https://openaccess.thecvf.com/content/CVPR2025/supplemental/Kneeland_NSD-Imagery_A_Benchmark_CVPR_2025_supplemental.pdf,https://openaccess.thecvf.com/content/CVPR2025/html/Kneeland_NSD-Imagery_A_Benchmark_Dataset_for_Extending_fMRI_Vision_Decoding_Methods_CVPR_2025_paper.html,"We release NSD-Imagery, a benchmark dataset of human fMRI activity paired with mental images, to complement the existing Natural Scenes Dataset (NSD), a large-scale dataset of fMRI activity paired with seen images that enabled unprecedented improvements in fMRI-to-image reconstruction efforts. Recent models trained on NSD have been evaluated only on seen image reconstruction. Using NSD-Imagery, it is possible to assess how well these models perform on mental image reconstruction. This is a challenging generalization requirement because mental images are encoded in human brain activity with relatively lower signal-to-noise and spatial resolution; however, generalization from seen to mental imagery is critical for real-world applications in medical domains and brain-computer interfaces, where the desired information is always internally generated. We provide benchmarks for a suite of recent NSD-trained open-source visual decoding models (MindEye1, MindEye2, Brain Diffuser, iCNN, Takagi et al.) on NSD-Imagery, and show that the performance of decoding methods on mental images is largely decoupled from performance on vision reconstruction. We further demonstrate that architectural choices significantly impact cross-decoding performance: models employing simple linear decoding architectures and multimodal feature decoding generalize better to mental imagery, while complex architectures tend to overfit visual training data. Our findings indicate that mental imagery datasets are critical for the development of practical applications, and establish NSD-Imagery as a useful resource for better aligning visual decoding methods with this goal.","@InProceedings{Kneeland_2025_CVPR, author = {Kneeland, Reese and Scotti, Paul S. and St-Yves, Ghislain and Breedlove, Jesse and Kay, Kendrick and Naselaris, Thomas}, title = {NSD-Imagery: A Benchmark Dataset for Extending fMRI Vision Decoding Methods to Mental Imagery}, booktitle = {Proceedings of the Computer Vision and Pattern Recognition Conference (CVPR)}, month = {June}, year = {2025}, pages = {28852-28862} }"
Deng_Acquire_and_then_Adapt_Squeezing_out_Text-to-Image_Model_for_Image_CVPR_2025_paper,2025,1,Restoration_Enhancement,Restoration_Enhancement|Diffusion_Generative,18.0,0.056,Acquire and then Adapt: Squeezing out Text-to-Image Model for Image Restoration,Junyuan Deng; Xinyi Wu; Yongxing Yang; Congchao Zhu; Song Wang; Zhenyao Wu,6,23195-23206,True,https://openaccess.thecvf.com/content/CVPR2025/papers/Deng_Acquire_and_then_Adapt_Squeezing_out_Text-to-Image_Model_for_Image_CVPR_2025_paper.pdf,https://openaccess.thecvf.com/content/CVPR2025/supplemental/Deng_Acquire_and_then_CVPR_2025_supplemental.pdf,https://openaccess.thecvf.com/content/CVPR2025/html/Deng_Acquire_and_then_Adapt_Squeezing_out_Text-to-Image_Model_for_Image_CVPR_2025_paper.html,"Recently, pre-trained text-to-image (T2I) models have been extensively adopted for real-world image restoration because of their powerful generative prior. However, controlling these large models for image restoration usually requires a large number of high-quality images and immense computational resources for training, which is costly and not privacy-friendly. In this paper, we find that the well-trained large T2I model (i.e., Flux) is able to produce a variety of high-quality images aligned with real-world distributions, offering an unlimited supply of training samples to mitigate the above issue. Specifically, we proposed a training data construction pipeline for image restoration, namely FluxGen, which includes unconditional image generation, image selection, and degraded image simulation. A novel light-weighted adapter (FluxIR) with squeeze-and-excitation layers is also carefully designed to control the large Diffusion Transformer (DiT)-based T2I model so that reasonable details can be restored. Experiments demonstrate that our proposed method enables the Flux model to adapt effectively to real-world image restoration tasks, achieving superior scores and visual quality on both synthetic and real-world degradation datasets - at only about 8.5% of the training cost compared to current approaches.","@InProceedings{Deng_2025_CVPR, author = {Deng, Junyuan and Wu, Xinyi and Yang, Yongxing and Zhu, Congchao and Wang, Song and Wu, Zhenyao}, title = {Acquire and then Adapt: Squeezing out Text-to-Image Model for Image Restoration}, booktitle = {Proceedings of the Computer Vision and Pattern Recognition Conference (CVPR)}, month = {June}, year = {2025}, pages = {23195-23206} }"
Ni_SLVR_Super-Light_Visual_Reconstruction_via_Blueprint_Controllable_Convolutions_and_Exploring_CVPR_2025_paper,2025,1,Restoration_Enhancement,Restoration_Enhancement,3.0,0.333,SLVR: Super-Light Visual Reconstruction via Blueprint Controllable Convolutions and Exploring Feature Diversity Representation,Ning Ni; Libao Zhang,2,400-410,True,https://openaccess.thecvf.com/content/CVPR2025/papers/Ni_SLVR_Super-Light_Visual_Reconstruction_via_Blueprint_Controllable_Convolutions_and_Exploring_CVPR_2025_paper.pdf,,https://openaccess.thecvf.com/content/CVPR2025/html/Ni_SLVR_Super-Light_Visual_Reconstruction_via_Blueprint_Controllable_Convolutions_and_Exploring_CVPR_2025_paper.html,"Recently, improving the residual structure and designing efficient convolutions have become important branches of lightweight visual reconstruction model design. We have observed that the feature addition mode (FAM) in existing residual structure tends to lead to slow feature learning or stagnation in feature evolution, a phenomenon we define as network inertia. In addition, although blueprint separable convolutions (BSConv) have proved the dominance of intra-kernel correlation, BSConv forces the blueprint to perform scale transformation on all channels, which may lead to incorrect intra-kernel correlation and introduce useless or disruptive features on some channels and hinder the effective propagation of features. Therefore, in this paper, we rethink the FAM and BSConv for super-light visual reconstruction framework design. First, we design a novel linking mode, called feature diversity evolution link (FDEL), which aims to alleviate the phenomenon of network inertia by reducing the retention of previous low-level features, thereby promoting the evolution of feature diversity. Second, we propose blueprint controllable convolutions (B2Conv). The B2Conv can adaptively pick accurate intra-kernel correlation in the depth-axis, effectively preventing the introduction of useless or disruptive features. Based on FDEL and B2Conv, we develop a super-light super-resolution (SR) framework SLVR for visual reconstruction. Both FDEL and B2Conv can serve as efficient plugins. Extensive experimental results demonstrate the effectiveness of our proposed B2Conv, FDEL, and SLVR. Our code will be available at https://github.com/chongningni/SLVR.","@InProceedings{Ni_2025_CVPR, author = {Ni, Ning and Zhang, Libao}, title = {SLVR: Super-Light Visual Reconstruction via Blueprint Controllable Convolutions and Exploring Feature Diversity Representation}, booktitle = {Proceedings of the Computer Vision and Pattern Recognition Conference (CVPR)}, month = {June}, year = {2025}, pages = {400-410} }"
Shi_IMFine_3D_Inpainting_via_Geometry-guided_Multi-view_Refinement_CVPR_2025_paper,2025,0,Diffusion_Generative,Diffusion_Generative|Restoration_Enhancement,12.0,0.0,IMFine: 3D Inpainting via Geometry-guided Multi-view Refinement,Zhihao Shi; Dong Huo; Yuhongze Zhou; Yan Min; Juwei Lu; Xinxin Zuo,6,26694-26703,True,https://openaccess.thecvf.com/content/CVPR2025/papers/Shi_IMFine_3D_Inpainting_via_Geometry-guided_Multi-view_Refinement_CVPR_2025_paper.pdf,https://openaccess.thecvf.com/content/CVPR2025/supplemental/Shi_IMFine_3D_Inpainting_CVPR_2025_supplemental.zip,https://openaccess.thecvf.com/content/CVPR2025/html/Shi_IMFine_3D_Inpainting_via_Geometry-guided_Multi-view_Refinement_CVPR_2025_paper.html,"Current 3D inpainting and object removal methods are largely limited to front-facing scenes, facing substantial challenges when applied to diverse, ""unconstrained"" scenes where the camera orientation and trajectory are unrestricted. To bridge this gap, we introduce a novel approach that produces inpainted 3D scenes with consistent visual quality and coherent underlying geometry across both front-facing and unconstrained scenes. Specifically, we propose a robust 3D inpainting pipeline that incorporates geometric priors and a multi-view refinement network trained via test-time adaptation, building on a pre-trained image inpainting model. Additionally, we develop a novel inpainting mask detection technique to derive targeted inpainting masks from object masks, boosting the performance in handling unconstrained scenes. To validate the efficacy of our approach, we create a challenging and diverse benchmark that spans a wide range of scenes. Comprehensive experiments demonstrate that our proposed method substantially outperforms existing state-of-the-art approaches.","@InProceedings{Shi_2025_CVPR, author = {Shi, Zhihao and Huo, Dong and Zhou, Yuhongze and Min, Yan and Lu, Juwei and Zuo, Xinxin}, title = {IMFine: 3D Inpainting via Geometry-guided Multi-view Refinement}, booktitle = {Proceedings of the Computer Vision and Pattern Recognition Conference (CVPR)}, month = {June}, year = {2025}, pages = {26694-26703} }"
Li_Positive2Negative_Breaking_the_Information-Lossy_Barrier_in_Self-Supervised_Single_Image_Denoising_CVPR_2025_paper,2025,1,Restoration_Enhancement,Restoration_Enhancement|SelfSupervised_Representation,18.0,0.0,Positive2Negative: Breaking the Information-Lossy Barrier in Self-Supervised Single Image Denoising,Tong Li; Lizhi Wang; Zhiyuan Xu; Lin Zhu; Wanxuan Lu; Hua Huang,6,17924-17934,True,https://openaccess.thecvf.com/content/CVPR2025/papers/Li_Positive2Negative_Breaking_the_Information-Lossy_Barrier_in_Self-Supervised_Single_Image_Denoising_CVPR_2025_paper.pdf,,https://openaccess.thecvf.com/content/CVPR2025/html/Li_Positive2Negative_Breaking_the_Information-Lossy_Barrier_in_Self-Supervised_Single_Image_Denoising_CVPR_2025_paper.html,"Image denoising enhances image quality, serving as a foundational technique across various computational photography applications. The obstacle to clean image acquisition in real scenarios necessitates the development of self-supervised image denoising methods only depending on noisy images, especially a single noisy image. Existing self-supervised image denoising paradigms (Noise2Noise and Noise2Void) rely heavily on information-lossy operations, such as downsampling and masking, culminating in low-quality denoising performance.In this paper, we propose a novel self-supervised single image denoising paradigm, Positive2Negative, to break the information-lossy barrier.Our paradigm involves two key steps: Renoised Data Construction (RDC) and Denoised Consistency Supervision (DCS). RDC renoises the predicted denoised image by the predicted noise to construct multiple noisy images, preserving all the information of the original image. DCS ensures consistency across the multiple denoised images, supervising the network to learn robust denoising. Our Positive2Negative paradigm achieves state-of-the-art performance in self-supervised single image denoising with significant speed improvements. The code is released to the public at https://github.com/Li-Tong-621/P2N.","@InProceedings{Li_2025_CVPR, author = {Li, Tong and Wang, Lizhi and Xu, Zhiyuan and Zhu, Lin and Lu, Wanxuan and Huang, Hua}, title = {Positive2Negative: Breaking the Information-Lossy Barrier in Self-Supervised Single Image Denoising}, booktitle = {Proceedings of the Computer Vision and Pattern Recognition Conference (CVPR)}, month = {June}, year = {2025}, pages = {17924-17934} }"
Luo_Visual-Instructed_Degradation_Diffusion_for_All-in-One_Image_Restoration_CVPR_2025_paper,2025,1,Restoration_Enhancement,Restoration_Enhancement,27.0,0.667,Visual-Instructed Degradation Diffusion for All-in-One Image Restoration,Wenyang Luo; Haina Qin; Zewen Chen; Libin Wang; Dandan Zheng; Yuming Li; Yufan Liu; Bing Li; Weiming Hu,9,12764-12777,True,https://openaccess.thecvf.com/content/CVPR2025/papers/Luo_Visual-Instructed_Degradation_Diffusion_for_All-in-One_Image_Restoration_CVPR_2025_paper.pdf,https://openaccess.thecvf.com/content/CVPR2025/supplemental/Luo_Visual-Instructed_Degradation_Diffusion_CVPR_2025_supplemental.pdf,https://openaccess.thecvf.com/content/CVPR2025/html/Luo_Visual-Instructed_Degradation_Diffusion_for_All-in-One_Image_Restoration_CVPR_2025_paper.html,"Image restoration tasks like deblurring, denoising, and dehazing usually need distinct models for each degradation type, restricting their generalization in real-world scenarios with mixed or unknown degradations. In this work, we propose Defusion, a novel all-in-one image restoration framework that utilizes visual instruction-guided degradation diffusion. Unlike existing methods that rely on task-specific models or ambiguous text-based priors, Defusion constructs explicit visual instructions that align with the visual degradation patterns. These instructions are grounded by applying degradations to standardized visual elements, capturing intrinsic degradation features while agnostic to image semantics. Defusion then uses these visual instructions to guide a diffusion-based model that operates directly in the degradation space, where it reconstructs high-quality images by denoising the degradation effects with enhanced stability and generalizability. Comprehensive experiments demonstrate that Defusion outperforms state-of-the-art methods across diverse image restoration tasks, including complex and real-world degradations.","@InProceedings{Luo_2025_CVPR, author = {Luo, Wenyang and Qin, Haina and Chen, Zewen and Wang, Libin and Zheng, Dandan and Li, Yuming and Liu, Yufan and Li, Bing and Hu, Weiming}, title = {Visual-Instructed Degradation Diffusion for All-in-One Image Restoration}, booktitle = {Proceedings of the Computer Vision and Pattern Recognition Conference (CVPR)}, month = {June}, year = {2025}, pages = {12764-12777} }"
Sun_Semi-Supervised_State-Space_Model_with_Dynamic_Stacking_Filter_for_Real-World_Video_CVPR_2025_paper,2025,1,Restoration_Enhancement,Restoration_Enhancement|Transfer_FewShot_DomainAdaptation|Video_Action_Recognition,12.0,0.333,Semi-Supervised State-Space Model with Dynamic Stacking Filter for Real-World Video Deraining,Shangquan Sun; Wenqi Ren; Juxiang Zhou; Shu Wang; Jianhou Gan; Xiaochun Cao,6,26114-26124,True,https://openaccess.thecvf.com/content/CVPR2025/papers/Sun_Semi-Supervised_State-Space_Model_with_Dynamic_Stacking_Filter_for_Real-World_Video_CVPR_2025_paper.pdf,https://openaccess.thecvf.com/content/CVPR2025/supplemental/Sun_Semi-Supervised_State-Space_Model_CVPR_2025_supplemental.pdf,https://openaccess.thecvf.com/content/CVPR2025/html/Sun_Semi-Supervised_State-Space_Model_with_Dynamic_Stacking_Filter_for_Real-World_Video_CVPR_2025_paper.html,"Significant progress has been made in video restoration under rainy conditions over the past decade, largely propelled by advancements in deep learning. Nevertheless, existing methods that depend on paired data struggle to generalize effectively to real-world scenarios, primarily due to the disparity between synthetic and authentic rain effects. To address these limitations, we propose a dual-branch spatio-temporal state-space model to enhance rain streak removal in video sequences. Specifically, we design spatial and temporal state-space model layers to extract spatial features and incorporate temporal dependencies across frames, respectively. To improve multi-frame feature fusion, we derive a dynamic stacking filter, which adaptively approximates statistical filters for superior pixel-wise feature refinement. Moreover, we integrate a median stacking loss to enable semi-supervised learning by generating pseudo-clean patches based on the sparsity prior of rain. To further explore the capacity of deraining models in supporting other vision-based tasks in rainy environments, we introduce a novel real-world benchmark focused on object detection and tracking in rainy conditions. Our method is extensively evaluated across multiple benchmarks containing numerous synthetic and real-world rainy videos, consistently demonstrating its superiority in quantitative metrics, visual quality, efficiency, and its utility for downstream tasks.","@InProceedings{Sun_2025_CVPR, author = {Sun, Shangquan and Ren, Wenqi and Zhou, Juxiang and Wang, Shu and Gan, Jianhou and Cao, Xiaochun}, title = {Semi-Supervised State-Space Model with Dynamic Stacking Filter for Real-World Video Deraining}, booktitle = {Proceedings of the Computer Vision and Pattern Recognition Conference (CVPR)}, month = {June}, year = {2025}, pages = {26114-26124} }"
Teng_Fingerprinting_Denoising_Diffusion_Probabilistic_Models_CVPR_2025_paper,2025,0,Diffusion_Generative,Diffusion_Generative|Restoration_Enhancement,15.0,0.0,Fingerprinting Denoising Diffusion Probabilistic Models,Huan Teng; Yuhui Quan; Chengyu Wang; Jun Huang; Hui Ji,5,28811-28820,True,https://openaccess.thecvf.com/content/CVPR2025/papers/Teng_Fingerprinting_Denoising_Diffusion_Probabilistic_Models_CVPR_2025_paper.pdf,https://openaccess.thecvf.com/content/CVPR2025/supplemental/Teng_Fingerprinting_Denoising_Diffusion_CVPR_2025_supplemental.pdf,https://openaccess.thecvf.com/content/CVPR2025/html/Teng_Fingerprinting_Denoising_Diffusion_Probabilistic_Models_CVPR_2025_paper.html,"Diffusion models, especially denoising diffusion probabilistic models (DDPMs), are prevalent tools in generative AI, making their intellectual property (IP) protection increasingly important. Most existing IP protection methods for DDPMs are invasive, e.g., model watermarking, which alter model parameters and raise concerns about performance degradation, also with requirement for extra computational resources for retraining or fine-tuning. In this paper, we propose the first non-invasive fingerprinting scheme for DDPMs, requiring no parameter changes or fine-tuning, and keeping generation quality intact. We introduce a discriminative and robust fingerprint latent space based on the well-designed ""crossing route"" of noisy samples that span the performance border-zone of DDPMs, with only black-box access required for the diffusion denoiser in ownership verification. Extensive experiments demonstrate that our fingerprinting approach enjoys both robustness against the often-seen attacks and distinctiveness on various DDPMs, providing an alternative for protecting DDPMs' IP rights without compromising their performance or integrity.","@InProceedings{Teng_2025_CVPR, author = {Teng, Huan and Quan, Yuhui and Wang, Chengyu and Huang, Jun and Ji, Hui}, title = {Fingerprinting Denoising Diffusion Probabilistic Models}, booktitle = {Proceedings of the Computer Vision and Pattern Recognition Conference (CVPR)}, month = {June}, year = {2025}, pages = {28811-28820} }"
Ma_CoA_Towards_Real_Image_Dehazing_via_Compression-and-Adaptation_CVPR_2025_paper,2025,1,Restoration_Enhancement,Restoration_Enhancement,18.0,0.833,CoA: Towards Real Image Dehazing via Compression-and-Adaptation,Long Ma; Yuxin Feng; Yan Zhang; Jinyuan Liu; Weimin Wang; Guang-Yong Chen; Chengpei Xu; Zhuo Su,8,11197-11206,True,https://openaccess.thecvf.com/content/CVPR2025/papers/Ma_CoA_Towards_Real_Image_Dehazing_via_Compression-and-Adaptation_CVPR_2025_paper.pdf,,https://openaccess.thecvf.com/content/CVPR2025/html/Ma_CoA_Towards_Real_Image_Dehazing_via_Compression-and-Adaptation_CVPR_2025_paper.html,"Learning-based image dehazing algorithms have shown remarkable success in synthetic domains. However, real image dehazing is still in suspense due to computational resource constraints and the diversity of real-world scenes. Therefore, there is an urgent need for an algorithm that excels in both efficiency and adaptability to address real image dehazing effectively. This work proposes a Compression-and-Adaptation (CoA) computational flow to tackle these challenges from a divide-and-conquer perspective. First, model compression is performed in the synthetic domain to develop a compact dehazing parameter space, satisfying efficiency demands. Then, a bilevel adaptation in the real domain is introduced to be fearless in unknown real environments by aggregating the synthetic dehazing capabilities during the learning process. Leveraging a succinct design free from additional constraints, our CoA exhibits domain-irrelevant stability and model-agnostic flexibility, effectively bridging the model chasm between synthetic and real domains to further improve its practical utility. Extensive evaluations and analyses underscore the approach's superiority and effectiveness. The code is publicly available at https://github.com/fyxnl/COA.","@InProceedings{Ma_2025_CVPR, author = {Ma, Long and Feng, Yuxin and Zhang, Yan and Liu, Jinyuan and Wang, Weimin and Chen, Guang-Yong and Xu, Chengpei and Su, Zhuo}, title = {CoA: Towards Real Image Dehazing via Compression-and-Adaptation}, booktitle = {Proceedings of the Computer Vision and Pattern Recognition Conference (CVPR)}, month = {June}, year = {2025}, pages = {11197-11206} }"
Guo_Keyframe-Guided_Creative_Video_Inpainting_CVPR_2025_paper,2025,0,Diffusion_Generative,Diffusion_Generative|Restoration_Enhancement|Embodied_AI_Robotics|Video_Action_Recognition,10.0,0.0,Keyframe-Guided Creative Video Inpainting,Yuwei Guo; Ceyuan Yang; Anyi Rao; Chenlin Meng; Omer Bar-Tal; Shuangrui Ding; Maneesh Agrawala; Dahua Lin; Bo Dai,9,13009-13020,True,https://openaccess.thecvf.com/content/CVPR2025/papers/Guo_Keyframe-Guided_Creative_Video_Inpainting_CVPR_2025_paper.pdf,https://openaccess.thecvf.com/content/CVPR2025/supplemental/Guo_Keyframe-Guided_Creative_Video_CVPR_2025_supplemental.pdf,https://openaccess.thecvf.com/content/CVPR2025/html/Guo_Keyframe-Guided_Creative_Video_Inpainting_CVPR_2025_paper.html,"Video inpainting, which aims to fill missing regions with visually coherent content, has emerged as a crucial technique for creative applications such as editing. While existing approaches achieve visual consistency or text-guided generation, they often struggle to balance coherence and creative diversity. In this work, we introduce VideoRepainter, a two-stage framework that allows users to inpaint a keyframe using established image-level techniques, then propagate the changes to other frames. Our approach can leverage state-of-the-art image models for keyframe manipulation, thereby easing the burden of the video-inpainting process. To this end, we integrate an image-to-video model with a symmetric condition mechanism to address ambiguity caused by direct mask downsampling. We further explore efficient strategies for mask synthesis and parameter tuning to reduce costs in data processing and model training. Evaluations demonstrate our method achieves superior results in both visual fidelity and content diversity compared to existing approaches, providing a practical solution for creative video manipulation.","@InProceedings{Guo_2025_CVPR, author = {Guo, Yuwei and Yang, Ceyuan and Rao, Anyi and Meng, Chenlin and Bar-Tal, Omer and Ding, Shuangrui and Agrawala, Maneesh and Lin, Dahua and Dai, Bo}, title = {Keyframe-Guided Creative Video Inpainting}, booktitle = {Proceedings of the Computer Vision and Pattern Recognition Conference (CVPR)}, month = {June}, year = {2025}, pages = {13009-13020} }"
Dong_Channel_Consistency_Prior_and_Self-Reconstruction_Strategy_Based_Unsupervised_Image_Deraining_CVPR_2025_paper,2025,1,Restoration_Enhancement,Restoration_Enhancement,18.0,1.0,Channel Consistency Prior and Self-Reconstruction Strategy Based Unsupervised Image Deraining,Guanglu Dong; Tianheng Zheng; Yuanzhouhan Cao; Linbo Qing; Chao Ren,5,7469-7479,True,https://openaccess.thecvf.com/content/CVPR2025/papers/Dong_Channel_Consistency_Prior_and_Self-Reconstruction_Strategy_Based_Unsupervised_Image_Deraining_CVPR_2025_paper.pdf,https://openaccess.thecvf.com/content/CVPR2025/supplemental/Dong_Channel_Consistency_Prior_CVPR_2025_supplemental.pdf,https://openaccess.thecvf.com/content/CVPR2025/html/Dong_Channel_Consistency_Prior_and_Self-Reconstruction_Strategy_Based_Unsupervised_Image_Deraining_CVPR_2025_paper.html,"Recently, deep image deraining models based on paired datasets have made a series of remarkable progress. However, they cannot be well applied in real-world applications due to the difficulty of obtaining real paired datasets and the poor generalization performance. In this paper, we propose a novel Channel Consistency Prior and Self-Reconstruction Strategy Based Unsupervised Image Deraining framework, CSUD, to tackle the aforementioned challenges. During training with unpaired data, CSUD is capable of generating high-quality pseudo clean and rainy image pairs which are used to enhance the performance of deraining network. Specifically, to preserve more image background details while transferring rain streaks from rainy images to the unpaired clean images, we propose a novel Channel Consistency Loss (CCLoss) by introducing the Channel Consistency Prior (CCP) of rain streaks into training process, thereby ensuring that the generated pseudo rainy images closely resemble the real ones. Furthermore, we propose a novel Self-Reconstruction (SR) strategy to alleviate the redundant information transfer problem of the generator, further improving the deraining performance and the generalization capability of our method. Extensive experiments on multiple synthetic and real-world datasets demonstrate that the deraining performance of CSUD surpasses other state-of-the-art unsupervised methods and CSUD exhibits superior generalization capability. Code is available at https://github.com/GuangluDong0728/CSUD.","@InProceedings{Dong_2025_CVPR, author = {Dong, Guanglu and Zheng, Tianheng and Cao, Yuanzhouhan and Qing, Linbo and Ren, Chao}, title = {Channel Consistency Prior and Self-Reconstruction Strategy Based Unsupervised Image Deraining}, booktitle = {Proceedings of the Computer Vision and Pattern Recognition Conference (CVPR)}, month = {June}, year = {2025}, pages = {7469-7479} }"
Xie_Diffusion-based_Event_Generation_for_High-Quality_Image_Deblurring_CVPR_2025_paper,2025,1,Restoration_Enhancement,Restoration_Enhancement,18.0,0.667,Diffusion-based Event Generation for High-Quality Image Deblurring,Xinan Xie; Qing Zhang; Wei-Shi Zheng,3,2194-2203,True,https://openaccess.thecvf.com/content/CVPR2025/papers/Xie_Diffusion-based_Event_Generation_for_High-Quality_Image_Deblurring_CVPR_2025_paper.pdf,https://openaccess.thecvf.com/content/CVPR2025/supplemental/Xie_Diffusion-based_Event_Generation_CVPR_2025_supplemental.pdf,https://openaccess.thecvf.com/content/CVPR2025/html/Xie_Diffusion-based_Event_Generation_for_High-Quality_Image_Deblurring_CVPR_2025_paper.html,"While event-based deblurring have demonstrated impressive results, they are impractical for consumer photos captured by cell phones and digital cameras that are not equipped with the event sensor. To address this problem, we in this paper propose a novel deblurring framework called Event Generation Deblurring (EGDeblurring), which allows to effectively deblur an image by generating event guidance describing the motion information using a diffusion model. Specifically, we design a motion prior generation diffusion model and a feature extractor to produce prior information beneficial for deblurring, rather than generating the raw event representation. In order to achieve effective fusion of motion prior information with blurry images and produce high-quality results, we develop a regression deblurring network embedded with a dual-attention channel fusion block. Experiments on multiple datasets demonstrate that our method outperforms state-of-the-art image deblurring methods. Our code is available at https://github.com/XinanXie/EGDeblurring https://github.com/XinanXie/EGDeblurring.","@InProceedings{Xie_2025_CVPR, author = {Xie, Xinan and Zhang, Qing and Zheng, Wei-Shi}, title = {Diffusion-based Event Generation for High-Quality Image Deblurring}, booktitle = {Proceedings of the Computer Vision and Pattern Recognition Conference (CVPR)}, month = {June}, year = {2025}, pages = {2194-2203} }"
Ding_HomoGen_Enhanced_Video_Inpainting_via_Homography_Propagation_and_Diffusion_CVPR_2025_paper,2025,0,LowLevel_Flow_Depth_Matching,LowLevel_Flow_Depth_Matching|Diffusion_Generative|Restoration_Enhancement,21.0,0.333,HomoGen: Enhanced Video Inpainting via Homography Propagation and Diffusion,Ding Ding; Yueming Pan; Ruoyu Feng; Qi Dai; Kai Qiu; Jianmin Bao; Chong Luo; Zhenzhong Chen,8,22953-22962,True,https://openaccess.thecvf.com/content/CVPR2025/papers/Ding_HomoGen_Enhanced_Video_Inpainting_via_Homography_Propagation_and_Diffusion_CVPR_2025_paper.pdf,https://openaccess.thecvf.com/content/CVPR2025/supplemental/Ding_HomoGen_Enhanced_Video_CVPR_2025_supplemental.pdf,https://openaccess.thecvf.com/content/CVPR2025/html/Ding_HomoGen_Enhanced_Video_Inpainting_via_Homography_Propagation_and_Diffusion_CVPR_2025_paper.html,"In this paper, we present HomoGen, an enhanced video inpainting method based on homography propagation and diffusion models. HomoGen leverages homography registration to propagate contextual pixels as priors for generating missing content in corrupted videos. Unlike previous flow-based propagation methods, which introduce local distortions due to point-to-point optical flows, homography-induced artifacts are typically global structural distortions that preserve semantic integrity. To effectively utilize these priors for generation, we employ a video diffusion model that inherently prioritizes semantic information within the priors over pixel-level details. A content-adaptive control mechanism is proposed to scale and inject the priors into intermediate video latents during iterative denoising. In contrast to existing transformer-based networks that often suffer from artifacts within priors, leading to error accumulation and unrealistic results, our denoising diffusion network can smooth out artifacts and ensure natural outputs. Extensive experiments demonstrate the effectiveness of the proposed method qualitatively and quantitatively.","@InProceedings{Ding_2025_CVPR, author = {Ding, Ding and Pan, Yueming and Feng, Ruoyu and Dai, Qi and Qiu, Kai and Bao, Jianmin and Luo, Chong and Chen, Zhenzhong}, title = {HomoGen: Enhanced Video Inpainting via Homography Propagation and Diffusion}, booktitle = {Proceedings of the Computer Vision and Pattern Recognition Conference (CVPR)}, month = {June}, year = {2025}, pages = {22953-22962} }"
