paper_id,year,is_primary,primary_topic,all_topics,topic_score,confidence,title,authors,n_authors,pages,has_abstract,pdf_url,supp_url,detail_url,abstract,bibtex
Deng_Words_or_Vision_Do_Vision-Language_Models_Have_Blind_Faith_in_CVPR_2025_paper,2025,0,Vision_Language_Multimodal,Vision_Language_Multimodal|Trustworthy_Security_Privacy,28.0,0.536,Words or Vision: Do Vision-Language Models Have Blind Faith in Text?,Ailin Deng; Tri Cao; Zhirui Chen; Bryan Hooi,4,3867-3876,True,https://openaccess.thecvf.com/content/CVPR2025/papers/Deng_Words_or_Vision_Do_Vision-Language_Models_Have_Blind_Faith_in_CVPR_2025_paper.pdf,https://openaccess.thecvf.com/content/CVPR2025/supplemental/Deng_Words_or_Vision_CVPR_2025_supplemental.pdf,https://openaccess.thecvf.com/content/CVPR2025/html/Deng_Words_or_Vision_Do_Vision-Language_Models_Have_Blind_Faith_in_CVPR_2025_paper.html,"Vision-Language Models (VLMs) excel in integrating visual and textual information for vision-centric tasks, but their handling of inconsistencies between modalities is underexplored. We investigate VLMs' modality preferences when faced with visual data and varied textual inputs in vision-centered settings.By introducing textual variations to four vision-centric tasks and evaluating ten Vision-Language Models (VLMs), we discover a ""blind faith in text"" phenomenon: VLMs disproportionately trust textual data over visual data when inconsistencies arise, leading to significant performance drops under corrupted text and raising safety concerns.We analyze factors influencing this text bias, including instruction prompts, language model size, text relevance, token order, and the interplay between visual and textual certainty. While certain factors, such as scaling up the language model size, slightly mitigate text bias, others like token order can exacerbate it due to positional biases inherited from language models. To address this issue, we explore supervised fine-tuning with text augmentation and demonstrate its effectiveness in reducing text bias. Additionally, we provide a theoretical analysis suggesting that the blind faith in text phenomenon may stem from an imbalance of pure text and multi-modal data during training.Our findings highlight the need for balanced training and careful consideration of modality interactions in VLMs to enhance their robustness and reliability in handling multi-modal data inconsistencies.","@InProceedings{Deng_2025_CVPR, author = {Deng, Ailin and Cao, Tri and Chen, Zhirui and Hooi, Bryan}, title = {Words or Vision: Do Vision-Language Models Have Blind Faith in Text?}, booktitle = {Proceedings of the Computer Vision and Pattern Recognition Conference (CVPR)}, month = {June}, year = {2025}, pages = {3867-3876} }"
Zhu_Interpretable_Image_Classification_via_Non-parametric_Part_Prototype_Learning_CVPR_2025_paper,2025,0,Recognition_Classification,Recognition_Classification|Trustworthy_Security_Privacy,12.0,0.0,Interpretable Image Classification via Non-parametric Part Prototype Learning,Zhijie Zhu; Lei Fan; Maurice Pagnucco; Yang Song,4,9762-9771,True,https://openaccess.thecvf.com/content/CVPR2025/papers/Zhu_Interpretable_Image_Classification_via_Non-parametric_Part_Prototype_Learning_CVPR_2025_paper.pdf,https://openaccess.thecvf.com/content/CVPR2025/supplemental/Zhu_Interpretable_Image_Classification_CVPR_2025_supplemental.pdf,https://openaccess.thecvf.com/content/CVPR2025/html/Zhu_Interpretable_Image_Classification_via_Non-parametric_Part_Prototype_Learning_CVPR_2025_paper.html,"Classifying images with an interpretable decision-making process is a long-standing problem in computer vision. In recent years, Prototypical Part Networks has gained traction as an approach for self-explainable neural networks, due to their ability to mimic human visual reasoning by providing explanations based on prototypical object parts. However, the quality of the explanations generated by these methods leaves room for improvement, as the prototypes usually focus on repetitive and redundant concepts. Leveraging recent advances in prototype learning, we present a framework for part-based interpretable image classification that learns a set of semantically distinctive object parts for each class, and provides diverse and comprehensive explanations. The core of our method is to learn the part-prototypes in a non-parametric fashion, through clustering deep features extracted from foundation vision models that encode robust semantic information. To quantitatively evaluate the quality of explanations provided by ProtoPNets, we introduce Distinctiveness Score and Comprehensiveness Score. Through evaluation on CUB-200-2011, Stanford Cars and Stanford Dogs datasets, we show that our framework compares favourably against existing ProtoPNets while achieving better interpretability.","@InProceedings{Zhu_2025_CVPR, author = {Zhu, Zhijie and Fan, Lei and Pagnucco, Maurice and Song, Yang}, title = {Interpretable Image Classification via Non-parametric Part Prototype Learning}, booktitle = {Proceedings of the Computer Vision and Pattern Recognition Conference (CVPR)}, month = {June}, year = {2025}, pages = {9762-9771} }"
Guillaro_A_Bias-Free_Training_Paradigm_for_More_General_AI-generated_Image_Detection_CVPR_2025_paper,2025,1,Trustworthy_Security_Privacy,Trustworthy_Security_Privacy|Diffusion_Generative|Object_Detection,14.0,0.214,A Bias-Free Training Paradigm for More General AI-generated Image Detection,Fabrizio Guillaro; Giada Zingarini; Ben Usman; Avneesh Sud; Davide Cozzolino; Luisa Verdoliva,6,18685-18694,True,https://openaccess.thecvf.com/content/CVPR2025/papers/Guillaro_A_Bias-Free_Training_Paradigm_for_More_General_AI-generated_Image_Detection_CVPR_2025_paper.pdf,https://openaccess.thecvf.com/content/CVPR2025/supplemental/Guillaro_A_Bias-Free_Training_CVPR_2025_supplemental.pdf,https://openaccess.thecvf.com/content/CVPR2025/html/Guillaro_A_Bias-Free_Training_Paradigm_for_More_General_AI-generated_Image_Detection_CVPR_2025_paper.html,"Successful forensic detectors can produce excellent results in supervised learning benchmarks but struggle to transfer to real-world applications. We believe this limitation is largely due to inadequate training data quality. While most research focuses on developing new algorithms, less attention is given to training data selection, despite evidence that performance can be strongly impacted by spurious correlations such as content, format, or resolution. A well-designed forensic detector should detect generator specific artifacts rather than reflect data biases. To this end, we propose B-Free, a bias-free training paradigm, where fake images are generated from real ones using the conditioning procedure of stable diffusion models. This ensures semantic alignment between real and fake images, allowing any differences to stem solely from the subtle artifacts introduced by AI generation. Through content-based augmentation, we show significant improvements in both generalization and robustness over state-of-the-art detectors and more calibrated results across 27 different generative models, including recent releases, like FLUX and Stable Diffusion 3.5. Our findings emphasize the importance of a careful dataset design, highlighting the need for further research on this topic. Code and data are publicly available at https://grip-unina.github.io/B-Free/.","@InProceedings{Guillaro_2025_CVPR, author = {Guillaro, Fabrizio and Zingarini, Giada and Usman, Ben and Sud, Avneesh and Cozzolino, Davide and Verdoliva, Luisa}, title = {A Bias-Free Training Paradigm for More General AI-generated Image Detection}, booktitle = {Proceedings of the Computer Vision and Pattern Recognition Conference (CVPR)}, month = {June}, year = {2025}, pages = {18685-18694} }"
Truong_FALCON_Fairness_Learning_via_Contrastive_Attention_Approach_to_Continual_Semantic_CVPR_2025_paper,2025,1,Trustworthy_Security_Privacy,Trustworthy_Security_Privacy|Transfer_FewShot_DomainAdaptation,18.0,0.056,FALCON: Fairness Learning via Contrastive Attention Approach to Continual Semantic Scene Understanding,Thanh-Dat Truong; Utsav Prabhu; Bhiksha Raj; Jackson Cothren; Khoa Luu,5,15065-15075,True,https://openaccess.thecvf.com/content/CVPR2025/papers/Truong_FALCON_Fairness_Learning_via_Contrastive_Attention_Approach_to_Continual_Semantic_CVPR_2025_paper.pdf,https://openaccess.thecvf.com/content/CVPR2025/supplemental/Truong_FALCON_Fairness_Learning_CVPR_2025_supplemental.pdf,https://openaccess.thecvf.com/content/CVPR2025/html/Truong_FALCON_Fairness_Learning_via_Contrastive_Attention_Approach_to_Continual_Semantic_CVPR_2025_paper.html,"Continual Learning in semantic scene segmentation aims to continually learn new unseen classes in dynamic environments while maintaining previously learned knowledge. Prior studies focused on modeling the catastrophic forgetting and background shift challenges in continual learning. However, fairness, another major challenge that causes unfair predictions leading to low performance among major and minor classes, still needs to be well addressed. In addition, prior methods have yet to model the unknown classes well, thus resulting in producing non-discriminative features among unknown classes. This work presents a novel Fairness Learning via Contrastive Attention Approach to continual learning in semantic scene understanding. In particular, we first introduce a new Fairness Contrastive Clustering loss to address the problems of catastrophic forgetting and fairness. Then, we propose an attention-based visual grammar approach to effectively model the background shift problem and unknown classes, producing better feature representations for different unknown classes. Through our experiments, our proposed approach achieves State-of-the-Art (SoTA) performance on different continual learning benchmarks, i.e., ADE20K, Cityscapes, and Pascal VOC. It promotes the fairness of the continual semantic segmentation model.","@InProceedings{Truong_2025_CVPR, author = {Truong, Thanh-Dat and Prabhu, Utsav and Raj, Bhiksha and Cothren, Jackson and Luu, Khoa}, title = {FALCON: Fairness Learning via Contrastive Attention Approach to Continual Semantic Scene Understanding}, booktitle = {Proceedings of the Computer Vision and Pattern Recognition Conference (CVPR)}, month = {June}, year = {2025}, pages = {15065-15075} }"
Bahari_Certified_Human_Trajectory_Prediction_CVPR_2025_paper,2025,0,Autonomous_Driving,Autonomous_Driving|Trustworthy_Security_Privacy,21.0,0.571,Certified Human Trajectory Prediction,Mohammadhossein Bahari; Saeed Saadatnejad; Amirhossein Askari Farsangi; Seyed-Mohsen Moosavi-Dezfooli; Alexandre Alahi,5,12301-12311,True,https://openaccess.thecvf.com/content/CVPR2025/papers/Bahari_Certified_Human_Trajectory_Prediction_CVPR_2025_paper.pdf,https://openaccess.thecvf.com/content/CVPR2025/supplemental/Bahari_Certified_Human_Trajectory_CVPR_2025_supplemental.pdf,https://openaccess.thecvf.com/content/CVPR2025/html/Bahari_Certified_Human_Trajectory_Prediction_CVPR_2025_paper.html,"Predicting human trajectories is essential for the safe operation of autonomous vehicles, yet current data-driven models often lack robustness in case of noisy inputs such as adversarial examples or imperfect observations. Although some trajectory prediction methods have been developed to provide empirical robustness, these methods are heuristic and do not offer guaranteed robustness. In this work, we propose a certification approach tailored for trajectory prediction that provides guaranteed robustness. To this end, we address the unique challenges associated with trajectory prediction, such as unbounded outputs and multi-modality. To mitigate the inherent performance drop through certification, we propose a diffusion-based trajectory denoiser and integrate it into our method. Moreover, we introduce new certified performance metrics to reliably measure the trajectory prediction performance. Through comprehensive experiments, we demonstrate the accuracy and robustness of the certified predictors and highlight their advantages over the non-certified ones. The code is available online: https://s-attack.github.io/","@InProceedings{Bahari_2025_CVPR, author = {Bahari, Mohammadhossein and Saadatnejad, Saeed and Farsangi, Amirhossein Askari and Moosavi-Dezfooli, Seyed-Mohsen and Alahi, Alexandre}, title = {Certified Human Trajectory Prediction}, booktitle = {Proceedings of the Computer Vision and Pattern Recognition Conference (CVPR)}, month = {June}, year = {2025}, pages = {12301-12311} }"
Lin_AI-Face_A_Million-Scale_Demographically_Annotated_AI-Generated_Face_Dataset_and_Fairness_CVPR_2025_paper,2025,0,Face_Biometrics,Face_Biometrics|Trustworthy_Security_Privacy,27.0,0.222,AI-Face: A Million-Scale Demographically Annotated AI-Generated Face Dataset and Fairness Benchmark,Li Lin; Santosh Santosh; Mingyang Wu; Xin Wang; Shu Hu,5,3503-3515,True,https://openaccess.thecvf.com/content/CVPR2025/papers/Lin_AI-Face_A_Million-Scale_Demographically_Annotated_AI-Generated_Face_Dataset_and_Fairness_CVPR_2025_paper.pdf,https://openaccess.thecvf.com/content/CVPR2025/supplemental/Lin_AI-Face_A_Million-Scale_CVPR_2025_supplemental.pdf,https://openaccess.thecvf.com/content/CVPR2025/html/Lin_AI-Face_A_Million-Scale_Demographically_Annotated_AI-Generated_Face_Dataset_and_Fairness_CVPR_2025_paper.html,"AI-generated faces have enriched human life, such as entertainment, education, and art. However, they also pose misuse risks. Therefore, detecting AI-generated faces becomes crucial, yet current detectors show biased performance across different demographic groups. Mitigating biases can be done by designing algorithmic fairness methods, which usually require demographically annotated face datasets for model training. However, no existing dataset encompasses both demographic attributes and diverse generative methods simultaneously, which hinders the development of fair detectors for AI-generated faces. In this work, we introduce the AI-Face dataset, the first million-scale demographically annotated AI-generated face image dataset, including real faces, faces from deepfake videos, and faces generated by Generative Adversarial Networks and Diffusion Models. Based on this dataset, we conduct the first comprehensive fairness benchmark to assess various AI face detectors and provide valuable insights and findings to promote the future fair design of AI face detectors. Our AI-Face dataset and benchmark code are publicly available at https://github.com/Purdue-M2/AI-Face-FairnessBench.","@InProceedings{Lin_2025_CVPR, author = {Lin, Li and Santosh, Santosh and Wu, Mingyang and Wang, Xin and Hu, Shu}, title = {AI-Face: A Million-Scale Demographically Annotated AI-Generated Face Dataset and Fairness Benchmark}, booktitle = {Proceedings of the Computer Vision and Pattern Recognition Conference (CVPR)}, month = {June}, year = {2025}, pages = {3503-3515} }"
Yang_Gain_from_Neighbors_Boosting_Model_Robustness_in_the_Wild_via_CVPR_2025_paper,2025,1,Trustworthy_Security_Privacy,Trustworthy_Security_Privacy,13.0,0.769,Gain from Neighbors: Boosting Model Robustness in the Wild via Adversarial Perturbations Toward Neighboring Classes,Zhou Yang; Mingtao Feng; Tao Huang; Fangfang Wu; Weisheng Dong; Xin Li; Guangming Shi,7,25497-25507,True,https://openaccess.thecvf.com/content/CVPR2025/papers/Yang_Gain_from_Neighbors_Boosting_Model_Robustness_in_the_Wild_via_CVPR_2025_paper.pdf,https://openaccess.thecvf.com/content/CVPR2025/supplemental/Yang_Gain_from_Neighbors_CVPR_2025_supplemental.pdf,https://openaccess.thecvf.com/content/CVPR2025/html/Yang_Gain_from_Neighbors_Boosting_Model_Robustness_in_the_Wild_via_CVPR_2025_paper.html,"Recent approaches, such as data augmentation, adversarial training, and transfer learning, have shown potential in addressing the issue of performance degradation caused by distributional shifts. However, they typically demand careful design in terms of data or models and lack awareness of the impact of distributional shifts. In this paper, we observe that classification errors arising from distribution shifts tend to cluster near the true values, suggesting that misclassifications commonly occur in semantically similar, neighboring categories. Furthermore, robust advanced vision foundation models maintain larger inter-class distances while preserving semantic consistency, making them less vulnerable to such shifts. Building on these findings, we propose a new method called GFN (Gain From Neighbors), which uses gradient priors from neighboring classes to perturb input images and incorporates an inter-class distance-weighted loss to improve class separation. This approach encourages the model to learn more resilient features from data prone to errors, enhancing its robustness against shifts in diverse settings. In extensive experiments across various model architectures and benchmark datasets, GFN consistently demonstrated superior performance. For instance, compared to the current state-of-the-art TAPADL method, our approach achieved a higher corruption robustness of 41.4% on ImageNet-C (+2.3%), without requiring additional parameters and using only minimal data.","@InProceedings{Yang_2025_CVPR, author = {Yang, Zhou and Feng, Mingtao and Huang, Tao and Wu, Fangfang and Dong, Weisheng and Li, Xin and Shi, Guangming}, title = {Gain from Neighbors: Boosting Model Robustness in the Wild via Adversarial Perturbations Toward Neighboring Classes}, booktitle = {Proceedings of the Computer Vision and Pattern Recognition Conference (CVPR)}, month = {June}, year = {2025}, pages = {25497-25507} }"
Nikzad_SATA_Spatial_Autocorrelation_Token_Analysis_for_Enhancing_the_Robustness_of_CVPR_2025_paper,2025,1,Trustworthy_Security_Privacy,Trustworthy_Security_Privacy,12.0,0.583,SATA: Spatial Autocorrelation Token Analysis for Enhancing the Robustness of Vision Transformers,Nick Nikzad; Yi Liao; Yongsheng Gao; Jun Zhou,4,9730-9739,True,https://openaccess.thecvf.com/content/CVPR2025/papers/Nikzad_SATA_Spatial_Autocorrelation_Token_Analysis_for_Enhancing_the_Robustness_of_CVPR_2025_paper.pdf,https://openaccess.thecvf.com/content/CVPR2025/supplemental/Nikzad_SATA_Spatial_Autocorrelation_CVPR_2025_supplemental.pdf,https://openaccess.thecvf.com/content/CVPR2025/html/Nikzad_SATA_Spatial_Autocorrelation_Token_Analysis_for_Enhancing_the_Robustness_of_CVPR_2025_paper.html,"Over the past few years, vision transformers (ViTs) have consistently demonstrated remarkable performance across various visual recognition tasks. However, attempts to enhance their robustness have yielded limited success, mainly focusing on different training strategies, input patch augmentation, or network structural enhancements. These approaches often involve extensive training and fine-tuning, which are time-consuming and resource-intensive. To tackle these obstacles, we introduce a novel approach named Spatial Autocorrelation Token Analysis (SATA). By harnessing spatial relationships between token features, SATA enhances both the representational capacity and robustness of ViT models. This is achieved through the analysis and grouping of tokens according to their spatial autocorrelation scores prior to their input into the Feed-Forward Network (FFN) block of the self-attention mechanism. Importantly, SATA seamlessly integrates into existing pre-trained ViT baselines without requiring retraining or additional fine-tuning, while concurrently improving efficiency by reducing the computational load of the FFN units. Experimental results show that the baseline ViTs enhanced with SATA not only achieve a new state-of-the-art top-1 accuracy on ImageNet-1K image classification (94.9%) but also establish new state-of-the-art performance across multiple robustness benchmarks, including ImageNet-A (top-1=63.6%), ImageNet-R (top-1=79.2%), and ImageNet-C (mCE=13.6%), all without requiring additional training or fine-tuning of baseline models. Availability: https://github.com/nick-nikzad/SATA","@InProceedings{Nikzad_2025_CVPR, author = {Nikzad, Nick and Liao, Yi and Gao, Yongsheng and Zhou, Jun}, title = {SATA: Spatial Autocorrelation Token Analysis for Enhancing the Robustness of Vision Transformers}, booktitle = {Proceedings of the Computer Vision and Pattern Recognition Conference (CVPR)}, month = {June}, year = {2025}, pages = {9730-9739} }"
Liu_Stealthy_Backdoor_Attack_in_Self-Supervised_Learning_Vision_Encoders_for_Large_CVPR_2025_paper,2025,1,Trustworthy_Security_Privacy,Trustworthy_Security_Privacy|LLM_Reasoning_Agent|SelfSupervised_Representation|Vision_Language_Multimodal,18.0,0.111,Stealthy Backdoor Attack in Self-Supervised Learning Vision Encoders for Large Vision Language Models,Zhaoyi Liu; Huan Zhang,2,25060-25070,True,https://openaccess.thecvf.com/content/CVPR2025/papers/Liu_Stealthy_Backdoor_Attack_in_Self-Supervised_Learning_Vision_Encoders_for_Large_CVPR_2025_paper.pdf,https://openaccess.thecvf.com/content/CVPR2025/supplemental/Liu_Stealthy_Backdoor_Attack_CVPR_2025_supplemental.pdf,https://openaccess.thecvf.com/content/CVPR2025/html/Liu_Stealthy_Backdoor_Attack_in_Self-Supervised_Learning_Vision_Encoders_for_Large_CVPR_2025_paper.html,"Self-supervised learning (SSL) vision encoders learn high-quality image representations and thus have become a vital part of developing vision modality of large vision language models (LVLMs). Due to the high cost of training such encoders, pre-trained encoders are widely shared and deployed into many LVLMs, which are security-critical or bear societal significance. Under this practical scenario, we reveal a new backdoor threat that significant visual hallucinations can be induced into these LVLMs by merely compromising vision encoders. Because of the sharing and reuse of these encoders, many downstream LVLMs may inherit backdoor behaviors from encoders, leading to widespread backdoors. In this work, we propose BadVision, the first method to exploit this vulnerability in SSL vision encoders for LVLMs with novel trigger optimization and backdoor learning techniques. We evaluate BadVision on two types of SSL encoders and LVLMs across eight benchmarks. We show that BadVision effectively drives the LVLMs to attacker-chosen hallucination with over 99% attack success rate, causing a 77.6% relative visual understanding error while maintaining the stealthiness. SoTA backdoor detection methods cannot detect our attack effectively.","@InProceedings{Liu_2025_CVPR, author = {Liu, Zhaoyi and Zhang, Huan}, title = {Stealthy Backdoor Attack in Self-Supervised Learning Vision Encoders for Large Vision Language Models}, booktitle = {Proceedings of the Computer Vision and Pattern Recognition Conference (CVPR)}, month = {June}, year = {2025}, pages = {25060-25070} }"
Lee_Data-free_Universal_Adversarial_Perturbation_with_Pseudo-semantic_Prior_CVPR_2025_paper,2025,1,Trustworthy_Security_Privacy,Trustworthy_Security_Privacy,3.0,1.0,Data-free Universal Adversarial Perturbation with Pseudo-semantic Prior,Chanhui Lee; Yeonghwan Song; Jeany Son,3,13907-13916,True,https://openaccess.thecvf.com/content/CVPR2025/papers/Lee_Data-free_Universal_Adversarial_Perturbation_with_Pseudo-semantic_Prior_CVPR_2025_paper.pdf,https://openaccess.thecvf.com/content/CVPR2025/supplemental/Lee_Data-free_Universal_Adversarial_CVPR_2025_supplemental.pdf,https://openaccess.thecvf.com/content/CVPR2025/html/Lee_Data-free_Universal_Adversarial_Perturbation_with_Pseudo-semantic_Prior_CVPR_2025_paper.html,"Data-free Universal Adversarial Perturbation (UAP) is an image-agnostic adversarial attack that deceives deep neural networks using a single perturbation generated solely from random noise without relying on data priors. However, traditional data-free UAP methods often suffer from limited transferability due to the absence of semantic content in random noise. To address this issue, we propose a novel data-free universal attack method that recursively extracts pseudo-semantic priors directly from the UAPs during training to enrich the semantic content within the data-free UAP framework. Our approach effectively leverages latent semantic information within UAPs via region sampling, enabling successful input transformations--typically ineffective in traditional data-free UAP methods due to the lack of semantic cues--and significantly enhancing black-box transferability. Furthermore, we introduce a sample reweighting technique to mitigate potential imbalances from random sampling and transformations, emphasizing hard examples less affected by the UAPs. Comprehensive experiments on ImageNet show that our method achieves state-of-the-art performance in average fooling rate by a substantial margin, notably improves attack transferability across various CNN architectures compared to existing data-free UAP methods, and even surpasses data-dependent UAP methods. Code is available at: https://github.com/ChnanChan/PSP-UAP.","@InProceedings{Lee_2025_CVPR, author = {Lee, Chanhui and Song, Yeonghwan and Son, Jeany}, title = {Data-free Universal Adversarial Perturbation with Pseudo-semantic Prior}, booktitle = {Proceedings of the Computer Vision and Pattern Recognition Conference (CVPR)}, month = {June}, year = {2025}, pages = {13907-13916} }"
Zhang_Debiasing_Multimodal_Large_Language_Models_via_Noise-Aware_Preference_Optimization_CVPR_2025_paper,2025,1,Trustworthy_Security_Privacy,Trustworthy_Security_Privacy|LLM_Reasoning_Agent|Vision_Language_Multimodal,20.0,0.05,Debiasing Multimodal Large Language Models via Noise-Aware Preference Optimization,Zefeng Zhang; Hengzhu Tang; Jiawei Sheng; Zhenyu Zhang; Yiming Ren; Zhenyang Li; Dawei Yin; Duohe Ma; Tingwen Liu,9,9423-9433,True,https://openaccess.thecvf.com/content/CVPR2025/papers/Zhang_Debiasing_Multimodal_Large_Language_Models_via_Noise-Aware_Preference_Optimization_CVPR_2025_paper.pdf,https://openaccess.thecvf.com/content/CVPR2025/supplemental/Zhang_Debiasing_Multimodal_Large_CVPR_2025_supplemental.pdf,https://openaccess.thecvf.com/content/CVPR2025/html/Zhang_Debiasing_Multimodal_Large_Language_Models_via_Noise-Aware_Preference_Optimization_CVPR_2025_paper.html,"Multimodal Large Language Models (MLLMs) excel in various tasks, yet often struggle with modality bias, tending to rely heavily on a single modality or prior knowledge when generating responses. In this paper, we propose a debiased preference optimization dataset, RLAIF-V-Bias, and introduce a Noise-Aware Preference Optimization (NAPO) algorithm. Specifically, we first construct the dataset by introducing perturbations to reduce the informational content of certain modalities, prompting the model to overly rely on a specific modality when generating responses. To address the inevitable noise in automatically constructed data, we combine the noise-robust Mean Absolute Error (MAE) with the Binary Cross-Entropy (BCE) in Direct Preference Optimization (DPO) using a negative Box-Cox transformation and dynamically adjust the algorithm's noise robustness based on the evaluated noise levels in the data.Extensive experiments validate our approach, demonstrating not only its effectiveness in mitigating modality bias but also its significant role in minimizing hallucinations.","@InProceedings{Zhang_2025_CVPR, author = {Zhang, Zefeng and Tang, Hengzhu and Sheng, Jiawei and Zhang, Zhenyu and Ren, Yiming and Li, Zhenyang and Yin, Dawei and Ma, Duohe and Liu, Tingwen}, title = {Debiasing Multimodal Large Language Models via Noise-Aware Preference Optimization}, booktitle = {Proceedings of the Computer Vision and Pattern Recognition Conference (CVPR)}, month = {June}, year = {2025}, pages = {9423-9433} }"
Liu_Improving_Accuracy_and_Calibration_via_Differentiated_Deep_Mutual_Learning_CVPR_2025_paper,2025,1,Trustworthy_Security_Privacy,Trustworthy_Security_Privacy,14.0,1.0,Improving Accuracy and Calibration via Differentiated Deep Mutual Learning,Han Liu; Peng Cui; Bingning Wang; Weipeng Chen; Yupeng Zhang; Jun Zhu; Xiaolin Hu,7,25812-25821,True,https://openaccess.thecvf.com/content/CVPR2025/papers/Liu_Improving_Accuracy_and_Calibration_via_Differentiated_Deep_Mutual_Learning_CVPR_2025_paper.pdf,https://openaccess.thecvf.com/content/CVPR2025/supplemental/Liu_Improving_Accuracy_and_CVPR_2025_supplemental.pdf,https://openaccess.thecvf.com/content/CVPR2025/html/Liu_Improving_Accuracy_and_Calibration_via_Differentiated_Deep_Mutual_Learning_CVPR_2025_paper.html,"Deep Neural Networks (DNNs) have achieved remarkable success in a variety of tasks, particularly in terms of prediction accuracy. However, in real-world scenarios, especially in safety-critical applications, accuracy alone is insufficient; reliable uncertainty estimates are essential. Modern DNNs, often trained with cross-entropy loss, tend to exhibit overconfidence, especially on ambiguous samples. Many techniques aim to improve uncertainty calibration, yet they often come at the cost of reduced accuracy or increased computational demands. To address this challenge, we propose Differentiated Deep Mutual Learning (Diff-DML), an efficient ensemble approach that simultaneously enhances accuracy and uncertainty calibration. Diff-DML draws inspiration from Deep Mutual Learning (DML) while introducing two strategies to maintain prediction diversity: (1) Differentiated Training Strategy (DTS) and (2) Diversity-Preserving Learning Objective (DPLO). Our theoretical analysis shows that Diff-DML's diversified learning framework not only leverages ensemble benefits but also avoids the loss of prediction diversity observed in traditional DML setups, which is crucial for improved calibration. Extensive evaluations on various benchmarks confirm the effectiveness of Diff-DML. For instance, on the CIFAR-100 dataset, Diff-DML on ResNet34 model achieved substantial improvements over the previous state-of-the-art method, MDCA, with absolute accuracy gains of 1.3%/3.1%, relative ECE reductions of 49.6%/43.8%, and relative classwise-ECE reductions of 7.7%/13.0%.","@InProceedings{Liu_2025_CVPR, author = {Liu, Han and Cui, Peng and Wang, Bingning and Chen, Weipeng and Zhang, Yupeng and Zhu, Jun and Hu, Xiaolin}, title = {Improving Accuracy and Calibration via Differentiated Deep Mutual Learning}, booktitle = {Proceedings of the Computer Vision and Pattern Recognition Conference (CVPR)}, month = {June}, year = {2025}, pages = {25812-25821} }"
Li_Infighting_in_the_Dark_Multi-Label_Backdoor_Attack_in_Federated_Learning_CVPR_2025_paper,2025,1,Trustworthy_Security_Privacy,Trustworthy_Security_Privacy,33.0,1.0,Infighting in the Dark: Multi-Label Backdoor Attack in Federated Learning,Ye Li; Yanchao Zhao; Chengcheng Zhu; Jiale Zhang,4,25770-25779,True,https://openaccess.thecvf.com/content/CVPR2025/papers/Li_Infighting_in_the_Dark_Multi-Label_Backdoor_Attack_in_Federated_Learning_CVPR_2025_paper.pdf,https://openaccess.thecvf.com/content/CVPR2025/supplemental/Li_Infighting_in_the_CVPR_2025_supplemental.pdf,https://openaccess.thecvf.com/content/CVPR2025/html/Li_Infighting_in_the_Dark_Multi-Label_Backdoor_Attack_in_Federated_Learning_CVPR_2025_paper.html,"Federated Learning (FL), a privacy-preserving decentralized machine learning framework, has been shown to be vulnerable to backdoor attacks. Current research primarily focuses on the Single-Label Backdoor Attack (SBA), wherein adversaries share a consistent target. However, a critical fact is overlooked: adversaries may be non-cooperative, have distinct targets, and operate independently, which exhibits a more practical scenario called Multi-Label Backdoor Attack (MBA). Unfortunately, prior works are ineffective in the MBA scenario since non-cooperative attackers exclude each other. In this work, we conduct an in-depth investigation to uncover the inherent constraints of the exclusion: similar backdoor mappings are constructed for different targets, resulting in conflicts among backdoor functions. To address this limitation, we propose Mirage, the first non-cooperative MBA strategy in FL that allows attackers to inject effective and persistent backdoors into the global model without collusion by constructing in-distribution (ID) backdoor mapping. Specifically, we introduce an adversarial adaptation method to bridge the backdoor features and the target distribution in an ID manner. Additionally, we further leverage a constrained optimization method to ensure the ID mapping survives in the global training dynamics. Extensive evaluations demonstrate that Mirage outperforms various state-of-the-art attacks and bypasses existing defenses, achieving an average ASR greater than 97% and maintaining over 90% after 900 rounds. This work aims to alert researchers to this potential threat and inspire the design of effective defense mechanisms. Code has been made open-source.","@InProceedings{Li_2025_CVPR, author = {Li, Ye and Zhao, Yanchao and Zhu, Chengcheng and Zhang, Jiale}, title = {Infighting in the Dark: Multi-Label Backdoor Attack in Federated Learning}, booktitle = {Proceedings of the Computer Vision and Pattern Recognition Conference (CVPR)}, month = {June}, year = {2025}, pages = {25770-25779} }"
Xiao_Tightening_Robustness_Verification_of_MaxPool-based_Neural_Networks_via_Minimizing_the_CVPR_2025_paper,2025,1,Trustworthy_Security_Privacy,Trustworthy_Security_Privacy,14.0,0.857,Tightening Robustness Verification of MaxPool-based Neural Networks via Minimizing the Over-Approximation Zone,Yuan Xiao; Yuchen Chen; Shiqing Ma; Chunrong Fang; Tongtong Bai; Mingzheng Gu; Yuxin Cheng; Yanwei Chen; Zhenyu Chen,9,20695-20705,True,https://openaccess.thecvf.com/content/CVPR2025/papers/Xiao_Tightening_Robustness_Verification_of_MaxPool-based_Neural_Networks_via_Minimizing_the_CVPR_2025_paper.pdf,https://openaccess.thecvf.com/content/CVPR2025/supplemental/Xiao_Tightening_Robustness_Verification_CVPR_2025_supplemental.pdf,https://openaccess.thecvf.com/content/CVPR2025/html/Xiao_Tightening_Robustness_Verification_of_MaxPool-based_Neural_Networks_via_Minimizing_the_CVPR_2025_paper.html,"The robustness of neural network classifiers is important in the safety-critical domain and can be quantified by robustness verification. At present, efficient and scalable verification techniques are always sound but incomplete, and thus, the improvement of verified robustness results is the key criterion to evaluate the performance of incomplete verification approaches. The multi-variate function MaxPool is widely adopted yet challenging to verify. In this paper, we present Ti-Lin, a robustness verifier for MaxPool-based CNNs with Tight Linear Approximation. Following the sequel of minimizing the over-approximation zone of the non-linear function of CNNs, we are the first to propose the provably neuron-wise tightest linear bounds for the MaxPool function. By our proposed linear bounds, we can certify larger robustness results for CNNs. We evaluate the effectiveness of Ti-Lin on different verification frameworks with open-sourced benchmarks, including LeNet, PointNet, and networks trained on the MNIST, CIFAR-10, Tiny ImageNet and ModelNet40 datasets. Experimental results show that Ti-Lin significantly outperforms the state-of-the-art methods across all networks with up to 78.6% improvement in terms of the certified accuracy with almost the same time consumption as the fastest tool. Our code is available at https://anonymous.4open.science/r/Ti-Lin-cvpr-72EE.","@InProceedings{Xiao_2025_CVPR, author = {Xiao, Yuan and Chen, Yuchen and Ma, Shiqing and Fang, Chunrong and Bai, Tongtong and Gu, Mingzheng and Cheng, Yuxin and Chen, Yanwei and Chen, Zhenyu}, title = {Tightening Robustness Verification of MaxPool-based Neural Networks via Minimizing the Over-Approximation Zone}, booktitle = {Proceedings of the Computer Vision and Pattern Recognition Conference (CVPR)}, month = {June}, year = {2025}, pages = {20695-20705} }"
Chen_Leveraging_Perturbation_Robustness_to_Enhance_Out-of-Distribution_Detection_CVPR_2025_paper,2025,0,Transfer_FewShot_DomainAdaptation,Transfer_FewShot_DomainAdaptation|Trustworthy_Security_Privacy|Object_Detection,12.0,0.25,Leveraging Perturbation Robustness to Enhance Out-of-Distribution Detection,Wenxi Chen; Raymond A. Yeh; Shaoshuai Mou; Yan Gu,4,4724-4733,True,https://openaccess.thecvf.com/content/CVPR2025/papers/Chen_Leveraging_Perturbation_Robustness_to_Enhance_Out-of-Distribution_Detection_CVPR_2025_paper.pdf,https://openaccess.thecvf.com/content/CVPR2025/supplemental/Chen_Leveraging_Perturbation_Robustness_CVPR_2025_supplemental.pdf,https://openaccess.thecvf.com/content/CVPR2025/html/Chen_Leveraging_Perturbation_Robustness_to_Enhance_Out-of-Distribution_Detection_CVPR_2025_paper.html,"Out-of-distribution (OOD) detection is the task of identifying inputs that deviate from the training data distribution. This capability is essential for the safe deployment of deep computer vision models in open-world environments. In this work, we propose a post-hoc method, Perturbation-Rectified OOD detection (PRO), based on the insight that prediction confidence for OOD inputs is more susceptible to reduction under perturbation than IND inputs. From this observation, we proposed a meta-score function that searches for local minimum scores near original inputs by applying gradient descent. This procedure enhances the separability between in-distribution (IND) and OOD samples. Importantly, the approach improves OOD detection performance without complex modifications to the underlying model architectures or training protocol. To validate our approach, we conduct extensive experiments using the OpenOOD benchmark. Our approach further pushes the limit of softmax-based OOD detection and is the leading post-hoc method for small-scale models. On a CIFAR-10 model with adversarial training, PRO effectively detects near-OOD inputs, achieving a reduction of more than 10% on FPR@95 compared to state-of-the-art methods.","@InProceedings{Chen_2025_CVPR, author = {Chen, Wenxi and Yeh, Raymond A. and Mou, Shaoshuai and Gu, Yan}, title = {Leveraging Perturbation Robustness to Enhance Out-of-Distribution Detection}, booktitle = {Proceedings of the Computer Vision and Pattern Recognition Conference (CVPR)}, month = {June}, year = {2025}, pages = {4724-4733} }"
Mall_DiSciPLE_Learning_Interpretable_Programs_for_Scientific_Visual_Discovery_CVPR_2025_paper,2025,1,Trustworthy_Security_Privacy,Trustworthy_Security_Privacy|LLM_Reasoning_Agent,10.0,0.1,DiSciPLE: Learning Interpretable Programs for Scientific Visual Discovery,Utkarsh Mall; Cheng Perng Phoo; Mia Chiquier; Bharath Hariharan; Kavita Bala; Carl Vondrick,6,29258-29267,True,https://openaccess.thecvf.com/content/CVPR2025/papers/Mall_DiSciPLE_Learning_Interpretable_Programs_for_Scientific_Visual_Discovery_CVPR_2025_paper.pdf,https://openaccess.thecvf.com/content/CVPR2025/supplemental/Mall_DiSciPLE_Learning_Interpretable_CVPR_2025_supplemental.pdf,https://openaccess.thecvf.com/content/CVPR2025/html/Mall_DiSciPLE_Learning_Interpretable_Programs_for_Scientific_Visual_Discovery_CVPR_2025_paper.html,"Visual data is used in numerous different scientific workflows ranging from remote sensing to ecology. As the amount of observation data increases, the challenge is not just to make accurate predictions but also to understand the underlying mechanisms for those predictions. Good interpretation is important in scientific workflows, as it allows for better decision-making by providing insights into the data. This paper introduces an automatic way of obtaining such interpretable-by-design models, by learning programs that interleave neural networks. We propose DiSciPLE (Discovering Scientific Programs using LLMs and Evolution) an evolutionary algorithm that leverages common sense and prior knowledge of large language models (LLMs) to create Python programs explaining visual data. Additionally, we propose two improvements: a program critic and a program simplifier to improve our method further to synthesize good programs. On three different real world problems, DiSciPLE learns state-of-the-art programs on novel tasks with no prior literature. For example, we can learn programs with 35% lower error than the closest non-interpretable baseline for population density estimation.","@InProceedings{Mall_2025_CVPR, author = {Mall, Utkarsh and Phoo, Cheng Perng and Chiquier, Mia and Hariharan, Bharath and Bala, Kavita and Vondrick, Carl}, title = {DiSciPLE: Learning Interpretable Programs for Scientific Visual Discovery}, booktitle = {Proceedings of the Computer Vision and Pattern Recognition Conference (CVPR)}, month = {June}, year = {2025}, pages = {29258-29267} }"
Sun_EntropyMark_Towards_More_Harmless_Backdoor_Watermark_via_Entropy-based_Constraint_for_CVPR_2025_paper,2025,1,Trustworthy_Security_Privacy,Trustworthy_Security_Privacy,36.0,0.944,EntropyMark: Towards More Harmless Backdoor Watermark via Entropy-based Constraint for Open-source Dataset Copyright Protection,Ming Sun; Rui Wang; Zixuan Zhu; Lihua Jing; Yuanfang Guo,5,30692-30701,True,https://openaccess.thecvf.com/content/CVPR2025/papers/Sun_EntropyMark_Towards_More_Harmless_Backdoor_Watermark_via_Entropy-based_Constraint_for_CVPR_2025_paper.pdf,https://openaccess.thecvf.com/content/CVPR2025/supplemental/Sun_EntropyMark_Towards_More_CVPR_2025_supplemental.pdf,https://openaccess.thecvf.com/content/CVPR2025/html/Sun_EntropyMark_Towards_More_Harmless_Backdoor_Watermark_via_Entropy-based_Constraint_for_CVPR_2025_paper.html,"High-quality open-source datasets are essential for advancing deep neural networks. However, the unauthorized commercial use of these datasets has raised significant concerns about copyright protection. One promising approach is backdoor watermark-based dataset ownership verification (BW-DOV), in which dataset protectors implant specific backdoors into illicit models through dataset watermarking, enabling the tracing of these models through abnormal prediction behaviors. Unfortunately, the targeted nature of these BW-DOV methods can be maliciously exploited, potentially leading to harmful side effects. While existing harmless methods attempt to mitigate these risks, watermarked datasets can still negatively affect prediction results, partially compromising dataset functionality. In this paper, we propose a more harmless backdoor watermark, called EntropyMark, which improves prediction confidence without altering the final prediction results. For this purpose, an entropy-based constraint is introduced to regulate the probability distribution. Specifically, we design an iterative clean-label dataset watermarking framework. Our framework employs gradient matching and adaptive data selection to optimize backdoor injection. In parallel, we introduce a hypothesis test method grounded in entropy inconsistency to verify dataset ownership. Extensive experiments on benchmark datasets demonstrate the effectiveness, transferability, and defense resistance of our approach.","@InProceedings{Sun_2025_CVPR, author = {Sun, Ming and Wang, Rui and Zhu, Zixuan and Jing, Lihua and Guo, Yuanfang}, title = {EntropyMark: Towards More Harmless Backdoor Watermark via Entropy-based Constraint for Open-source Dataset Copyright Protection}, booktitle = {Proceedings of the Computer Vision and Pattern Recognition Conference (CVPR)}, month = {June}, year = {2025}, pages = {30692-30701} }"
Kumar_A_Unified_Resilient_and_Explainable_Adversarial_Patch_Detector_CVPR_2025_paper,2025,1,Trustworthy_Security_Privacy,Trustworthy_Security_Privacy|Object_Detection,17.0,0.529,"A Unified, Resilient, and Explainable Adversarial Patch Detector",Vishesh Kumar; Akshay Agarwal,2,30387-30397,True,https://openaccess.thecvf.com/content/CVPR2025/papers/Kumar_A_Unified_Resilient_and_Explainable_Adversarial_Patch_Detector_CVPR_2025_paper.pdf,https://openaccess.thecvf.com/content/CVPR2025/supplemental/Kumar_A_Unified_Resilient_CVPR_2025_supplemental.pdf,https://openaccess.thecvf.com/content/CVPR2025/html/Kumar_A_Unified_Resilient_and_Explainable_Adversarial_Patch_Detector_CVPR_2025_paper.html,"Deep Neural Networks (DNNs), backbone architecture in `almost' every computer vision task, are vulnerable to adversarial attacks, particularly physical out-of-distribution (OOD) adversarial patches. Existing defense models often struggle with interpreting these attacks in ways that align with human visual perception. Our proposed AdvPatchXAI approach introduces a generalized, robust, and explainable defense algorithm designed to defend DNNs against physical adversarial threats. AdvPatchXAI employs a novel patch decorrelation loss that reduces feature redundancy and enhances the distinctiveness of patch representations, enabling better generalization across unseen adversarial scenarios. It learns prototypical parts self-supervised, enhancing interpretability and correlation with human vision. The model utilizes a sparse linear layer for classification, making the decision process globally interpretable through a set of learned prototypes and locally explainable by pinpointing relevant prototypes within an image. Our comprehensive evaluation shows that AdvPatchXAI closes the ""semantic"" gap between latent space and pixel space and effectively handles unseen adversarial patches even perturbed with unseen corruptions, thereby significantly advancing DNN robustness in practical settings(https://github.com/tbvl22/Unified-resilient-and-Explainable-Adversarial-Patch-detector).","@InProceedings{Kumar_2025_CVPR, author = {Kumar, Vishesh and Agarwal, Akshay}, title = {A Unified, Resilient, and Explainable Adversarial Patch Detector}, booktitle = {Proceedings of the Computer Vision and Pattern Recognition Conference (CVPR)}, month = {June}, year = {2025}, pages = {30387-30397} }"
Wang_Adv-CPG_A_Customized_Portrait_Generation_Framework_with_Facial_Adversarial_Attacks_CVPR_2025_paper,2025,0,Face_Biometrics,Face_Biometrics|Trustworthy_Security_Privacy,21.0,0.143,Adv-CPG: A Customized Portrait Generation Framework with Facial Adversarial Attacks,Junying Wang; Hongyuan Zhang; Yuan Yuan,3,21001-21010,True,https://openaccess.thecvf.com/content/CVPR2025/papers/Wang_Adv-CPG_A_Customized_Portrait_Generation_Framework_with_Facial_Adversarial_Attacks_CVPR_2025_paper.pdf,https://openaccess.thecvf.com/content/CVPR2025/supplemental/Wang_Adv-CPG_A_Customized_CVPR_2025_supplemental.pdf,https://openaccess.thecvf.com/content/CVPR2025/html/Wang_Adv-CPG_A_Customized_Portrait_Generation_Framework_with_Facial_Adversarial_Attacks_CVPR_2025_paper.html,"Recent Customized Portrait Generation (CPG) methods, taking a facial image and a textual prompt as inputs, have attracted substantial attention. Although these methods generate high-fidelity portraits, they fail to prevent the generated portraits from being tracked and misused by malicious face recognition systems. To address this, this paper proposes a Customized Portrait Generation framework with facial Adversarial attacks (Adv-CPG). Specifically, to achieve facial privacy protection, we devise a lightweight local ID encryptor and an encryption enhancer. They implement progressive double-layer encryption protection by directly injecting the target identity and adding additional identity guidance, respectively. Furthermore, to accomplish fine-grained and personalized portrait generation, we develop a multi-modal image customizer capable of generating controlled fine-grained facial features. To the best of our knowledge, Adv-CPG is the first study that introduces facial adversarial attacks into CPG. Extensive experiments demonstrate the superiority of Adv-CPG, e.g., the average attack success rate of the proposed Adv-CPG is 28.1% and 2.86% higher compared to the SOTA noise-based attack methods and unconstrained attack methods, respectively.","@InProceedings{Wang_2025_CVPR, author = {Wang, Junying and Zhang, Hongyuan and Yuan, Yuan}, title = {Adv-CPG: A Customized Portrait Generation Framework with Facial Adversarial Attacks}, booktitle = {Proceedings of the Computer Vision and Pattern Recognition Conference (CVPR)}, month = {June}, year = {2025}, pages = {21001-21010} }"
Muthukumar_Disentangling_Safe_and_Unsafe_Image_Corruptions_via_Anisotropy_and_Locality_CVPR_2025_paper,2025,1,Trustworthy_Security_Privacy,Trustworthy_Security_Privacy,4.0,0.5,Disentangling Safe and Unsafe Image Corruptions via Anisotropy and Locality,Ramchandran Muthukumar; Ambar Pal; Jeremias Sulam; Rene Vidal,4,9954-9963,True,https://openaccess.thecvf.com/content/CVPR2025/papers/Muthukumar_Disentangling_Safe_and_Unsafe_Image_Corruptions_via_Anisotropy_and_Locality_CVPR_2025_paper.pdf,https://openaccess.thecvf.com/content/CVPR2025/supplemental/Muthukumar_Disentangling_Safe_and_CVPR_2025_supplemental.pdf,https://openaccess.thecvf.com/content/CVPR2025/html/Muthukumar_Disentangling_Safe_and_Unsafe_Image_Corruptions_via_Anisotropy_and_Locality_CVPR_2025_paper.html,"State-of-the-art machine learning systems are vulnerable to small perturbations to their input, where _small_ is defined according to a threat model that assigns a positive threat to each perturbation. Most prior works define a task-agnostic, isotropic, and global threat, like the l_p norm, where the magnitude of the perturbation fully determines the degree of the threat and neither the direction of the attack nor its position in space matter. However, common corruptions in computer vision, such as blur, compression, or occlusions, are not well captured by such treat models. This paper proposes a novel threat model called \texttt Projected Displacement (PD) to study robustness beyond existing isotropic and global threat models. The proposed threat model measures the threat of a perturbation via its alignment with _unsafe directions_, defined as directions in the input space along which a perturbation of sufficient magnitude changes the ground truth class label. Unsafe directions are identified locally for each input based on observed training data. In this way, the PD-threat model exhibits anisotropy and locality. The PD-threat model is computationally efficient and can be easily integrated into existing robustness pipelines. Experiments on Imagenet-1k data indicate that, for any input, the set of perturbations with small PD threat includes _safe_ perturbations of large l_p norm that preserve the true label, such as noise, blur and compression, while simultaneously excluding _unsafe_ perturbations that alter the true label. Unlike perceptual threat models based on embeddings of large-vision models, the PD-threat model can be readily computed for arbitrary classification tasks without pre-training or finetuning. Further additional task information such as sensitivity to image regions or concept hierarchies can be easily integrated into the assessment of threat and thus the PD threat model presents practitioners a flexible, task-driven threat specification that alleviates the limitations of l_p-threat models.","@InProceedings{Muthukumar_2025_CVPR, author = {Muthukumar, Ramchandran and Pal, Ambar and Sulam, Jeremias and Vidal, Rene}, title = {Disentangling Safe and Unsafe Image Corruptions via Anisotropy and Locality}, booktitle = {Proceedings of the Computer Vision and Pattern Recognition Conference (CVPR)}, month = {June}, year = {2025}, pages = {9954-9963} }"
Shi_FedAWA_Adaptive_Optimization_of_Aggregation_Weights_in_Federated_Learning_Using_CVPR_2025_paper,2025,1,Trustworthy_Security_Privacy,Trustworthy_Security_Privacy,24.0,1.0,FedAWA: Adaptive Optimization of Aggregation Weights in Federated Learning Using Client Vectors,Changlong Shi; He Zhao; Bingjie Zhang; Mingyuan Zhou; Dandan Guo; Yi Chang,6,30651-30660,True,https://openaccess.thecvf.com/content/CVPR2025/papers/Shi_FedAWA_Adaptive_Optimization_of_Aggregation_Weights_in_Federated_Learning_Using_CVPR_2025_paper.pdf,https://openaccess.thecvf.com/content/CVPR2025/supplemental/Shi_FedAWA_Adaptive_Optimization_CVPR_2025_supplemental.pdf,https://openaccess.thecvf.com/content/CVPR2025/html/Shi_FedAWA_Adaptive_Optimization_of_Aggregation_Weights_in_Federated_Learning_Using_CVPR_2025_paper.html,"Federated Learning (FL) has emerged as a promising framework for distributed machine learning, enabling collaborative model training without sharing local data, thereby preserving privacy and enhancing security. However, data heterogeneity resulting from differences across user behaviors, preferences, and device characteristics poses a significant challenge for federated learning. Most previous works overlook the adjustment of aggregation weights, relying solely on dataset size for weight assignment, which often leads to unstable convergence and reduced model performance. Recently, several studies have sought to refine aggregation strategies by incorporating dataset characteristics and model alignment. However, adaptively adjusting aggregation weights while ensuring data security--without requiring additional proxy data--remains a significant challenge. In this work, we propose Federated learning with Adaptive Weight Aggregation (FedAWA), a novel method that adaptively adjusts aggregation weights based on client vectors during the learning process. The client vector captures the direction of model updates, reflecting local data variations, and is used to optimize the aggregation weight without requiring additional datasets or violating privacy. By assigning higher aggregation weights to local models whose updates align closely with the global optimization direction, FedAWA enhances the stability and generalization of the global model. Extensive experiments under diverse scenarios demonstrate the superiority of our method, providing a promising solution to the challenges of data heterogeneity in federated learning.","@InProceedings{Shi_2025_CVPR, author = {Shi, Changlong and Zhao, He and Zhang, Bingjie and Zhou, Mingyuan and Guo, Dandan and Chang, Yi}, title = {FedAWA: Adaptive Optimization of Aggregation Weights in Federated Learning Using Client Vectors}, booktitle = {Proceedings of the Computer Vision and Pattern Recognition Conference (CVPR)}, month = {June}, year = {2025}, pages = {30651-30660} }"
Sun_Unsupervised_Continual_Domain_Shift_Learning_with_Multi-Prototype_Modeling_CVPR_2025_paper,2025,1,Trustworthy_Security_Privacy,Trustworthy_Security_Privacy,2.0,1.0,Unsupervised Continual Domain Shift Learning with Multi-Prototype Modeling,Haopeng Sun; Yingwei Zhang; Lumin Xu; Sheng Jin; Ping Luo; Chen Qian; Wentao Liu; Yiqiang Chen,8,10131-10141,True,https://openaccess.thecvf.com/content/CVPR2025/papers/Sun_Unsupervised_Continual_Domain_Shift_Learning_with_Multi-Prototype_Modeling_CVPR_2025_paper.pdf,https://openaccess.thecvf.com/content/CVPR2025/supplemental/Sun_Unsupervised_Continual_Domain_CVPR_2025_supplemental.pdf,https://openaccess.thecvf.com/content/CVPR2025/html/Sun_Unsupervised_Continual_Domain_Shift_Learning_with_Multi-Prototype_Modeling_CVPR_2025_paper.html,"In real-world applications, deep neural networks may encounter constantly changing environments, where the test data originates from continually shifting unlabeled target domains. This problem, known as Unsupervised Continual Domain Shift Learning (UCDSL), poses practical difficulties. Existing methods for UCDSL aim to learn domain-invariant representations for all target domains. However, due to the existence of adaptivity gap, the invariant representation may theoretically lead to large joint errors. To overcome the limitation, we propose a novel UCDSL method, called Multi-Prototype Modeling (MPM). Our model comprises two key components: (1) Multi-Prototype Learning (MPL) for acquiring domain-specific representations using multiple domain-specific prototypes. MPL achieves domain-specific error minimization instead of enforcing feature alignment across different domains. (2) Bi-Level Graph Enhancer (BiGE) for enhancing domain-level and category-level representations, resulting in more accurate predictions. We provide theoretical and empirical analysis to demonstrate the effectiveness of our proposed method. We evaluate our approach on multiple benchmark datasets and show that our model surpasses state-of-the-art methods across all datasets, highlighting its effectiveness and robustness in handling unsupervised continual domain shift learning. Codes will be publicly accessible.","@InProceedings{Sun_2025_CVPR, author = {Sun, Haopeng and Zhang, Yingwei and Xu, Lumin and Jin, Sheng and Luo, Ping and Qian, Chen and Liu, Wentao and Chen, Yiqiang}, title = {Unsupervised Continual Domain Shift Learning with Multi-Prototype Modeling}, booktitle = {Proceedings of the Computer Vision and Pattern Recognition Conference (CVPR)}, month = {June}, year = {2025}, pages = {10131-10141} }"
Zhang_OmniGuard_Hybrid_Manipulation_Localization_via_Augmented_Versatile_Deep_Image_Watermarking_CVPR_2025_paper,2025,1,Trustworthy_Security_Privacy,Trustworthy_Security_Privacy|Embodied_AI_Robotics,22.0,0.591,OmniGuard: Hybrid Manipulation Localization via Augmented Versatile Deep Image Watermarking,Xuanyu Zhang; Zecheng Tang; Zhipei Xu; Runyi Li; Youmin Xu; Bin Chen; Feng Gao; Jian Zhang,8,3008-3018,True,https://openaccess.thecvf.com/content/CVPR2025/papers/Zhang_OmniGuard_Hybrid_Manipulation_Localization_via_Augmented_Versatile_Deep_Image_Watermarking_CVPR_2025_paper.pdf,https://openaccess.thecvf.com/content/CVPR2025/supplemental/Zhang_OmniGuard_Hybrid_Manipulation_CVPR_2025_supplemental.pdf,https://openaccess.thecvf.com/content/CVPR2025/html/Zhang_OmniGuard_Hybrid_Manipulation_Localization_via_Augmented_Versatile_Deep_Image_Watermarking_CVPR_2025_paper.html,"With the rapid growth of generative AI and its widespread application in image editing, new risks have emerged regarding the authenticity and integrity of digital content. Existing versatile watermarking approaches suffer from trade-offs between tamper localization precision and visual quality. Constrained by the limited flexibility of previous framework, their localized watermark must remain fixed across all images. Under AIGC-editing, their copyright extraction accuracy is also unsatisfactory. To address these challenges, we propose OmniGuard, a novel augmented versatile watermarking approach that integrates proactive embedding with passive, blind extraction for robust copyright protection and tamper localization. OmniGuard employs a hybrid forensic framework that enables flexible localization watermark selection and introduces a degradation-aware tamper extraction network for precise localization under challenging conditions. Additionally, a lightweight AIGC-editing simulation layer is designed to enhance robustness across global and local editing. Extensive experiments show that OmniGuard achieves superior fidelity, robustness, and flexibility. Compared to the recent state-of-the-art approach EditGuard, our method outperforms it by 4.25dB in PSNR of the container image, 20.7% in F1-Score under noisy conditions, and 14.8% in average bit accuracy.","@InProceedings{Zhang_2025_CVPR, author = {Zhang, Xuanyu and Tang, Zecheng and Xu, Zhipei and Li, Runyi and Xu, Youmin and Chen, Bin and Gao, Feng and Zhang, Jian}, title = {OmniGuard: Hybrid Manipulation Localization via Augmented Versatile Deep Image Watermarking}, booktitle = {Proceedings of the Computer Vision and Pattern Recognition Conference (CVPR)}, month = {June}, year = {2025}, pages = {3008-3018} }"
Zhu_FedMIA_An_Effective_Membership_Inference_Attack_Exploiting_All_for_One_CVPR_2025_paper,2025,1,Trustworthy_Security_Privacy,Trustworthy_Security_Privacy,33.0,1.0,"FedMIA: An Effective Membership Inference Attack Exploiting ""All for One"" Principle in Federated Learning",Gongxi Zhu; Donghao Li; Hanlin Gu; Yuan Yao; Lixin Fan; Yuxing Han,6,20643-20653,True,https://openaccess.thecvf.com/content/CVPR2025/papers/Zhu_FedMIA_An_Effective_Membership_Inference_Attack_Exploiting_All_for_One_CVPR_2025_paper.pdf,https://openaccess.thecvf.com/content/CVPR2025/supplemental/Zhu_FedMIA_An_Effective_CVPR_2025_supplemental.pdf,https://openaccess.thecvf.com/content/CVPR2025/html/Zhu_FedMIA_An_Effective_Membership_Inference_Attack_Exploiting_All_for_One_CVPR_2025_paper.html,"Federated Learning (FL) is a promising approach for training machine learning models on decentralized data while preserving privacy. However, privacy risks, particularly Membership Inference Attacks (MIAs), which aim to determine whether a specific data point belongs to a target client's training set, remain a significant concern. Existing methods for implementing MIAs in FL primarily analyze updates from the target client, focusing on metrics such as loss, gradient norm, and gradient difference. However, these methods fail to leverage updates from non-target clients, potentially underutilizing available information.In this paper, we first formulate a one-tailed likelihood-ratio hypothesis test based on the likelihood of updates from non-target clients. Building upon this formulation, we introduce a three-stage Membership Inference Attack (MIA) method, called FedMIA, which follows the ""all for one""--leveraging updates from all clients across multiple communication rounds to enhance MIA effectiveness. Both theoretical analysis and extensive experimental results demonstrate that FedMIA outperforms existing MIAs in both classification and generative tasks. Additionally, it can be integrated as an extension to existing methods and is robust against various defense strategies, Non-IID data, and different federated structures. Our code is available in https://github.com/Liar-Mask/FedMIA.","@InProceedings{Zhu_2025_CVPR, author = {Zhu, Gongxi and Li, Donghao and Gu, Hanlin and Yao, Yuan and Fan, Lixin and Han, Yuxing}, title = {FedMIA: An Effective Membership Inference Attack Exploiting ''All for One'' Principle in Federated Learning}, booktitle = {Proceedings of the Computer Vision and Pattern Recognition Conference (CVPR)}, month = {June}, year = {2025}, pages = {20643-20653} }"
Chowdhury_Prompt-CAM_Making_Vision_Transformers_Interpretable_for_Fine-Grained_Analysis_CVPR_2025_paper,2025,0,LLM_Reasoning_Agent,LLM_Reasoning_Agent|Recognition_Classification|Trustworthy_Security_Privacy,12.0,0.0,Prompt-CAM: Making Vision Transformers Interpretable for Fine-Grained Analysis,Arpita Chowdhury; Dipanjyoti Paul; Zheda Mai; Jianyang Gu; Ziheng Zhang; Kazi Sajeed Mehrab; Elizabeth G. Campolongo; Daniel Rubenstein; Charles V. Stewart; Anuj Karpatne; Tanya Berger-Wolf; Yu Su; Wei-Lun Chao,13,4375-4385,True,https://openaccess.thecvf.com/content/CVPR2025/papers/Chowdhury_Prompt-CAM_Making_Vision_Transformers_Interpretable_for_Fine-Grained_Analysis_CVPR_2025_paper.pdf,https://openaccess.thecvf.com/content/CVPR2025/supplemental/Chowdhury_Prompt-CAM_Making_Vision_CVPR_2025_supplemental.pdf,https://openaccess.thecvf.com/content/CVPR2025/html/Chowdhury_Prompt-CAM_Making_Vision_Transformers_Interpretable_for_Fine-Grained_Analysis_CVPR_2025_paper.html,"We present a simple approach to make pre-trained Vision Transformers (ViTs) interpretable for fine-grained analysis, aiming to identify and localize the traits that distinguish visually similar categories, such as bird species. Pre-trained ViTs, such as DINO, have demonstrated remarkable capabilities in extracting localized, discriminative features. However, saliency maps like Grad-CAM often fail to identify these traits, producing blurred, coarse heatmaps that highlight entire objects instead. We propose a novel approach, Prompt Class Attention Map (Prompt-CAM), to address this limitation. Prompt-CAM learns class-specific prompts for a pre-trained ViT and uses the corresponding outputs for classification. To correctly classify an image, the true-class prompt must attend to unique image patches not present in other classes' images (i.e., traits). As a result, the true class's multi-head attention maps reveal traits and their locations. Implementation-wise, Prompt-CAM is almost a ""free lunch,"" requiring only a modification to the prediction head of Visual Prompt Tuning (VPT). This makes Prompt-CAM easy to train and apply, in stark contrast to other interpretable methods that require designing specific models and training processes. Extensive empirical studies on a dozen datasets from various domains (e.g., birds, fishes, insects, fungi, flowers, food, and cars) validate the superior interpretation capability of Prompt-CAM. The source code and demo are available at https://github.com/Imageomics/Prompt_CAM.","@InProceedings{Chowdhury_2025_CVPR, author = {Chowdhury, Arpita and Paul, Dipanjyoti and Mai, Zheda and Gu, Jianyang and Zhang, Ziheng and Mehrab, Kazi Sajeed and Campolongo, Elizabeth G. and Rubenstein, Daniel and Stewart, Charles V. and Karpatne, Anuj and Berger-Wolf, Tanya and Su, Yu and Chao, Wei-Lun}, title = {Prompt-CAM: Making Vision Transformers Interpretable for Fine-Grained Analysis}, booktitle = {Proceedings of the Computer Vision and Pattern Recognition Conference (CVPR)}, month = {June}, year = {2025}, pages = {4375-4385} }"
Liang_Revisiting_Backdoor_Attacks_against_Large_Vision-Language_Models_from_Domain_Shift_CVPR_2025_paper,2025,1,Trustworthy_Security_Privacy,Trustworthy_Security_Privacy|LLM_Reasoning_Agent|Vision_Language_Multimodal,20.0,0.1,Revisiting Backdoor Attacks against Large Vision-Language Models from Domain Shift,Siyuan Liang; Jiawei Liang; Tianyu Pang; Chao Du; Aishan Liu; Mingli Zhu; Xiaochun Cao; Dacheng Tao,8,9477-9486,True,https://openaccess.thecvf.com/content/CVPR2025/papers/Liang_Revisiting_Backdoor_Attacks_against_Large_Vision-Language_Models_from_Domain_Shift_CVPR_2025_paper.pdf,https://openaccess.thecvf.com/content/CVPR2025/supplemental/Liang_Revisiting_Backdoor_Attacks_CVPR_2025_supplemental.pdf,https://openaccess.thecvf.com/content/CVPR2025/html/Liang_Revisiting_Backdoor_Attacks_against_Large_Vision-Language_Models_from_Domain_Shift_CVPR_2025_paper.html,"Instruction tuning enhances large vision-language models (LVLMs) but increases their vulnerability to backdoor attacks due to their open design. Unlike prior studies in static settings, this paper explores backdoor attacks in LVLM instruction tuning across mismatched training and testing domains. We introduce a new evaluation dimension, backdoor domain generalization, to assess attack robustness under visual and text domain shifts. Our findings reveal two insights: (1) backdoor generalizability improves when distinctive trigger patterns are independent of specific data domains or model architectures, and (2) the competitive interaction between trigger patterns and clean semantic regions, where guiding the model to predict triggers enhances attack generalizability. Based on these insights, we propose a multimodal attribution backdoor attack (MABA) that injects domain-agnostic triggers into critical areas using attributional interpretation. Experiments with OpenFlamingo, Blip-2, and Otter show that MABA significantly boosts the attack success rate of generalization by 36.4% over the unimodal attack, achieving a 97% success rate at a 0.2% poisoning rate. This study reveals limitations in current evaluations and highlights how enhanced backdoor generalizability poses a security threat to LVLMs, even without test data access.","@InProceedings{Liang_2025_CVPR, author = {Liang, Siyuan and Liang, Jiawei and Pang, Tianyu and Du, Chao and Liu, Aishan and Zhu, Mingli and Cao, Xiaochun and Tao, Dacheng}, title = {Revisiting Backdoor Attacks against Large Vision-Language Models from Domain Shift}, booktitle = {Proceedings of the Computer Vision and Pattern Recognition Conference (CVPR)}, month = {June}, year = {2025}, pages = {9477-9486} }"
Zhang_Invisible_Backdoor_Attack_against_Self-supervised_Learning_CVPR_2025_paper,2025,0,SelfSupervised_Representation,SelfSupervised_Representation|Trustworthy_Security_Privacy,18.0,0.0,Invisible Backdoor Attack against Self-supervised Learning,Hanrong Zhang; Zhenting Wang; Boheng Li; Fulin Lin; Tingxu Han; Mingyu Jin; Chenlu Zhan; Mengnan Du; Hongwei Wang; Shiqing Ma,10,25790-25801,True,https://openaccess.thecvf.com/content/CVPR2025/papers/Zhang_Invisible_Backdoor_Attack_against_Self-supervised_Learning_CVPR_2025_paper.pdf,https://openaccess.thecvf.com/content/CVPR2025/supplemental/Zhang_Invisible_Backdoor_Attack_CVPR_2025_supplemental.pdf,https://openaccess.thecvf.com/content/CVPR2025/html/Zhang_Invisible_Backdoor_Attack_against_Self-supervised_Learning_CVPR_2025_paper.html,"Self-supervised learning (SSL) models are vulnerable to backdoor attacks. Existing backdoor attacks that are effective in SSL often involve noticeable triggers, like colored patches or visible noise, which are vulnerable to human inspection. This paper proposes an imperceptible and effective backdoor attack against self-supervised models. We first find that existing imperceptible triggers designed for supervised learning are less effective in compromising self-supervised models. We then identify this ineffectiveness is attributed to the overlap in distributions between the backdoor and augmented samples used in SSL. Building on this insight, we design an attack using optimized triggers disentangled with the augmented transformation in the SSL, while remaining imperceptible to human vision. Experiments on five datasets and six SSL algorithms demonstrate our attack is highly effective and stealthy. It also has strong resistance to existing backdoor defenses. Our code can be found at https://github.com/Zhang-Henry/INACTIVE.","@InProceedings{Zhang_2025_CVPR, author = {Zhang, Hanrong and Wang, Zhenting and Li, Boheng and Lin, Fulin and Han, Tingxu and Jin, Mingyu and Zhan, Chenlu and Du, Mengnan and Wang, Hongwei and Ma, Shiqing}, title = {Invisible Backdoor Attack against Self-supervised Learning}, booktitle = {Proceedings of the Computer Vision and Pattern Recognition Conference (CVPR)}, month = {June}, year = {2025}, pages = {25790-25801} }"
Salar_Enhancing_Facial_Privacy_Protection_via_Weakening_Diffusion_Purification_CVPR_2025_paper,2025,0,Face_Biometrics,Face_Biometrics|Trustworthy_Security_Privacy,21.0,0.143,Enhancing Facial Privacy Protection via Weakening Diffusion Purification,Ali Salar; Qing Liu; Yingli Tian; Guoying Zhao,4,8235-8244,True,https://openaccess.thecvf.com/content/CVPR2025/papers/Salar_Enhancing_Facial_Privacy_Protection_via_Weakening_Diffusion_Purification_CVPR_2025_paper.pdf,https://openaccess.thecvf.com/content/CVPR2025/supplemental/Salar_Enhancing_Facial_Privacy_CVPR_2025_supplemental.pdf,https://openaccess.thecvf.com/content/CVPR2025/html/Salar_Enhancing_Facial_Privacy_Protection_via_Weakening_Diffusion_Purification_CVPR_2025_paper.html,"The rapid growth of social media has led to the widespread sharing of individual portrait images, which pose serious privacy risks due to the capabilities of automatic face recognition (AFR) systems for mass surveillance. Hence, protecting facial privacy against unauthorized AFR systems is essential. Inspired by the generation capability of the emerging diffusion models, recent methods employ diffusion models to generate adversarial face images for privacy protection. However, they suffer from the diffusion purification effect, leading to a low protection success rate (PSR). In this paper, we first propose learning unconditional embeddings to increase the learning capacity for adversarial modifications and then use them to guide the modification of the adversarial latent code to weaken the diffusion purification effect. Moreover, we integrate an identity-preserving structure to maintain structural consistency between the original and generated images, allowing human observers to recognize the generated image as having the same identity as the original. Extensive experiments conducted on two public datasets, i.e., CelebA-HQ and LADN, demonstrate the superiority of our approach. The protected faces generated by our method outperform those produced by existing facial privacy protection approaches in terms of transferability and natural appearance. The code is available at https://github.com/parham1998/Facial-Privacy-Protection","@InProceedings{Salar_2025_CVPR, author = {Salar, Ali and Liu, Qing and Tian, Yingli and Zhao, Guoying}, title = {Enhancing Facial Privacy Protection via Weakening Diffusion Purification}, booktitle = {Proceedings of the Computer Vision and Pattern Recognition Conference (CVPR)}, month = {June}, year = {2025}, pages = {8235-8244} }"
Ye_Semantic_and_Expressive_Variations_in_Image_Captions_Across_Languages_CVPR_2025_paper,2025,0,Vision_Language_Multimodal,Vision_Language_Multimodal|Trustworthy_Security_Privacy,10.0,0.4,Semantic and Expressive Variations in Image Captions Across Languages,Andre Ye; Sebastin Santy; Jena D. Hwang; Amy X. Zhang; Ranjay Krishna,5,29667-29679,True,https://openaccess.thecvf.com/content/CVPR2025/papers/Ye_Semantic_and_Expressive_Variations_in_Image_Captions_Across_Languages_CVPR_2025_paper.pdf,https://openaccess.thecvf.com/content/CVPR2025/supplemental/Ye_Semantic_and_Expressive_CVPR_2025_supplemental.pdf,https://openaccess.thecvf.com/content/CVPR2025/html/Ye_Semantic_and_Expressive_Variations_in_Image_Captions_Across_Languages_CVPR_2025_paper.html,"Most vision-language models today are primarily trained on English image-text pairs, with non-English pairs often filtered out. Evidence from cross-cultural psychology suggests that this approach will bias models against perceptual modes exhibited by people who speak other (non-English) languages. We investigate semantic and expressive variation in image captions across different languages; we analyze both human-annotated datasets and model-produced captions. By analyzing captions across seven languages (English, French, German, Russian, Chinese, Japanese, Korean) in high-quality image captioning datasets (Crossmodal and Visual Genome), we find that multilingual caption sets tend to provide richer visual descriptions than monolingual (including English-only) ones; multilingual sets contain 46.0% more objects, 66.1% more relationships, and 66.8% more attributes. We observe the same results with multilingual captions produced by LLaVA and the Google Vertex API: for example, compared to monolingual captions, they cover 21.9% more objects,18.8% more relations, and 20.1% more attributes. These suggest that, across a large number of samples, different languages bias people and models to focus on different visual concepts. Finally, we show that models trained on image-text data in one language perform distinctly better on that language's test set. Our work points towards the potential value of training vision models on multilingual data sources to widen the range/variation of descriptive information those models are exposed to.","@InProceedings{Ye_2025_CVPR, author = {Ye, Andre and Santy, Sebastin and Hwang, Jena D. and Zhang, Amy X. and Krishna, Ranjay}, title = {Semantic and Expressive Variations in Image Captions Across Languages}, booktitle = {Proceedings of the Computer Vision and Pattern Recognition Conference (CVPR)}, month = {June}, year = {2025}, pages = {29667-29679} }"
Long_Shape_and_Texture_What_Influences_Reliable_Optical_Flow_Estimation_CVPR_2025_paper,2025,0,LowLevel_Flow_Depth_Matching,LowLevel_Flow_Depth_Matching|Trustworthy_Security_Privacy,18.0,0.556,Shape and Texture: What Influences Reliable Optical Flow Estimation?,Libo Long; Xiao Hu; Jochen Lang,3,27894-27903,True,https://openaccess.thecvf.com/content/CVPR2025/papers/Long_Shape_and_Texture_What_Influences_Reliable_Optical_Flow_Estimation_CVPR_2025_paper.pdf,https://openaccess.thecvf.com/content/CVPR2025/supplemental/Long_Shape_and_Texture_CVPR_2025_supplemental.pdf,https://openaccess.thecvf.com/content/CVPR2025/html/Long_Shape_and_Texture_What_Influences_Reliable_Optical_Flow_Estimation_CVPR_2025_paper.html,"Recent methods have made significant progress in optical flow estimation. However, the evaluation of these methods focuses mainly on improved accuracy in benchmarks and often overlooks the analysis of network robustness, which may be important in safety-critical scenarios such as autonomous driving. In this paper, we propose a novel method for robustness evaluation by modifying data from original benchmarks. Unlike previous benchmarks that focus on complex scenes, we propose to modify shape and texture of objects from the original images in order to analyze the sensitivity to these changes observed in the output. Our aim is to identify common failure cases of state-of-the-art (SOTA) methods to evaluate their robustness and understand their behaviors. We show that: Optical flow methods are more sensitive to shape changes than to texture changes; and optical flow methods tend to ""remember"" objects seen during training and may ""ignore"" the motion of unseen objects. Our experimental results and findings provide a more in-depth understanding of the behavior of recent optical flow methods.","@InProceedings{Long_2025_CVPR, author = {Long, Libo and Hu, Xiao and Lang, Jochen}, title = {Shape and Texture: What Influences Reliable Optical Flow Estimation?}, booktitle = {Proceedings of the Computer Vision and Pattern Recognition Conference (CVPR)}, month = {June}, year = {2025}, pages = {27894-27903} }"
Zheng_FedCALM_Conflict-aware_Layer-wise_Mitigation_for_Selective_Aggregation_in_Deeper_Personalized_CVPR_2025_paper,2025,1,Trustworthy_Security_Privacy,Trustworthy_Security_Privacy|Diffusion_Generative,12.0,0.167,FedCALM: Conflict-aware Layer-wise Mitigation for Selective Aggregation in Deeper Personalized Federated Learning,Hao Zheng; Zhigang Hu; Liu Yang; Meiguang Zheng; Aikun Xu; Boyu Wang,6,15444-15453,True,https://openaccess.thecvf.com/content/CVPR2025/papers/Zheng_FedCALM_Conflict-aware_Layer-wise_Mitigation_for_Selective_Aggregation_in_Deeper_Personalized_CVPR_2025_paper.pdf,https://openaccess.thecvf.com/content/CVPR2025/supplemental/Zheng_FedCALM_Conflict-aware_Layer-wise_CVPR_2025_supplemental.pdf,https://openaccess.thecvf.com/content/CVPR2025/html/Zheng_FedCALM_Conflict-aware_Layer-wise_Mitigation_for_Selective_Aggregation_in_Deeper_Personalized_CVPR_2025_paper.html,"Server aggregation conflict is a key challenge in personalized federated learning (PFL). While existing PFL methods have achieved significant progress with shallow base models (e.g., four-layer CNNs), they often overlook the negative impacts of deeper base models on personalization mechanisms. In this paper, we identify the phenomenon of deep model degradation in PFL, where as base model depth increases, the model becomes more sensitive to local client data distributions, thereby exacerbating server aggregation conflicts and ultimately reducing overall model performance. Moreover, we show that these conflicts manifest in insufficient global average updates and mutual constraints between clients. Motivated by our analysis, we proposed a two-stage conflict-aware layer-wise mitigation algorithm (FedCALM), which first constructs a conflict-free global update to alleviate negative conflicts, and then maximizes the benefits of all clients through a conflict-aware strategy. Notably, our method naturally leads to a selective mechanism that balances the tradeoff between clients involved in aggregation and the tolerance for conflicts. Consequently, it can boost the positive contribution to the clients even with the greatest conflicts with the global update. Extensive experiments across multiple datasets and deeper base models demonstrate that FedCALM outperforms four state-of-the-art (SOTA) methods by up to 9.88% and seamlessly integrates into existing PFL methods with performance improvements of up to 9.01%.","@InProceedings{Zheng_2025_CVPR, author = {Zheng, Hao and Hu, Zhigang and Yang, Liu and Zheng, Meiguang and Xu, Aikun and Wang, Boyu}, title = {FedCALM: Conflict-aware Layer-wise Mitigation for Selective Aggregation in Deeper Personalized Federated Learning}, booktitle = {Proceedings of the Computer Vision and Pattern Recognition Conference (CVPR)}, month = {June}, year = {2025}, pages = {15444-15453} }"
Yan_Generalizing_Deepfake_Video_Detection_with_Plug-and-Play_Video-Level_Blending_and_Spatiotemporal_CVPR_2025_paper,2025,1,Trustworthy_Security_Privacy,Trustworthy_Security_Privacy|Video_Action_Recognition,18.0,0.5,Generalizing Deepfake Video Detection with Plug-and-Play: Video-Level Blending and Spatiotemporal Adapter Tuning,Zhiyuan Yan; Yandan Zhao; Shen Chen; Mingyi Guo; Xinghe Fu; Taiping Yao; Shouhong Ding; Yunsheng Wu; Li Yuan,9,12615-12625,True,https://openaccess.thecvf.com/content/CVPR2025/papers/Yan_Generalizing_Deepfake_Video_Detection_with_Plug-and-Play_Video-Level_Blending_and_Spatiotemporal_CVPR_2025_paper.pdf,,https://openaccess.thecvf.com/content/CVPR2025/html/Yan_Generalizing_Deepfake_Video_Detection_with_Plug-and-Play_Video-Level_Blending_and_Spatiotemporal_CVPR_2025_paper.html,"Three key challenges hinder the development of current deepfake video detection: (1) Temporal features can be complex and diverse: how can we identify general temporal artifacts to enhance model generalization? (2) Spatiotemporal models often lean heavily on one type of artifact and ignore the other: how can we ensure balanced learning from both? (3) Videos are naturally resource-intensive: how can we tackle efficiency without compromising accuracy? This paper attempts to tackle the three challenges jointly. First, inspired by the notable generality of using image-level blending data for image forgery detection, we investigate whether and how video-level blending can be effective in video. We then perform a thorough analysis and identify a previously underexplored temporal forgery artifact: Facial Feature Drift (FFD), which commonly exists across different forgeries. To reproduce FFD, we then propose a novel Video-level Blending data (VB), where VB is implemented by blending the original image and its warped version frame-by-frame, serving as a hard negative sample to mine more general artifacts. Second, we carefully design a lightweight Spatiotemporal Adapter (StA) to equip a pre-trained image model with the ability to capture both spatial and temporal features jointly and efficiently. StA is designed with two-stream 3D-Conv with varying kernel sizes, allowing it to process spatial and temporal features separately. This eliminates the need to design a new deepfake-specific video architecture from scratch. Extensive experiments validate the effectiveness of the proposed methods; and show our approach can generalize well to previously unseen forgery videos.","@InProceedings{Yan_2025_CVPR, author = {Yan, Zhiyuan and Zhao, Yandan and Chen, Shen and Guo, Mingyi and Fu, Xinghe and Yao, Taiping and Ding, Shouhong and Wu, Yunsheng and Yuan, Li}, title = {Generalizing Deepfake Video Detection with Plug-and-Play: Video-Level Blending and Spatiotemporal Adapter Tuning}, booktitle = {Proceedings of the Computer Vision and Pattern Recognition Conference (CVPR)}, month = {June}, year = {2025}, pages = {12615-12625} }"
Li_T2ISafety_Benchmark_for_Assessing_Fairness_Toxicity_and_Privacy_in_Image_CVPR_2025_paper,2025,1,Trustworthy_Security_Privacy,Trustworthy_Security_Privacy,36.0,0.667,"T2ISafety: Benchmark for Assessing Fairness, Toxicity, and Privacy in Image Generation",Lijun Li; Zhelun Shi; Xuhao Hu; Bowen Dong; Yiran Qin; Xihui Liu; Lu Sheng; Jing Shao,8,13381-13392,True,https://openaccess.thecvf.com/content/CVPR2025/papers/Li_T2ISafety_Benchmark_for_Assessing_Fairness_Toxicity_and_Privacy_in_Image_CVPR_2025_paper.pdf,https://openaccess.thecvf.com/content/CVPR2025/supplemental/Li_T2ISafety_Benchmark_for_CVPR_2025_supplemental.pdf,https://openaccess.thecvf.com/content/CVPR2025/html/Li_T2ISafety_Benchmark_for_Assessing_Fairness_Toxicity_and_Privacy_in_Image_CVPR_2025_paper.html,"Text-to-image (T2I) models have rapidly advanced, enabling the generation of high-quality images from text prompts across various domains. However, these models present notable safety concerns, including the risk of generating harmful, biased, or private content. Current research on assessing T2I safety remains in its early stages. While some efforts have been made to evaluate models on specific safety dimensions, many critical risks remain unexplored. To address this gap, we introduce T2ISafety, a safety benchmark that evaluates T2I models across three key domains: toxicity, fairness, and bias. We build a detailed hierarchy of 12 tasks and 44 categories based on these three domains, and meticulously collect 70K corresponding prompts. Based on this taxonomy and prompt set, we build a large-scale T2I dataset with 68K manually annotated images and train an evaluator capable of detecting critical risks that previous work has failed to identify, including risks that even ultra-large proprietary models like GPTs cannot correctly detect. We evaluate 15 prominent diffusion models on T2ISafety and reveal several concerns including persistent issues with racial fairness, a tendency to generate toxic content, and significant variation in privacy protection across the models, even with defense methods like concept erasing.","@InProceedings{Li_2025_CVPR, author = {Li, Lijun and Shi, Zhelun and Hu, Xuhao and Dong, Bowen and Qin, Yiran and Liu, Xihui and Sheng, Lu and Shao, Jing}, title = {T2ISafety: Benchmark for Assessing Fairness, Toxicity, and Privacy in Image Generation}, booktitle = {Proceedings of the Computer Vision and Pattern Recognition Conference (CVPR)}, month = {June}, year = {2025}, pages = {13381-13392} }"
Li_LMO_Linear_Mamba_Operator_for_MRI_Reconstruction_CVPR_2025_paper,2025,0,Medical_Bio_RemoteSensing,Medical_Bio_RemoteSensing|Trustworthy_Security_Privacy,8.0,0.25,LMO: Linear Mamba Operator for MRI Reconstruction,Wei Li; Jiawei Jiang; Jie Wu; Kaihao Yu; Jianwei Zheng,5,5112-5122,True,https://openaccess.thecvf.com/content/CVPR2025/papers/Li_LMO_Linear_Mamba_Operator_for_MRI_Reconstruction_CVPR_2025_paper.pdf,https://openaccess.thecvf.com/content/CVPR2025/supplemental/Li_LMO_Linear_Mamba_CVPR_2025_supplemental.pdf,https://openaccess.thecvf.com/content/CVPR2025/html/Li_LMO_Linear_Mamba_Operator_for_MRI_Reconstruction_CVPR_2025_paper.html,"Interpretability and consistency have long been crucial factors in MRI reconstruction. While interpretability has been significantly innovated with the emerging deep unfolding networks, current solutions still suffer from inconsistency issues and produce inferior anatomical structures. Especially in out-of-distribution cases, e.g., when the acceleration rate (AR) varies, the generalization performance is often catastrophic. To counteract the dilemma, we propose an innovative Linear Mamba Operator (LMO) to ensure consistency and generalization, while still enjoying desirable interpretability. Theoretically, we argue that mapping between function spaces, rather than between signal instances, provides a solid foundation of high generalization. Technically, LMO achieves a good balance between global integration facilitated by a state space model that scans the whole function domain, and local integration engaged with an appealing property of continuous-discrete equivalence. On that basis, learning holistic features can be guaranteed, tapping the potential of maximizing data consistency. Quantitative and qualitative results demonstrate that LMO significantly outperforms other state-of-the-arts. More importantly, LMO is the unique model that, with AR changed, achieves retraining performance without retraining steps. Codes are available at https://github.com/ZhengJianwei2/LMO.","@InProceedings{Li_2025_CVPR, author = {Li, Wei and Jiang, Jiawei and Wu, Jie and Yu, Kaihao and Zheng, Jianwei}, title = {LMO: Linear Mamba Operator for MRI Reconstruction}, booktitle = {Proceedings of the Computer Vision and Pattern Recognition Conference (CVPR)}, month = {June}, year = {2025}, pages = {5112-5122} }"
Chen_GuardSplat_Efficient_and_Robust_Watermarking_for_3D_Gaussian_Splatting_CVPR_2025_paper,2025,1,Trustworthy_Security_Privacy,Trustworthy_Security_Privacy|Neural_Rendering_NeRF_3DGS,20.0,0.1,GuardSplat: Efficient and Robust Watermarking for 3D Gaussian Splatting,Zixuan Chen; Guangcong Wang; Jiahao Zhu; Jianhuang Lai; Xiaohua Xie,5,16325-16335,True,https://openaccess.thecvf.com/content/CVPR2025/papers/Chen_GuardSplat_Efficient_and_Robust_Watermarking_for_3D_Gaussian_Splatting_CVPR_2025_paper.pdf,https://openaccess.thecvf.com/content/CVPR2025/supplemental/Chen_GuardSplat_Efficient_and_CVPR_2025_supplemental.zip,https://openaccess.thecvf.com/content/CVPR2025/html/Chen_GuardSplat_Efficient_and_Robust_Watermarking_for_3D_Gaussian_Splatting_CVPR_2025_paper.html,"3D Gaussian Splatting (3DGS) has recently created impressive 3D assets for various applications. However, considering security, capacity, invisibility, and training efficiency, the copyright of 3DGS assets is not well protected as existing watermarking methods are unsuited for its rendering pipeline. In this paper, we propose GuardSplat, an innovative and efficient framework for watermarking 3DGS assets. Specifically, 1) We propose a CLIP-guided pipeline for optimizing the message decoder with minimal costs. The key objective is to achieve high-accuracy extraction by leveraging CLIP's aligning capability and rich representations, demonstrating exceptional capacity and efficiency. 2) We tailor a Spherical-Harmonic-aware (SH-aware) Message Embedding module for 3DGS, seamlessly embedding messages into the SH features of each 3D Gaussian while preserving the original 3D structure. This enables watermarking 3DGS assets with minimal fidelity trade-offs and prevents malicious users from removing the watermarks from the model files, meeting the demands for invisibility and security. 3) We present an Anti-distortion Message Extraction module to improve robustness against various distortions. Experiments demonstrate that GuardSplat outperforms state-of-the-art and achieves fast optimization speed.","@InProceedings{Chen_2025_CVPR, author = {Chen, Zixuan and Wang, Guangcong and Zhu, Jiahao and Lai, Jianhuang and Xie, Xiaohua}, title = {GuardSplat: Efficient and Robust Watermarking for 3D Gaussian Splatting}, booktitle = {Proceedings of the Computer Vision and Pattern Recognition Conference (CVPR)}, month = {June}, year = {2025}, pages = {16325-16335} }"
Zhang_Weakly_Supervised_Contrastive_Adversarial_Training_for_Learning_Robust_Features_from_CVPR_2025_paper,2025,1,Trustworthy_Security_Privacy,Trustworthy_Security_Privacy|Transfer_FewShot_DomainAdaptation,18.0,0.222,Weakly Supervised Contrastive Adversarial Training for Learning Robust Features from Semi-supervised Data,Lilin Zhang; Chengpei Wu; Ning Yang,3,25718-25727,True,https://openaccess.thecvf.com/content/CVPR2025/papers/Zhang_Weakly_Supervised_Contrastive_Adversarial_Training_for_Learning_Robust_Features_from_CVPR_2025_paper.pdf,https://openaccess.thecvf.com/content/CVPR2025/supplemental/Zhang_Weakly_Supervised_Contrastive_CVPR_2025_supplemental.pdf,https://openaccess.thecvf.com/content/CVPR2025/html/Zhang_Weakly_Supervised_Contrastive_Adversarial_Training_for_Learning_Robust_Features_from_CVPR_2025_paper.html,"Existing adversarial training (AT) methods often suffer from incomplete perturbation, meaning that not all non-robust features are perturbed when generating adversarial examples (AEs). This results in residual correlations between non-robust features and labels, leading to suboptimal learning of robust features. However, achieving complete perturbation--perturbing as many non-robust features as possible--is challenging due to the difficulty in distinguishing robust and non-robust features and the sparsity of labeled data. To address these challenges, we propose a novel approach called Weakly Supervised Contrastive Adversarial Training (WSCAT). WSCAT ensures complete perturbation for improved learning of robust features by disrupting correlations between non-robust features and labels through complete AE generation over partially labeled data, grounded in information theory. Extensive theoretical analysis and comprehensive experiments on widely adopted benchmarks validate the superiority of WSCAT. Our code is available at https://github.com/zhang-lilin/WSCAT.","@InProceedings{Zhang_2025_CVPR, author = {Zhang, Lilin and Wu, Chengpei and Yang, Ning}, title = {Weakly Supervised Contrastive Adversarial Training for Learning Robust Features from Semi-supervised Data}, booktitle = {Proceedings of the Computer Vision and Pattern Recognition Conference (CVPR)}, month = {June}, year = {2025}, pages = {25718-25727} }"
Parikh_RoadSocial_A_Diverse_VideoQA_Dataset_and_Benchmark_for_Road_Event_CVPR_2025_paper,2025,0,LLM_Reasoning_Agent,LLM_Reasoning_Agent|Trustworthy_Security_Privacy|Video_Action_Recognition,9.0,0.333,RoadSocial: A Diverse VideoQA Dataset and Benchmark for Road Event Understanding from Social Video Narratives,Chirag Parikh; Deepti Rawat; Rakshitha R. T.; Tathagata Ghosh; Ravi Kiran Sarvadevabhatla,5,19002-19011,True,https://openaccess.thecvf.com/content/CVPR2025/papers/Parikh_RoadSocial_A_Diverse_VideoQA_Dataset_and_Benchmark_for_Road_Event_CVPR_2025_paper.pdf,https://openaccess.thecvf.com/content/CVPR2025/supplemental/Parikh_RoadSocial_A_Diverse_CVPR_2025_supplemental.pdf,https://openaccess.thecvf.com/content/CVPR2025/html/Parikh_RoadSocial_A_Diverse_VideoQA_Dataset_and_Benchmark_for_Road_Event_CVPR_2025_paper.html,"We introduce RoadSocial, a large-scale, diverse VideoQA dataset tailored for generic road event understanding from social media narratives. Unlike existing datasets limited by regional bias, viewpoint bias and expert-driven annotations, RoadSocial captures the global complexity of road events with varied geographies, camera viewpoints (CCTV, handheld, drones) and rich social discourse. Our scalable semi-automatic annotation framework leverages Text LLMs and Video LLMs to generate comprehensive question-answer pairs across 12 challenging QA tasks, pushing the boundaries of road event understanding. RoadSocial is derived from social media videos spanning 14M frames and 414K social comments, resulting in a dataset with 13.2K videos, 674 tags and 260K high-quality QA pairs. We evaluate 18 Video LLMs (open-source and proprietary, driving-specific and general-purpose) on our road event understanding benchmark. We also demonstrate RoadSocial's utility in improving road event understanding capabilities of general-purpose Video LLMs.","@InProceedings{Parikh_2025_CVPR, author = {Parikh, Chirag and Rawat, Deepti and T., Rakshitha R. and Ghosh, Tathagata and Sarvadevabhatla, Ravi Kiran}, title = {RoadSocial: A Diverse VideoQA Dataset and Benchmark for Road Event Understanding from Social Video Narratives}, booktitle = {Proceedings of the Computer Vision and Pattern Recognition Conference (CVPR)}, month = {June}, year = {2025}, pages = {19002-19011} }"
Liao_Convex_Relaxation_for_Robust_Vanishing_Point_Estimation_in_Manhattan_World_CVPR_2025_paper,2025,1,Trustworthy_Security_Privacy,Trustworthy_Security_Privacy,2.0,1.0,Convex Relaxation for Robust Vanishing Point Estimation in Manhattan World,Bangyan Liao; Zhenjun Zhao; Haoang Li; Yi Zhou; Yingping Zeng; Hao Li; Peidong Liu,7,15823-15832,True,https://openaccess.thecvf.com/content/CVPR2025/papers/Liao_Convex_Relaxation_for_Robust_Vanishing_Point_Estimation_in_Manhattan_World_CVPR_2025_paper.pdf,https://openaccess.thecvf.com/content/CVPR2025/supplemental/Liao_Convex_Relaxation_for_CVPR_2025_supplemental.pdf,https://openaccess.thecvf.com/content/CVPR2025/html/Liao_Convex_Relaxation_for_Robust_Vanishing_Point_Estimation_in_Manhattan_World_CVPR_2025_paper.html,"Determining the vanishing points (VPs) in a Manhattan world, as a fundamental task in many 3D vision applications, consists of jointly inferring the line-VP association and locating each VP. Existing methods are, however, either sub-optimal solvers or pursuing global optimality at a significant cost of computing time. In contrast to prior works, we introduce convex relaxation techniques to solve this task for the first time. Specifically, we employ a ""soft"" association scheme, realized via a truncated multi-selection error, that allows for joint estimation of VPs' locations and line-VP associations. This approach leads to a primal problem that can be reformulated into a quadratically constrained quadratic programming (QCQP) problem, which is then relaxed into a convex semidefinite programming (SDP) problem. To solve this SDP problem efficiently, we present a globally optimal outlier-robust iterative solver (called GlobustVP), which independently searches for one VP and its associated lines in each iteration, treating other lines as outliers. After each independent update of all VPs, the mutual orthogonality between the three VPs in a Manhattan world is reinforced via local refinement. Extensive experiments on both synthetic and real-world data demonstrate that GlobustVP achieves a favorable balance between efficiency, robustness, and global optimality compared to previous works. The code is publicly available at github.com/wu-cvgl/GlobustVP.","@InProceedings{Liao_2025_CVPR, author = {Liao, Bangyan and Zhao, Zhenjun and Li, Haoang and Zhou, Yi and Zeng, Yingping and Li, Hao and Liu, Peidong}, title = {Convex Relaxation for Robust Vanishing Point Estimation in Manhattan World}, booktitle = {Proceedings of the Computer Vision and Pattern Recognition Conference (CVPR)}, month = {June}, year = {2025}, pages = {15823-15832} }"
Kayabasi_Bias_for_Action_Video_Implicit_Neural_Representations_with_Bias_Modulation_CVPR_2025_paper,2025,1,Trustworthy_Security_Privacy,Trustworthy_Security_Privacy,21.0,0.619,Bias for Action: Video Implicit Neural Representations with Bias Modulation,Alper Kayabasi; Anil Kumar Vadathya; Guha Balakrishnan; Vishwanath Saragadam,4,27999-28008,True,https://openaccess.thecvf.com/content/CVPR2025/papers/Kayabasi_Bias_for_Action_Video_Implicit_Neural_Representations_with_Bias_Modulation_CVPR_2025_paper.pdf,https://openaccess.thecvf.com/content/CVPR2025/supplemental/Kayabasi_Bias_for_Action_CVPR_2025_supplemental.pdf,https://openaccess.thecvf.com/content/CVPR2025/html/Kayabasi_Bias_for_Action_Video_Implicit_Neural_Representations_with_Bias_Modulation_CVPR_2025_paper.html,"We propose a new continuous video modeling framework based on implicit neural representations (INRs) called ActINR. At the core of our approach is the observation that INRs can be considered as a learnable dictionary, with the shapes of the basis functions governed by the weights of the INR, and their locations governed by the biases. Given compact non-linear activation functions, we hypothesize that an INR's biases are suitable to capture motion across images, and facilitate compact representations for video sequences. Using these observations, we design ActINR to share INR weights across frames of a video sequence, while using unique biases for each frame. We further model the biases as the output of a separate INR conditioned on time index to promote smoothness. By training the video INR and this bias INR together, we demonstrate unique capabilities, including 10x video slow motion, 4x spatial super resolution along with 2x slow motion, denoising, and video inpainting. ActINR performs remarkably well across numerous video processing tasks (often achieving more than 6dB improvement), setting a new standard for continuous modeling of videos.","@InProceedings{Kayabasi_2025_CVPR, author = {Kayabasi, Alper and Vadathya, Anil Kumar and Balakrishnan, Guha and Saragadam, Vishwanath}, title = {Bias for Action: Video Implicit Neural Representations with Bias Modulation}, booktitle = {Proceedings of the Computer Vision and Pattern Recognition Conference (CVPR)}, month = {June}, year = {2025}, pages = {27999-28008} }"
Yu-Hang_TAET_Two-Stage_Adversarial_Equalization_Training_on_Long-Tailed__Distributions_CVPR_2025_paper,2025,1,Trustworthy_Security_Privacy,Trustworthy_Security_Privacy|Transfer_FewShot_DomainAdaptation,15.0,0.2,TAET: Two-Stage Adversarial Equalization Training on Long-Tailed Distributions,Wang Yu-Hang; Junkang Guo; Aolei Liu; Kaihao Wang; Zaitong Wu; Zhenyu Liu; Wenfei Yin; Jian Liu,8,15476-15485,True,https://openaccess.thecvf.com/content/CVPR2025/papers/Yu-Hang_TAET_Two-Stage_Adversarial_Equalization_Training_on_Long-Tailed__Distributions_CVPR_2025_paper.pdf,https://openaccess.thecvf.com/content/CVPR2025/supplemental/Yu-Hang_TAET_Two-Stage_Adversarial_CVPR_2025_supplemental.zip,https://openaccess.thecvf.com/content/CVPR2025/html/Yu-Hang_TAET_Two-Stage_Adversarial_Equalization_Training_on_Long-Tailed__Distributions_CVPR_2025_paper.html,"Adversarial robustness remains a significant challenge in deploying deep neural networks for real-world applications. While adversarial training is widely acknowledged as a promising defense strategy, most existing studies primarily focus on balanced datasets, neglecting the fact that real-world data often exhibit a long-tailed distribution, which introduces substantial challenges to robustness. In this paper, we provide an in-depth analysis of adversarial training in the context of long-tailed distributions and identify the limitations of the current state-of-the-art method, AT-BSL, in achieving robust performance under such conditions. To address these challenges, we propose a novel training framework, TAET, which incorporates an initial stabilization phase followed by a stratified, equalization adversarial training phase. Furthermore, prior work on long-tailed robustness has largely overlooked a crucial evaluation metric--Balanced Accuracy. To fill this gap, we introduce the concept of Balanced Robustness, a comprehensive metric that measures robustness specifically under long-tailed distributions. Extensive experiments demonstrate that our method outperforms existing advanced defenses, yielding significant improvements in both memory and computational efficiency. We believe this work represents a substantial step forward in tackling robustness challenges in real-world applications. Our paper code can be found at https://github.com/BuhuiOK/TAET-Two-Stage-Adversarial-Equalization-Training-on-Long-Tailed-Distributions","@InProceedings{Yu-Hang_2025_CVPR, author = {Yu-Hang, Wang and Guo, Junkang and Liu, Aolei and Wang, Kaihao and Wu, Zaitong and Liu, Zhenyu and Yin, Wenfei and Liu, Jian}, title = {TAET: Two-Stage Adversarial Equalization Training on Long-Tailed Distributions}, booktitle = {Proceedings of the Computer Vision and Pattern Recognition Conference (CVPR)}, month = {June}, year = {2025}, pages = {15476-15485} }"
Wang_MLLM-as-a-Judge_for_Image_Safety_without_Human_Labeling_CVPR_2025_paper,2025,0,LLM_Reasoning_Agent,LLM_Reasoning_Agent|Trustworthy_Security_Privacy,25.0,0.52,MLLM-as-a-Judge for Image Safety without Human Labeling,Zhenting Wang; Shuming Hu; Shiyu Zhao; Xiaowen Lin; Felix Juefei-Xu; Zhuowei Li; Ligong Han; Harihar Subramanyam; Li Chen; Jianfa Chen; Nan Jiang; Lingjuan Lyu; Shiqing Ma; Dimitris N. Metaxas; Ankit Jain,15,14657-14666,True,https://openaccess.thecvf.com/content/CVPR2025/papers/Wang_MLLM-as-a-Judge_for_Image_Safety_without_Human_Labeling_CVPR_2025_paper.pdf,https://openaccess.thecvf.com/content/CVPR2025/supplemental/Wang_MLLM-as-a-Judge_for_Image_CVPR_2025_supplemental.pdf,https://openaccess.thecvf.com/content/CVPR2025/html/Wang_MLLM-as-a-Judge_for_Image_Safety_without_Human_Labeling_CVPR_2025_paper.html,"Image content safety has become a significant challenge with the rise of visual media on online platforms. Meanwhile, in the age of AI-generated content (AIGC), many image generation models are capable of producing harmful content, such as images containing sexual or violent material. Thus, it becomes crucial to identify such unsafe images based on established safety rules. Pre-trained Multimodal Large Language Models (MLLMs) offer potential in this regard, given their strong pattern recognition abilities. Existing approaches typically fine-tune MLLMs with human-labeled datasets, which however brings a series of drawbacks. First, relying on human annotators to label data following intricate and detailed guidelines is both expensive and labor-intensive. Furthermore, users of safety judgment systems may need to frequently update safety rules, making fine-tuning on human-based annotation more challenging. This raises the research question: Can we detect unsafe images by querying MLLMs in a zero-shot setting using a predefined safety constitution (a set of safety rules)? Our research showed that simply querying pre-trained MLLMs does not yield satisfactory results. This lack of effectiveness stems from factors such as the subjectivity of safety rules, the complexity of lengthy constitutions, and the inherent biases in the models. To address these challenges, we propose a MLLM-based method includes objectifying safety rules, assessing the relevance between rules and images, making quick judgments based on debiased token probabilities with logically complete yet simplified precondition chains for safety rules, and conducting more in-depth reasoning with cascaded chain-of-thought processes if necessary. Experiment results demonstrate that our method is highly effective for zero-shot image safety judgment tasks.","@InProceedings{Wang_2025_CVPR, author = {Wang, Zhenting and Hu, Shuming and Zhao, Shiyu and Lin, Xiaowen and Juefei-Xu, Felix and Li, Zhuowei and Han, Ligong and Subramanyam, Harihar and Chen, Li and Chen, Jianfa and Jiang, Nan and Lyu, Lingjuan and Ma, Shiqing and Metaxas, Dimitris N. and Jain, Ankit}, title = {MLLM-as-a-Judge for Image Safety without Human Labeling}, booktitle = {Proceedings of the Computer Vision and Pattern Recognition Conference (CVPR)}, month = {June}, year = {2025}, pages = {14657-14666} }"
Cui_Forensics_Adapter_Adapting_CLIP_for_Generalizable_Face_Forgery_Detection_CVPR_2025_paper,2025,0,Face_Biometrics,Face_Biometrics|Trustworthy_Security_Privacy,36.0,0.5,Forensics Adapter: Adapting CLIP for Generalizable Face Forgery Detection,Xinjie Cui; Yuezun Li; Ao Luo; Jiaran Zhou; Junyu Dong,5,19207-19217,True,https://openaccess.thecvf.com/content/CVPR2025/papers/Cui_Forensics_Adapter_Adapting_CLIP_for_Generalizable_Face_Forgery_Detection_CVPR_2025_paper.pdf,,https://openaccess.thecvf.com/content/CVPR2025/html/Cui_Forensics_Adapter_Adapting_CLIP_for_Generalizable_Face_Forgery_Detection_CVPR_2025_paper.html,"We describe the Forensics Adapter, an adapter network designed to transform CLIP into an effective and generalizable face forgery detector. Although CLIP is highly versatile, adapting it for face forgery detection is non-trivial as forgery-related knowledge is entangled with a wide range of unrelated knowledge. Existing methods treat CLIP merely as a feature extractor, lacking task-specific adaptation, which limits their effectiveness. To address this, we introduce an adapter to learn face forgery traces -- the blending boundaries unique to forged faces, guided by task-specific objectives. Then we enhance the CLIP visual tokens with a dedicated interaction strategy that communicates knowledge across CLIP and the adapter. Since the adapter is alongside CLIP, its versatility is highly retained, naturally ensuring strong generalizability in face forgery detection. With only 5.7M trainable parameters, our method achieves a significant performance boost, improving by approximately 7% on average across five standard datasets. We believe the proposed method can serve as a baseline for future CLIP-based face forgery detection methods.","@InProceedings{Cui_2025_CVPR, author = {Cui, Xinjie and Li, Yuezun and Luo, Ao and Zhou, Jiaran and Dong, Junyu}, title = {Forensics Adapter: Adapting CLIP for Generalizable Face Forgery Detection}, booktitle = {Proceedings of the Computer Vision and Pattern Recognition Conference (CVPR)}, month = {June}, year = {2025}, pages = {19207-19217} }"
Chen_Mind_the_Trojan_Horse_Image_Prompt_Adapter_Enabling_Scalable_and_CVPR_2025_paper,2025,1,Trustworthy_Security_Privacy,Trustworthy_Security_Privacy|Diffusion_Generative|LLM_Reasoning_Agent,13.0,0.385,Mind the Trojan Horse: Image Prompt Adapter Enabling Scalable and Deceptive Jailbreaking,Junxi Chen; Junhao Dong; Xiaohua Xie,3,23785-23794,True,https://openaccess.thecvf.com/content/CVPR2025/papers/Chen_Mind_the_Trojan_Horse_Image_Prompt_Adapter_Enabling_Scalable_and_CVPR_2025_paper.pdf,https://openaccess.thecvf.com/content/CVPR2025/supplemental/Chen_Mind_the_Trojan_CVPR_2025_supplemental.pdf,https://openaccess.thecvf.com/content/CVPR2025/html/Chen_Mind_the_Trojan_Horse_Image_Prompt_Adapter_Enabling_Scalable_and_CVPR_2025_paper.html,"Recently, the Image Prompt Adapter (IP-Adapter) has been increasingly integrated into text-to-image diffusion models (T2I-DMs) to improve controllability. However, in this paper, we reveal that T2I-DMs equipped with the IP-Adapter (T2I-IP-DMs) enable a new jailbreak attack named the hijacking attack. We demonstrate that, by uploading imperceptible image-space adversarial examples (AEs), the adversary can hijack massive benign users to jailbreak an Image Generation Service (IGS) driven by T2I-IP-DMs and mislead the public to discredit the service provider. Worse still, the IP-Adapter's dependency on open-source image encoders reduces the knowledge required to craft AEs. Extensive experiments verify the technical feasibility of the hijacking attack. In light of the revealed threat, we investigate several existing defenses and explore combining the IP-Adapter with adversarially trained models to overcome existing defenses' limitations. Our code is available at https://github.com/fhdnskfbeuv/attackIPA.","@InProceedings{Chen_2025_CVPR, author = {Chen, Junxi and Dong, Junhao and Xie, Xiaohua}, title = {Mind the Trojan Horse: Image Prompt Adapter Enabling Scalable and Deceptive Jailbreaking}, booktitle = {Proceedings of the Computer Vision and Pattern Recognition Conference (CVPR)}, month = {June}, year = {2025}, pages = {23785-23794} }"
Gan_Silence_is_Golden_Leveraging_Adversarial_Examples_to_Nullify_Audio_Control_CVPR_2025_paper,2025,1,Trustworthy_Security_Privacy,Trustworthy_Security_Privacy|Audio_Visual|Diffusion_Generative,15.0,0.333,Silence is Golden: Leveraging Adversarial Examples to Nullify Audio Control in LDM-based Talking-Head Generation,Yuan Gan; Jiaxu Miao; Yunze Wang; Yi Yang,4,13434-13444,True,https://openaccess.thecvf.com/content/CVPR2025/papers/Gan_Silence_is_Golden_Leveraging_Adversarial_Examples_to_Nullify_Audio_Control_CVPR_2025_paper.pdf,https://openaccess.thecvf.com/content/CVPR2025/supplemental/Gan_Silence_is_Golden_CVPR_2025_supplemental.zip,https://openaccess.thecvf.com/content/CVPR2025/html/Gan_Silence_is_Golden_Leveraging_Adversarial_Examples_to_Nullify_Audio_Control_CVPR_2025_paper.html,"Advances in talking-head animation based on Latent Diffusion Models (LDM) enable the creation of highly realistic, synchronized videos. These fabricated videos are indistinguishable from real ones, increasing the risk of potential misuse for scams, political manipulation, and misinformation. Hence, addressing these ethical concerns has become a pressing issue in AI security. Recent proactive defense studies focused on countering LDM-based models by adding perturbations to portraits. However, these methods are ineffective at protecting reference portraits from advanced image-to-video animation. The limitations are twofold: 1) they fail to prevent images from being manipulated by audio signals, and 2) diffusion-based purification techniques can effectively eliminate protective perturbations. To address these challenges, we propose Silencer, a two-stage method designed to proactively protect the privacy of portraits. First, a nullifying loss is proposed to ignore audio control in talking-head generation. Second, we apply anti-purification loss in LDM to optimize the inverted latent feature to generate robust perturbations. Extensive experiments demonstrate the effectiveness of Silencer in proactively protecting portrait privacy. We hope this work will raise awareness among the AI security community regarding critical ethical issues related to talking-head generation techniques. Code: https://github.com/yuangan/Silencer.","@InProceedings{Gan_2025_CVPR, author = {Gan, Yuan and Miao, Jiaxu and Wang, Yunze and Yang, Yi}, title = {Silence is Golden: Leveraging Adversarial Examples to Nullify Audio Control in LDM-based Talking-Head Generation}, booktitle = {Proceedings of the Computer Vision and Pattern Recognition Conference (CVPR)}, month = {June}, year = {2025}, pages = {13434-13444} }"
Jiang_From_Laboratory_to_Real_World_A_New_Benchmark_Towards_Privacy-Preserved_CVPR_2025_paper,2025,1,Trustworthy_Security_Privacy,Trustworthy_Security_Privacy|Tracking_MOT,18.0,0.333,From Laboratory to Real World: A New Benchmark Towards Privacy-Preserved Visible-Infrared Person Re-Identification,Yan Jiang; Hao Yu; Xu Cheng; Haoyu Chen; Zhaodong Sun; Guoying Zhao,6,8828-8837,True,https://openaccess.thecvf.com/content/CVPR2025/papers/Jiang_From_Laboratory_to_Real_World_A_New_Benchmark_Towards_Privacy-Preserved_CVPR_2025_paper.pdf,https://openaccess.thecvf.com/content/CVPR2025/supplemental/Jiang_From_Laboratory_to_CVPR_2025_supplemental.pdf,https://openaccess.thecvf.com/content/CVPR2025/html/Jiang_From_Laboratory_to_Real_World_A_New_Benchmark_Towards_Privacy-Preserved_CVPR_2025_paper.html,"Aiming to match pedestrian images captured under varying lighting conditions, visible-infrared person re-identification (VI-ReID) has drawn intensive research attention and achieved promising results. However, in real-world surveillance contexts, data is distributed across multiple devices/entities, raising privacy and ownership concerns that make existing centralized training impractical for VI-ReID. To tackle these challenges, we propose L2RW, a benchmark that brings VI-ReID closer to real-world applications. The rationale of L2RW is that integrating decentralized training into VI-ReID can address privacy concerns in scenarios with limited data-sharing regulation. Specifically, we design protocols and corresponding algorithms for different privacy sensitivity levels. In our new benchmark, we ensure the model training is done in the conditions that: 1) data from each camera remains completely isolated, or 2) different data entities (e.g., data controllers of a certain region) can selectively share the data. In this way, we simulate scenarios with strict privacy constraints which is closer to real-world conditions. Intensive experiments with various server-side federated algorithms are conducted, showing the feasibility of decentralized VI-ReID training. Notably, when evaluated in unseen domains (i.e., new data entities), our L2RW, trained with isolated data (privacy-preserved), achieves performance comparable to SOTAs trained with shared data (privacy-unrestricted). We hope this work offers a novel research entry for deploying VI-ReID that fits real-world scenarios and can benefit the community.","@InProceedings{Jiang_2025_CVPR, author = {Jiang, Yan and Yu, Hao and Cheng, Xu and Chen, Haoyu and Sun, Zhaodong and Zhao, Guoying}, title = {From Laboratory to Real World: A New Benchmark Towards Privacy-Preserved Visible-Infrared Person Re-Identification}, booktitle = {Proceedings of the Computer Vision and Pattern Recognition Conference (CVPR)}, month = {June}, year = {2025}, pages = {8828-8837} }"
Zhou_CARE_Transformer_Mobile-Friendly_Linear_Visual_Transformer_via_Decoupled_Dual_Interaction_CVPR_2025_paper,2025,1,Trustworthy_Security_Privacy,Trustworthy_Security_Privacy,6.0,0.5,CARE Transformer: Mobile-Friendly Linear Visual Transformer via Decoupled Dual Interaction,Yuan Zhou; Qingshan Xu; Jiequan Cui; Junbao Zhou; Jing Zhang; Richang Hong; Hanwang Zhang,7,20135-20145,True,https://openaccess.thecvf.com/content/CVPR2025/papers/Zhou_CARE_Transformer_Mobile-Friendly_Linear_Visual_Transformer_via_Decoupled_Dual_Interaction_CVPR_2025_paper.pdf,https://openaccess.thecvf.com/content/CVPR2025/supplemental/Zhou_CARE_Transformer_Mobile-Friendly_CVPR_2025_supplemental.pdf,https://openaccess.thecvf.com/content/CVPR2025/html/Zhou_CARE_Transformer_Mobile-Friendly_Linear_Visual_Transformer_via_Decoupled_Dual_Interaction_CVPR_2025_paper.html,"Recently, large efforts have been made to design efficient linear-complexity visual Transformers. However, current linear attention models are generally unsuitable to be deployed in resource-constrained mobile devices, due to suffering from either few efficiency gains or significant accuracy drops. In this paper, we propose a new deCoupled duAl-interactive lineaR attEntion (CARE) mechanism, revealing that features' decoupling and interaction can fully unleash the power of linear attention. We first propose an asymmetrical feature decoupling strategy that asymmetrically decouples the learning process for local inductive bias and long-range dependencies, thereby preserving sufficient local and global information while effectively enhancing the efficiency of models. Then, a dynamic memory unit is employed to maintain critical information along the network pipeline. Moreover, we design a dual interaction module to effectively facilitate interaction between local inductive bias and long-range information as well as among features at different layers. By adopting a decoupled learning way and fully exploiting complementarity across features, our method can achieve both high efficiency and accuracy. Extensive experiments on ImageNet-1K, COCO, and ADE20K datasets demonstrate the effectiveness of our approach, e.g., achieving 78.4/82.1% top-1 accuracy on ImagegNet-1K at the cost of only 0.7/1.9 GMACs. Codes will be released on github.","@InProceedings{Zhou_2025_CVPR, author = {Zhou, Yuan and Xu, Qingshan and Cui, Jiequan and Zhou, Junbao and Zhang, Jing and Hong, Richang and Zhang, Hanwang}, title = {CARE Transformer: Mobile-Friendly Linear Visual Transformer via Decoupled Dual Interaction}, booktitle = {Proceedings of the Computer Vision and Pattern Recognition Conference (CVPR)}, month = {June}, year = {2025}, pages = {20135-20145} }"
Jung_Two_is_Better_than_One__Efficient_Ensemble_Defense_for_CVPR_2025_paper,2025,0,Efficiency_Compression,Efficiency_Compression|Trustworthy_Security_Privacy,17.0,0.294,Two is Better than One: Efficient Ensemble Defense for Robust and Compact Models,Yoojin Jung; Byung Cheol Song,2,9696-9706,True,https://openaccess.thecvf.com/content/CVPR2025/papers/Jung_Two_is_Better_than_One__Efficient_Ensemble_Defense_for_CVPR_2025_paper.pdf,https://openaccess.thecvf.com/content/CVPR2025/supplemental/Jung_Two_is_Better_CVPR_2025_supplemental.pdf,https://openaccess.thecvf.com/content/CVPR2025/html/Jung_Two_is_Better_than_One__Efficient_Ensemble_Defense_for_CVPR_2025_paper.html,"Deep learning-based computer vision systems adopt complex and large architectures to improve performance, yet they face challenges in deployment on resource-constrained mobile and edge devices. To address this issue, model compression techniques such as pruning, quantization, and matrix factorization have been proposed; however, these compressed models are often highly vulnerable to adversarial attacks. We introduce the Efficient Ensemble Defense (EED) technique, which diversifies the compression of a single base model based on different pruning importance scores and enhances ensemble diversity to achieve high adversarial robustness and resource efficiency. EED dynamically determines the number of necessary sub-models during the inference stage, minimizing unnecessary computations while maintaining high robustness. On the CIFAR-10 and SVHN datasets, EED demonstrated state-of-the-art robustness performance compared to existing adversarial pruning techniques, along with an inference speed improvement of up to 1.86 times. This proves that EED is a powerful defense solution in resource-constrained environments.","@InProceedings{Jung_2025_CVPR, author = {Jung, Yoojin and Song, Byung Cheol}, title = {Two is Better than One: Efficient Ensemble Defense for Robust and Compact Models}, booktitle = {Proceedings of the Computer Vision and Pattern Recognition Conference (CVPR)}, month = {June}, year = {2025}, pages = {9696-9706} }"
del_Rio_Data_Distributional_Properties_As_Inductive_Bias_for_Systematic_Generalization_CVPR_2025_paper,2025,1,Trustworthy_Security_Privacy,Trustworthy_Security_Privacy,9.0,0.778,Data Distributional Properties As Inductive Bias for Systematic Generalization,Felipe del Rio; Alain Raymond-Saez; Daniel Florea; Rodrigo Toro Icarte; Julio Hurtado; Cristian B. Calderon; Alvaro Soto,7,25590-25601,True,https://openaccess.thecvf.com/content/CVPR2025/papers/del_Rio_Data_Distributional_Properties_As_Inductive_Bias_for_Systematic_Generalization_CVPR_2025_paper.pdf,https://openaccess.thecvf.com/content/CVPR2025/supplemental/del_Rio_Data_Distributional_Properties_CVPR_2025_supplemental.pdf,https://openaccess.thecvf.com/content/CVPR2025/html/del_Rio_Data_Distributional_Properties_As_Inductive_Bias_for_Systematic_Generalization_CVPR_2025_paper.html,"Deep neural networks (DNNs) struggle at systematic generalization (SG). Several studies have evaluated the possibility of promoting SG through the proposal of novel architectures, loss functions, or training methodologies. Few studies, however, have focused on the role of training data properties in promoting SG. In this work, we investigate the impact of certain data distributional properties, as inductive biases for the SG ability of a multi-modal language model. To this end, we study three different properties. First, data diversity, instantiated as an increase in the possible values a latent property in the training distribution may take. Second, burstiness, where we probabilistically restrict the number of possible values of latent factors on particular inputs during training. Third, latent intervention, where a particular latent factor is altered randomly during training. We find that all three factors significantly enhance SG, with diversity contributing an 89% absolute increase in accuracy in the most affected property. Through a series of experiments, we test various hypotheses to understand why these properties promote SG. Finally, we find that Normalized Mutual Information (NMI) between latent attributes in the training distribution is strongly predictive of out-of-distribution generalization. We find that a mechanism by which lower NMI induces SG is in the geometry of representations. In particular, we find that NMI induces more parallelism in neural representations (i.e., input features coded in parallel neural vectors) of the model, a property related to the capacity of reasoning by analogy.","@InProceedings{del_Rio_2025_CVPR, author = {del Rio, Felipe and Raymond-Saez, Alain and Florea, Daniel and Icarte, Rodrigo Toro and Hurtado, Julio and Calderon, Cristian B. and Soto, Alvaro}, title = {Data Distributional Properties As Inductive Bias for Systematic Generalization}, booktitle = {Proceedings of the Computer Vision and Pattern Recognition Conference (CVPR)}, month = {June}, year = {2025}, pages = {25590-25601} }"
Zhang_Anyattack_Towards_Large-scale_Self-supervised_Adversarial_Attacks_on_Vision-language_Models_CVPR_2025_paper,2025,0,Vision_Language_Multimodal,Vision_Language_Multimodal|SelfSupervised_Representation|Trustworthy_Security_Privacy,27.0,0.37,Anyattack: Towards Large-scale Self-supervised Adversarial Attacks on Vision-language Models,Jiaming Zhang; Junhong Ye; Xingjun Ma; Yige Li; Yunfan Yang; Yunhao Chen; Jitao Sang; Dit-Yan Yeung,8,19900-19909,True,https://openaccess.thecvf.com/content/CVPR2025/papers/Zhang_Anyattack_Towards_Large-scale_Self-supervised_Adversarial_Attacks_on_Vision-language_Models_CVPR_2025_paper.pdf,,https://openaccess.thecvf.com/content/CVPR2025/html/Zhang_Anyattack_Towards_Large-scale_Self-supervised_Adversarial_Attacks_on_Vision-language_Models_CVPR_2025_paper.html,"Due to their multimodal capabilities, Vision-Language Models (VLMs) have found numerous impactful applications in real-world scenarios. However, recent studies have revealed that VLMs are vulnerable to image-based adversarial attacks. Traditional targeted adversarial attacks require specific targets and labels, limiting their real-world impact. We present AnyAttack, a self-supervised framework that transcends the limitations of conventional attacks through a novel foundation model approach. By pre-training on the massive LAION-400M dataset without label supervision, AnyAttack achieves unprecedented flexibility - enabling any image to be transformed into an attack vector targeting any desired output across different VLMs. This approach fundamentally changes the threat landscape, making adversarial capabilities accessible at an unprecedented scale. Our extensive validation across five open-source VLMs (CLIP, BLIP, BLIP2, InstructBLIP, and MiniGPT-4) demonstrates AnyAttack's effectiveness across diverse multimodal tasks. Most concerning, AnyAttack seamlessly transfers to commercial systems including Google Gemini, Claude Sonnet, Microsoft Copilot and OpenAI GPT, revealing a systemic vulnerability requiring immediate attention.","@InProceedings{Zhang_2025_CVPR, author = {Zhang, Jiaming and Ye, Junhong and Ma, Xingjun and Li, Yige and Yang, Yunfan and Chen, Yunhao and Sang, Jitao and Yeung, Dit-Yan}, title = {Anyattack: Towards Large-scale Self-supervised Adversarial Attacks on Vision-language Models}, booktitle = {Proceedings of the Computer Vision and Pattern Recognition Conference (CVPR)}, month = {June}, year = {2025}, pages = {19900-19909} }"
Gallagher-Syed_BioX-CPath_Biologically-driven_Explainable_Diagnostics_for_Multistain_IHC_Computational_Pathology_CVPR_2025_paper,2025,0,Medical_Bio_RemoteSensing,Medical_Bio_RemoteSensing|Trustworthy_Security_Privacy,17.0,0.294,BioX-CPath: Biologically-driven Explainable Diagnostics for Multistain IHC Computational Pathology,Amaya Gallagher-Syed; Henry Senior; Omnia Alwazzan; Elena Pontarini; Michele Bombardieri; Costantino Pitzalis; Myles J. Lewis; Michael R. Barnes; Luca Rossi; Gregory Slabaugh,10,10372-10383,True,https://openaccess.thecvf.com/content/CVPR2025/papers/Gallagher-Syed_BioX-CPath_Biologically-driven_Explainable_Diagnostics_for_Multistain_IHC_Computational_Pathology_CVPR_2025_paper.pdf,https://openaccess.thecvf.com/content/CVPR2025/supplemental/Gallagher-Syed_BioX-CPath_Biologically-driven_Explainable_CVPR_2025_supplemental.pdf,https://openaccess.thecvf.com/content/CVPR2025/html/Gallagher-Syed_BioX-CPath_Biologically-driven_Explainable_Diagnostics_for_Multistain_IHC_Computational_Pathology_CVPR_2025_paper.html,"The development of biologically interpretable and explainable models remains a key challenge in computational pathology, particularly for multistain immunohistochemistry (IHC) analysis. We present BioX-CPath, an explainable graph neural network architecture for whole slide image (WSI) classification that leverages both spatial and semantic features across multiple stains. At its core, BioXCPath introduces a novel Stain-Aware Attention Pooling (SAAP) module that generates biologically meaningful, stain-aware patient embeddings. Our approach achieves state-of-the-art performance on both Rheumatoid Arthritis and Sjogren's Disease multistain datasets. Beyond performance metrics, BioX-CPath provides interpretable insights through stain attention scores, entropy measures, and stain interaction scores, that permit measuring model alignment with known pathological mechanisms. This biological grounding, combined with strong classification performance, makes BioX-CPath particularly suitable for clinical applications where interpretability is key. Source code and documentation can be found at: https://github.com/AmayaGS/BioX-CPath.","@InProceedings{Gallagher-Syed_2025_CVPR, author = {Gallagher-Syed, Amaya and Senior, Henry and Alwazzan, Omnia and Pontarini, Elena and Bombardieri, Michele and Pitzalis, Costantino and Lewis, Myles J. and Barnes, Michael R. and Rossi, Luca and Slabaugh, Gregory}, title = {BioX-CPath: Biologically-driven Explainable Diagnostics for Multistain IHC Computational Pathology}, booktitle = {Proceedings of the Computer Vision and Pattern Recognition Conference (CVPR)}, month = {June}, year = {2025}, pages = {10372-10383} }"
Park_No_Thing_Nothing_Highlighting_Safety-Critical_Classes_for_Robust_LiDAR_Semantic_CVPR_2025_paper,2025,0,Segmentation,Segmentation|Autonomous_Driving|Trustworthy_Security_Privacy,20.0,0.1,"No Thing, Nothing: Highlighting Safety-Critical Classes for Robust LiDAR Semantic Segmentation in Adverse Weather",Junsung Park; Hwijeong Lee; Inha Kang; Hyunjung Shim,4,6690-6699,True,https://openaccess.thecvf.com/content/CVPR2025/papers/Park_No_Thing_Nothing_Highlighting_Safety-Critical_Classes_for_Robust_LiDAR_Semantic_CVPR_2025_paper.pdf,https://openaccess.thecvf.com/content/CVPR2025/supplemental/Park_No_Thing_Nothing_CVPR_2025_supplemental.pdf,https://openaccess.thecvf.com/content/CVPR2025/html/Park_No_Thing_Nothing_Highlighting_Safety-Critical_Classes_for_Robust_LiDAR_Semantic_CVPR_2025_paper.html,"Existing domain generalization methods for LiDAR semantic segmentation under adverse weather struggle to accurately predict ""things"" categories compared to ""stuff"" categories. In typical driving scenes, ""things"" categories can be dynamic and associated with higher collision risks, making them crucial for safe navigation and planning. Recognizing the importance of ""things"" categories, we identify their performance drop as a serious bottleneck in existing approaches. We observed that adverse weather induces degradation of semantic-level features and both corruption of local features, leading to a misprediction of ""things"" as ""stuff"". To mitigate these corruptions, we suggests our method, NTN - segmeNt Things for No-accident. To address semantic-level feature corruption, we bind each point feature to its superclass, preventing the misprediction of things classes into visually dissimilar categories. Additionally, to enhance robustness against local corruption caused by adverse weather, we define each LiDAR beam as a local region and propose a regularization term that aligns the clean data with its corrupted counterpart in feature space. NTN achieves state-of-the-art performance with a +2.6 mIoU gain on the SemanticKITTI-to-SemanticSTF benchmark and +7.9 mIoU on the SemanticPOSS-to-SemanticSTF benchmark. Notably, NTN achieves a +4.8 and +7.9 mIoU improvement on ""things"" classes, respectively, highlighting its effectiveness.","@InProceedings{Park_2025_CVPR, author = {Park, Junsung and Lee, Hwijeong and Kang, Inha and Shim, Hyunjung}, title = {No Thing, Nothing: Highlighting Safety-Critical Classes for Robust LiDAR Semantic Segmentation in Adverse Weather}, booktitle = {Proceedings of the Computer Vision and Pattern Recognition Conference (CVPR)}, month = {June}, year = {2025}, pages = {6690-6699} }"
Park_Mind_the_Gap_Detecting_Black-box_Adversarial_Attacks_in_the_Making_CVPR_2025_paper,2025,1,Trustworthy_Security_Privacy,Trustworthy_Security_Privacy,15.0,0.933,Mind the Gap: Detecting Black-box Adversarial Attacks in the Making through Query Update Analysis,Jeonghwan Park; Niall McLaughlin; Ihsen Alouani,3,10235-10243,True,https://openaccess.thecvf.com/content/CVPR2025/papers/Park_Mind_the_Gap_Detecting_Black-box_Adversarial_Attacks_in_the_Making_CVPR_2025_paper.pdf,https://openaccess.thecvf.com/content/CVPR2025/supplemental/Park_Mind_the_Gap_CVPR_2025_supplemental.pdf,https://openaccess.thecvf.com/content/CVPR2025/html/Park_Mind_the_Gap_Detecting_Black-box_Adversarial_Attacks_in_the_Making_CVPR_2025_paper.html,"Adversarial attacks remain a significant threat that can jeopardize the integrity of Machine Learning (ML) models. In particular, query-based black-box attacks can generate malicious noise without having access to the victim model's architecture, making them practical in real-world contexts. The community has proposed several defenses against adversarial attacks, only to be broken by more advanced and adaptive attack strategies. In this paper, we propose a framework that detects if an adversarial noise instance is being generated. Unlike existing stateful defenses that detect adversarial noise generation by monitoring the input space, our approach learns adversarial patterns in the input update similarity space. In fact, we propose to observe a new metric called Delta Similarity (DS), which we show it captures more efficiently the adversarial behavior.We evaluate our approach against 8 state-of-the-art attacks, including adaptive attacks, where the adversary is aware of the defense and tries to evade detection. We find that our approach is significantly more robust than existing defenses both in terms of specificity and sensitivity.","@InProceedings{Park_2025_CVPR, author = {Park, Jeonghwan and McLaughlin, Niall and Alouani, Ihsen}, title = {Mind the Gap: Detecting Black-box Adversarial Attacks in the Making through Query Update Analysis}, booktitle = {Proceedings of the Computer Vision and Pattern Recognition Conference (CVPR)}, month = {June}, year = {2025}, pages = {10235-10243} }"
Park_Dynamic_Pseudo_Labeling_via_Gradient_Cutting_for_High-Low_Entropy_Exploration_CVPR_2025_paper,2025,1,Trustworthy_Security_Privacy,Trustworthy_Security_Privacy,2.0,0.5,Dynamic Pseudo Labeling via Gradient Cutting for High-Low Entropy Exploration,Jae Hyeon Park; Joo Hyeon Jeon; Jae Yun Lee; Sangyeon Ahn; Min Hee Cha; Min Geol Kim; Hyeok Nam; Sung In Cho,8,20602-20611,True,https://openaccess.thecvf.com/content/CVPR2025/papers/Park_Dynamic_Pseudo_Labeling_via_Gradient_Cutting_for_High-Low_Entropy_Exploration_CVPR_2025_paper.pdf,https://openaccess.thecvf.com/content/CVPR2025/supplemental/Park_Dynamic_Pseudo_Labeling_CVPR_2025_supplemental.pdf,https://openaccess.thecvf.com/content/CVPR2025/html/Park_Dynamic_Pseudo_Labeling_via_Gradient_Cutting_for_High-Low_Entropy_Exploration_CVPR_2025_paper.html,"This study addresses the limitations of existing dynamic pseudo-labeling (DPL) techniques, which often utilize static or dynamic thresholds for confident sample selection. The existing methods fail to capture the non-linear relationship between task accuracy and model confidence, particularly in the context of overconfidence. This can limit the model's learning opportunities for high entropy samples that significantly influence a model's generalization ability. To solve this, we propose a novel gradient pass-based DPL technique that incorporates the high-entropy samples, which are typically overlooked. Our approach introduces two classifiers--low gradient pass (LGP) and high gradient pass (HGP)--to derive over- and under-confident dynamic thresholds that indicate the class-wise overconfidence acceleration, respectively. By combining the under- and over-confident states from the GP classifiers, we create a more adaptive and accurate PL method. Our main contributions highlight the importance of considering both low and high-confidence samples in enhancing the model's robustness and generalization for improved PL performance.","@InProceedings{Park_2025_CVPR, author = {Park, Jae Hyeon and Jeon, Joo Hyeon and Lee, Jae Yun and Ahn, Sangyeon and Cha, Min Hee and Kim, Min Geol and Nam, Hyeok and Cho, Sung In}, title = {Dynamic Pseudo Labeling via Gradient Cutting for High-Low Entropy Exploration}, booktitle = {Proceedings of the Computer Vision and Pattern Recognition Conference (CVPR)}, month = {June}, year = {2025}, pages = {20602-20611} }"
Xing_RAEncoder_A_Label-Free_Reversible_Adversarial_Examples_Encoder_for_Dataset_Intellectual_CVPR_2025_paper,2025,1,Trustworthy_Security_Privacy,Trustworthy_Security_Privacy,17.0,0.824,RAEncoder: A Label-Free Reversible Adversarial Examples Encoder for Dataset Intellectual Property Protection,Fan Xing; Zhuo Tian; Xuefeng Fan; Xiaoyi Zhou,4,20665-20674,True,https://openaccess.thecvf.com/content/CVPR2025/papers/Xing_RAEncoder_A_Label-Free_Reversible_Adversarial_Examples_Encoder_for_Dataset_Intellectual_CVPR_2025_paper.pdf,https://openaccess.thecvf.com/content/CVPR2025/supplemental/Xing_RAEncoder_A_Label-Free_CVPR_2025_supplemental.pdf,https://openaccess.thecvf.com/content/CVPR2025/html/Xing_RAEncoder_A_Label-Free_Reversible_Adversarial_Examples_Encoder_for_Dataset_Intellectual_CVPR_2025_paper.html,"Reversible Adversarial Examples (RAE) are designed to protect the intellectual property of datasets. Such examples can function as imperceptible adversarial examples to erode the model performance of unauthorized users while allowing authorized users to remove the adversarial perturbations and recover the original samples for normal model training. With the rise of Self-Supervised Learning (SSL), an increasing number of unlabeled datasets and pre-trained encoders are available in the community. However, existing RAE methods not only rely on well-labeled datasets for training Supervised Learning (SL) models but also exhibit poor adversarial transferability when attacking SSL pre-trained encoders. To address these challenges, we propose RAEncoder, the first framework for RAEs without the need for labeled samples. RAEncoder aims to generate universal adversarial perturbations by targeting SSL pre-trained encoders. Unlike traditional RAE approaches, the pre-trained encoder outputs the feature distribution of the protected dataset rather than classification labels, enhancing both the attack success rate and transferability of RAEs. Extensive experiments are conducted on six pre-trained encoders and four SL models, covering aspects such as imperceptibility and transferability. Our results demonstrate that RAEncoder effectively protects unlabeled datasets from malicious infringements. Additional robustness experiments further confirm the security of RAEncoder in practical application scenarios.","@InProceedings{Xing_2025_CVPR, author = {Xing, Fan and Tian, Zhuo and Fan, Xuefeng and Zhou, Xiaoyi}, title = {RAEncoder: A Label-Free Reversible Adversarial Examples Encoder for Dataset Intellectual Property Protection}, booktitle = {Proceedings of the Computer Vision and Pattern Recognition Conference (CVPR)}, month = {June}, year = {2025}, pages = {20665-20674} }"
Zhang_Towards_Fine-Grained_Interpretability_Counterfactual_Explanations_for_Misclassification_with_Saliency_Partition_CVPR_2025_paper,2025,0,Recognition_Classification,Recognition_Classification|Trustworthy_Security_Privacy|Segmentation,18.0,0.333,Towards Fine-Grained Interpretability: Counterfactual Explanations for Misclassification with Saliency Partition,Lintong Zhang; Kang Yin; Seong-Whan Lee,3,30053-30062,True,https://openaccess.thecvf.com/content/CVPR2025/papers/Zhang_Towards_Fine-Grained_Interpretability_Counterfactual_Explanations_for_Misclassification_with_Saliency_Partition_CVPR_2025_paper.pdf,https://openaccess.thecvf.com/content/CVPR2025/supplemental/Zhang_Towards_Fine-Grained_Interpretability_CVPR_2025_supplemental.pdf,https://openaccess.thecvf.com/content/CVPR2025/html/Zhang_Towards_Fine-Grained_Interpretability_Counterfactual_Explanations_for_Misclassification_with_Saliency_Partition_CVPR_2025_paper.html,"Attribution-based explanation techniques capture key patterns to enhance visual interpretability. However, these patterns often lack the granularity needed for insight in fine-grained tasks, particularly in cases of model misclassification, where explanations may be insufficiently detailed. To address this limitation, we propose a fine-grained counterfactual explanation framework that generates both object-level and part-level interpretability, addressing two fundamental questions: (1) which fine-grained features contribute to model misclassification, and (2) where dominant local features influence counterfactual adjustments. Our approach yields explainable counterfactuals in a non-generative manner by quantifying similarity and weighting component contributions within regions of interest between correctly classified and misclassified samples. Furthermore, we introduce an importance-isolation module grounded in Shapley value contributions, isolating features with region-specific relevance. Extensive experiments demonstrate the superiority of our approach in capturing more granular, intuitively meaningful regions, surpassing fine-grained methods.","@InProceedings{Zhang_2025_CVPR, author = {Zhang, Lintong and Yin, Kang and Lee, Seong-Whan}, title = {Towards Fine-Grained Interpretability: Counterfactual Explanations for Misclassification with Saliency Partition}, booktitle = {Proceedings of the Computer Vision and Pattern Recognition Conference (CVPR)}, month = {June}, year = {2025}, pages = {30053-30062} }"
Li_Let_Samples_Speak_Mitigating_Spurious_Correlation_by_Exploiting_the_Clusterness_CVPR_2025_paper,2025,1,Trustworthy_Security_Privacy,Trustworthy_Security_Privacy,9.0,1.0,Let Samples Speak: Mitigating Spurious Correlation by Exploiting the Clusterness of Samples,Weiwei Li; Junzhuo Liu; Yuanyuan Ren; Yuchen Zheng; Yahao Liu; Wen Li,6,15486-15496,True,https://openaccess.thecvf.com/content/CVPR2025/papers/Li_Let_Samples_Speak_Mitigating_Spurious_Correlation_by_Exploiting_the_Clusterness_CVPR_2025_paper.pdf,https://openaccess.thecvf.com/content/CVPR2025/supplemental/Li_Let_Samples_Speak_CVPR_2025_supplemental.pdf,https://openaccess.thecvf.com/content/CVPR2025/html/Li_Let_Samples_Speak_Mitigating_Spurious_Correlation_by_Exploiting_the_Clusterness_CVPR_2025_paper.html,"Deep learning models are known to often learn features that spuriously correlate with the class label during training but are irrelevant to the prediction task. Existing methods typically address this issue by annotating potential spurious attributes, or filtering spurious features based on some empirical assumptions (e.g., simplicity of bias). However, these methods may yield unsatisfying performance due to the intricate and elusive nature of spurious correlations in real-world data. In this paper, we propose a data-oriented approach to mitigate the spurious correlation in deep learning models. We observe that samples that are influenced by spurious features tend to exhibit a dispersed distribution in the learned feature space. This allows us to identify the presence of spurious features. Subsequently, we obtain a bias-invariant representation by neutralizing the spuriousfeatures based on a simple grouping strategy. Then, we learn a feature transformation to eliminate the spuriousfeatures by aligning with this bias-invariant representation. Finally, we update the classifier by incorporating the learned feature transformation and obtain an unbiased model. By integrating the aforementioned identifying, neutralizing, eliminating and updating procedures, we build an effective pipeline for mitigating spurious correlation. Experiments on image and NLP debiasing benchmarks show an improvement in worst group accuracy of more than 20% compared to standard empirical risk minimization (ERM). Codes and checkpoints are available at https://github.com/davelee-uestc/nsf_debiasing.","@InProceedings{Li_2025_CVPR, author = {Li, Weiwei and Liu, Junzhuo and Ren, Yuanyuan and Zheng, Yuchen and Liu, Yahao and Li, Wen}, title = {Let Samples Speak: Mitigating Spurious Correlation by Exploiting the Clusterness of Samples}, booktitle = {Proceedings of the Computer Vision and Pattern Recognition Conference (CVPR)}, month = {June}, year = {2025}, pages = {15486-15496} }"
Donnelly_Rashomon_Sets_for_Prototypical-Part_Networks_Editing_Interpretable_Models_in_Real-Time_CVPR_2025_paper,2025,1,Trustworthy_Security_Privacy,Trustworthy_Security_Privacy,11.0,0.909,Rashomon Sets for Prototypical-Part Networks: Editing Interpretable Models in Real-Time,Jon Donnelly; Zhicheng Guo; Alina Jade Barnett; Hayden McTavish; Chaofan Chen; Cynthia Rudin,6,4528-4538,True,https://openaccess.thecvf.com/content/CVPR2025/papers/Donnelly_Rashomon_Sets_for_Prototypical-Part_Networks_Editing_Interpretable_Models_in_Real-Time_CVPR_2025_paper.pdf,https://openaccess.thecvf.com/content/CVPR2025/supplemental/Donnelly_Rashomon_Sets_for_CVPR_2025_supplemental.pdf,https://openaccess.thecvf.com/content/CVPR2025/html/Donnelly_Rashomon_Sets_for_Prototypical-Part_Networks_Editing_Interpretable_Models_in_Real-Time_CVPR_2025_paper.html,"Interpretability is critical for machine learning models in high-stakes settings because it allows users to verify the model's reasoning. In computer vision, prototypical part models (ProtoPNets) have become the dominant model type to meet this need. Users can easily identify flaws in ProtoPNets, but fixing problems in a ProtoPNet requires slow, difficult retraining that is not guaranteed to resolve the issue. This problem is called the ""interaction bottleneck."" We solve the interaction bottleneck for ProtoPNets by simultaneously finding many equally good ProtoPNets (i.e., a draw from a ""Rashomon set""). We show that our framework - called Proto-RSet - quickly produces many accurate, diverse ProtoPNets, allowing users to correct problems in real time while maintaining performance guarantees with respect to the training set. We demonstrate the utility of this method in two settings: 1) removing synthetic bias introduced to a bird-identification model and 2) debugging a skin cancer identification model. This tool empowers non-machine-learning experts, such as clinicians or domain experts, to quickly refine and correct machine learning models without repeated retraining by machine learning experts.","@InProceedings{Donnelly_2025_CVPR, author = {Donnelly, Jon and Guo, Zhicheng and Barnett, Alina Jade and McTavish, Hayden and Chen, Chaofan and Rudin, Cynthia}, title = {Rashomon Sets for Prototypical-Part Networks: Editing Interpretable Models in Real-Time}, booktitle = {Proceedings of the Computer Vision and Pattern Recognition Conference (CVPR)}, month = {June}, year = {2025}, pages = {4528-4538} }"
Zhang_EVOS_Efficient_Implicit_Neural_Training_via_EVOlutionary_Selector_CVPR_2025_paper,2025,1,Trustworthy_Security_Privacy,Trustworthy_Security_Privacy,3.0,0.333,EVOS: Efficient Implicit Neural Training via EVOlutionary Selector,Weixiang Zhang; Shuzhao Xie; Chengwei Ren; Siyi Xie; Chen Tang; Shijia Ge; Mingzi Wang; Zhi Wang,8,30472-30482,True,https://openaccess.thecvf.com/content/CVPR2025/papers/Zhang_EVOS_Efficient_Implicit_Neural_Training_via_EVOlutionary_Selector_CVPR_2025_paper.pdf,https://openaccess.thecvf.com/content/CVPR2025/supplemental/Zhang_EVOS_Efficient_Implicit_CVPR_2025_supplemental.pdf,https://openaccess.thecvf.com/content/CVPR2025/html/Zhang_EVOS_Efficient_Implicit_Neural_Training_via_EVOlutionary_Selector_CVPR_2025_paper.html,"We propose EVOlutionary Selector (EVOS), an efficient training paradigm for accelerating Implicit Neural Representation (INR). Unlike conventional INR training that feeds all samples through the neural network in each iteration, our approach restricts training to strategically selected points, reducing computational overhead by eliminating redundant forward passes.Specifically, we treat each sample as an individual in an evolutionary process, where only those fittest ones survive and merit inclusion in training, adaptively evolving with the neural network dynamics. While this is conceptually similar to Evolutionary Algorithms, their distinct objectives (selection for acceleration vs. iterative solution optimization) require a fundamental redefinition of evolutionary mechanisms for our context.In response, we design sparse fitness evaluation, frequency-guided crossover, and augmented unbiased mutation to comprise EVOS. These components respectively guide sample selection with reduced computational cost, enhance performance through frequency-domain balance, and mitigate selection bias from cached evaluation. Extensive experiments demonstrate that our method achieves approximately 48%-66% reduction in training time while ensuring superior convergence without additional cost, establishing state-of-the-art acceleration among recent sampling-based strategies.","@InProceedings{Zhang_2025_CVPR, author = {Zhang, Weixiang and Xie, Shuzhao and Ren, Chengwei and Xie, Siyi and Tang, Chen and Ge, Shijia and Wang, Mingzi and Wang, Zhi}, title = {EVOS: Efficient Implicit Neural Training via EVOlutionary Selector}, booktitle = {Proceedings of the Computer Vision and Pattern Recognition Conference (CVPR)}, month = {June}, year = {2025}, pages = {30472-30482} }"
Xie_dFLMoE_Decentralized_Federated_Learning_via_Mixture_of_Experts_for_Medical_CVPR_2025_paper,2025,1,Trustworthy_Security_Privacy,Trustworthy_Security_Privacy,23.0,0.913,dFLMoE: Decentralized Federated Learning via Mixture of Experts for Medical Data Analysis,Luyuan Xie; Tianyu Luan; Wenyuan Cai; Guochen Yan; Zhaoyu Chen; Nan Xi; Yuejian Fang; Qingni Shen; Zhonghai Wu; Junsong Yuan,10,10203-10213,True,https://openaccess.thecvf.com/content/CVPR2025/papers/Xie_dFLMoE_Decentralized_Federated_Learning_via_Mixture_of_Experts_for_Medical_CVPR_2025_paper.pdf,https://openaccess.thecvf.com/content/CVPR2025/supplemental/Xie_dFLMoE_Decentralized_Federated_CVPR_2025_supplemental.pdf,https://openaccess.thecvf.com/content/CVPR2025/html/Xie_dFLMoE_Decentralized_Federated_Learning_via_Mixture_of_Experts_for_Medical_CVPR_2025_paper.html,"Federated learning has wide applications in the medical field. It enables knowledge sharing among different healthcare institutes while protecting patients' privacy. However, existing federated learning systems are typically centralized, requiring clients to upload client-specific knowledge to a central server for aggregation. This centralized approach would integrate the knowledge from each client into a centralized server, and the knowledge would be already undermined during the centralized integration before it reaches back to each client. Besides, the centralized approach also creates a dependency on the central server, which may affect training stability if the server malfunctions or connections are unstable. To address these issues, we propose a decentralized federated learning framework named dFLMoE. In our framework, clients directly exchange lightweight head models with each other. After exchanging, each client treats both local and received head models as individual experts, and utilizes a client-specific Mixture of Experts (MoE) approach to make collective decisions. This design not only reduces the knowledge damage with client-specific aggregations but also removes the dependency on the central server to enhance the robustness of the framework. We validate our framework on multiple medical tasks, demonstrating that our method evidently outperforms state-of-the-art approaches under both model homogeneity and heterogeneity settings.","@InProceedings{Xie_2025_CVPR, author = {Xie, Luyuan and Luan, Tianyu and Cai, Wenyuan and Yan, Guochen and Chen, Zhaoyu and Xi, Nan and Fang, Yuejian and Shen, Qingni and Wu, Zhonghai and Yuan, Junsong}, title = {dFLMoE: Decentralized Federated Learning via Mixture of Experts for Medical Data Analysis}, booktitle = {Proceedings of the Computer Vision and Pattern Recognition Conference (CVPR)}, month = {June}, year = {2025}, pages = {10203-10213} }"
Mao_OSV_One_Step_is_Enough_for_High-Quality_Image_to_Video_CVPR_2025_paper,2025,0,Video_Action_Recognition,Video_Action_Recognition|Diffusion_Generative|Trustworthy_Security_Privacy,12.0,0.25,OSV: One Step is Enough for High-Quality Image to Video Generation,Xiaofeng Mao; Zhengkai Jiang; Fu-yun Wang; Jiangning Zhang; Hao Chen; Mingmin Chi; Yabiao Wang; Wenhan Luo,8,12585-12594,True,https://openaccess.thecvf.com/content/CVPR2025/papers/Mao_OSV_One_Step_is_Enough_for_High-Quality_Image_to_Video_CVPR_2025_paper.pdf,https://openaccess.thecvf.com/content/CVPR2025/supplemental/Mao_OSV_One_Step_CVPR_2025_supplemental.zip,https://openaccess.thecvf.com/content/CVPR2025/html/Mao_OSV_One_Step_is_Enough_for_High-Quality_Image_to_Video_CVPR_2025_paper.html,"Video diffusion models have shown great potential in generating high-quality videos, making them an increasingly popular focus. However, their inherent iterative nature leads to substantial computational and time costs. Although techniques such as consistency distillation and adversarial training have been employed to accelerate video diffusion by reducing inference steps, these methods often simply transfer the generation approaches from Image diffusion models to video diffusion models. As a result, these methods frequently fall short in terms of both performance and training stability. In this work, we introduce a two-stage training framework that effectively combines consistency distillation with adversarial training to address these challenges. Additionally, we propose a novel video discriminator design, which eliminates the need for decoding the video latents and improves the final performance. Our model is capable of producing high-quality videos in merely one-step, with the flexibility to perform multi-step refinement for further performance enhancement. Our quantitative evaluation on the OpenVid-1M benchmark shows that our model significantly outperforms existing methods. Notably, our 1-step performance (FVD 171.15) exceeds the 8-step performance of the consistency distillation based method, AnimateLCM (FVD 184.79), and approaches the 25-step performance of advanced Stable Video Diffusion (FVD 156.94).","@InProceedings{Mao_2025_CVPR, author = {Mao, Xiaofeng and Jiang, Zhengkai and Wang, Fu-yun and Zhang, Jiangning and Chen, Hao and Chi, Mingmin and Wang, Yabiao and Luo, Wenhan}, title = {OSV: One Step is Enough for High-Quality Image to Video Generation}, booktitle = {Proceedings of the Computer Vision and Pattern Recognition Conference (CVPR)}, month = {June}, year = {2025}, pages = {12585-12594} }"
Xu_Deep_Fair_Multi-View_Clustering_with_Attention_KAN_CVPR_2025_paper,2025,1,Trustworthy_Security_Privacy,Trustworthy_Security_Privacy,3.0,1.0,Deep Fair Multi-View Clustering with Attention KAN,HaiMing Xu; Qianqian Wang; Boyue Wang; Quanxue Gao,4,5061-5070,True,https://openaccess.thecvf.com/content/CVPR2025/papers/Xu_Deep_Fair_Multi-View_Clustering_with_Attention_KAN_CVPR_2025_paper.pdf,,https://openaccess.thecvf.com/content/CVPR2025/html/Xu_Deep_Fair_Multi-View_Clustering_with_Attention_KAN_CVPR_2025_paper.html,"Multi-view clustering is effective in unsupervised multi-view data analysis and has received considerable attention. However, most existing methods excessively emphasize certain attributes, resulting in unfair clustering outcomes, i.e., certain sensitive attributes dominate the clustering results. Moreover, existing methods struggle to effectively capture complex nonlinear relationships and interactions across views, limiting their ability to achieve optimal clustering performance. Therefore, in this work, we propose a novel method, Deep Fair Multi-View Clustering with Attention Kolmogorov-Arnold Network (DFMVC-AKAN), to generate fair clustering results while maintaining robust performance. DFMVC-AKAN integrates attention mechanisms into Kolmogorov-Arnold Networks (KAN) to exploit the complex nonlinear inter-view relationships. Specifically, KAN provides a nonlinear feature representation capable of efficiently approximating arbitrary multivariate continuous functions, augmented by a hybrid attention mechanism which enables the model to dynamically focus on the most relevant features. Finally, we refine the clustering assignments with a distribution alignment module to ensure fair outcomes across diverse groups while maintaining discriminative ability. Experimental results on four datasets containing sensitive attributes demonstrate that DFMVC-AKAN significantly improves fairness and clustering performance compared to state-of-the-art methods.","@InProceedings{Xu_2025_CVPR, author = {Xu, HaiMing and Wang, Qianqian and Wang, Boyue and Gao, Quanxue}, title = {Deep Fair Multi-View Clustering with Attention KAN}, booktitle = {Proceedings of the Computer Vision and Pattern Recognition Conference (CVPR)}, month = {June}, year = {2025}, pages = {5061-5070} }"
Tong_On_the_Zero-shot_Adversarial_Robustness_of_Vision-Language_Models_A_Truly_CVPR_2025_paper,2025,1,Trustworthy_Security_Privacy,Trustworthy_Security_Privacy|Vision_Language_Multimodal,26.0,0.115,On the Zero-shot Adversarial Robustness of Vision-Language Models: A Truly Zero-shot and Training-free Approach,Baoshun Tong; Hanjiang Lai; Yan Pan; Jian Yin,4,19921-19930,True,https://openaccess.thecvf.com/content/CVPR2025/papers/Tong_On_the_Zero-shot_Adversarial_Robustness_of_Vision-Language_Models_A_Truly_CVPR_2025_paper.pdf,,https://openaccess.thecvf.com/content/CVPR2025/html/Tong_On_the_Zero-shot_Adversarial_Robustness_of_Vision-Language_Models_A_Truly_CVPR_2025_paper.html,"Pre-trained Vision-Language Models (VLMs) like CLIP, have demonstrated strong zero-shot generalization capabilities. Despite their effectiveness on various downstream tasks, they remain vulnerable to adversarial samples. Existing methods fine-tune VLMs to improve their performance via performing adversarial training on a certain dataset. However, this can lead to model overfitting and is not a true zero-shot scenario. In this paper, we propose a truly zero-shot and training-free approach that can significantly improve the VLM's zero-shot adversarial robustness. Specifically, we first discover that simply adding Gaussian noise greatly enhances the VLM's zero-shot performance. Then, we treat the adversarial examples with added Gaussian noise as anchors and strive to find a path in the embedding space that leads from the adversarial examples to the cleaner samples. We improve the VLMs' generalization abilities in a truly zero-shot and training-free manner compared to previous methods. Extensive experiments on 16 datasets demonstrate that our method can achieve state-of-the-art zero-shot robust performance, improving the top-1 robust accuracy by an average of 9.77%. The code will be publicly available.","@InProceedings{Tong_2025_CVPR, author = {Tong, Baoshun and Lai, Hanjiang and Pan, Yan and Yin, Jian}, title = {On the Zero-shot Adversarial Robustness of Vision-Language Models: A Truly Zero-shot and Training-free Approach}, booktitle = {Proceedings of the Computer Vision and Pattern Recognition Conference (CVPR)}, month = {June}, year = {2025}, pages = {19921-19930} }"
Sun_Towards_General_Visual-Linguistic_Face_Forgery_Detection_CVPR_2025_paper,2025,0,Face_Biometrics,Face_Biometrics|Trustworthy_Security_Privacy|LLM_Reasoning_Agent,33.0,0.394,Towards General Visual-Linguistic Face Forgery Detection,Ke Sun; Shen Chen; Taiping Yao; Ziyin Zhou; Jiayi Ji; Xiaoshuai Sun; Chia-Wen Lin; Rongrong Ji,8,19576-19586,True,https://openaccess.thecvf.com/content/CVPR2025/papers/Sun_Towards_General_Visual-Linguistic_Face_Forgery_Detection_CVPR_2025_paper.pdf,https://openaccess.thecvf.com/content/CVPR2025/supplemental/Sun_Towards_General_Visual-Linguistic_CVPR_2025_supplemental.pdf,https://openaccess.thecvf.com/content/CVPR2025/html/Sun_Towards_General_Visual-Linguistic_Face_Forgery_Detection_CVPR_2025_paper.html,"Face manipulation techniques have achieved significant advances, presenting serious challenges to security and social trust. Recent works demonstrate that leveraging multimodal models can enhance the generalization and interpretability of face forgery detection. However, existing annotation approaches, whether through human labeling or direct Multimodal Large Language Model (MLLM) generation, often suffer from hallucination issues, leading to inaccurate text descriptions, especially for high-quality forgeries. To address this, we propose Face Forgery Text Generator (FFTG), a novel annotation pipeline that generates accurate text descriptions by leveraging forgery masks for initial region and type identification, followed by a comprehensive prompting strategy to guide MLLMs in reducing hallucination. We validate our approach through fine-tuning both CLIP with a three-branch training framework combining unimodal and multimodal objectives, and MLLMs with our structured annotations. Experimental results demonstrate that our method not only achieves more accurate annotations with higher region identification accuracy, but also leads to improvements in model performance across various forgery detection benchmarks.","@InProceedings{Sun_2025_CVPR, author = {Sun, Ke and Chen, Shen and Yao, Taiping and Zhou, Ziyin and Ji, Jiayi and Sun, Xiaoshuai and Lin, Chia-Wen and Ji, Rongrong}, title = {Towards General Visual-Linguistic Face Forgery Detection}, booktitle = {Proceedings of the Computer Vision and Pattern Recognition Conference (CVPR)}, month = {June}, year = {2025}, pages = {19576-19586} }"
Kamberov_Doppelgangers_and_Adversarial_Vulnerability_CVPR_2025_paper,2025,1,Trustworthy_Security_Privacy,Trustworthy_Security_Privacy,9.0,1.0,Doppelgangers and Adversarial Vulnerability,George Kamberov,1,10244-10254,True,https://openaccess.thecvf.com/content/CVPR2025/papers/Kamberov_Doppelgangers_and_Adversarial_Vulnerability_CVPR_2025_paper.pdf,https://openaccess.thecvf.com/content/CVPR2025/supplemental/Kamberov_Doppelgangers_and_Adversarial_CVPR_2025_supplemental.pdf,https://openaccess.thecvf.com/content/CVPR2025/html/Kamberov_Doppelgangers_and_Adversarial_Vulnerability_CVPR_2025_paper.html,"Many machine learning (ML) classifiers are claimed to outperform humans, but they still make mistakes that humans do not. The most notorious examples of such mistakes are adversarial visual metamers. This paper aims to define and investigate the phenomenon of adversarial Doppelgangers (AD), which includes adversarial visual metamers, and to compare the performance and robustness of ML classifiers to human performance.We find that AD are inputs that are close to each other with respect to a perceptual metric defined in this paper, and show that AD are qualitatively different from the usual adversarial examples. The vast majority of classifiers are vulnerable to AD and robustness-accuracy trade-offs may not improve them. Some classification problems may not admit any AD robust classifiers because the underlying classes are ambiguous. We provide criteria that can be used to determine whether a classification problem is well defined or not; describe of an AD robust classifiers' structure and attributes; introduce and explore the notions of conceptual entropy and regions of conceptual ambiguity for classifiers that are vulnerable to AD attacks, along with methods to bound the AD fooling rate of an attack. We define the notion of classifiers that exhibit hyper-sensitive behavior, that is, classifiers whose only mistakes are adversarial Doppelgangers. Improving the AD robustness of hyper-sensitive classifiers proving accuracy. We identify conditions guaranteeing that all classifiers with sufficiently high accuracy are hyper-sensitive.","@InProceedings{Kamberov_2025_CVPR, author = {Kamberov, George}, title = {Doppelgangers and Adversarial Vulnerability}, booktitle = {Proceedings of the Computer Vision and Pattern Recognition Conference (CVPR)}, month = {June}, year = {2025}, pages = {10244-10254} }"
Afane_ATP_Adaptive_Threshold_Pruning_for_Efficient_Data_Encoding_in_Quantum_CVPR_2025_paper,2025,0,Efficiency_Compression,Efficiency_Compression|Trustworthy_Security_Privacy,8.0,0.0,ATP: Adaptive Threshold Pruning for Efficient Data Encoding in Quantum Neural Networks,Mohamed Afane; Gabrielle Ebbrecht; Ying Wang; Juntao Chen; Junaid Farooq,5,20427-20436,True,https://openaccess.thecvf.com/content/CVPR2025/papers/Afane_ATP_Adaptive_Threshold_Pruning_for_Efficient_Data_Encoding_in_Quantum_CVPR_2025_paper.pdf,,https://openaccess.thecvf.com/content/CVPR2025/html/Afane_ATP_Adaptive_Threshold_Pruning_for_Efficient_Data_Encoding_in_Quantum_CVPR_2025_paper.html,"Quantum Neural Networks (QNNs) offer promising capabilities for complex data tasks, but are often constrained by limited qubit resources and high entanglement, which can hinder scalability and efficiency. In this paper, we introduce Adaptive Threshold Pruning (ATP), an encoding method that reduces entanglement and optimizes data complexity for efficient computations in QNNs. ATP dynamically prunes non-essential features in the data based on adaptive thresholds, effectively reducing quantum circuit requirements while preserving high performance. Extensive experiments across multiple datasets demonstrate that ATP reduces entanglement entropy and improves adversarial robustness when combined with adversarial training methods like FGSM. Our results highlight ATP's ability to balance computational efficiency and model resilience, achieving significant performance improvements with fewer resources, which will help make QNNs more feasible in practical, resource-constrained settings.","@InProceedings{Afane_2025_CVPR, author = {Afane, Mohamed and Ebbrecht, Gabrielle and Wang, Ying and Chen, Juntao and Farooq, Junaid}, title = {ATP: Adaptive Threshold Pruning for Efficient Data Encoding in Quantum Neural Networks}, booktitle = {Proceedings of the Computer Vision and Pattern Recognition Conference (CVPR)}, month = {June}, year = {2025}, pages = {20427-20436} }"
Han_Towards_More_General_Video-based_Deepfake_Detection_through_Facial_Component_Guided_CVPR_2025_paper,2025,1,Trustworthy_Security_Privacy,Trustworthy_Security_Privacy|Face_Biometrics|SelfSupervised_Representation,20.0,0.1,Towards More General Video-based Deepfake Detection through Facial Component Guided Adaptation for Foundation Model,Yue-Hua Han; Tai-Ming Huang; Kai-Lung Hua; Jun-Cheng Chen,4,22995-23005,True,https://openaccess.thecvf.com/content/CVPR2025/papers/Han_Towards_More_General_Video-based_Deepfake_Detection_through_Facial_Component_Guided_CVPR_2025_paper.pdf,https://openaccess.thecvf.com/content/CVPR2025/supplemental/Han_Towards_More_General_CVPR_2025_supplemental.pdf,https://openaccess.thecvf.com/content/CVPR2025/html/Han_Towards_More_General_Video-based_Deepfake_Detection_through_Facial_Component_Guided_CVPR_2025_paper.html,"The current deep generative models have enabled the creation of synthetic facial images with remarkable photorealism, raising significant societal concerns over their potential misuse. Despite rapid advancements in the field of deepfake detection, developing an efficient and effective approach for the generalized deepfake detection of unseen forgery samples remains challenging. To address this challenge, we leverage the rich semantic priors of foundation models and propose a novel side-network-based decoder that extracts spatial and temporal cues using the CLIP image encoder for generalized video-based Deepfake detection. Additionally, we introduce Facial Component Guidance (FCG) to enhance spatial learning generalizability by encouraging the model to focus on key facial regions. By leveraging the generic features of a vision-language foundation model, our approach demonstrates promising generalizability on challenging Deepfake datasets while also exhibiting superiority in training data efficiency, parameter efficiency, and model robustness. The source code is available at: https://github.com/aiiu-lab/DFD-FCG.","@InProceedings{Han_2025_CVPR, author = {Han, Yue-Hua and Huang, Tai-Ming and Hua, Kai-Lung and Chen, Jun-Cheng}, title = {Towards More General Video-based Deepfake Detection through Facial Component Guided Adaptation for Foundation Model}, booktitle = {Proceedings of the Computer Vision and Pattern Recognition Conference (CVPR)}, month = {June}, year = {2025}, pages = {22995-23005} }"
He_AFL_A_Single-Round_Analytic_Approach_for_Federated_Learning_with_Pre-trained_CVPR_2025_paper,2025,1,Trustworthy_Security_Privacy,Trustworthy_Security_Privacy,15.0,1.0,AFL: A Single-Round Analytic Approach for Federated Learning with Pre-trained Models,Run He; Kai Tong; Di Fang; Han Sun; Ziqian Zeng; Haoran Li; Tianyi Chen; Huiping Zhuang,8,4988-4998,True,https://openaccess.thecvf.com/content/CVPR2025/papers/He_AFL_A_Single-Round_Analytic_Approach_for_Federated_Learning_with_Pre-trained_CVPR_2025_paper.pdf,https://openaccess.thecvf.com/content/CVPR2025/supplemental/He_AFL_A_Single-Round_CVPR_2025_supplemental.pdf,https://openaccess.thecvf.com/content/CVPR2025/html/He_AFL_A_Single-Round_Analytic_Approach_for_Federated_Learning_with_Pre-trained_CVPR_2025_paper.html,"In this paper, we introduce analytic federated learning (AFL), a new training paradigm that brings analytical (i.e., closed-form) solutions to the federated learning (FL) with pre-trained models. Our AFL draws inspiration from analytic learning---a gradient-free technique that trains neural networks with analytical solutions in one epoch. In the local client training stage, the AFL facilitates a one-epoch training, eliminating the necessity for multi-epoch updates. In the aggregation stage, we derive an absolute aggregation (AA) law. This AA law allows a single-round aggregation, reducing heavy communication overhead and achieving fast convergence by removing the need for multiple aggregation rounds. More importantly, the AFL exhibits a property that invariance to data partitioning, meaning that regardless of how the full dataset is distributed among clients, the aggregated result remains identical. This could spawn various potentials, such as data heterogeneity invariance and client-number invariance. We conduct experiments across various FL settings including extremely non-IID ones, and scenarios with a large number of clients (e.g., \ge 1000). In all these settings, our AFL constantly performs competitively while existing FL techniques encounter various obstacles.","@InProceedings{He_2025_CVPR, author = {He, Run and Tong, Kai and Fang, Di and Sun, Han and Zeng, Ziqian and Li, Haoran and Chen, Tianyi and Zhuang, Huiping}, title = {AFL: A Single-Round Analytic Approach for Federated Learning with Pre-trained Models}, booktitle = {Proceedings of the Computer Vision and Pattern Recognition Conference (CVPR)}, month = {June}, year = {2025}, pages = {4988-4998} }"
Tian_Towards_All-in-One_Medical_Image_Re-Identification_CVPR_2025_paper,2025,0,Tracking_MOT,Tracking_MOT|Medical_Bio_RemoteSensing|SelfSupervised_Representation|Trustworthy_Security_Privacy,15.0,0.2,Towards All-in-One Medical Image Re-Identification,Yuan Tian; Kaiyuan Ji; Rongzhao Zhang; Yankai Jiang; Chunyi Li; Xiaosong Wang; Guangtao Zhai,7,30774-30786,True,https://openaccess.thecvf.com/content/CVPR2025/papers/Tian_Towards_All-in-One_Medical_Image_Re-Identification_CVPR_2025_paper.pdf,https://openaccess.thecvf.com/content/CVPR2025/supplemental/Tian_Towards_All-in-One_Medical_CVPR_2025_supplemental.pdf,https://openaccess.thecvf.com/content/CVPR2025/html/Tian_Towards_All-in-One_Medical_Image_Re-Identification_CVPR_2025_paper.html,"Medical image re-identification (MedReID) is under-explored so far, despite its critical applications in personalized healthcare and privacy protection.In this paper, we introduce a thorough benchmark and a unified model for this problem.First, to handle various medical modalities, we propose a novel Continuous Modality-based Parameter Adapter (ComPA). ComPA condenses medical content into a continuous modality representation and dynamically adjusts the modality-agnostic model with modality-specific parameters at runtime. This allows a single model to adaptively learn and process diverse modality data.Furthermore, we integrate medical priors into our model by aligning it with a bag of pre-trained medical foundation models, in terms of the differential features.Compared to single-image feature, modeling the inter-image difference better fits the re-identification problem, which involves discriminating multiple images.We evaluate the proposed model against 25 foundation models and 8 large multi-modal language models across 11 image datasets, demonstrating consistently superior performance.Additionally, we deploy the proposed MedReID technique to two real-world applications, i.e., history-augmented personalized diagnosis and medical privacy protection.","@InProceedings{Tian_2025_CVPR, author = {Tian, Yuan and Ji, Kaiyuan and Zhang, Rongzhao and Jiang, Yankai and Li, Chunyi and Wang, Xiaosong and Zhai, Guangtao}, title = {Towards All-in-One Medical Image Re-Identification}, booktitle = {Proceedings of the Computer Vision and Pattern Recognition Conference (CVPR)}, month = {June}, year = {2025}, pages = {30774-30786} }"
Gui_I2VGuard_Safeguarding_Images_against_Misuse_in_Diffusion-based_Image-to-Video_Models_CVPR_2025_paper,2025,1,Trustworthy_Security_Privacy,Trustworthy_Security_Privacy|Video_Action_Recognition,11.0,0.091,I2VGuard: Safeguarding Images against Misuse in Diffusion-based Image-to-Video Models,Dongnan Gui; Xun Guo; Wengang Zhou; Yan Lu,4,12595-12604,True,https://openaccess.thecvf.com/content/CVPR2025/papers/Gui_I2VGuard_Safeguarding_Images_against_Misuse_in_Diffusion-based_Image-to-Video_Models_CVPR_2025_paper.pdf,https://openaccess.thecvf.com/content/CVPR2025/supplemental/Gui_I2VGuard_Safeguarding_Images_CVPR_2025_supplemental.pdf,https://openaccess.thecvf.com/content/CVPR2025/html/Gui_I2VGuard_Safeguarding_Images_against_Misuse_in_Diffusion-based_Image-to-Video_Models_CVPR_2025_paper.html,"Recent advances in image-to-video generation have enabled animation of still images and offered pixel-level controllability. While these models hold great potential to transform single images into vivid and dynamic videos, they also carry risks of misuse that could impact privacy, security, and copyright protection. This paper proposes a novel approach that applies imperceptible perturbations on images to degrade the quality of the generated videos, thereby protecting images from misuse in white-box image-to-video diffusion models. Specifically, we function our approach as an adversarial attack, incorporating spatial, temporal, and diffusion attack modules. The spatial attack shifts image features from their original distribution to a lower-quality target distribution, reducing visual fidelity. The temporal attack disrupts coherent motion by interfering with temporal attention maps that guide motion generation. To enhance the robustness of our approach across different models, we further propose a diffusion attack module leveraging contrastive loss. Our approach can be easily integrated with mainstream diffusion-based I2V models. Extensive experiments on SVD, CogVideoX, and ControlNeXt demonstrate that our method significantly impairs generation quality in terms of visual clarity and motion consistency, while introducing only minimal artifacts to the images. To the best of our knowledge, we are the first to explore adversarial attacks on image-to-video generation for security purposes.","@InProceedings{Gui_2025_CVPR, author = {Gui, Dongnan and Guo, Xun and Zhou, Wengang and Lu, Yan}, title = {I2VGuard: Safeguarding Images against Misuse in Diffusion-based Image-to-Video Models}, booktitle = {Proceedings of the Computer Vision and Pattern Recognition Conference (CVPR)}, month = {June}, year = {2025}, pages = {12595-12604} }"
Matsubara_HeatFormer_A_Neural_Optimizer_for_Multiview_Human_Mesh_Recovery_CVPR_2025_paper,2025,0,Human_Pose_Body,Human_Pose_Body|Trustworthy_Security_Privacy,15.0,0.6,HeatFormer: A Neural Optimizer for Multiview Human Mesh Recovery,Yuto Matsubara; Ko Nishino,2,6415-6424,True,https://openaccess.thecvf.com/content/CVPR2025/papers/Matsubara_HeatFormer_A_Neural_Optimizer_for_Multiview_Human_Mesh_Recovery_CVPR_2025_paper.pdf,https://openaccess.thecvf.com/content/CVPR2025/supplemental/Matsubara_HeatFormer_A_Neural_CVPR_2025_supplemental.pdf,https://openaccess.thecvf.com/content/CVPR2025/html/Matsubara_HeatFormer_A_Neural_Optimizer_for_Multiview_Human_Mesh_Recovery_CVPR_2025_paper.html,"We introduce a novel method for human shape and pose recovery that can fully leverage multiple static views. We target fixed-multiview people monitoring, including elderly care and safety monitoring, in which cameras can be installed at the corners of a room or an open space but whose configuration may vary depending on the environment. Our key idea is to formulate it as neural optimization. We achieve this with HeatFormer, a neural optimizer that iteratively refines the SMPL parameters given multiview images. HeatFormer realizes this SMPL parameter estimation as heatmap generation and alignment with a novel transformer encoder and decoder. Our formulation makes HeatFormer fundamentally agnostic to the number of cameras, their configuration, and calibration. We demonstrate the effectiveness of HeatFormer including its accuracy, robustness to occlusion, and generalizability through an extensive set of experiments. We believe HeatFormer can serve a key role in passive human behavior modeling.","@InProceedings{Matsubara_2025_CVPR, author = {Matsubara, Yuto and Nishino, Ko}, title = {HeatFormer: A Neural Optimizer for Multiview Human Mesh Recovery}, booktitle = {Proceedings of the Computer Vision and Pattern Recognition Conference (CVPR)}, month = {June}, year = {2025}, pages = {6415-6424} }"
Zhang_Attribute-formed_Class-specific_Concept_Space_Endowing_Language_Bottleneck_Model_with_Better_CVPR_2025_paper,2025,1,Trustworthy_Security_Privacy,Trustworthy_Security_Privacy|Transfer_FewShot_DomainAdaptation,12.0,0.417,Attribute-formed Class-specific Concept Space: Endowing Language Bottleneck Model with Better Interpretability and Scalability,Jianyang Zhang; Qianli Luo; Guowu Yang; Wenjing Yang; Weide Liu; Guosheng Lin; Fengmao Lv,7,30291-30300,True,https://openaccess.thecvf.com/content/CVPR2025/papers/Zhang_Attribute-formed_Class-specific_Concept_Space_Endowing_Language_Bottleneck_Model_with_Better_CVPR_2025_paper.pdf,https://openaccess.thecvf.com/content/CVPR2025/supplemental/Zhang_Attribute-formed_Class-specific_Concept_CVPR_2025_supplemental.pdf,https://openaccess.thecvf.com/content/CVPR2025/html/Zhang_Attribute-formed_Class-specific_Concept_Space_Endowing_Language_Bottleneck_Model_with_Better_CVPR_2025_paper.html,"Language Bottleneck Models (LBMs) are proposed to achieve interpretable image recognition by classifying images based on textual concept bottlenecks. However, current LBMs simply list all concepts together as the bottleneck layer, leading to the spurious cue inference problem and cannot generalized to unseen classes. To address these limitations, we propose the Attribute-formed Language Bottleneck Model (ALBM). ALBM organizes concepts in the attribute-formed class-specific space, where concepts are descriptions of specific attributes for specific classes. In this way, ALBM can avoid the spurious cue inference problem by classifying solely based on the essential concepts of each class. In addition, the cross-class unified attribute set also ensures that the concept spaces of different classes have strong correlations, as a result, the learned concept classifier can be easily generalized to unseen classes. Moreover, to further improve interpretability, we propose Visual Attribute Prompt Learning (VAPL) to extract visual features on fine-grained attributes. Furthermore, to avoid labor-intensive concept annotation, we propose the Description, Summary, and Supplement (DSS) strategy to automatically generate high-quality concept sets with a complete and precise attribute. Extensive experiments on 9 widely used few-shot benchmarks demonstrate the interpretability, transferability, and performance of our approach. The code and collected concept sets are available at https://github.com/tiggers23/ALBM.","@InProceedings{Zhang_2025_CVPR, author = {Zhang, Jianyang and Luo, Qianli and Yang, Guowu and Yang, Wenjing and Liu, Weide and Lin, Guosheng and Lv, Fengmao}, title = {Attribute-formed Class-specific Concept Space: Endowing Language Bottleneck Model with Better Interpretability and Scalability}, booktitle = {Proceedings of the Computer Vision and Pattern Recognition Conference (CVPR)}, month = {June}, year = {2025}, pages = {30291-30300} }"
Liu_ProjAttacker_A_Configurable_Physical_Adversarial_Attack_for_Face_Recognition_via_CVPR_2025_paper,2025,0,Face_Biometrics,Face_Biometrics|Trustworthy_Security_Privacy,30.0,0.433,ProjAttacker: A Configurable Physical Adversarial Attack for Face Recognition via Projector,Yuanwei Liu; Hui Wei; Chengyu Jia; Ruqi Xiao; Weijian Ruan; Xingxing Wei; Joey Tianyi Zhou; Zheng Wang,8,21248-21257,True,https://openaccess.thecvf.com/content/CVPR2025/papers/Liu_ProjAttacker_A_Configurable_Physical_Adversarial_Attack_for_Face_Recognition_via_CVPR_2025_paper.pdf,https://openaccess.thecvf.com/content/CVPR2025/supplemental/Liu_ProjAttacker_A_Configurable_CVPR_2025_supplemental.pdf,https://openaccess.thecvf.com/content/CVPR2025/html/Liu_ProjAttacker_A_Configurable_Physical_Adversarial_Attack_for_Face_Recognition_via_CVPR_2025_paper.html,"Previous physical adversarial attacks have shown that carefully crafted perturbations can deceive face recognition systems, revealing critical security vulnerabilities. However, these attacks often struggle to impersonate multiple targets and frequently fail to bypass liveness detection. For example, attacks using human-skin masks are challenging to fabricate, inconvenient to swap between users, and often fail liveness detection due to facial occlusions. A projector, however, can generate content-rich light without obstructing the face, making it ideal for non-intrusive attacks. Thus, we propose a novel physical adversarial attack using a projector and explore the superposition of projected and natural light to create adversarial facial images. This approach eliminates the need for physical artifacts on the face, effectively overcoming these limitations. Specifically, our proposed ProjAttacker generates adversarial 3D textures that are projected onto human faces. To ensure physical realizability, we introduce a light reflection function that models complex optical interactions between projected light and human skin, accounting for reflection and diffraction effects. Furthermore, we incorporate camera Image Signal Processing (ISP) simulation to maintain the robustness of adversarial perturbations across real-world diverse imaging conditions. Comprehensive evaluations conducted in both digital and physical scenarios validate the effectiveness of our method.","@InProceedings{Liu_2025_CVPR, author = {Liu, Yuanwei and Wei, Hui and Jia, Chengyu and Xiao, Ruqi and Ruan, Weijian and Wei, Xingxing and Zhou, Joey Tianyi and Wang, Zheng}, title = {ProjAttacker: A Configurable Physical Adversarial Attack for Face Recognition via Projector}, booktitle = {Proceedings of the Computer Vision and Pattern Recognition Conference (CVPR)}, month = {June}, year = {2025}, pages = {21248-21257} }"
Zhang_Test-Time_Backdoor_Detection_for_Object_Detection_Models_CVPR_2025_paper,2025,0,Object_Detection,Object_Detection|Trustworthy_Security_Privacy,27.0,0.333,Test-Time Backdoor Detection for Object Detection Models,Hangtao Zhang; Yichen Wang; Shihui Yan; Chenyu Zhu; Ziqi Zhou; Linshan Hou; Shengshan Hu; Minghui Li; Yanjun Zhang; Leo Yu Zhang,10,24377-24386,True,https://openaccess.thecvf.com/content/CVPR2025/papers/Zhang_Test-Time_Backdoor_Detection_for_Object_Detection_Models_CVPR_2025_paper.pdf,https://openaccess.thecvf.com/content/CVPR2025/supplemental/Zhang_Test-Time_Backdoor_Detection_CVPR_2025_supplemental.pdf,https://openaccess.thecvf.com/content/CVPR2025/html/Zhang_Test-Time_Backdoor_Detection_for_Object_Detection_Models_CVPR_2025_paper.html,"Object detection models are vulnerable to backdoor attacks, where attackers poison a small subset of training samples by embedding a predefined trigger to manipulate prediction. Detecting poisoned samples (i.e., those containing triggers) at test time can prevent backdoor activation. However, unlike image classification tasks, the unique characteristics of object detection---particularly its output of numerous objects---pose fresh challenges for backdoor detection. The complex attack effects (e.g., ""ghost"" object emergence or ""vanishing"" object) further render current defenses fundamentally inadequate. To this end, we design TRAnsformation Consistency Evaluation (TRACE), a brand-new method for detecting poisoned samples at test time in object detection. Our journey begins with two intriguing observations: (1) poisoned samples exhibit significantly more consistent detection results than clean ones across varied backgrounds. (2) clean samples show higher detection consistency when introduced to different focal information. Based on these phenomena, TRACE applies foreground and background transformations to each test sample, then assesses transformation consistency by calculating the variance in objects confidences. TRACE achieves black-box, universal backdoor detection, with extensive experiments showing a 30% improvement in AUROC over state-of-the-art defenses and resistance to adaptive attacks.","@InProceedings{Zhang_2025_CVPR, author = {Zhang, Hangtao and Wang, Yichen and Yan, Shihui and Zhu, Chenyu and Zhou, Ziqi and Hou, Linshan and Hu, Shengshan and Li, Minghui and Zhang, Yanjun and Zhang, Leo Yu}, title = {Test-Time Backdoor Detection for Object Detection Models}, booktitle = {Proceedings of the Computer Vision and Pattern Recognition Conference (CVPR)}, month = {June}, year = {2025}, pages = {24377-24386} }"
Shen_Image_Quality_Assessment_Investigating_Causal_Perceptual_Effects_with_Abductive_Counterfactual_CVPR_2025_paper,2025,1,Trustworthy_Security_Privacy,Trustworthy_Security_Privacy,4.0,0.75,Image Quality Assessment: Investigating Causal Perceptual Effects with Abductive Counterfactual Inference,Wenhao Shen; Mingliang Zhou; Yu Chen; Xuekai Wei; Yong Feng; Huayan Pu; Weijia Jia,7,17990-17999,True,https://openaccess.thecvf.com/content/CVPR2025/papers/Shen_Image_Quality_Assessment_Investigating_Causal_Perceptual_Effects_with_Abductive_Counterfactual_CVPR_2025_paper.pdf,,https://openaccess.thecvf.com/content/CVPR2025/html/Shen_Image_Quality_Assessment_Investigating_Causal_Perceptual_Effects_with_Abductive_Counterfactual_CVPR_2025_paper.html,"Existing full-reference image quality assessment (FR-IQA) methods often fail to capture the complex causal mechanisms that underlie human perceptual responses to image distortions, limiting their ability to generalize across diverse scenarios. In this paper, we propose an FR-IQA method based on abductive counterfactual inference to investigate the causal relationships between deep network features and perceptual distortions. First, we explore the causal effects of deep features on perception and integrate causal reasoning with feature comparison, constructing a model that effectively handles complex distortion types across different IQA scenarios. Second, the analysis of the perceptual causal correlations of our proposed method is independent of the backbone architecture and thus can be applied to a variety of deep networks. Through abductive counterfactual experiments, we validate the proposed causal relationships, confirming the model's superior perceptual relevance and interpretability of quality scores. The experimental results demonstrate the robustness and effectiveness of the method, providing competitive quality predictions across multiple benchmarks. The source code is available at https://anonymous.4open.science/r/DeepCausalQuality-25BC.","@InProceedings{Shen_2025_CVPR, author = {Shen, Wenhao and Zhou, Mingliang and Chen, Yu and Wei, Xuekai and Feng, Yong and Pu, Huayan and Jia, Weijia}, title = {Image Quality Assessment: Investigating Causal Perceptual Effects with Abductive Counterfactual Inference}, booktitle = {Proceedings of the Computer Vision and Pattern Recognition Conference (CVPR)}, month = {June}, year = {2025}, pages = {17990-17999} }"
Peng_Person_De-reidentification_A_Variation-guided_Identity_Shift_Modeling_CVPR_2025_paper,2025,0,Tracking_MOT,Tracking_MOT|Face_Biometrics|Trustworthy_Security_Privacy,17.0,0.471,Person De-reidentification: A Variation-guided Identity Shift Modeling,Yi-Xing Peng; Yu-Ming Tang; Kun-Yu Lin; Qize Yang; Jingke Meng; Xihan Wei; Wei-Shi Zheng,7,29331-29341,True,https://openaccess.thecvf.com/content/CVPR2025/papers/Peng_Person_De-reidentification_A_Variation-guided_Identity_Shift_Modeling_CVPR_2025_paper.pdf,https://openaccess.thecvf.com/content/CVPR2025/supplemental/Peng_Person_De-reidentification_A_CVPR_2025_supplemental.pdf,https://openaccess.thecvf.com/content/CVPR2025/html/Peng_Person_De-reidentification_A_Variation-guided_Identity_Shift_Modeling_CVPR_2025_paper.html,"Person re-identification (ReID) is to associate images of individuals from different camera views against cross-view variations. Like other surveillance technologies, Re-ID faces serious privacy challenges, particularly the potential for unauthorized tracking. Although various tasks (e.g., face recognition) have developed machine unlearning techniques to address privacy concerns, such methods have not yet been explored within the Re-ID field. In this work, we pioneer the exploration of the person de-reidentification (De-ReID) problem and present its inherent challenges. In the context of ReID, De-ReID is to unlearn the knowledge about accurately matching specific persons so that these ""unlearned persons"" cannot be re-identified across cameras for privacy guarantee. The primary challenge is to achieve the unlearning without degrading the identity-discriminative feature embeddings to ensure the model's utility. To address this, we formulate a De-ReID framework that utilizes a labeled dataset of unlearned persons for unlearning and an unlabeled dataset of accessible persons for knowledge preservation. Instead of unlearning based on (pseudo) identity labels, we introduce a variation-guided identity shift mechanism that unlearns the specific persons by fitting the variations in their images while preserving ReID ability on other persons by overcoming the variations in images of accessible persons. As a result, the model shifts the unlearned persons to a feature space that is vulnerable to cross-view variations. Extensive experiments on benchmarks demonstrate the superiority of our method.","@InProceedings{Peng_2025_CVPR, author = {Peng, Yi-Xing and Tang, Yu-Ming and Lin, Kun-Yu and Yang, Qize and Meng, Jingke and Wei, Xihan and Zheng, Wei-Shi}, title = {Person De-reidentification: A Variation-guided Identity Shift Modeling}, booktitle = {Proceedings of the Computer Vision and Pattern Recognition Conference (CVPR)}, month = {June}, year = {2025}, pages = {29331-29341} }"
Sami_Gradient_Inversion_Attacks_on_Parameter-Efficient_Fine-Tuning_CVPR_2025_paper,2025,1,Trustworthy_Security_Privacy,Trustworthy_Security_Privacy|Efficiency_Compression,12.0,0.417,Gradient Inversion Attacks on Parameter-Efficient Fine-Tuning,Hasin Us Sami; Swapneel Sen; Amit K. Roy-Chowdhury; Srikanth V. Krishnamurthy; Basak Guler,5,10224-10234,True,https://openaccess.thecvf.com/content/CVPR2025/papers/Sami_Gradient_Inversion_Attacks_on_Parameter-Efficient_Fine-Tuning_CVPR_2025_paper.pdf,https://openaccess.thecvf.com/content/CVPR2025/supplemental/Sami_Gradient_Inversion_Attacks_CVPR_2025_supplemental.pdf,https://openaccess.thecvf.com/content/CVPR2025/html/Sami_Gradient_Inversion_Attacks_on_Parameter-Efficient_Fine-Tuning_CVPR_2025_paper.html,"Federated learning (FL) allows multiple data-owners to collaboratively train machine learning models by exchanging local gradients, while keeping their private data on-device. To simultaneously enhance privacy and training efficiency, recently parameter-efficient fine-tuning (PEFT) of large-scale pretrained models has gained substantial attention in FL. While keeping a pretrained (backbone) model frozen, each user fine-tunes only a few lightweight modules to be used in conjunction, to fit specific downstream applications. Accordingly, only the gradients with respect to these lightweight modules are shared with the server. In this work, we investigate how the privacy of the fine-tuning data of the users can be compromised via a malicious design of the pretrained model and trainable adapter modules. We demonstrate gradient inversion attacks on a popular PEFT mechanism, the adapter, which allow an attacker to reconstruct local data samples of a target user, using only the accessible adapter gradients. Via extensive experiments, we demonstrate that a large batch of fine-tuning images can be retrieved with high fidelity. Our attack highlights the need for privacy-preserving mechanisms for PEFT, while opening up several future directions. Our code is available at https://github.com/info-ucr/PEFTLeak.","@InProceedings{Sami_2025_CVPR, author = {Sami, Hasin Us and Sen, Swapneel and Roy-Chowdhury, Amit K. and Krishnamurthy, Srikanth V. and Guler, Basak}, title = {Gradient Inversion Attacks on Parameter-Efficient Fine-Tuning}, booktitle = {Proceedings of the Computer Vision and Pattern Recognition Conference (CVPR)}, month = {June}, year = {2025}, pages = {10224-10234} }"
Ren_Improving_Adversarial_Transferability_on_Vision_Transformers_via_Forward_Propagation_Refinement_CVPR_2025_paper,2025,1,Trustworthy_Security_Privacy,Trustworthy_Security_Privacy,8.0,0.625,Improving Adversarial Transferability on Vision Transformers via Forward Propagation Refinement,Yuchen Ren; Zhengyu Zhao; Chenhao Lin; Bo Yang; Lu Zhou; Zhe Liu; Chao Shen,7,25071-25080,True,https://openaccess.thecvf.com/content/CVPR2025/papers/Ren_Improving_Adversarial_Transferability_on_Vision_Transformers_via_Forward_Propagation_Refinement_CVPR_2025_paper.pdf,,https://openaccess.thecvf.com/content/CVPR2025/html/Ren_Improving_Adversarial_Transferability_on_Vision_Transformers_via_Forward_Propagation_Refinement_CVPR_2025_paper.html,"Vision Transformers (ViTs) have been widely applied in various computer vision and vision-language tasks. To gain insights into their robustness in practical scenarios, transferable adversarial examples on ViTs have been extensively studied. A typical approach to improving adversarial transferability is by refining the surrogate model. However, existing work on ViTs has restricted their surrogate refinement to backward propagation. In this work, we instead focus on Forward Propagation Refinement (FPR) and specifically refine two key modules of ViTs: attention maps and token embeddings. For attention maps, we propose Attention Map Diversification (AMD), which diversifies certain attention maps and also implicitly imposes beneficial gradient vanishing during backward propagation. For token embeddings, we propose Momentum Token Embedding (MTE), which accumulates historical token embeddings to stabilize the forward updates in both the Attention and MLP blocks. We conduct extensive experiments with adversarial examples transferred from ViTs to various CNNs and ViTs, demonstrating that our FPR outperforms the current best (backward) surrogate refinement by up to 7.0% on average. We also validate its superiority against popular defenses and its compatibility with other transfer methods. Codes and appendix are available at https://github.com/RYC-98/FPR.","@InProceedings{Ren_2025_CVPR, author = {Ren, Yuchen and Zhao, Zhengyu and Lin, Chenhao and Yang, Bo and Zhou, Lu and Liu, Zhe and Shen, Chao}, title = {Improving Adversarial Transferability on Vision Transformers via Forward Propagation Refinement}, booktitle = {Proceedings of the Computer Vision and Pattern Recognition Conference (CVPR)}, month = {June}, year = {2025}, pages = {25071-25080} }"
Xie_Model_Poisoning_Attacks_to_Federated_Learning_via_Multi-Round_Consistency_CVPR_2025_paper,2025,1,Trustworthy_Security_Privacy,Trustworthy_Security_Privacy,12.0,1.0,Model Poisoning Attacks to Federated Learning via Multi-Round Consistency,Yueqi Xie; Minghong Fang; Neil Zhenqiang Gong,3,15454-15463,True,https://openaccess.thecvf.com/content/CVPR2025/papers/Xie_Model_Poisoning_Attacks_to_Federated_Learning_via_Multi-Round_Consistency_CVPR_2025_paper.pdf,https://openaccess.thecvf.com/content/CVPR2025/supplemental/Xie_Model_Poisoning_Attacks_CVPR_2025_supplemental.pdf,https://openaccess.thecvf.com/content/CVPR2025/html/Xie_Model_Poisoning_Attacks_to_Federated_Learning_via_Multi-Round_Consistency_CVPR_2025_paper.html,"Model poisoning attacks are critical security threats to Federated Learning (FL). Existing model poisoning attacks suffer from two key limitations: 1) they achieve suboptimal effectiveness when defenses are deployed, and/or 2) they require knowledge of the model updates or local training data on genuine clients. In this work, we make a key observation that their suboptimal effectiveness arises from only leveraging model-update consistency among malicious clients within individual training rounds, making the attack effect self-cancel across training rounds. In light of this observation, we propose PoisonedFL, which enforces multi-round consistency among the malicious clients' model updates while not requiring any knowledge about the genuine clients. Our empirical evaluation on five benchmark datasets shows that PoisonedFL breaks eight state-of-the-art defenses and outperforms seven existing model poisoning attacks. Our study shows that FL systems are considerably less robust than previously thought, underlining the urgency for the development of new defense mechanisms. Our source code is available at https://github.com/xyq7/PoisonedFL/.","@InProceedings{Xie_2025_CVPR, author = {Xie, Yueqi and Fang, Minghong and Gong, Neil Zhenqiang}, title = {Model Poisoning Attacks to Federated Learning via Multi-Round Consistency}, booktitle = {Proceedings of the Computer Vision and Pattern Recognition Conference (CVPR)}, month = {June}, year = {2025}, pages = {15454-15463} }"
Cheng_Stacking_Brick_by_Brick_Aligned_Feature_Isolation_for_Incremental_Face_CVPR_2025_paper,2025,0,Face_Biometrics,Face_Biometrics|Trustworthy_Security_Privacy,30.0,0.5,Stacking Brick by Brick: Aligned Feature Isolation for Incremental Face Forgery Detection,Jikang Cheng; Zhiyuan Yan; Ying Zhang; Li Hao; Jiaxin Ai; Qin Zou; Chen Li; Zhongyuan Wang,8,13927-13936,True,https://openaccess.thecvf.com/content/CVPR2025/papers/Cheng_Stacking_Brick_by_Brick_Aligned_Feature_Isolation_for_Incremental_Face_CVPR_2025_paper.pdf,https://openaccess.thecvf.com/content/CVPR2025/supplemental/Cheng_Stacking_Brick_by_CVPR_2025_supplemental.pdf,https://openaccess.thecvf.com/content/CVPR2025/html/Cheng_Stacking_Brick_by_Brick_Aligned_Feature_Isolation_for_Incremental_Face_CVPR_2025_paper.html,"The rapid advancement of face forgery techniques has introduced a growing variety of forgeries.Incremental Face Forgery Detection (IFFD), involvinggradually adding new forgery data to fine-tune the previously trained model, has been introduced as a promising strategy to deal with evolving forgery methods.However, a naively trained IFFD model is prone to catastrophic forgetting when new forgeries are integrated, as treating all forgeries as a single ""Fake"" class in the Real/Fake classification can cause different forgery types overriding one another, thereby resulting in the forgetting of unique characteristics from earlier tasks and limiting the model's effectiveness in learning forgery specificity and generality.In this paper, we propose to stack the latent feature distributions of previous and new tasks brick by brick, i.e., achieving aligned feature isolation. In this manner, we aim to preserve learned forgery information and accumulate new knowledge by minimizing distribution overriding, thereby mitigating catastrophic forgetting.To achieve this, we first introduce Sparse Uniform Replay (SUR) to obtain the representative subsets that could be treated as the uniformly sparse versions of the previous global distributions.We then propose a Latent-space Incremental Detector (LID) that leverages SUR data to isolate and align distributions. For evaluation, we construct a more advanced and comprehensive benchmark tailored for IFFD. The leading experimental results validate the superiority of our method.","@InProceedings{Cheng_2025_CVPR, author = {Cheng, Jikang and Yan, Zhiyuan and Zhang, Ying and Hao, Li and Ai, Jiaxin and Zou, Qin and Li, Chen and Wang, Zhongyuan}, title = {Stacking Brick by Brick: Aligned Feature Isolation for Incremental Face Forgery Detection}, booktitle = {Proceedings of the Computer Vision and Pattern Recognition Conference (CVPR)}, month = {June}, year = {2025}, pages = {13927-13936} }"
Wang_Population_Normalization_for_Federated_Learning_CVPR_2025_paper,2025,1,Trustworthy_Security_Privacy,Trustworthy_Security_Privacy,12.0,0.75,Population Normalization for Federated Learning,Zhuoyao Wang; Fan Yi; Peizhu Gong; Caitou He; Cheng Jin; Weizhong Zhang,6,10214-10223,True,https://openaccess.thecvf.com/content/CVPR2025/papers/Wang_Population_Normalization_for_Federated_Learning_CVPR_2025_paper.pdf,https://openaccess.thecvf.com/content/CVPR2025/supplemental/Wang_Population_Normalization_for_CVPR_2025_supplemental.pdf,https://openaccess.thecvf.com/content/CVPR2025/html/Wang_Population_Normalization_for_Federated_Learning_CVPR_2025_paper.html,"Batch normalization (BN) is widely recognized as an essential method in training deep neural networks, facilitating convergence and enhancing model stability. However, in Federated Learning (FL) contexts, where training data are typically heterogeneous and clients often face resource constraints, the effectiveness of BN is considerably limited for two primary reasons. First, the population statistics, specifically the mean and variance of these heterogeneous datasets, vary substantially, resulting in inconsistent BN layers across client models, which ultimately drives these models to diverge further. Second, estimating statistics from a mini-batch is often imprecise since the batch size has to be small in resource-limited clients. This paper introduces Population Normalization, a novel technique for FL, in which the statistics are learned as trainable parameters rather than calculated from mini-batches as in BN. Thus, our normalization layers are homogeneous among the clients and the adverse impact of small batch size is eliminated as the model can be well-trained even when the batch size equals to one. To enhance the flexibility of our method in practical applications, we investigate the role of stochastic uncertainty in BN's statistical estimation. When larger batch sizes are available, we demonstrate that injecting simple artificial noise can effectively mimic this stochastic uncertainty and improve the model's generalization capability. Experimental results validate the efficacy of our approach across various FL tasks.","@InProceedings{Wang_2025_CVPR, author = {Wang, Zhuoyao and Yi, Fan and Gong, Peizhu and He, Caitou and Jin, Cheng and Zhang, Weizhong}, title = {Population Normalization for Federated Learning}, booktitle = {Proceedings of the Computer Vision and Pattern Recognition Conference (CVPR)}, month = {June}, year = {2025}, pages = {10214-10223} }"
Samira_Variance-Based_Membership_Inference_Attacks_Against_Large-Scale_Image_Captioning_Models_CVPR_2025_paper,2025,0,Vision_Language_Multimodal,Vision_Language_Multimodal|Trustworthy_Security_Privacy,19.0,0.053,Variance-Based Membership Inference Attacks Against Large-Scale Image Captioning Models,Daniel Samira; Edan Habler; Yuval Elovici; Asaf Shabtai,4,9210-9219,True,https://openaccess.thecvf.com/content/CVPR2025/papers/Samira_Variance-Based_Membership_Inference_Attacks_Against_Large-Scale_Image_Captioning_Models_CVPR_2025_paper.pdf,https://openaccess.thecvf.com/content/CVPR2025/supplemental/Samira_Variance-Based_Membership_Inference_CVPR_2025_supplemental.pdf,https://openaccess.thecvf.com/content/CVPR2025/html/Samira_Variance-Based_Membership_Inference_Attacks_Against_Large-Scale_Image_Captioning_Models_CVPR_2025_paper.html,"The proliferation of multi-modal generative models has introduced new privacy and security challenges, especially due to the risks of memorization and unintentional disclosure of sensitive information. This paper focuses on the vulnerability of multi-modal image captioning models to membership inference attacks (MIAs). These models, which synthesize textual descriptions from visual content, could inadvertently reveal personal or proprietary data embedded in their training datasets. We explore the feasibility of MIAs in the context of such models. Specifically, our approach leverages a variance-based strategy tailored for image captioning models, utilizing only image data without knowing the corresponding caption. We introduce the means-of-variance threshold attack (MVTA) and confidence-based weakly supervised attack (C-WSA) based on the metric, means-of-variance (MV), to assess variability among vector embeddings. Our experiments demonstrate that these models are susceptible to MIAs, indicating substantial privacy risks. The effectiveness of our methods is validated through rigorous evaluations on these real-world models, confirming the practical implications of our findings.","@InProceedings{Samira_2025_CVPR, author = {Samira, Daniel and Habler, Edan and Elovici, Yuval and Shabtai, Asaf}, title = {Variance-Based Membership Inference Attacks Against Large-Scale Image Captioning Models}, booktitle = {Proceedings of the Computer Vision and Pattern Recognition Conference (CVPR)}, month = {June}, year = {2025}, pages = {9210-9219} }"
Wang_Forensics-Bench_A_Comprehensive_Forgery_Detection_Benchmark_Suite_for_Large_Vision_CVPR_2025_paper,2025,1,Trustworthy_Security_Privacy,Trustworthy_Security_Privacy|LLM_Reasoning_Agent|Vision_Language_Multimodal|Object_Detection,18.0,0.167,Forensics-Bench: A Comprehensive Forgery Detection Benchmark Suite for Large Vision Language Models,Jin Wang; Chenghui Lv; Xian Li; Shichao Dong; Huadong Li; Kelu Yao; Chao Li; Wenqi Shao; Ping Luo,9,4233-4245,True,https://openaccess.thecvf.com/content/CVPR2025/papers/Wang_Forensics-Bench_A_Comprehensive_Forgery_Detection_Benchmark_Suite_for_Large_Vision_CVPR_2025_paper.pdf,https://openaccess.thecvf.com/content/CVPR2025/supplemental/Wang_Forensics-Bench_A_Comprehensive_CVPR_2025_supplemental.pdf,https://openaccess.thecvf.com/content/CVPR2025/html/Wang_Forensics-Bench_A_Comprehensive_Forgery_Detection_Benchmark_Suite_for_Large_Vision_CVPR_2025_paper.html,"Recently, the rapid development of AIGC has significantly boosted the diversities of fake media spread in the Internet, posing unprecedented threats to social security, politics, law, and etc.To detect the ever-increasingly **diverse** malicious fake media in the new era of AIGC, recent studies have proposed to exploit Large Vision Language Models (LVLMs) to design **robust** forgery detectors due to their impressive performance on a **wide** range of multimodal tasks.However, it still lacks a comprehensive benchmark designed to comprehensively assess LVLMs' discerning capabilities on forgery media.To fill this gap, we present Forensics-Bench, a new forgery detection evaluation benchmark suite to assess LVLMs across massive forgery detection tasks, requiring comprehensive recognition, location and reasoning capabilities on diverse forgeries.Forensics-Bench comprises 63,292 meticulously curated multi-choicevisual questions, covering 112 unique forgery detection types from 5 perspectives: forgery semantics, forgery modalities, forgery tasks, forgery types and forgery models.We conduct thorough evaluations on 22 open-sourced LVLMs and 3 proprietary models GPT-4o, Gemini 1.5 Pro, and Claude 3.5 Sonnet, highlighting the significant challenges of comprehensive forgery detection posed by Forensics-Bench.We anticipate that Forensics-Bench will motivate the community to advance the frontier of LVLMs, striving for all-around forgery detectors in the era of AIGC.","@InProceedings{Wang_2025_CVPR, author = {Wang, Jin and Lv, Chenghui and Li, Xian and Dong, Shichao and Li, Huadong and Yao, Kelu and Li, Chao and Shao, Wenqi and Luo, Ping}, title = {Forensics-Bench: A Comprehensive Forgery Detection Benchmark Suite for Large Vision Language Models}, booktitle = {Proceedings of the Computer Vision and Pattern Recognition Conference (CVPR)}, month = {June}, year = {2025}, pages = {4233-4245} }"
Jang_3D-GSW_3D_Gaussian_Splatting_for_Robust_Watermarking_CVPR_2025_paper,2025,1,Trustworthy_Security_Privacy,Trustworthy_Security_Privacy|Neural_Rendering_NeRF_3DGS,22.0,0.455,3D-GSW: 3D Gaussian Splatting for Robust Watermarking,Youngdong Jang; Hyunje Park; Feng Yang; Heeju Ko; Euijin Choo; Sangpil Kim,6,5938-5948,True,https://openaccess.thecvf.com/content/CVPR2025/papers/Jang_3D-GSW_3D_Gaussian_Splatting_for_Robust_Watermarking_CVPR_2025_paper.pdf,https://openaccess.thecvf.com/content/CVPR2025/supplemental/Jang_3D-GSW_3D_Gaussian_CVPR_2025_supplemental.pdf,https://openaccess.thecvf.com/content/CVPR2025/html/Jang_3D-GSW_3D_Gaussian_Splatting_for_Robust_Watermarking_CVPR_2025_paper.html,"As 3D Gaussian Splatting (3D-GS) gains significant attention and its commercial usage increases, the need for watermarking technologies to prevent unauthorized use of the 3D-GS models and rendered images has become increasingly important. In this paper, we introduce a robust watermarking method for 3D-GS that secures copyright of both the model and its rendered images. Our proposed method remains robust against distortions in rendered images and model attacks while maintaining high rendering quality. To achieve these objectives, we present Frequency-Guided Densification (FGD), which removes 3D Gaussians based on their contribution to rendering quality, enhancing real-time rendering and the robustness of the message. FGD utilizes Discrete Fourier Transform to split 3D Gaussians in high-frequency areas, improving rendering quality. Furthermore, we employ a gradient mask for 3D Gaussians and design a wavelet-subband loss to enhance rendering quality. Our experiments show that our method embeds the message in the rendered images invisibly and robustly against various attacks, including model distortion. Our method achieves superior performance in both rendering quality and watermark robustness while improving real-time rendering efficiency. Project page: https://kuai-lab.github.io/cvpr20253dgsw/","@InProceedings{Jang_2025_CVPR, author = {Jang, Youngdong and Park, Hyunje and Yang, Feng and Ko, Heeju and Choo, Euijin and Kim, Sangpil}, title = {3D-GSW: 3D Gaussian Splatting for Robust Watermarking}, booktitle = {Proceedings of the Computer Vision and Pattern Recognition Conference (CVPR)}, month = {June}, year = {2025}, pages = {5938-5948} }"
Shvetsova_Unbiasing_through_Textual_Descriptions_Mitigating_Representation_Bias_in_Video_Benchmarks_CVPR_2025_paper,2025,1,Trustworthy_Security_Privacy,Trustworthy_Security_Privacy|Video_Action_Recognition,18.0,0.167,Unbiasing through Textual Descriptions: Mitigating Representation Bias in Video Benchmarks,Nina Shvetsova; Arsha Nagrani; Bernt Schiele; Hilde Kuehne; Christian Rupprecht,5,29050-29059,True,https://openaccess.thecvf.com/content/CVPR2025/papers/Shvetsova_Unbiasing_through_Textual_Descriptions_Mitigating_Representation_Bias_in_Video_Benchmarks_CVPR_2025_paper.pdf,https://openaccess.thecvf.com/content/CVPR2025/supplemental/Shvetsova_Unbiasing_through_Textual_CVPR_2025_supplemental.pdf,https://openaccess.thecvf.com/content/CVPR2025/html/Shvetsova_Unbiasing_through_Textual_Descriptions_Mitigating_Representation_Bias_in_Video_Benchmarks_CVPR_2025_paper.html,"We propose a new ""Unbiased through Textual Description (UTD)"" video benchmark based on unbiased subsets of existing video classification and retrieval datasets to enable a more robust assessment of video understanding capabilities. Namely, we tackle the problem that current video benchmarks may suffer from different representation biases, e.g., object bias or single-frame bias, where mere recognition of objects or utilization of only a single frame is sufficient for correct prediction. We leverage VLMs and LLMs to analyze and debias benchmarks from such representation biases. Specifically, we generate frame-wise textual descriptions of videos, filter them for specific information (e.g. only objects) and leverage them to examine representation biases across three dimensions: 1) concept bias -- determining if a specific concept (e.g., objects) alone suffice for prediction; 2) temporal bias -- assessing if temporal information contributes to prediction; and 3) common sense vs. dataset bias -- evaluating whether zero-shot reasoning or dataset correlations contribute to prediction. We conduct a systematic analysis of 12 popular video classification and retrieval datasets and create new object-debiased test splits for these datasets. Moreover, we benchmark 30 state-of-the-art video models on original and debiased splits and analyze biases in the models. To facilitate the future development of more robust video understanding benchmarks and models, we release: ""UTD-descriptions"", a dataset with our rich structured descriptions for each dataset, and ""UTD-splits"", a dataset of object-debiased test splits.","@InProceedings{Shvetsova_2025_CVPR, author = {Shvetsova, Nina and Nagrani, Arsha and Schiele, Bernt and Kuehne, Hilde and Rupprecht, Christian}, title = {Unbiasing through Textual Descriptions: Mitigating Representation Bias in Video Benchmarks}, booktitle = {Proceedings of the Computer Vision and Pattern Recognition Conference (CVPR)}, month = {June}, year = {2025}, pages = {29050-29059} }"
Hao_FedCS_Coreset_Selection_for_Federated_Learning_CVPR_2025_paper,2025,1,Trustworthy_Security_Privacy,Trustworthy_Security_Privacy,15.0,0.867,FedCS: Coreset Selection for Federated Learning,Chenhe Hao; Weiying Xie; Daixun Li; Haonan Qin; Hangyu Ye; Leyuan Fang; Yunsong Li,7,15434-15443,True,https://openaccess.thecvf.com/content/CVPR2025/papers/Hao_FedCS_Coreset_Selection_for_Federated_Learning_CVPR_2025_paper.pdf,https://openaccess.thecvf.com/content/CVPR2025/supplemental/Hao_FedCS_Coreset_Selection_CVPR_2025_supplemental.pdf,https://openaccess.thecvf.com/content/CVPR2025/html/Hao_FedCS_Coreset_Selection_for_Federated_Learning_CVPR_2025_paper.html,"Federated Learning (FL) is an emerging direction in distributed machine learning that enables jointly training a model without sharing the data. However, as the size of datasets grows exponentially, computational costs of FL increase. In this paper, we propose the first Coreset Selection criterion for Federated Learning (FedCS) by exploring the Distance Contrast (DC) in feature space. Our FedCS is inspired by the discovery that DC can indicate the intrinsic properties inherent to samples regardless of the networks. Based on the observation, we develop a method that is mathematically formulated to prune samples with high DC. The principle behind our pruning is that high DC samples either contain less information or represent rare extreme cases, thus removal of them can enhance the aggregation performance. Besides, we experimentally show that samples with low DC usually contain substantial information and reflect the common features of samples within their classes, such that they are suitable for constructing coreset. With only two time of linear-logarithmic complexity operation, FedCS leads to significant improvements over the methods using whole dataset in terms of computational costs, with similar accuracies. For example, on the CIFAR-10 dataset with Dirichlet coefficient \alpha=0.1, FedCS achieves 58.88% accuracy using only 44% of the entire dataset, whereas other methods require twice the data volume as FedCS for same performance.","@InProceedings{Hao_2025_CVPR, author = {Hao, Chenhe and Xie, Weiying and Li, Daixun and Qin, Haonan and Ye, Hangyu and Fang, Leyuan and Li, Yunsong}, title = {FedCS: Coreset Selection for Federated Learning}, booktitle = {Proceedings of the Computer Vision and Pattern Recognition Conference (CVPR)}, month = {June}, year = {2025}, pages = {15434-15443} }"
Zhao_AIM-Fair_Advancing_Algorithmic_Fairness_via_Selectively_Fine-Tuning_Biased_Models_with_CVPR_2025_paper,2025,1,Trustworthy_Security_Privacy,Trustworthy_Security_Privacy|Diffusion_Generative,18.0,0.167,AIM-Fair: Advancing Algorithmic Fairness via Selectively Fine-Tuning Biased Models with Contextual Synthetic Data,Zengqun Zhao; Ziquan Liu; Yu Cao; Shaogang Gong; Ioannis Patras,5,28748-28758,True,https://openaccess.thecvf.com/content/CVPR2025/papers/Zhao_AIM-Fair_Advancing_Algorithmic_Fairness_via_Selectively_Fine-Tuning_Biased_Models_with_CVPR_2025_paper.pdf,https://openaccess.thecvf.com/content/CVPR2025/supplemental/Zhao_AIM-Fair_Advancing_Algorithmic_CVPR_2025_supplemental.pdf,https://openaccess.thecvf.com/content/CVPR2025/html/Zhao_AIM-Fair_Advancing_Algorithmic_Fairness_via_Selectively_Fine-Tuning_Biased_Models_with_CVPR_2025_paper.html,"Recent advances in generative models have sparked research on improving model fairness with AI-generated data. However, existing methods often face limitations in the diversity and quality of synthetic data, leading to compromised fairness and overall model accuracy. Moreover, many approaches rely on the availability of demographic group labels, which are often costly to annotate. This paper proposes AIM-Fair, aiming to overcome these limitations and harness the potential of cutting-edge generative models in promoting algorithmic fairness. We investigate a fine-tuning paradigm starting from a biased model initially trained on real-world data without demographic annotations. This model is then fine-tuned using unbiased synthetic data generated by a state-of-the-art diffusion model to improve its fairness. Two key challenges are identified in this fine-tuning paradigm, 1) the low quality of synthetic data, which can still happen even with advanced generative models, and 2) the domain and bias gap between real and synthetic data. To address the limitation of synthetic data quality, we propose Contextual Synthetic Data Generation (CSDG) to generate data using a text-to-image diffusion model (T2I) with prompts generated by a context-aware LLM, ensuring both data diversity and control of bias in synthetic data. To resolve domain and bias shifts, we introduce a novel selective fine-tuning scheme in which only model parameters more sensitive to bias and less sensitive to domain shift are updated. Experiments on CelebA and UTKFace datasets show that our AIM-Fair improves model fairness while maintaining utility, outperforming both fully and partially fine-tuned approaches to model fairness.","@InProceedings{Zhao_2025_CVPR, author = {Zhao, Zengqun and Liu, Ziquan and Cao, Yu and Gong, Shaogang and Patras, Ioannis}, title = {AIM-Fair: Advancing Algorithmic Fairness via Selectively Fine-Tuning Biased Models with Contextual Synthetic Data}, booktitle = {Proceedings of the Computer Vision and Pattern Recognition Conference (CVPR)}, month = {June}, year = {2025}, pages = {28748-28758} }"
Wang_TAPT_Test-Time_Adversarial_Prompt_Tuning_for_Robust_Inference_in_Vision-Language_CVPR_2025_paper,2025,0,Vision_Language_Multimodal,Vision_Language_Multimodal|Trustworthy_Security_Privacy|LLM_Reasoning_Agent,21.0,0.333,TAPT: Test-Time Adversarial Prompt Tuning for Robust Inference in Vision-Language Models,Xin Wang; Kai Chen; Jiaming Zhang; Jingjing Chen; Xingjun Ma,5,19910-19920,True,https://openaccess.thecvf.com/content/CVPR2025/papers/Wang_TAPT_Test-Time_Adversarial_Prompt_Tuning_for_Robust_Inference_in_Vision-Language_CVPR_2025_paper.pdf,https://openaccess.thecvf.com/content/CVPR2025/supplemental/Wang_TAPT_Test-Time_Adversarial_CVPR_2025_supplemental.pdf,https://openaccess.thecvf.com/content/CVPR2025/html/Wang_TAPT_Test-Time_Adversarial_Prompt_Tuning_for_Robust_Inference_in_Vision-Language_CVPR_2025_paper.html,"Large pre-trained Vision-Language Models (VLMs) such as CLIP have demonstrated excellent zero-shot generalizability across various downstream tasks. However, recent studies have shown that the inference performance of CLIP can be greatly degraded by small adversarial perturbations, especially its visual modality, posing significant safety threats. To mitigate this vulnerability, in this paper, we propose a novel defense method called Test-Time Adversarial Prompt Tuning (TAPT) to enhance the inference robustness of CLIP against visual adversarial attacks. TAPT is a test-time defense method that learns defensive bimodal (textual and visual) prompts to robustify the inference process of CLIP. Specifically, it is an unsupervised method that optimizes the defensive prompts for each test sample by minimizing a multi-view entropy and aligning adversarial-clean distributions. We evaluate the effectiveness of TAPT on 11 benchmark datasets, including ImageNet and 10 other zero-shot datasets, demonstrating that it enhances the zero-shot adversarial robustness of the original CLIP by at least 48.9% against AutoAttack (AA), while largely maintaining performance on clean examples. Moreover, TAPT outperforms existing adversarial prompt tuning methods across various backbones, achieving an average robustness improvement of at least 36.6%. Code is available at https://github.com/xinwong/TAPT.","@InProceedings{Wang_2025_CVPR, author = {Wang, Xin and Chen, Kai and Zhang, Jiaming and Chen, Jingjing and Ma, Xingjun}, title = {TAPT: Test-Time Adversarial Prompt Tuning for Robust Inference in Vision-Language Models}, booktitle = {Proceedings of the Computer Vision and Pattern Recognition Conference (CVPR)}, month = {June}, year = {2025}, pages = {19910-19920} }"
Guimard_Classifier-to-Bias_Toward_Unsupervised_Automatic_Bias_Detection_for_Visual_Classifiers_CVPR_2025_paper,2025,1,Trustworthy_Security_Privacy,Trustworthy_Security_Privacy,27.0,0.815,Classifier-to-Bias: Toward Unsupervised Automatic Bias Detection for Visual Classifiers,Quentin Guimard; Moreno D'Incà; Massimiliano Mancini; Elisa Ricci,4,15151-15161,True,https://openaccess.thecvf.com/content/CVPR2025/papers/Guimard_Classifier-to-Bias_Toward_Unsupervised_Automatic_Bias_Detection_for_Visual_Classifiers_CVPR_2025_paper.pdf,https://openaccess.thecvf.com/content/CVPR2025/supplemental/Guimard_Classifier-to-Bias_Toward_Unsupervised_CVPR_2025_supplemental.pdf,https://openaccess.thecvf.com/content/CVPR2025/html/Guimard_Classifier-to-Bias_Toward_Unsupervised_Automatic_Bias_Detection_for_Visual_Classifiers_CVPR_2025_paper.html,"A person downloading a pre-trained model from the web should be aware of its biases. Existing approaches for bias identification rely on datasets containing labels for the task of interest, something that a non-expert may not have access to, or may not have the necessary resources to collect: this greatly limits the number of tasks where model biases can be identified. In this work, we present Classifier-to-Bias (C2B), the first bias discovery framework that works without access to any labeled data: it only relies on a textual description of the classification task to identify biases in the target classification model. This description is fed to a large language model to generate bias proposals and corresponding captions depicting biases together with task-specific target labels. A retrieval model collects images for those captions, which are then used to assess the accuracy of the model w.r.t. the given biases. C2B is training-free, does not require any annotations, has no constraints on the list of biases, and can be applied to any pre-trained model on any classification task. Experiments on two publicly available datasets show that C2B discovers biases beyond those of the original datasets and outperforms a recent state-of-the-art bias detection baseline that relies on task-specific annotations, being a promising first step toward addressing task-agnostic unsupervised bias detection.","@InProceedings{Guimard_2025_CVPR, author = {Guimard, Quentin and D'Inc\`a, Moreno and Mancini, Massimiliano and Ricci, Elisa}, title = {Classifier-to-Bias: Toward Unsupervised Automatic Bias Detection for Visual Classifiers}, booktitle = {Proceedings of the Computer Vision and Pattern Recognition Conference (CVPR)}, month = {June}, year = {2025}, pages = {15151-15161} }"
Guo_MOS-Attack_A_Scalable_Multi-objective_Adversarial_Attack_Framework_CVPR_2025_paper,2025,1,Trustworthy_Security_Privacy,Trustworthy_Security_Privacy,20.0,1.0,MOS-Attack: A Scalable Multi-objective Adversarial Attack Framework,Ping Guo; Cheng Gong; Xi Lin; Fei Liu; Zhichao Lu; Qingfu Zhang; Zhenkun Wang,7,5041-5051,True,https://openaccess.thecvf.com/content/CVPR2025/papers/Guo_MOS-Attack_A_Scalable_Multi-objective_Adversarial_Attack_Framework_CVPR_2025_paper.pdf,https://openaccess.thecvf.com/content/CVPR2025/supplemental/Guo_MOS-Attack_A_Scalable_CVPR_2025_supplemental.pdf,https://openaccess.thecvf.com/content/CVPR2025/html/Guo_MOS-Attack_A_Scalable_Multi-objective_Adversarial_Attack_Framework_CVPR_2025_paper.html,"Crafting adversarial examples is crucial for evaluating and enhancing the robustness of Deep Neural Networks (DNNs), presenting a challenge equivalent to maximizing a non-differentiable 0-1 loss function. However, existing single objective methods, namely adversarial attacks focus on a surrogate loss function, do not fully harness the benefits of engaging multiple loss functions, as a result of insufficient understanding of their synergistic and conflicting nature. To overcome these limitations, we propose the Multi-Objective Set-based Attack (MOS Attack), a novel adversarial attack framework leveraging multiple loss functions and automatically uncovering their interrelations. The MOS Attack adopts a set-based multi-objective optimization strategy, enabling the incorporation of numerous loss functions without additional parameters. It also automatically mines synergistic patterns among various losses, facilitating the generation of potent adversarial attacks with fewer objectives. Extensive experiments have shown that our MOS Attack outperforms single-objective attacks. Furthermore, by harnessing the identified synergistic patterns, MOS Attack continues to show superior results with a reduced number of loss functions.","@InProceedings{Guo_2025_CVPR, author = {Guo, Ping and Gong, Cheng and Lin, Xi and Liu, Fei and Lu, Zhichao and Zhang, Qingfu and Wang, Zhenkun}, title = {MOS-Attack: A Scalable Multi-objective Adversarial Attack Framework}, booktitle = {Proceedings of the Computer Vision and Pattern Recognition Conference (CVPR)}, month = {June}, year = {2025}, pages = {5041-5051} }"
Muller_Black-Box_Forgery_Attacks_on_Semantic_Watermarks_for_Diffusion_Models_CVPR_2025_paper,2025,1,Trustworthy_Security_Privacy,Trustworthy_Security_Privacy|Diffusion_Generative,18.0,0.167,Black-Box Forgery Attacks on Semantic Watermarks for Diffusion Models,Andreas Müller; Denis Lukovnikov; Jonas Thietke; Asja Fischer; Erwin Quiring,5,20937-20946,True,https://openaccess.thecvf.com/content/CVPR2025/papers/Muller_Black-Box_Forgery_Attacks_on_Semantic_Watermarks_for_Diffusion_Models_CVPR_2025_paper.pdf,https://openaccess.thecvf.com/content/CVPR2025/supplemental/Muller_Black-Box_Forgery_Attacks_CVPR_2025_supplemental.pdf,https://openaccess.thecvf.com/content/CVPR2025/html/Muller_Black-Box_Forgery_Attacks_on_Semantic_Watermarks_for_Diffusion_Models_CVPR_2025_paper.html,"Integrating watermarking into the generation process of latent diffusion models (LDMs) simplifies detection and attribution of generated content. Semantic watermarks, such as Tree-Rings and Gaussian Shading, represent a novel class of watermarking techniques that are easy to implement and highly robust against various perturbations. However, our work demonstrates a fundamental security vulnerability of semantic watermarks. We show that attackers can leverage unrelated models, even with different latent spaces and architectures (UNet vs DiT), to perform powerful and realistic forgery attacks. Specifically, we design two watermark forgery attacks. The first \imprints a targeted watermark into real images by manipulating the latent representation of an arbitrary image in an unrelated LDM to get closer to the latent representation of a watermarked image. We also show that this technique can be used for watermark removal. The second attack generates new images with the target watermark by inverting a watermarked image and re-generating it with an arbitrary prompt. Both attacks just need a single reference image with the target watermark. Overall, our findings question the applicability of semantic watermarks by revealing that attackers can easily forge or remove these watermarks under realistic conditions.","@InProceedings{Muller_2025_CVPR, author = {M\""uller, Andreas and Lukovnikov, Denis and Thietke, Jonas and Fischer, Asja and Quiring, Erwin}, title = {Black-Box Forgery Attacks on Semantic Watermarks for Diffusion Models}, booktitle = {Proceedings of the Computer Vision and Pattern Recognition Conference (CVPR)}, month = {June}, year = {2025}, pages = {20937-20946} }"
Qin_Revisiting_Fairness_in_Multitask_Learning_A_Performance-Driven_Approach_for_Variance_CVPR_2025_paper,2025,1,Trustworthy_Security_Privacy,Trustworthy_Security_Privacy,18.0,0.889,Revisiting Fairness in Multitask Learning: A Performance-Driven Approach for Variance Reduction,Xiaohan Qin; Xiaoxing Wang; Junchi Yan,3,20492-20501,True,https://openaccess.thecvf.com/content/CVPR2025/papers/Qin_Revisiting_Fairness_in_Multitask_Learning_A_Performance-Driven_Approach_for_Variance_CVPR_2025_paper.pdf,https://openaccess.thecvf.com/content/CVPR2025/supplemental/Qin_Revisiting_Fairness_in_CVPR_2025_supplemental.pdf,https://openaccess.thecvf.com/content/CVPR2025/html/Qin_Revisiting_Fairness_in_Multitask_Learning_A_Performance-Driven_Approach_for_Variance_CVPR_2025_paper.html,"Multi-task learning (MTL) can leverage shared knowledge across tasks to improve data efficiency and generalization performance, and has been applied in various scenarios. However, task imbalance remains a major challenge for existing MTL methods. While the prior works have attempted to mitigate inter-task unfairness through loss-based and gradient-based strategies, they still exhibit imbalanced performance across tasks on common benchmarks.This key observation motivates us to consider performance-level information as an explicit fairness indicator, which can precisely reflect the current optimization status of each task, and accordingly help to adjust the gradient aggregation process.Specifically, we utilize the performance variance among tasks as the fairness indicator and introduce a dynamic weighting strategy to gradually reduce the performance variance. Based on this, we propose PIVRG, a novel performance-informed variance reduction gradient aggregation approach.Extensive experiments show that PIVRG achieves SOTA performance across various benchmarks, spanning both supervised learning and reinforcement learning tasks with task numbers ranging from 2 to 40. Results from the ablation study also show that our approach can be integrated into existing methods, significantly enhancing their performance while reducing the performance variance among tasks, thus achieving fairer optimization.","@InProceedings{Qin_2025_CVPR, author = {Qin, Xiaohan and Wang, Xiaoxing and Yan, Junchi}, title = {Revisiting Fairness in Multitask Learning: A Performance-Driven Approach for Variance Reduction}, booktitle = {Proceedings of the Computer Vision and Pattern Recognition Conference (CVPR)}, month = {June}, year = {2025}, pages = {20492-20501} }"
Zhou_Improving_the_Transferability_of_Adversarial_Attacks_on_Face_Recognition_with_CVPR_2025_paper,2025,0,Face_Biometrics,Face_Biometrics|Trustworthy_Security_Privacy,30.0,0.4,Improving the Transferability of Adversarial Attacks on Face Recognition with Diverse Parameters Augmentation,Fengfan Zhou; Bangjie Yin; Hefei Ling; Qianyu Zhou; Wenxuan Wang,5,3516-3527,True,https://openaccess.thecvf.com/content/CVPR2025/papers/Zhou_Improving_the_Transferability_of_Adversarial_Attacks_on_Face_Recognition_with_CVPR_2025_paper.pdf,https://openaccess.thecvf.com/content/CVPR2025/supplemental/Zhou_Improving_the_Transferability_CVPR_2025_supplemental.pdf,https://openaccess.thecvf.com/content/CVPR2025/html/Zhou_Improving_the_Transferability_of_Adversarial_Attacks_on_Face_Recognition_with_CVPR_2025_paper.html,"Face Recognition (FR) models are vulnerable to adversarial examples that subtly manipulate benign face images, underscoring the urgent need to improve the transferability of adversarial attacks in order to expose the blind spots of these systems. Existing adversarial attack methods often overlook the potential benefits of augmenting the surrogate model with diverse initializations, which limits the transferability of the generated adversarial examples. To address this gap, we propose a novel method called Diverse Parameters Augmentation (DPA) attack method, which enhances surrogate models by incorporating diverse parameter initializations, resulting in a broader and more diverse set of surrogate models. Specifically, DPA consists of two key stages: Diverse Parameters Optimization (DPO) and Hard Model Aggregation (HMA). In the DPO stage, we initialize the parameters of the surrogate model using both pre-trained and random parameters. Subsequently, we save the models in the intermediate training process to obtain a diverse set of surrogate models. During the HMA stage, we enhance the feature maps of the diversified surrogate models by incorporating beneficial perturbations, thereby further improving the transferability. Experimental results demonstrate that our proposed attack method can effectively enhance the transferability of the crafted adversarial face examples.","@InProceedings{Zhou_2025_CVPR, author = {Zhou, Fengfan and Yin, Bangjie and Ling, Hefei and Zhou, Qianyu and Wang, Wenxuan}, title = {Improving the Transferability of Adversarial Attacks on Face Recognition with Diverse Parameters Augmentation}, booktitle = {Proceedings of the Computer Vision and Pattern Recognition Conference (CVPR)}, month = {June}, year = {2025}, pages = {3516-3527} }"
Chen_NitroFusion_High-Fidelity_Single-Step_Diffusion_through_Dynamic_Adversarial_Training_CVPR_2025_paper,2025,1,Trustworthy_Security_Privacy,Trustworthy_Security_Privacy,9.0,0.667,NitroFusion: High-Fidelity Single-Step Diffusion through Dynamic Adversarial Training,Dar-Yen Chen; Hmrishav Bandyopadhyay; Kai Zou; Yi-Zhe Song,4,7654-7663,True,https://openaccess.thecvf.com/content/CVPR2025/papers/Chen_NitroFusion_High-Fidelity_Single-Step_Diffusion_through_Dynamic_Adversarial_Training_CVPR_2025_paper.pdf,https://openaccess.thecvf.com/content/CVPR2025/supplemental/Chen_NitroFusion_High-Fidelity_Single-Step_CVPR_2025_supplemental.pdf,https://openaccess.thecvf.com/content/CVPR2025/html/Chen_NitroFusion_High-Fidelity_Single-Step_Diffusion_through_Dynamic_Adversarial_Training_CVPR_2025_paper.html,"We introduce NitroFusion, a fundamentally different approach to single-step diffusion that achieves high-quality generation through a dynamic adversarial framework. While one-step methods offer dramatic speed advantages, they typically suffer from quality degradation compared to their multi-step counterparts. Just as a panel of art critics provides comprehensive feedback by specializing in different aspects like composition, color, and technique, our approach maintains a large pool of specialized discriminator heads that collectively guide the generation process. Each discriminator group develops expertise in specific quality aspects at different noise levels, providing diverse feedback that enables high-fidelity one-step generation. Our framework combines: (i) a dynamic discriminator pool with specialized discriminator groups to improve generation quality, (ii) strategic refresh mechanisms to prevent discriminator overfitting, and (iii) global-local discriminator heads for multi-scale quality assessment, and unconditional/conditional training for balanced generation. Additionally, our framework uniquely supports flexible deployment through bottom-up refinement, allowing users to dynamically choose between 1-4 denoising steps with the same model for direct quality-speed trade-offs. Through comprehensive experiments, we demonstrate that NitroFusion significantly outperforms existing single-step methods across multiple evaluation metrics, particularly excelling in preserving fine details and global consistency.","@InProceedings{Chen_2025_CVPR, author = {Chen, Dar-Yen and Bandyopadhyay, Hmrishav and Zou, Kai and Song, Yi-Zhe}, title = {NitroFusion: High-Fidelity Single-Step Diffusion through Dynamic Adversarial Training}, booktitle = {Proceedings of the Computer Vision and Pattern Recognition Conference (CVPR)}, month = {June}, year = {2025}, pages = {7654-7663} }"
Luu_RC-AutoCalib_An_End-to-End_Radar-Camera_Automatic_Calibration_Network_CVPR_2025_paper,2025,1,Trustworthy_Security_Privacy,Trustworthy_Security_Privacy|Autonomous_Driving|Efficiency_Compression|LowLevel_Flow_Depth_Matching,14.0,0.357,RC-AutoCalib: An End-to-End Radar-Camera Automatic Calibration Network,Van-Tin Luu; Yon-Lin Cai; Vu-Hoang Tran; Wei-Chen Chiu; Yi-Ting Chen; Ching-Chun Huang,6,6700-6709,True,https://openaccess.thecvf.com/content/CVPR2025/papers/Luu_RC-AutoCalib_An_End-to-End_Radar-Camera_Automatic_Calibration_Network_CVPR_2025_paper.pdf,https://openaccess.thecvf.com/content/CVPR2025/supplemental/Luu_RC-AutoCalib_An_End-to-End_CVPR_2025_supplemental.pdf,https://openaccess.thecvf.com/content/CVPR2025/html/Luu_RC-AutoCalib_An_End-to-End_Radar-Camera_Automatic_Calibration_Network_CVPR_2025_paper.html,"This paper presents a groundbreaking approach - the first online automatic geometric calibration method for radar and camera systems. Given the significant data sparsity and measurement uncertainty in radar height data, achieving automatic calibration during system operation has long been a challenge. To address the sparsity issue, we propose a Dual-Perspective representation that gathers features from both frontal and bird's-eye views. The frontal view contains rich but sensitive height information, whereas the bird's-eye view provides robust features against height uncertainty. We thereby propose a novel Selective Fusion Mechanism to identify and fuse reliable features from both perspectives, reducing the effect of height uncertainty. Moreover, for each view, we incorporate a Multi-Modal Cross-Attention Mechanism to explicitly find location correspondences through cross-modal matching. During the training phase, we also design a Noise-Resistant Matcher to provide better supervision and enhance the robustness of the matching mechanism against sparsity and height uncertainty. Our experimental results, tested on the nuScenes dataset, demonstrate that our method significantly outperforms previous radar-camera auto-calibration methods, as well as existing state-of-the-art LiDAR-camera calibration techniques, establishing a new benchmark for future research.","@InProceedings{Luu_2025_CVPR, author = {Luu, Van-Tin and Cai, Yon-Lin and Tran, Vu-Hoang and Chiu, Wei-Chen and Chen, Yi-Ting and Huang, Ching-Chun}, title = {RC-AutoCalib: An End-to-End Radar-Camera Automatic Calibration Network}, booktitle = {Proceedings of the Computer Vision and Pattern Recognition Conference (CVPR)}, month = {June}, year = {2025}, pages = {6700-6709} }"
Yan_A_Simple_Data_Augmentation_for_Feature_Distribution_Skewed_Federated_Learning_CVPR_2025_paper,2025,1,Trustworthy_Security_Privacy,Trustworthy_Security_Privacy,15.0,1.0,A Simple Data Augmentation for Feature Distribution Skewed Federated Learning,Yunlu Yan; Huazhu Fu; Yuexiang Li; Jinheng Xie; Jun Ma; Guang Yang; Lei Zhu,7,25749-25758,True,https://openaccess.thecvf.com/content/CVPR2025/papers/Yan_A_Simple_Data_Augmentation_for_Feature_Distribution_Skewed_Federated_Learning_CVPR_2025_paper.pdf,https://openaccess.thecvf.com/content/CVPR2025/supplemental/Yan_A_Simple_Data_CVPR_2025_supplemental.pdf,https://openaccess.thecvf.com/content/CVPR2025/html/Yan_A_Simple_Data_Augmentation_for_Feature_Distribution_Skewed_Federated_Learning_CVPR_2025_paper.html,"Federated Learning (FL) facilitates collaborative learning among multiple clients in a distributed manner and ensures the security of privacy. However, its performance inevitably degrades with non-Independent and Identically Distributed (non-IID) data. In this paper, we focus on the feature distribution skewed FL scenario, a common non-IID situation in real-world applications where data from different clients exhibit varying underlying distributions. This variation leads to feature shift, which is a key issue of this scenario. While previous works have made notable progress, few pay attention to the data itself, i.e., the root of this issue. The primary goal of this paper is to mitigate feature shift from the perspective of data. To this end, we propose a simple yet remarkably effective input-level data augmentation method, namely FedRDN, which randomly injects the statistical information of the local distribution from the entire federation into the client's data. This is beneficial to improve the generalization of local feature representations, thereby mitigating feature shift. Moreover, our FedRDN is a plug-and-play component, which can be seamlessly integrated into the data augmentation flow with only a few lines of code. Extensive experiments on several datasets show that the performance of various representative FL methods can be further improved by integrating our FedRDN, demonstrating its effectiveness, strong compatibility and generalizability. Code is available at https://github.com/IAMJackYan/FedRDN.","@InProceedings{Yan_2025_CVPR, author = {Yan, Yunlu and Fu, Huazhu and Li, Yuexiang and Xie, Jinheng and Ma, Jun and Yang, Guang and Zhu, Lei}, title = {A Simple Data Augmentation for Feature Distribution Skewed Federated Learning}, booktitle = {Proceedings of the Computer Vision and Pattern Recognition Conference (CVPR)}, month = {June}, year = {2025}, pages = {25749-25758} }"
Kashiani_FreqDebias_Towards_Generalizable_Deepfake_Detection_via_Consistency-Driven_Frequency_Debiasing_CVPR_2025_paper,2025,1,Trustworthy_Security_Privacy,Trustworthy_Security_Privacy,30.0,0.767,FreqDebias: Towards Generalizable Deepfake Detection via Consistency-Driven Frequency Debiasing,Hossein Kashiani; Niloufar Alipour Talemi; Fatemeh Afghah,3,8775-8785,True,https://openaccess.thecvf.com/content/CVPR2025/papers/Kashiani_FreqDebias_Towards_Generalizable_Deepfake_Detection_via_Consistency-Driven_Frequency_Debiasing_CVPR_2025_paper.pdf,https://openaccess.thecvf.com/content/CVPR2025/supplemental/Kashiani_FreqDebias_Towards_Generalizable_CVPR_2025_supplemental.pdf,https://openaccess.thecvf.com/content/CVPR2025/html/Kashiani_FreqDebias_Towards_Generalizable_Deepfake_Detection_via_Consistency-Driven_Frequency_Debiasing_CVPR_2025_paper.html,"Deepfake detectors often struggle to generalize to novel forgery types due to biases learned from limited training data. In this paper, we identify a new type of model bias in the frequency domain, termed spectral bias, where detectors overly rely on specific frequency bands, restricting their ability to generalize across unseen forgeries. To address this, we propose FreqDebias, a frequency debiasing framework that mitigates spectral bias through two complementary strategies. First, we introduce a novel Forgery Mixup (Fo-Mixup) augmentation, which dynamically diversifies frequency characteristics of training samples. Second, we incorporate a dual consistency regularization (CR), which enforces both local consistency using class activation maps (CAMs) and global consistency through a von Mises-Fisher (vMF) distribution on a hyperspherical embedding space. This dual CR mitigates over-reliance on certain frequency components by promoting consistent representation learning under both local and global supervision. Extensive experiments show that FreqDebias significantly enhances cross-domain generalization and outperforms state-of-the-art methods in both cross-domain and in-domain settings.","@InProceedings{Kashiani_2025_CVPR, author = {Kashiani, Hossein and Talemi, Niloufar Alipour and Afghah, Fatemeh}, title = {FreqDebias: Towards Generalizable Deepfake Detection via Consistency-Driven Frequency Debiasing}, booktitle = {Proceedings of the Computer Vision and Pattern Recognition Conference (CVPR)}, month = {June}, year = {2025}, pages = {8775-8785} }"
An_Decoder_Gradient_Shield_Provable_and_High-Fidelity_Prevention_of_Gradient-Based_Box-Free_CVPR_2025_paper,2025,1,Trustworthy_Security_Privacy,Trustworthy_Security_Privacy,23.0,1.0,Decoder Gradient Shield: Provable and High-Fidelity Prevention of Gradient-Based Box-Free Watermark Removal,Haonan An; Guang Hua; Zhengru Fang; Guowen Xu; Susanto Rahardja; Yuguang Fang,6,13424-13433,True,https://openaccess.thecvf.com/content/CVPR2025/papers/An_Decoder_Gradient_Shield_Provable_and_High-Fidelity_Prevention_of_Gradient-Based_Box-Free_CVPR_2025_paper.pdf,,https://openaccess.thecvf.com/content/CVPR2025/html/An_Decoder_Gradient_Shield_Provable_and_High-Fidelity_Prevention_of_Gradient-Based_Box-Free_CVPR_2025_paper.html,"The intellectual property of deep image-to-image models can be protected by the so-called box-free watermarking. It uses an encoder and a decoder, respectively, to embed into and extract from the model's output images invisible copyright marks. Prior works have improved watermark robustness, focusing on the design of better watermark encoders. In this paper, we reveal an overlooked vulnerability of the unprotected watermark decoder which is jointly trained with the encoder and can be exploited to train a watermark removal network. To defend against such an attack, we propose the decoder gradient shield (DGS) as a protection layer in the decoder API to prevent gradient-based watermark removal with a closed-form solution. The fundamental idea is inspired by the classical adversarial attack, but is utilized for the first time as a defensive mechanism in the box-free model watermarking. We then demonstrate that DGS can reorient and rescale the gradient directions of watermarked queries and stop the watermark remover's training loss from converging to the level without DGS, while retaining decoder output image quality. Experimental results verify the effectiveness of the proposed method. Code of paper is available at https://github.com/haonanAN309/CVPR-2025-Official-Implementation-Decoder-Gradient-Shield.","@InProceedings{An_2025_CVPR, author = {An, Haonan and Hua, Guang and Fang, Zhengru and Xu, Guowen and Rahardja, Susanto and Fang, Yuguang}, title = {Decoder Gradient Shield: Provable and High-Fidelity Prevention of Gradient-Based Box-Free Watermark Removal}, booktitle = {Proceedings of the Computer Vision and Pattern Recognition Conference (CVPR)}, month = {June}, year = {2025}, pages = {13424-13433} }"
Poppi_Hyperbolic_Safety-Aware_Vision-Language_Models_CVPR_2025_paper,2025,0,Vision_Language_Multimodal,Vision_Language_Multimodal|Trustworthy_Security_Privacy,26.0,0.538,Hyperbolic Safety-Aware Vision-Language Models,Tobia Poppi; Tejaswi Kasarla; Pascal Mettes; Lorenzo Baraldi; Rita Cucchiara,5,4222-4232,True,https://openaccess.thecvf.com/content/CVPR2025/papers/Poppi_Hyperbolic_Safety-Aware_Vision-Language_Models_CVPR_2025_paper.pdf,https://openaccess.thecvf.com/content/CVPR2025/supplemental/Poppi_Hyperbolic_Safety-Aware_Vision-Language_CVPR_2025_supplemental.pdf,https://openaccess.thecvf.com/content/CVPR2025/html/Poppi_Hyperbolic_Safety-Aware_Vision-Language_Models_CVPR_2025_paper.html,"Addressing the retrieval of unsafe content from vision-language models such as CLIP is an important step towards real-world integration. Current efforts have relied on unlearning techniques that try to erase the model's knowledge of unsafe concepts. While effective in reducing unwanted outputs, unlearning limits the model's capacity to discern between safe and unsafe content. In this work, we introduce a novel approach that shifts from unlearning to an awareness paradigm by leveraging the inherent hierarchical properties of the hyperbolic space. We propose to encode safe and unsafe content as an entailment hierarchy, where both are placed in different regions of hyperbolic space. Our HySAC, Hyperbolic Safety-Aware CLIP, employs entailment loss functions to model the hierarchical and asymmetrical relations between safe and unsafe image-text pairs. This modelling - ineffective in standard vision-language models due to their reliance on Euclidean embeddings - endows the model with awareness of unsafe content, enabling it to serve as both a multimodal unsafe classifier and a flexible content retriever, with the option to dynamically redirect unsafe queries toward safer alternatives or retain the original output. Extensive experiments show that our approach not only enhances safety recognition, but also establishes a more adaptable and interpretable framework for content moderation in vision-language models. Our source code is available at: https://github.com/aimagelab/HySAC","@InProceedings{Poppi_2025_CVPR, author = {Poppi, Tobia and Kasarla, Tejaswi and Mettes, Pascal and Baraldi, Lorenzo and Cucchiara, Rita}, title = {Hyperbolic Safety-Aware Vision-Language Models}, booktitle = {Proceedings of the Computer Vision and Pattern Recognition Conference (CVPR)}, month = {June}, year = {2025}, pages = {4222-4232} }"
Yang_TAROT_Towards_Essentially_Domain-Invariant_Robustness_with_Theoretical_Justification_CVPR_2025_paper,2025,1,Trustworthy_Security_Privacy,Trustworthy_Security_Privacy|Transfer_FewShot_DomainAdaptation,13.0,0.077,TAROT: Towards Essentially Domain-Invariant Robustness with Theoretical Justification,Dongyoon Yang; Jihu Lee; Yongdai Kim,3,25780-25789,True,https://openaccess.thecvf.com/content/CVPR2025/papers/Yang_TAROT_Towards_Essentially_Domain-Invariant_Robustness_with_Theoretical_Justification_CVPR_2025_paper.pdf,https://openaccess.thecvf.com/content/CVPR2025/supplemental/Yang_TAROT_Towards_Essentially_CVPR_2025_supplemental.pdf,https://openaccess.thecvf.com/content/CVPR2025/html/Yang_TAROT_Towards_Essentially_Domain-Invariant_Robustness_with_Theoretical_Justification_CVPR_2025_paper.html,"Robust domain adaptation against adversarial attacks is a critical research area that aims to develop models capable of maintaining consistent performance across diverse and challenging domains. In this paper, we derive a new generalization bound for robust risk on the target domain using a novel divergence measure specifically designed for robust domain adaptation. Building upon this, we propose a new algorithm named TAROT, which is designed to enhance both domain adaptability and robustness. Through extensive experiments, TAROT not only surpasses state-of-the-art methods in accuracy and robustness but also significantly enhances domain generalization and scalability by effectively learning domain-invariant features. In particular, TAROT achieves superior performance on the challenging DomainNet dataset, demonstrating its ability to learn domain-invariant representations that generalize well across different domains, including unseen ones. These results highlight the broader applicability of our approach in real-world domain adaptation scenarios.","@InProceedings{Yang_2025_CVPR, author = {Yang, Dongyoon and Lee, Jihu and Kim, Yongdai}, title = {TAROT: Towards Essentially Domain-Invariant Robustness with Theoretical Justification}, booktitle = {Proceedings of the Computer Vision and Pattern Recognition Conference (CVPR)}, month = {June}, year = {2025}, pages = {25780-25789} }"
Liu_Frequency-Biased_Synergistic_Design_for_Image_Compression_and_Compensation_CVPR_2025_paper,2025,1,Trustworthy_Security_Privacy,Trustworthy_Security_Privacy,6.0,0.5,Frequency-Biased Synergistic Design for Image Compression and Compensation,Jiaming Liu; Qi Zheng; Zihao Liu; Yilian Zhong; Peiye Liu; Tao Liu; Shusong Xu; Yanheng Lu; Sicheng Li; Dimin Niu; Yibo Fan,11,12820-12829,True,https://openaccess.thecvf.com/content/CVPR2025/papers/Liu_Frequency-Biased_Synergistic_Design_for_Image_Compression_and_Compensation_CVPR_2025_paper.pdf,https://openaccess.thecvf.com/content/CVPR2025/supplemental/Liu_Frequency-Biased_Synergistic_Design_CVPR_2025_supplemental.pdf,https://openaccess.thecvf.com/content/CVPR2025/html/Liu_Frequency-Biased_Synergistic_Design_for_Image_Compression_and_Compensation_CVPR_2025_paper.html,"Compression artifacts removal (CAR), an effective post-processing method to reduce compression distortion in edge-side codecs, demonstrates remarkable results by utilizing convolutional neural networks (CNNs) on high computational power cloud side. Traditional image compression reduces redundancy in the frequency domain, and we observed that CNNs also exhibit a bias in frequency domain when handling compression distortions. However, no prior research leverages this frequency bias to design compression methods tailored to CAR CNNs, or vice versa. In this paper, we present a synergistic design that bridges the gap between image compression and learnable compensation for CAR. Our investigation reveals that different compensation networks have varying effects on low and high-frequencies. Building upon these insights, we propose a pioneering redesign of the quantization process, a fundamental component in lossy image compression, to more effectively compress low-frequency information. Additionally, we devise a novel compensation framework that applies different neural networks for reconstructing different frequencies, incorporating a basis attention block to prioritize intentionally dropped low-frequency information, thereby enhancing the overall compensation. We instantiate two compensation networks based on this synergistic design and conduct extensive experiments on three image compression standards, demonstrating that our approach significantly reduces bitrate consumption while delivering high perceptual quality.","@InProceedings{Liu_2025_CVPR, author = {Liu, Jiaming and Zheng, Qi and Liu, Zihao and Zhong, Yilian and Liu, Peiye and Liu, Tao and Xu, Shusong and Lu, Yanheng and Li, Sicheng and Niu, Dimin and Fan, Yibo}, title = {Frequency-Biased Synergistic Design for Image Compression and Compensation}, booktitle = {Proceedings of the Computer Vision and Pattern Recognition Conference (CVPR)}, month = {June}, year = {2025}, pages = {12820-12829} }"
Lu_GEAL_Generalizable_3D_Affordance_Learning_with_Cross-Modal_Consistency_CVPR_2025_paper,2025,0,Vision_Language_Multimodal,Vision_Language_Multimodal|3D_Reconstruction|Trustworthy_Security_Privacy,8.0,0.25,GEAL: Generalizable 3D Affordance Learning with Cross-Modal Consistency,Dongyue Lu; Lingdong Kong; Tianxin Huang; Gim Hee Lee,4,1680-1690,True,https://openaccess.thecvf.com/content/CVPR2025/papers/Lu_GEAL_Generalizable_3D_Affordance_Learning_with_Cross-Modal_Consistency_CVPR_2025_paper.pdf,https://openaccess.thecvf.com/content/CVPR2025/supplemental/Lu_GEAL_Generalizable_3D_CVPR_2025_supplemental.pdf,https://openaccess.thecvf.com/content/CVPR2025/html/Lu_GEAL_Generalizable_3D_Affordance_Learning_with_Cross-Modal_Consistency_CVPR_2025_paper.html,"Identifying affordance regions on 3D objects from semantic cues is essential for robotics and human-machine interaction. However, existing 3D affordance learning methods struggle with generalization and robustness due to limited annotated data and a reliance on 3D backbones focused on geometric encoding, which often lack resilience to real-world noise and data corruption. We propose GEAL, a novel framework designed to enhance the generalization and robustness of 3D affordance learning by leveraging large-scale pre-trained 2D models. We employ a dual-branch architecture with Gaussian splatting to establish consistent mappings between 3D point clouds and 2D representations, enabling realistic 2D renderings from sparse point clouds. A granularity-adaptive fusion module and a 2D-3D consistency alignment module further strengthen cross-modal alignment and knowledge transfer, allowing the 3D branch to benefit from the rich semantics and generalization capacity of 2D models. To holistically assess the robustness, we introduce two new corruption-based benchmarks: PIAD-C and LASO-C. Extensive experiments on public datasets and our benchmarks show that GEAL consistently outperforms existing methods across seen and novel object categories, as well as corrupted data, demonstrating robust and adaptable affordance predictions. The code and datasets are publicly available.","@InProceedings{Lu_2025_CVPR, author = {Lu, Dongyue and Kong, Lingdong and Huang, Tianxin and Lee, Gim Hee}, title = {GEAL: Generalizable 3D Affordance Learning with Cross-Modal Consistency}, booktitle = {Proceedings of the Computer Vision and Pattern Recognition Conference (CVPR)}, month = {June}, year = {2025}, pages = {1680-1690} }"
Yu_Language_Guided_Concept_Bottleneck_Models_for_Interpretable_Continual_Learning_CVPR_2025_paper,2025,0,Transfer_FewShot_DomainAdaptation,Transfer_FewShot_DomainAdaptation|Trustworthy_Security_Privacy,18.0,0.333,Language Guided Concept Bottleneck Models for Interpretable Continual Learning,Lu Yu; Haoyu Han; Zhe Tao; Hantao Yao; Changsheng Xu,5,14976-14986,True,https://openaccess.thecvf.com/content/CVPR2025/papers/Yu_Language_Guided_Concept_Bottleneck_Models_for_Interpretable_Continual_Learning_CVPR_2025_paper.pdf,https://openaccess.thecvf.com/content/CVPR2025/supplemental/Yu_Language_Guided_Concept_CVPR_2025_supplemental.pdf,https://openaccess.thecvf.com/content/CVPR2025/html/Yu_Language_Guided_Concept_Bottleneck_Models_for_Interpretable_Continual_Learning_CVPR_2025_paper.html,"Continual learning (CL) aims to enable learning systems to acquire new knowledge constantly without forgetting previously learned information. CL faces the challenge of mitigating catastrophic forgetting while maintaining interpretability across tasks.Most existing CL methods focus primarily on preserving learned knowledge to improve model performance. However, as new information is introduced, the interpretability of the learning process becomes crucial for understanding the evolving decision-making process, yet it is rarely explored. In this paper, we introduce a novel framework that integrates language-guided Concept Bottleneck Models (CBMs) to address both challenges. Our approach leverages the Concept Bottleneck Layer, aligning semantic consistency with CLIP models to learn human-understandable concepts that can generalize across tasks. By focusing on interpretable concepts, our method not only enhances the model's ability to retain knowledge over time but also provides transparent decision-making insights. We demonstrate the effectiveness of our approach by achieving superior performance on several datasets, outperforming state-of-the-art methods with an improvement of up to 3.06% in final average accuracy on ImageNet-subset. Additionally, we offer concept visualizations for model predictions, further advancing the understanding of interpretable continual learning. Code is available at https://github.com/FisherCats/CLG-CBM.","@InProceedings{Yu_2025_CVPR, author = {Yu, Lu and Han, Haoyu and Tao, Zhe and Yao, Hantao and Xu, Changsheng}, title = {Language Guided Concept Bottleneck Models for Interpretable Continual Learning}, booktitle = {Proceedings of the Computer Vision and Pattern Recognition Conference (CVPR)}, month = {June}, year = {2025}, pages = {14976-14986} }"
Su_Domain_Adaptive_Diabetic_Retinopathy_Grading_with_Model_Absence_and_Flowing_CVPR_2025_paper,2025,1,Trustworthy_Security_Privacy,Trustworthy_Security_Privacy|Medical_Bio_RemoteSensing,10.0,0.1,Domain Adaptive Diabetic Retinopathy Grading with Model Absence and Flowing Data,Wenxin Su; Song Tang; Xiaofeng Liu; Xiaojing Yi; Mao Ye; Chunxiao Zu; Jiahao Li; Xiatian Zhu,8,28337-28346,True,https://openaccess.thecvf.com/content/CVPR2025/papers/Su_Domain_Adaptive_Diabetic_Retinopathy_Grading_with_Model_Absence_and_Flowing_CVPR_2025_paper.pdf,https://openaccess.thecvf.com/content/CVPR2025/supplemental/Su_Domain_Adaptive_Diabetic_CVPR_2025_supplemental.pdf,https://openaccess.thecvf.com/content/CVPR2025/html/Su_Domain_Adaptive_Diabetic_Retinopathy_Grading_with_Model_Absence_and_Flowing_CVPR_2025_paper.html,"Domain shift (the difference between source and target domains) poses a significant challenge in clinical applications, e.g., Diabetic Retinopathy (DR) grading. Despite considering certain clinical requirements, like source data privacy, conventional transfer methods are predominantly model-centered and often struggle to prevent model-targeted attacks. In this paper, we address a challenging Online Model-aGnostic Domain Adaptation (OMG-DA) setting, driven by the demands of clinical environments. This setting is characterized by the absence of the model and the flow of target data. To tackle the new challenge, we propose a novel approach, Generative Unadversarial ExampleS (GUES), which enables adaptation from a data-centric perspective. Specifically, we first theoretically reformulate conventional perturbation optimization in a generative way-- learning a perturbation generation function with a latent input variable. During model instantiation, we leverage a Variational AutoEncoder to express this function. The encoder with the reparameterization trick predicts the latent input, whilst the decoder is responsible for the generation. Furthermore, the saliency map is selected as pseudo perturbation labels. Because it not only captures potential lesions but also theoretically provides an upper bound on the function input, enabling the identification of the latent variable. Extensive experiments on DR benchmarks with both frozen pre-trained models and trainable models demonstrate the superiority of GUES, showing robustness even with small batch size. The source code and data are available at https://github.com/tntek/GUES.","@InProceedings{Su_2025_CVPR, author = {Su, Wenxin and Tang, Song and Liu, Xiaofeng and Yi, Xiaojing and Ye, Mao and Zu, Chunxiao and Li, Jiahao and Zhu, Xiatian}, title = {Domain Adaptive Diabetic Retinopathy Grading with Model Absence and Flowing Data}, booktitle = {Proceedings of the Computer Vision and Pattern Recognition Conference (CVPR)}, month = {June}, year = {2025}, pages = {28337-28346} }"
Xia_Theoretical_Insights_in_Model_Inversion_Robustness_and_Conditional_Entropy_Maximization_CVPR_2025_paper,2025,1,Trustworthy_Security_Privacy,Trustworthy_Security_Privacy,15.0,0.867,Theoretical Insights in Model Inversion Robustness and Conditional Entropy Maximization for Collaborative Inference Systems,Song Xia; Yi Yu; Wenhan Yang; Meiwen Ding; Zhuo Chen; Ling-Yu Duan; Alex C. Kot; Xudong Jiang,8,8753-8763,True,https://openaccess.thecvf.com/content/CVPR2025/papers/Xia_Theoretical_Insights_in_Model_Inversion_Robustness_and_Conditional_Entropy_Maximization_CVPR_2025_paper.pdf,https://openaccess.thecvf.com/content/CVPR2025/supplemental/Xia_Theoretical_Insights_in_CVPR_2025_supplemental.pdf,https://openaccess.thecvf.com/content/CVPR2025/html/Xia_Theoretical_Insights_in_Model_Inversion_Robustness_and_Conditional_Entropy_Maximization_CVPR_2025_paper.html,"By locally encoding raw data into intermediate features, collaborative inference enables end users to leverage powerful deep learning models without exposure of sensitive raw data to cloud servers. However, recent studies have revealed that these intermediate features may not sufficiently preserve privacy, as information can be leaked and raw data can be reconstructed via model inversion attacks (MIAs). Obfuscation-based methods, such as noise corruption, adversarial representation learning, and information filters, enhance the inversion robustness by obfuscating the task-irrelevant redundancy empirically. However, methods for quantifying such redundancy remain elusive, and the explicit mathematical relation between this redundancy and worst-case robustness against inversion has not yet been established. To address that, this work first theoretically proves that the conditional entropy of inputs given intermediate features provides a guaranteed lower bound on the reconstruction mean square error (MSE) under any MIA. Then, we derive a differentiable and solvable measure for bounding this conditional entropy based on the Gaussian mixture estimation and propose a conditional entropy maximization (CEM) algorithm to enhance the inversion robustness. Experimental results on four datasets demonstrate the effectiveness and adaptability of our proposed CEM; without compromising the feature utility and computing efficiency, integrating the proposed CEM into obfuscation-based defense mechanisms consistently boosts their inversion robustness, achieving average gains ranging from 12.9% to 48.2%. Code is available at \href https://github.com/xiasong0501/CEM https://github.com/xiasong0501/CEM .","@InProceedings{Xia_2025_CVPR, author = {Xia, Song and Yu, Yi and Yang, Wenhan and Ding, Meiwen and Chen, Zhuo and Duan, Ling-Yu and Kot, Alex C. and Jiang, Xudong}, title = {Theoretical Insights in Model Inversion Robustness and Conditional Entropy Maximization for Collaborative Inference Systems}, booktitle = {Proceedings of the Computer Vision and Pattern Recognition Conference (CVPR)}, month = {June}, year = {2025}, pages = {8753-8763} }"
Kulkarni_Interpretable_Generative_Models_through_Post-hoc_Concept_Bottlenecks_CVPR_2025_paper,2025,0,Diffusion_Generative,Diffusion_Generative|Trustworthy_Security_Privacy,15.0,0.2,Interpretable Generative Models through Post-hoc Concept Bottlenecks,Akshay Kulkarni; Ge Yan; Chung-En Sun; Tuomas Oikarinen; Tsui-Wei Weng,5,8162-8171,True,https://openaccess.thecvf.com/content/CVPR2025/papers/Kulkarni_Interpretable_Generative_Models_through_Post-hoc_Concept_Bottlenecks_CVPR_2025_paper.pdf,https://openaccess.thecvf.com/content/CVPR2025/supplemental/Kulkarni_Interpretable_Generative_Models_CVPR_2025_supplemental.pdf,https://openaccess.thecvf.com/content/CVPR2025/html/Kulkarni_Interpretable_Generative_Models_through_Post-hoc_Concept_Bottlenecks_CVPR_2025_paper.html,"Concept bottleneck models (CBM) aim to produce inherently interpretable models that rely on human-understandable concepts for their predictions. However, existing approaches to design interpretable generative models based on CBMs are not yet efficient and scalable, as they require expensive generative model training from scratch as well as real images with labor-intensive concept supervision. To address these challenges, we present two novel and low-cost methods to build interpretable generative models through post-hoc techniques and we name our approaches: concept-bottleneck autoencoder (CB-AE) and concept controller (CC). Our proposed approaches enable efficient and scalable training without the need of real data and require only minimal to no concept supervision. Additionally, our methods generalize across modern generative model families including generative adversarial networks and diffusion models. We demonstrate the superior interpretability and steerability of our methods on numerous standard datasets like CelebA, CelebA-HQ, and CUB with large improvements (average 25%) over the prior work, while being 4-15x faster to train. Finally, a large-scale user study is performed to validate the interpretability and steerability of our methods.","@InProceedings{Kulkarni_2025_CVPR, author = {Kulkarni, Akshay and Yan, Ge and Sun, Chung-En and Oikarinen, Tuomas and Weng, Tsui-Wei}, title = {Interpretable Generative Models through Post-hoc Concept Bottlenecks}, booktitle = {Proceedings of the Computer Vision and Pattern Recognition Conference (CVPR)}, month = {June}, year = {2025}, pages = {8162-8171} }"
Liu_Watermarking_One_for_All_A_Robust_Watermarking_Scheme_Against_Partial_CVPR_2025_paper,2025,1,Trustworthy_Security_Privacy,Trustworthy_Security_Privacy,29.0,1.0,Watermarking One for All: A Robust Watermarking Scheme Against Partial Image Theft,Gaozhi Liu; Silu Cao; Zhenxing Qian; Xinpeng Zhang; Sheng Li; Wanli Peng,6,8225-8234,True,https://openaccess.thecvf.com/content/CVPR2025/papers/Liu_Watermarking_One_for_All_A_Robust_Watermarking_Scheme_Against_Partial_CVPR_2025_paper.pdf,https://openaccess.thecvf.com/content/CVPR2025/supplemental/Liu_Watermarking_One_for_CVPR_2025_supplemental.pdf,https://openaccess.thecvf.com/content/CVPR2025/html/Liu_Watermarking_One_for_All_A_Robust_Watermarking_Scheme_Against_Partial_CVPR_2025_paper.html,"The proliferation of digital images on the Internet has provided unprecedented convenience, but also poses significant risks of malicious theft and misuse. Digital watermarking has long been researched as an effective tool for copyright protection. However, it often falls short when addressing partial image theft, a common yet little-researched issue in practical applications. Most existing schemes typically require the entire image as input to extract watermarks. However, in practice, malicious users often steal only a portion of the image to create new content. The stolen portion can have arbitrary shape or content, being fused with a new background and may have undergone geometric transformations, making it challenging for current methods to extract correctly. To address the issues above, we propose WOFA (Watermarking One for All), a robust watermarking scheme against partial image theft. First of all, we define the entire process of partial image theft and construct a dataset accordingly. To gain robustness against partial image theft, we then design a comprehensive distortion layer that incorporates the process of partial image theft and several common distortions in channel. For easier network convergence, we employ a multi-level network structure on the basis of the commonly used embedder-distortion layer-extractor architecture and adopt a progressive training strategy. Abundant experiments demonstrate that our superior performance in the scenario of partial image theft, offering a more reliable solution for protecting digital images against unauthorized use in practical use.","@InProceedings{Liu_2025_CVPR, author = {Liu, Gaozhi and Cao, Silu and Qian, Zhenxing and Zhang, Xinpeng and Li, Sheng and Peng, Wanli}, title = {Watermarking One for All: A Robust Watermarking Scheme Against Partial Image Theft}, booktitle = {Proceedings of the Computer Vision and Pattern Recognition Conference (CVPR)}, month = {June}, year = {2025}, pages = {8225-8234} }"
Xu_Rethinking_the_Adversarial_Robustness_of_Multi-Exit_Neural_Networks_in_an_CVPR_2025_paper,2025,1,Trustworthy_Security_Privacy,Trustworthy_Security_Privacy,30.0,1.0,Rethinking the Adversarial Robustness of Multi-Exit Neural Networks in an Attack-Defense Game,Keyizhi Xu; Chi Zhang; Zhan Chen; Zhongyuan Wang; Chunxia Xiao; Chao Liang,6,10265-10274,True,https://openaccess.thecvf.com/content/CVPR2025/papers/Xu_Rethinking_the_Adversarial_Robustness_of_Multi-Exit_Neural_Networks_in_an_CVPR_2025_paper.pdf,https://openaccess.thecvf.com/content/CVPR2025/supplemental/Xu_Rethinking_the_Adversarial_CVPR_2025_supplemental.pdf,https://openaccess.thecvf.com/content/CVPR2025/html/Xu_Rethinking_the_Adversarial_Robustness_of_Multi-Exit_Neural_Networks_in_an_CVPR_2025_paper.html,"Multi-exit neural networks represent a promising approach to enhancing model inference efficiency, yet like common neural networks, they suffer from significantly reduced robustness against adversarial attacks. While some defense methods have been raised to strengthen the adversarial robustness of multi-exit neural networks, we identify a long-neglected flaw in the evaluation of previous studies: simply using a fixed set of exits for attack may lead to an overestimation of their defense capacity. Based on this finding, our work explores the following three key aspects in the adversarial robustness of multi-exit neural networks: (1) we discover that a mismatch of the network exits used by the attacker and defender is responsible for the overestimated robustness of previous defense methods; (2) by finding the best strategy in a two-player zero-sum game, we propose AIMER as an improved evaluation scheme to measure the intrinsic robustness of multi-exit neural networks; (3) going further, we introduce NEED defense method under the evaluation of AIMER that can optimize the defender's strategy by finding a Nash equilibrium of the game. Experiments over 3 datasets, 7 architectures, 7 attacks and 4 baselines show that AIMER evaluates the robustness 13.52% lower than previous methods under AutoAttack, while the robust performance of NEED surpasses single-exit networks of the same backbones by 5.58% maximally.","@InProceedings{Xu_2025_CVPR, author = {Xu, Keyizhi and Zhang, Chi and Chen, Zhan and Wang, Zhongyuan and Xiao, Chunxia and Liang, Chao}, title = {Rethinking the Adversarial Robustness of Multi-Exit Neural Networks in an Attack-Defense Game}, booktitle = {Proceedings of the Computer Vision and Pattern Recognition Conference (CVPR)}, month = {June}, year = {2025}, pages = {10265-10274} }"
Liu_Enhancing_Testing-Time_Robustness_for_Trusted_Multi-View_Classification_in_the_Wild_CVPR_2025_paper,2025,1,Trustworthy_Security_Privacy,Trustworthy_Security_Privacy,10.0,1.0,Enhancing Testing-Time Robustness for Trusted Multi-View Classification in the Wild,Wei Liu; Yufei Chen; Xiaodong Yue,3,15508-15517,True,https://openaccess.thecvf.com/content/CVPR2025/papers/Liu_Enhancing_Testing-Time_Robustness_for_Trusted_Multi-View_Classification_in_the_Wild_CVPR_2025_paper.pdf,https://openaccess.thecvf.com/content/CVPR2025/supplemental/Liu_Enhancing_Testing-Time_Robustness_CVPR_2025_supplemental.pdf,https://openaccess.thecvf.com/content/CVPR2025/html/Liu_Enhancing_Testing-Time_Robustness_for_Trusted_Multi-View_Classification_in_the_Wild_CVPR_2025_paper.html,"Trusted multi-view classification (TMVC) addresses variations in data quality by evaluating the reliability of each view based on prediction uncertainty at the evidence level, reducing the impact of low-quality views commonly encountered in real-world scenarios. However, existing TMVC methods often struggle to maintain robustness during testing, particularly when integrating noisy or corrupted views. This limitation arises because the evidence collected by TMVC may be unreliable, frequently providing incorrect information due to complex view distributions and optimization challenges, ultimately leading to classification performance degradation. To enhance the robustness of TMVC methods in real-world conditions, we propose a generalized evidence filtering mechanism that is compatible with various fusion strategies commonly used in TMVC, including Belief Constraint Fusion, Aleatory Cumulative Belief Fusion, and Averaging Belief Fusion. Specifically, we frame the identification of unreliable evidence as a multiple testing problem and introduce p-values to control the risk of false identification. By selectively down-weighting unreliable evidence during testing, our mechanism ensures robust fusion and mitigates performance degradation. Both theoretical guarantees and empirical results demonstrate significant improvements in the classification performance of TMVC methods, supporting their reliable application in challenging, real-world environments.","@InProceedings{Liu_2025_CVPR, author = {Liu, Wei and Chen, Yufei and Yue, Xiaodong}, title = {Enhancing Testing-Time Robustness for Trusted Multi-View Classification in the Wild}, booktitle = {Proceedings of the Computer Vision and Pattern Recognition Conference (CVPR)}, month = {June}, year = {2025}, pages = {15508-15517} }"
Liang_Improving_Transferable_Targeted_Attacks_with_Feature_Tuning_Mixup_CVPR_2025_paper,2025,1,Trustworthy_Security_Privacy,Trustworthy_Security_Privacy,9.0,1.0,Improving Transferable Targeted Attacks with Feature Tuning Mixup,Kaisheng Liang; Xuelong Dai; Yanjie Li; Dong Wang; Bin Xiao,5,25802-25811,True,https://openaccess.thecvf.com/content/CVPR2025/papers/Liang_Improving_Transferable_Targeted_Attacks_with_Feature_Tuning_Mixup_CVPR_2025_paper.pdf,https://openaccess.thecvf.com/content/CVPR2025/supplemental/Liang_Improving_Transferable_Targeted_CVPR_2025_supplemental.pdf,https://openaccess.thecvf.com/content/CVPR2025/html/Liang_Improving_Transferable_Targeted_Attacks_with_Feature_Tuning_Mixup_CVPR_2025_paper.html,"Deep neural networks (DNNs) exhibit vulnerability to adversarial examples that can transfer across different DNN models. A particularly challenging problem is developing transferable targeted attacks that can mislead DNN models into predicting specific target classes. While various methods have been proposed to enhance attack transferability, they often incur substantial computational costs while yielding limited improvements. Recent clean feature mixup methods use random clean features to perturb the feature space but lack optimization for disrupting adversarial examples, overlooking the advantages of attack-specific perturbations. In this paper, we propose Feature Tuning Mixup (FTM), a novel method that enhances targeted attack transferability by combining both random and optimized noises in the feature space. FTM introduces learnable feature perturbations and employs an efficient stochastic update strategy for optimization. These learnable perturbations facilitate the generation of more robust adversarial examples with improved transferability. We further demonstrate that attack performance can be enhanced through an ensemble of multiple FTM-perturbed surrogate models. Extensive experiments on the ImageNet-compatible dataset across various DNN models demonstrate that our method achieves significant improvements over state-of-the-art methods while maintaining low computational cost.","@InProceedings{Liang_2025_CVPR, author = {Liang, Kaisheng and Dai, Xuelong and Li, Yanjie and Wang, Dong and Xiao, Bin}, title = {Improving Transferable Targeted Attacks with Feature Tuning Mixup}, booktitle = {Proceedings of the Computer Vision and Pattern Recognition Conference (CVPR)}, month = {June}, year = {2025}, pages = {25802-25811} }"
Wang_SleeperMark_Towards_Robust_Watermark_against_Fine-Tuning_Text-to-image_Diffusion_Models_CVPR_2025_paper,2025,0,Diffusion_Generative,Diffusion_Generative|Trustworthy_Security_Privacy,36.0,0.444,SleeperMark: Towards Robust Watermark against Fine-Tuning Text-to-image Diffusion Models,Zilan Wang; Junfeng Guo; Jiacheng Zhu; Yiming Li; Heng Huang; Muhao Chen; Zhengzhong Tu,7,8213-8224,True,https://openaccess.thecvf.com/content/CVPR2025/papers/Wang_SleeperMark_Towards_Robust_Watermark_against_Fine-Tuning_Text-to-image_Diffusion_Models_CVPR_2025_paper.pdf,https://openaccess.thecvf.com/content/CVPR2025/supplemental/Wang_SleeperMark_Towards_Robust_CVPR_2025_supplemental.pdf,https://openaccess.thecvf.com/content/CVPR2025/html/Wang_SleeperMark_Towards_Robust_Watermark_against_Fine-Tuning_Text-to-image_Diffusion_Models_CVPR_2025_paper.html,"Recent advances in large-scale text-to-image (T2I) diffusion models have enabled a variety of downstream applications. As T2I models require extensive resources for training, they constitute highly valued intellectual property (IP) for their legitimate owners, yet making them incentive targets for unauthorized fine-tuning by adversaries seeking to leverage these models for customized, usually profitable applications. Existing IP protection methods for diffusion models generally involve embedding watermark patterns and then verifying ownership through generated outputs examination, or inspecting the model's feature space. However, these techniques are inherently ineffective in practical scenarios when the watermarked model undergoes fine-tuning, and the feature space is inaccessible during verification (i.e., black-box setting). The model is prone to forgetting the previously learned watermark knowledge when it adapts to a new task. To address this challenge, we propose SleeperMark, a novel framework designed to embed resilient watermarks into T2I diffusion models. SleeperMark explicitly guides the model to disentangle the watermark information from the semantic concepts it learns, allowing the model to retain the embedded watermark while continuing to be adapted to new downstream tasks. Our extensive experiments demonstrate the effectiveness of SleeperMark across various types of diffusion models, including latent diffusion models (e.g., Stable Diffusion) and pixel diffusion models (e.g., DeepFloyd-IF), showing robustness against downstream fine-tuning and various attacks at both the image and model levels, with minimal impact on the model's generative capability.","@InProceedings{Wang_2025_CVPR, author = {Wang, Zilan and Guo, Junfeng and Zhu, Jiacheng and Li, Yiming and Huang, Heng and Chen, Muhao and Tu, Zhengzhong}, title = {SleeperMark: Towards Robust Watermark against Fine-Tuning Text-to-image Diffusion Models}, booktitle = {Proceedings of the Computer Vision and Pattern Recognition Conference (CVPR)}, month = {June}, year = {2025}, pages = {8213-8224} }"
Zhou_Towards_Explainable_and_Unprecedented_Accuracy_in_Matching_Challenging_Finger_Crease_CVPR_2025_paper,2025,1,Trustworthy_Security_Privacy,Trustworthy_Security_Privacy,10.0,0.7,Towards Explainable and Unprecedented Accuracy in Matching Challenging Finger Crease Patterns,Zhenyu Zhou; Chengdong Dong; Ajay Kumar,3,6212-6221,True,https://openaccess.thecvf.com/content/CVPR2025/papers/Zhou_Towards_Explainable_and_Unprecedented_Accuracy_in_Matching_Challenging_Finger_Crease_CVPR_2025_paper.pdf,https://openaccess.thecvf.com/content/CVPR2025/supplemental/Zhou_Towards_Explainable_and_CVPR_2025_supplemental.pdf,https://openaccess.thecvf.com/content/CVPR2025/html/Zhou_Towards_Explainable_and_Unprecedented_Accuracy_in_Matching_Challenging_Finger_Crease_CVPR_2025_paper.html,"The primary obstacle in realizing the full potential of finger crease biometrics is the accurate identification of deformed knuckle patterns, often resulting from completely contactless imaging. Current methods struggle significantly with this task, yet accurate matching is crucial for applications ranging from forensic investigations, such as child abuse cases, to surveillance and mobile security. To address this challenge, our study introduces the largest publicly available dataset of deformed knuckle patterns, comprising 805,768 images from 351 subjects. We also propose a novel framework to accurately match knuckle patterns, even under severe pose deformations, by recovering interpretable knuckle crease keypoint feature templates. These templates can dynamically uncover graph structure and feature similarity among the matched correspondences. Our experiments, using the most challenging protocols, illustrate significantly outperforming results for matching such knuckle images. For the first time, we present and evaluate a theoretical model to estimate the uniqueness of 2D finger knuckle patterns, providing a more interpretable and accurate measure of distinctiveness, which is invaluable for forensic examiners in prosecuting suspects.","@InProceedings{Zhou_2025_CVPR, author = {Zhou, Zhenyu and Dong, Chengdong and Kumar, Ajay}, title = {Towards Explainable and Unprecedented Accuracy in Matching Challenging Finger Crease Patterns}, booktitle = {Proceedings of the Computer Vision and Pattern Recognition Conference (CVPR)}, month = {June}, year = {2025}, pages = {6212-6221} }"
Xie_Towards_Million-Scale_Adversarial_Robustness_Evaluation_With_Stronger_Individual_Attacks_CVPR_2025_paper,2025,1,Trustworthy_Security_Privacy,Trustworthy_Security_Privacy,29.0,0.897,Towards Million-Scale Adversarial Robustness Evaluation With Stronger Individual Attacks,Yong Xie; Weijie Zheng; Hanxun Huang; Guangnan Ye; Xingjun Ma,5,30702-30711,True,https://openaccess.thecvf.com/content/CVPR2025/papers/Xie_Towards_Million-Scale_Adversarial_Robustness_Evaluation_With_Stronger_Individual_Attacks_CVPR_2025_paper.pdf,https://openaccess.thecvf.com/content/CVPR2025/supplemental/Xie_Towards_Million-Scale_Adversarial_CVPR_2025_supplemental.pdf,https://openaccess.thecvf.com/content/CVPR2025/html/Xie_Towards_Million-Scale_Adversarial_Robustness_Evaluation_With_Stronger_Individual_Attacks_CVPR_2025_paper.html,"As deep learning models are increasingly deployed in safety-critical applications, evaluating their vulnerabilities to adversarial perturbations is essential for ensuring their reliability and trustworthiness. Over the past decade, a large number of white-box adversarial robustness methods (i.e., attacks) have been proposed, ranging from single-step to multi-step methods and from individual to ensemble methods. Despite these advances, challenges remain in conducting meaningful and comprehensive robustness evaluations, particularly when it comes to large-scale testing and ensuring evaluations reflect real-world adversarial risks.In this work, we focus on image classification models and propose a novel individual attack method, Probability Margin Attack (PMA), which defines the adversarial margin in the probability space rather than the logits space. We analyze the relationship between PMA and existing cross-entropy or logits-margin-based attacks, showing that PMA outperforms the current state-of-the-art individual methods.Building on PMA, we propose two types of ensemble attacks that balance effectiveness and efficiency. Furthermore, we create a million-scale dataset, CC1M, derived from the existing CC3M dataset, and use it to conduct the first million-scale white-box adversarial robustness evaluation of adversarially-trained ImageNet models. Our findings provide valuable insights into the robustness gaps between individual versus ensemble attacks and small-scale versus million-scale evaluations.","@InProceedings{Xie_2025_CVPR, author = {Xie, Yong and Zheng, Weijie and Huang, Hanxun and Ye, Guangnan and Ma, Xingjun}, title = {Towards Million-Scale Adversarial Robustness Evaluation With Stronger Individual Attacks}, booktitle = {Proceedings of the Computer Vision and Pattern Recognition Conference (CVPR)}, month = {June}, year = {2025}, pages = {30702-30711} }"
Chung_Differentiable_Inverse_Rendering_with_Interpretable_Basis_BRDFs_CVPR_2025_paper,2025,1,Trustworthy_Security_Privacy,Trustworthy_Security_Privacy,10.0,0.7,Differentiable Inverse Rendering with Interpretable Basis BRDFs,Hoon-Gyu Chung; Seokjun Choi; Seung-Hwan Baek,3,475-484,True,https://openaccess.thecvf.com/content/CVPR2025/papers/Chung_Differentiable_Inverse_Rendering_with_Interpretable_Basis_BRDFs_CVPR_2025_paper.pdf,https://openaccess.thecvf.com/content/CVPR2025/supplemental/Chung_Differentiable_Inverse_Rendering_CVPR_2025_supplemental.zip,https://openaccess.thecvf.com/content/CVPR2025/html/Chung_Differentiable_Inverse_Rendering_with_Interpretable_Basis_BRDFs_CVPR_2025_paper.html,"Inverse rendering seeks to reconstruct both geometry and spatially varying BRDFs (SVBRDFs) from captured images. To address the inherent ill-posedness of inverse rendering, basis BRDF representations are commonly used, modeling SVBRDFs as spatially varying blends of a set of basis BRDFs. However, existing methods often yield basis BRDFs that lack intuitive separation and have limited scalability to scenes of varying complexity. In this paper, we introduce a differentiable inverse rendering method that produces interpretable basis BRDFs. Our approach models a scene using 2D Gaussians, where the reflectance of each Gaussian is defined by a weighted blend of basis BRDFs. We efficiently render an image from the 2D Gaussians and basis BRDFs using differentiable rasterization and impose a specular-weighted rendering loss with the input flash photography images. During this analysis-by-synthesis optimization process of differentiable inverse rendering, we dynamically adjust the number of basis BRDFs to fit the target scene while encouraging sparsity in the basis weights. This ensures that the reflectance of each Gaussian is represented by only a few basis BRDFs. This approach enables the reconstruction of accurate geometry and interpretable basis BRDFs that are spatially separated. Consequently, the resulting scene representation, comprising basis BRDFs and 2D Gaussians, supports physically-based novel-view relighting and intuitive scene editing.","@InProceedings{Chung_2025_CVPR, author = {Chung, Hoon-Gyu and Choi, Seokjun and Baek, Seung-Hwan}, title = {Differentiable Inverse Rendering with Interpretable Basis BRDFs}, booktitle = {Proceedings of the Computer Vision and Pattern Recognition Conference (CVPR)}, month = {June}, year = {2025}, pages = {475-484} }"
Guo_Face_Forgery_Video_Detection_via_Temporal_Forgery_Cue_Unraveling_CVPR_2025_paper,2025,0,Face_Biometrics,Face_Biometrics|Trustworthy_Security_Privacy,27.0,0.556,Face Forgery Video Detection via Temporal Forgery Cue Unraveling,Zonghui Guo; Yingjie Liu; Jie Zhang; Haiyong Zheng; Shiguang Shan,5,7396-7405,True,https://openaccess.thecvf.com/content/CVPR2025/papers/Guo_Face_Forgery_Video_Detection_via_Temporal_Forgery_Cue_Unraveling_CVPR_2025_paper.pdf,https://openaccess.thecvf.com/content/CVPR2025/supplemental/Guo_Face_Forgery_Video_CVPR_2025_supplemental.pdf,https://openaccess.thecvf.com/content/CVPR2025/html/Guo_Face_Forgery_Video_Detection_via_Temporal_Forgery_Cue_Unraveling_CVPR_2025_paper.html,"Face Forgery Video Detection (FFVD) is a critical yet challenging task in determining whether a digital facial video is authentic or forged. Existing FFVD methods typically focus on isolated spatial or coarsely fused spatiotemporal information, failing to leverage temporal forgery cues thus resulting in unsatisfactory performance. We strive to unravel these cues across three progressive levels: momentary anomaly, gradual inconsistency, and cumulative distortion. Accordingly, we design a consecutive correlate module to capture momentary anomaly cues by correlating interactions among consecutive frames. Then, we devise a future guide module to unravel inconsistency cues by iteratively aggregating historical anomaly cues and gradually propagating them into future frames. Finally, we introduce a historical review module that unravels distortion cues via momentum accumulation from future to historical frames. These three modules form our Temporal Forgery Cue Unraveling (TFCU) framework, sequentially highlighting spatial discriminative features by unraveling temporal forgery cues bidirectionally between historical and future frames. Extensive experiments and ablation studies demonstrate the effectiveness of our TFCU method, achieving state-of-the-art performance across diverse unseen datasets and manipulation methods. Code is available at https://github.com/zhenglab/TFCU.","@InProceedings{Guo_2025_CVPR, author = {Guo, Zonghui and Liu, Yingjie and Zhang, Jie and Zheng, Haiyong and Shan, Shiguang}, title = {Face Forgery Video Detection via Temporal Forgery Cue Unraveling}, booktitle = {Proceedings of the Computer Vision and Pattern Recognition Conference (CVPR)}, month = {June}, year = {2025}, pages = {7396-7405} }"
Manasyan_Temporally_Consistent_Object-Centric_Learning_by_Contrasting_Slots_CVPR_2025_paper,2025,1,Trustworthy_Security_Privacy,Trustworthy_Security_Privacy,3.0,0.333,Temporally Consistent Object-Centric Learning by Contrasting Slots,Anna Manasyan; Maximilian Seitzer; Filip Radovic; Georg Martius; Andrii Zadaianchuk,5,5401-5411,True,https://openaccess.thecvf.com/content/CVPR2025/papers/Manasyan_Temporally_Consistent_Object-Centric_Learning_by_Contrasting_Slots_CVPR_2025_paper.pdf,https://openaccess.thecvf.com/content/CVPR2025/supplemental/Manasyan_Temporally_Consistent_Object-Centric_CVPR_2025_supplemental.pdf,https://openaccess.thecvf.com/content/CVPR2025/html/Manasyan_Temporally_Consistent_Object-Centric_Learning_by_Contrasting_Slots_CVPR_2025_paper.html,"Unsupervised object-centric learning from videos is a promising approach to extract structured representations from large, unlabeled collections of videos. To support downstream tasks like autonomous control, these representations must be both compositional and temporally consistent. Existing approaches based on recurrent processing often lack long-term stability across frames because their training objective does not enforce temporal consistency. In this work, we introduce a novel object-level temporal contrastive loss for video object-centric models that explicitly promotes temporal consistency. Our method significantly improves the temporal consistency of the learned object-centric representations, yielding more reliable video decompositions that facilitate challenging downstream tasks such as unsupervised object dynamics prediction. Furthermore, the inductive bias added by our loss strongly improves object discovery, leading to state-of-the-art results on both synthetic and real-world datasets, outperforming even weakly-supervised methods that leverage motion masks as additional cues.","@InProceedings{Manasyan_2025_CVPR, author = {Manasyan, Anna and Seitzer, Maximilian and Radovic, Filip and Martius, Georg and Zadaianchuk, Andrii}, title = {Temporally Consistent Object-Centric Learning by Contrasting Slots}, booktitle = {Proceedings of the Computer Vision and Pattern Recognition Conference (CVPR)}, month = {June}, year = {2025}, pages = {5401-5411} }"
Jeong_Playing_the_Fool_Jailbreaking_LLMs_and_Multimodal_LLMs_with_Out-of-Distribution_CVPR_2025_paper,2025,0,LLM_Reasoning_Agent,LLM_Reasoning_Agent|Trustworthy_Security_Privacy,32.0,0.531,Playing the Fool: Jailbreaking LLMs and Multimodal LLMs with Out-of-Distribution Strategy,Joonhyun Jeong; Seyun Bae; Yeonsung Jung; Jaeryong Hwang; Eunho Yang,5,29937-29946,True,https://openaccess.thecvf.com/content/CVPR2025/papers/Jeong_Playing_the_Fool_Jailbreaking_LLMs_and_Multimodal_LLMs_with_Out-of-Distribution_CVPR_2025_paper.pdf,https://openaccess.thecvf.com/content/CVPR2025/supplemental/Jeong_Playing_the_Fool_CVPR_2025_supplemental.pdf,https://openaccess.thecvf.com/content/CVPR2025/html/Jeong_Playing_the_Fool_Jailbreaking_LLMs_and_Multimodal_LLMs_with_Out-of-Distribution_CVPR_2025_paper.html,"Despite the remarkable versatility of Large Language Models (LLMs) and Multimodal LLMs (MLLMs) to generalize across both language and vision tasks, LLMs and MLLMs have shown vulnerability to jailbreaking, generating textual outputs that undermine safety, ethical, and bias standards when exposed to harmful or sensitive inputs. With the recent advancement of safety alignment via preference-tuning from human feedback, LLMs and MLLMs have been equipped with safety guardrails to yield safe, ethical, and fair responses with regard to harmful inputs. However, despite the significance of safety alignment, research on the vulnerabilities remains largely underexplored. In this paper, we investigate the unexplored vulnerability of the safety alignment, examining its ability to consistently provide safety guarantees for out-of-distribution(OOD)-ifying harmful inputs that may fall outside the aligned data distribution. Our key observation is that OOD-ifying the vanilla harmful inputs highly increases the uncertainty of the model to discern the malicious intent within the input, leading to a higher chance of being jailbroken. Exploiting this vulnerability, we propose JOOD, a new Jailbreak framework via OOD-ifying inputs beyond the safety alignment. We explore various off-the-shelf visual and textual transformation techniques for OOD-ifying the harmful inputs. Notably, we observe that even simple mixing-based techniques such as image mixup prove highly effective in increasing the uncertainty of the model, thereby facilitating the bypass of the safety alignment. Experiments across diverse jailbreak scenarios demonstrate that JOOD effectively jailbreaks recent proprietary LLMs and MLLMs such as GPT-4 and o1 with high attack success rate, which previous attack approaches have consistently struggled to jailbreak. Code is available at https://github.com/naver-ai/JOOD.","@InProceedings{Jeong_2025_CVPR, author = {Jeong, Joonhyun and Bae, Seyun and Jung, Yeonsung and Hwang, Jaeryong and Yang, Eunho}, title = {Playing the Fool: Jailbreaking LLMs and Multimodal LLMs with Out-of-Distribution Strategy}, booktitle = {Proceedings of the Computer Vision and Pattern Recognition Conference (CVPR)}, month = {June}, year = {2025}, pages = {29937-29946} }"
Yang_Distraction_is_All_You_Need_for_Multimodal_Large_Language_Model_CVPR_2025_paper,2025,0,LLM_Reasoning_Agent,LLM_Reasoning_Agent|Trustworthy_Security_Privacy,29.0,0.586,Distraction is All You Need for Multimodal Large Language Model Jailbreaking,Zuopeng Yang; Jiluan Fan; Anli Yan; Erdun Gao; Xin Lin; Tao Li; Kanghua Mo; Changyu Dong,8,9467-9476,True,https://openaccess.thecvf.com/content/CVPR2025/papers/Yang_Distraction_is_All_You_Need_for_Multimodal_Large_Language_Model_CVPR_2025_paper.pdf,https://openaccess.thecvf.com/content/CVPR2025/supplemental/Yang_Distraction_is_All_CVPR_2025_supplemental.pdf,https://openaccess.thecvf.com/content/CVPR2025/html/Yang_Distraction_is_All_You_Need_for_Multimodal_Large_Language_Model_CVPR_2025_paper.html,"Multimodal Large Language Models (MLLMs) bridge the gap between visual and textual data, enabling a range of advanced applications. However, complex internal interactions among visual elements and their alignment with text can introduce vulnerabilities, which may be exploited to bypass safety mechanisms. To address this, we analyze the relationship between image content and task and find that the complexity of subimages, rather than their content, is key. Building on this insight, we propose the Distraction Hypothesis, followed by a novel framework called Contrasting Subimage Distraction Jailbreaking (CS-DJ), to achieve jailbreaking by disrupting MLLMs alignment through multi-level distraction strategies. CS-DJ consists of two components: structured distraction, achieved through query decomposition that induces a distributional shift by fragmenting harmful prompts into sub-queries, and visual-enhanced distraction, realized by constructing contrasting subimages to disrupt the interactions among visual elements within the model. This dual strategy disperses the model's attention, reducing its ability to detect and mitigate harmful content. Extensive experiments across five representative scenarios and four popular closed-source MLLMs, including \texttt GPT-4o-mini , \texttt GPT-4o , \texttt GPT-4V , and \texttt Gemini-1.5-Flash , demonstrate that CS-DJ achieves average success rates of 52.40% for the attack success rate and 74.10% for the ensemble attack success rate. These results reveal the potential of distraction-based approaches to exploit and bypass MLLMs' defenses, offering new insights for attack strategies.","@InProceedings{Yang_2025_CVPR, author = {Yang, Zuopeng and Fan, Jiluan and Yan, Anli and Gao, Erdun and Lin, Xin and Li, Tao and Mo, Kanghua and Dong, Changyu}, title = {Distraction is All You Need for Multimodal Large Language Model Jailbreaking}, booktitle = {Proceedings of the Computer Vision and Pattern Recognition Conference (CVPR)}, month = {June}, year = {2025}, pages = {9467-9476} }"
Wang_Federated_Learning_with_Domain_Shift_Eraser_CVPR_2025_paper,2025,1,Trustworthy_Security_Privacy,Trustworthy_Security_Privacy,12.0,0.833,Federated Learning with Domain Shift Eraser,Zheng Wang; Zihui Wang; Xiaoliang Fan; Cheng Wang,4,4978-4987,True,https://openaccess.thecvf.com/content/CVPR2025/papers/Wang_Federated_Learning_with_Domain_Shift_Eraser_CVPR_2025_paper.pdf,https://openaccess.thecvf.com/content/CVPR2025/supplemental/Wang_Federated_Learning_with_CVPR_2025_supplemental.pdf,https://openaccess.thecvf.com/content/CVPR2025/html/Wang_Federated_Learning_with_Domain_Shift_Eraser_CVPR_2025_paper.html,"Federated learning (FL) is emerging as a promising technique for collaborative learning without local data leaving their devices. However, clients' data originating from diverse domains may degrade model performance due to domain shifts, preventing the model from learning consistent representation space. In this paper, we propose a novel FL framework, Federated Domain Shift Eraser (FDSE), to improve model performance by differently erasing each client's domain skew and enhancing their consensus. First, we formulate the model forward passing as an iterative deskewing process that extracts and then deskews features alternatively. This is efficiently achieved by decomposing each original layer in the neural network into a Domain-agnostic Feature Extractor (DFE) and a Domain-specific Skew Eraser (DSE). Then, a regularization term is applied to promise the effectiveness of feature deskewing by pulling local statistics of DSE's outputs close to the globally consistent ones. Finally, DFE modules are fairly aggregated and broadcast to all the clients to maximize their consensus, and DSE modules are personalized for each client via similarity-aware aggregation to erase their domain skew differently. Comprehensive experiments were conducted on three datasets to confirm the advantages of our method in terms of accuracy, efficiency, and generalizability.","@InProceedings{Wang_2025_CVPR, author = {Wang, Zheng and Wang, Zihui and Wang, Zheng and Fan, Xiaoliang and Wang, Cheng}, title = {Federated Learning with Domain Shift Eraser}, booktitle = {Proceedings of the Computer Vision and Pattern Recognition Conference (CVPR)}, month = {June}, year = {2025}, pages = {4978-4987} }"
Li_Deterministic_Certification_of_Graph_Neural_Networks_against_Graph_Poisoning_Attacks_CVPR_2025_paper,2025,1,Trustworthy_Security_Privacy,Trustworthy_Security_Privacy,6.0,1.0,Deterministic Certification of Graph Neural Networks against Graph Poisoning Attacks with Arbitrary Perturbations,Jiate Li; Meng Pang; Yun Dong; Binghui Wang,4,5020-5029,True,https://openaccess.thecvf.com/content/CVPR2025/papers/Li_Deterministic_Certification_of_Graph_Neural_Networks_against_Graph_Poisoning_Attacks_CVPR_2025_paper.pdf,https://openaccess.thecvf.com/content/CVPR2025/supplemental/Li_Deterministic_Certification_of_CVPR_2025_supplemental.pdf,https://openaccess.thecvf.com/content/CVPR2025/html/Li_Deterministic_Certification_of_Graph_Neural_Networks_against_Graph_Poisoning_Attacks_CVPR_2025_paper.html,"Graph neural networks (GNNs) are becoming the de facto method to learn on the graph data and have achieved the state-of-the-art on node and graph classification tasks. However, recent works show GNNs are vulnerable to training-time poisoning attacks -- marginally perturbing edges, nodes, and node features of training graphs can largely degrade the GNN performance. Most previous defenses against such attacks are empirical and are soon broken by adaptive / stronger ones. A few provable defenses provide robustness guarantees, but have large gaps when applied in practice: 1) all restrict the attacker's capability to only one type of perturbation; 2) all are designed for a particular GNN task; and 3) their robustness guarantees are not 100% accurate. In this work, we bridge all these gaps by developing PGNNCert, the first certified defense of GNNs against poisoning attacks under arbitrary (edge, node, and node feature) perturbations with deterministic (100% accurate) robustness guarantees. PGNNCert is also applicable to the two most widely-studied node and graph classification tasks. Extensive evaluations on multiple node and graph classification datasets and GNNs demonstrate the effectiveness of PGNNCert to provably defend against arbitrary poisoning perturbations. PGNNCert is also shown to significantly outperform the state-of-the-art certified defenses against edge perturbation or node perturbation during GNN training.","@InProceedings{Li_2025_CVPR, author = {Li, Jiate and Pang, Meng and Dong, Yun and Wang, Binghui}, title = {Deterministic Certification of Graph Neural Networks against Graph Poisoning Attacks with Arbitrary Perturbations}, booktitle = {Proceedings of the Computer Vision and Pattern Recognition Conference (CVPR)}, month = {June}, year = {2025}, pages = {5020-5029} }"
Ma_Geometric_Knowledge-Guided_Localized_Global_Distribution_Alignment_for_Federated_Learning_CVPR_2025_paper,2025,1,Trustworthy_Security_Privacy,Trustworthy_Security_Privacy,15.0,1.0,Geometric Knowledge-Guided Localized Global Distribution Alignment for Federated Learning,Yanbiao Ma; Wei Dai; Wenke Huang; Jiayi Chen,4,20958-20968,True,https://openaccess.thecvf.com/content/CVPR2025/papers/Ma_Geometric_Knowledge-Guided_Localized_Global_Distribution_Alignment_for_Federated_Learning_CVPR_2025_paper.pdf,https://openaccess.thecvf.com/content/CVPR2025/supplemental/Ma_Geometric_Knowledge-Guided_Localized_CVPR_2025_supplemental.pdf,https://openaccess.thecvf.com/content/CVPR2025/html/Ma_Geometric_Knowledge-Guided_Localized_Global_Distribution_Alignment_for_Federated_Learning_CVPR_2025_paper.html,"Data heterogeneity in federated learning, characterized by a significant misalignment between local and global distributions, leads to divergent local optimization directions and hinders global model training. Existing studies mainly focus on optimizing local updates or global aggregation, but these indirect approaches demonstrate instability when handling highly heterogeneous data distributions, especially in scenarios where label skew and domain skew coexist. To address this, we propose a geometry-guided data generation method that centers on simulating the global embedding distribution locally. We first introduce the concept of the geometric shape of an embedding distribution and then address the challenge of obtaining global geometric shapes under privacy constraints. Subsequently, we propose GGEUR, which leverages global geometric shapes to guide the generation of new samples, enabling a closer approximation to the ideal global distribution. In single-domain scenarios, we augment samples based on global geometric shapes to enhance model generalization; in multi-domain scenarios, we further employ class prototypes to simulate the global distribution across domains. Extensive experimental results demonstrate that our method significantly enhances the performance of existing approaches in handling highly heterogeneous data, including scenarios with label skew, domain skew, and their coexistence.","@InProceedings{Ma_2025_CVPR, author = {Ma, Yanbiao and Dai, Wei and Huang, Wenke and Chen, Jiayi}, title = {Geometric Knowledge-Guided Localized Global Distribution Alignment for Federated Learning}, booktitle = {Proceedings of the Computer Vision and Pattern Recognition Conference (CVPR)}, month = {June}, year = {2025}, pages = {20958-20968} }"
Grobrugge_Towards_Human-Understandable_Multi-Dimensional_Concept_Discovery_CVPR_2025_paper,2025,1,Trustworthy_Security_Privacy,Trustworthy_Security_Privacy,6.0,0.167,Towards Human-Understandable Multi-Dimensional Concept Discovery,Arne Grobrügge; Niklas Kühl; Gerhard Satzger; Philipp Spitzer,4,20018-20027,True,https://openaccess.thecvf.com/content/CVPR2025/papers/Grobrugge_Towards_Human-Understandable_Multi-Dimensional_Concept_Discovery_CVPR_2025_paper.pdf,https://openaccess.thecvf.com/content/CVPR2025/supplemental/Grobrugge_Towards_Human-Understandable_Multi-Dimensional_CVPR_2025_supplemental.pdf,https://openaccess.thecvf.com/content/CVPR2025/html/Grobrugge_Towards_Human-Understandable_Multi-Dimensional_Concept_Discovery_CVPR_2025_paper.html,"Concept-based eXplainable AI (C-XAI) aims to overcome the limitations of traditional saliency maps by converting pixels into human-understandable concepts that are consistent across an entire dataset. A crucial aspect of C-XAI is completeness, which measures how well a set of concepts explains a model's decisions. Among C-XAI methods, Multi-Dimensional Concept Discovery (MCD) effectively improves completeness by breaking down the CNN latent space into distinct and interpretable concept subspaces. However, MCD's explanations can be difficult for humans to understand, raising concerns about their practical utility. To address this, we propose Human-Understandable Multi-dimensional Concept Discovery (HU-MCD). HU-MCD uses the Segment Anything Model for concept identification and implements a CNN-specific input masking technique to reduce noise introduced by traditional masking methods. These changes to MCD, paired with the completeness relation, enable HU-MCD to enhance concept understandability while maintaining explanation faithfulness. Our experiments, including human subject studies, show that HU-MCD provides more precise and reliable explanations than existing C-XAI methods. The code is available at https://github.com/grobruegge/hu-mcd.","@InProceedings{Grobrugge_2025_CVPR, author = {Grobr\""ugge, Arne and K\""uhl, Niklas and Satzger, Gerhard and Spitzer, Philipp}, title = {Towards Human-Understandable Multi-Dimensional Concept Discovery}, booktitle = {Proceedings of the Computer Vision and Pattern Recognition Conference (CVPR)}, month = {June}, year = {2025}, pages = {20018-20027} }"
Shi_Dissecting_and_Mitigating_Diffusion_Bias_via_Mechanistic_Interpretability_CVPR_2025_paper,2025,1,Trustworthy_Security_Privacy,Trustworthy_Security_Privacy,26.0,0.654,Dissecting and Mitigating Diffusion Bias via Mechanistic Interpretability,Yingdong Shi; Changming Li; Yifan Wang; Yongxiang Zhao; Anqi Pang; Sibei Yang; Jingyi Yu; Kan Ren,8,8192-8202,True,https://openaccess.thecvf.com/content/CVPR2025/papers/Shi_Dissecting_and_Mitigating_Diffusion_Bias_via_Mechanistic_Interpretability_CVPR_2025_paper.pdf,https://openaccess.thecvf.com/content/CVPR2025/supplemental/Shi_Dissecting_and_Mitigating_CVPR_2025_supplemental.pdf,https://openaccess.thecvf.com/content/CVPR2025/html/Shi_Dissecting_and_Mitigating_Diffusion_Bias_via_Mechanistic_Interpretability_CVPR_2025_paper.html,"Diffusion models have demonstrated impressive capabilities in synthesizing diverse content. However, despite their high-quality outputs, these models often perpetuate social biases, including those related to gender and race. These biases can potentially contribute to harmful real-world consequences, reinforcing stereotypes and exacerbating inequalities in various social contexts. While existing research on diffusion bias mitigation has predominantly focused on guiding content generation, it often neglects the intrinsic mechanisms within diffusion models that causally drive biased outputs. In this paper, we investigate the internal processes of diffusion models, identifying specific decision-making mechanisms, termed bias features, embedded within the model architecture. By directly manipulating these features, our method precisely isolates and adjusts the elements responsible for bias generation, permitting granular control over the bias levels in the generated content. Through experiments on both unconditional and conditional diffusion models across various social bias attributes, we demonstrate our method's efficacy in managing generation distribution while preserving image quality. We also dissect the discovered model mechanism, revealing different intrinsic features controlling fine-grained aspects of generation, boosting further research on mechanistic interpretability of diffusion models. The project website is at \href https://foundation-model-research.github.io/difflens https://foundation-model-research.github.io/difflens .","@InProceedings{Shi_2025_CVPR, author = {Shi, Yingdong and Li, Changming and Wang, Yifan and Zhao, Yongxiang and Pang, Anqi and Yang, Sibei and Yu, Jingyi and Ren, Kan}, title = {Dissecting and Mitigating Diffusion Bias via Mechanistic Interpretability}, booktitle = {Proceedings of the Computer Vision and Pattern Recognition Conference (CVPR)}, month = {June}, year = {2025}, pages = {8192-8202} }"
Yuan_Where_the_Devil_Hides_Deepfake_Detectors_Can_No_Longer_Be_CVPR_2025_paper,2025,1,Trustworthy_Security_Privacy,Trustworthy_Security_Privacy|Object_Detection,24.0,0.5,Where the Devil Hides: Deepfake Detectors Can No Longer Be Trusted,Shuaiwei Yuan; Junyu Dong; Yuezun Li,3,8764-8774,True,https://openaccess.thecvf.com/content/CVPR2025/papers/Yuan_Where_the_Devil_Hides_Deepfake_Detectors_Can_No_Longer_Be_CVPR_2025_paper.pdf,,https://openaccess.thecvf.com/content/CVPR2025/html/Yuan_Where_the_Devil_Hides_Deepfake_Detectors_Can_No_Longer_Be_CVPR_2025_paper.html,"With the advancement of AI generative techniques, Deepfake faces have become incredibly realistic and nearly indistinguishable to the human eye. To counter this, Deepfake detectors have been developed as reliable tools for assessing face authenticity. These detectors are typically developed on Deep Neural Networks (DNNs) and trained using third-party datasets. However, this protocol raises a new security risk that can seriously undermine the trustfulness of Deepfake detectors: Once the third-party data providers insert poisoned (corrupted) data maliciously, Deepfake detectors trained on these datasets will be injected ""backdoors"" that cause abnormal behavior when presented with samples containing specific triggers. This is a practical concern, as third-party providers may distribute or sell these triggers to malicious users, allowing them to manipulate detector performance and escape accountability.This paper investigates this risk in depth and describes a solution to stealthily infect Deepfake detectors. Specifically, we develop a trigger generator, that can synthesize passcode-controlled, semantic-suppression, adaptive, and invisible trigger patterns, ensuring both the stealthiness and effectiveness of these triggers. Then we discuss two poisoning scenarios, dirty-label poisoning and clean-label poisoning, to accomplish the injection of backdoors. Extensive experiments demonstrate the effectiveness, stealthiness, and practicality of our method compared to several baselines.","@InProceedings{Yuan_2025_CVPR, author = {Yuan, Shuaiwei and Dong, Junyu and Li, Yuezun}, title = {Where the Devil Hides: Deepfake Detectors Can No Longer Be Trusted}, booktitle = {Proceedings of the Computer Vision and Pattern Recognition Conference (CVPR)}, month = {June}, year = {2025}, pages = {8764-8774} }"
Daryani_CaMuViD_Calibration-Free_Multi-View_Detection_CVPR_2025_paper,2025,0,Object_Detection,Object_Detection|Trustworthy_Security_Privacy,16.0,0.375,CaMuViD: Calibration-Free Multi-View Detection,Amir Etefaghi Daryani; M. Usman Maqbool Bhutta; Byron Hernandez; Henry Medeiros,4,1220-1229,True,https://openaccess.thecvf.com/content/CVPR2025/papers/Daryani_CaMuViD_Calibration-Free_Multi-View_Detection_CVPR_2025_paper.pdf,,https://openaccess.thecvf.com/content/CVPR2025/html/Daryani_CaMuViD_Calibration-Free_Multi-View_Detection_CVPR_2025_paper.html,"Multi-view object detection in crowded environments presents significant challenges, particularly for occlusion management across multiple camera views. This paper introduces a novel approach that extends conventional multi-view detection to operate directly within each camera's image space. Our method finds objects bounding boxes for images from various perspectives without resorting to a bird's eye view (BEV) representation. Thus, our approach removes the need for camera calibration by leveraging a learnable architecture that facilitates flexible transformations and improves feature fusion across perspectives to increase detection accuracy. Our model achieves Multi-Object Detection Accuracy (MODA) scores of 95.0% and 96.5% on the Wildtrack and MultiviewX datasets, respectively, significantly advancing the state of the art in multi-view detection. Furthermore, it demonstrates robust performance even without ground truth annotations, highlighting its resilience and practicality in real-world applications. These results emphasize the effectiveness of our calibration-free, multi-view object detector.","@InProceedings{Daryani_2025_CVPR, author = {Daryani, Amir Etefaghi and Bhutta, M. Usman Maqbool and Hernandez, Byron and Medeiros, Henry}, title = {CaMuViD: Calibration-Free Multi-View Detection}, booktitle = {Proceedings of the Computer Vision and Pattern Recognition Conference (CVPR)}, month = {June}, year = {2025}, pages = {1220-1229} }"
Zeng_Explaining_Domain_Shifts_in_Language_Concept_Erasing_for_Interpretable_Image_CVPR_2025_paper,2025,0,Recognition_Classification,Recognition_Classification|LLM_Reasoning_Agent|Transfer_FewShot_DomainAdaptation|Trustworthy_Security_Privacy|Vision_Language_Multimodal,9.0,0.111,Explaining Domain Shifts in Language: Concept Erasing for Interpretable Image Classification,Zequn Zeng; Yudi Su; Jianqiao Sun; Tiansheng Wen; Hao Zhang; Zhengjue Wang; Bo Chen; Hongwei Liu; Jiawei Ma,9,9517-9526,True,https://openaccess.thecvf.com/content/CVPR2025/papers/Zeng_Explaining_Domain_Shifts_in_Language_Concept_Erasing_for_Interpretable_Image_CVPR_2025_paper.pdf,https://openaccess.thecvf.com/content/CVPR2025/supplemental/Zeng_Explaining_Domain_Shifts_CVPR_2025_supplemental.pdf,https://openaccess.thecvf.com/content/CVPR2025/html/Zeng_Explaining_Domain_Shifts_in_Language_Concept_Erasing_for_Interpretable_Image_CVPR_2025_paper.html,"Concept-based models can map black-box representations to human-understandable concepts, which makes the decision-making process more transparent and then allows users to understand the reason behind predictions. However, domain-specific concepts often impact the final predictions, which subsequently undermine the model generalization capabilities, and prevent the model from being used in high-stake applications. In this paper, we propose a novel Language-guided Concept-Erasing (LanCE) framework. In particular, we empirically demonstrate that pre-trained vision-language models (VLMs) can approximate distinct visual domain shifts via domain descriptors while prompting large Language Models (LLMs) can easily simulate a wide range of descriptors of unseen visual domains. Then, we introduce a novel plug-in domain descriptor orthogonality (DDO) regularizer to mitigate the impact of these domain-specific concepts on the final predictions. Notably, the DDO regularizer is agnostic to the design of conceptbased models and we integrate it into several prevailing models. Through evaluation of domain generalization on four standard benchmarks and three newly introduced benchmarks, we demonstrate that DDO can significantly improve the out-of-distribution (OOD) generalization over the previous state-of-the-art concept-based models. Our code is available at https://github.com/joeyz0z/LanCE.","@InProceedings{Zeng_2025_CVPR, author = {Zeng, Zequn and Su, Yudi and Sun, Jianqiao and Wen, Tiansheng and Zhang, Hao and Wang, Zhengjue and Chen, Bo and Liu, Hongwei and Ma, Jiawei}, title = {Explaining Domain Shifts in Language: Concept Erasing for Interpretable Image Classification}, booktitle = {Proceedings of the Computer Vision and Pattern Recognition Conference (CVPR)}, month = {June}, year = {2025}, pages = {9517-9526} }"
Serianni_Attention_IoU_Examining_Biases_in_CelebA_using_Attention_Maps_CVPR_2025_paper,2025,1,Trustworthy_Security_Privacy,Trustworthy_Security_Privacy,6.0,1.0,Attention IoU: Examining Biases in CelebA using Attention Maps,Aaron Serianni; Tyler Zhu; Olga Russakovsky; Vikram V. Ramaswamy,4,4386-4397,True,https://openaccess.thecvf.com/content/CVPR2025/papers/Serianni_Attention_IoU_Examining_Biases_in_CelebA_using_Attention_Maps_CVPR_2025_paper.pdf,https://openaccess.thecvf.com/content/CVPR2025/supplemental/Serianni_Attention_IoU_Examining_CVPR_2025_supplemental.zip,https://openaccess.thecvf.com/content/CVPR2025/html/Serianni_Attention_IoU_Examining_Biases_in_CelebA_using_Attention_Maps_CVPR_2025_paper.html,"Computer vision models have been shown to exhibit and amplify biases across a wide array of datasets and tasks. Existing methods for quantifying bias in classification models primarily focus on dataset distribution and model performance on subgroups, overlooking the internal workings of a model. We introduce the Attention-IoU (Attention Intersection over Union) metric and related scores, which use attention maps to reveal biases within a model's internal representations and identify image features potentially causing the biases. First, we validate Attention-IoU on the synthetic Waterbirds dataset, showing that the metric accurately measures model bias. We then analyze the CelebA dataset, finding that Attention-IoU uncovers correlations beyond accuracy disparities. Through an investigation of individual attributes through the protected attribute of Male, we examine the distinct ways biases are represented in CelebA. Lastly, by subsampling the training set to change attribute correlations, we demonstrate that Attention-IoU reveals potential confounding variables not present in dataset labels. Our code is available at https://github.com/aaronserianni/attention-iou.","@InProceedings{Serianni_2025_CVPR, author = {Serianni, Aaron and Zhu, Tyler and Russakovsky, Olga and Ramaswamy, Vikram V.}, title = {Attention IoU: Examining Biases in CelebA using Attention Maps}, booktitle = {Proceedings of the Computer Vision and Pattern Recognition Conference (CVPR)}, month = {June}, year = {2025}, pages = {4386-4397} }"
Yang_HEIE_MLLM-Based_Hierarchical_Explainable_AIGC_Image_Implausibility_Evaluator_CVPR_2025_paper,2025,0,LLM_Reasoning_Agent,LLM_Reasoning_Agent|Trustworthy_Security_Privacy,29.0,0.586,HEIE: MLLM-Based Hierarchical Explainable AIGC Image Implausibility Evaluator,Fan Yang; Ru Zhen; Jianing Wang; Yanhao Zhang; Haoxiang Chen; Haonan Lu; Sicheng Zhao; Guiguang Ding,8,3856-3866,True,https://openaccess.thecvf.com/content/CVPR2025/papers/Yang_HEIE_MLLM-Based_Hierarchical_Explainable_AIGC_Image_Implausibility_Evaluator_CVPR_2025_paper.pdf,https://openaccess.thecvf.com/content/CVPR2025/supplemental/Yang_HEIE_MLLM-Based_Hierarchical_CVPR_2025_supplemental.pdf,https://openaccess.thecvf.com/content/CVPR2025/html/Yang_HEIE_MLLM-Based_Hierarchical_Explainable_AIGC_Image_Implausibility_Evaluator_CVPR_2025_paper.html,"AIGC images are prevalent across various fields, yet they frequently suffer from quality issues like artifacts and unnatural textures. Specialized models aim to predict defect region heatmaps but face two primary challenges: (1) lack of explainability, failing to provide reasons and analyses for subtle defects, and (2) inability to leverage common sense and logical reasoning, leading to poor generalization. Multimodal large language models (MLLMs) promise better comprehension and reasoning but face their own challenges: (1) difficulty in fine-grained defect localization due to the limitations in capturing tiny details, and (2) constraints in providing pixel-wise outputs necessary for precise heatmap generation. To address these challenges, we propose HEIE: a novel MLLM-Based Hierarchical Explainable Image Implausibility Evaluator. We introduce the CoT-Driven Explainable Trinity Evaluator, which integrates heatmaps, scores, and explanation outputs, using CoT to decompose complex tasks into subtasks of increasing difficulty and enhance interpretability. Our Adaptive Hierarchical Implausibility Mapper synergizes low-level image features with high-level mapper tokens from LLMs, enabling precise local-to-global hierarchical heatmap predictions through an uncertainty-based adaptive token approach. Moreover, we propose a new dataset: Expl-AIGI-Eval, designed to facilitate interpretable implausibility evaluation of AIGC images. Our method demonstrates state-of-the-art performance through extensive experiments. Our project is at https://yfthu.github.io/HEIE/.","@InProceedings{Yang_2025_CVPR, author = {Yang, Fan and Zhen, Ru and Wang, Jianing and Zhang, Yanhao and Chen, Haoxiang and Lu, Haonan and Zhao, Sicheng and Ding, Guiguang}, title = {HEIE: MLLM-Based Hierarchical Explainable AIGC Image Implausibility Evaluator}, booktitle = {Proceedings of the Computer Vision and Pattern Recognition Conference (CVPR)}, month = {June}, year = {2025}, pages = {3856-3866} }"
Jacob_PatchDEMUX_A_Certifiably_Robust_Framework_for_Multi-label_Classifiers_Against_Adversarial_CVPR_2025_paper,2025,1,Trustworthy_Security_Privacy,Trustworthy_Security_Privacy,6.0,1.0,PatchDEMUX: A Certifiably Robust Framework for Multi-label Classifiers Against Adversarial Patches,Dennis Jacob; Chong Xiang; Prateek Mittal,3,9944-9953,True,https://openaccess.thecvf.com/content/CVPR2025/papers/Jacob_PatchDEMUX_A_Certifiably_Robust_Framework_for_Multi-label_Classifiers_Against_Adversarial_CVPR_2025_paper.pdf,https://openaccess.thecvf.com/content/CVPR2025/supplemental/Jacob_PatchDEMUX_A_Certifiably_CVPR_2025_supplemental.pdf,https://openaccess.thecvf.com/content/CVPR2025/html/Jacob_PatchDEMUX_A_Certifiably_Robust_Framework_for_Multi-label_Classifiers_Against_Adversarial_CVPR_2025_paper.html,"Deep learning techniques have enabled vast improvements in computer vision technologies. Nevertheless, these models are vulnerable to adversarial patch attacks which catastrophically impair performance. The physically realizable nature of these attacks calls for certifiable defenses, which feature provable guarantees on robustness. While certifiable defenses have been successfully applied to single-label classification, limited work has been done for multi-label classification. In this work, we present PatchDEMUX, a certifiably robust framework for multi-label classifiers against adversarial patches. Our approach is a generalizable method which can extend any existing certifiable defense for single-label classification; this is done by considering the multi-label classification task as a series of isolated binary classification problems to provably guarantee robustness. Furthermore, in the scenario where an attacker is limited to a single patch we propose an additional certification procedure that can provide tighter robustness bounds. Using the current state-of-the-art (SOTA) single-label certifiable defense PatchCleanser as a backbone, we find that PatchDEMUX can achieve non-trivial robustness on the MS-COCO and PASCAL VOC datasets while maintaining high clean performance","@InProceedings{Jacob_2025_CVPR, author = {Jacob, Dennis and Xiang, Chong and Mittal, Prateek}, title = {PatchDEMUX: A Certifiably Robust Framework for Multi-label Classifiers Against Adversarial Patches}, booktitle = {Proceedings of the Computer Vision and Pattern Recognition Conference (CVPR)}, month = {June}, year = {2025}, pages = {9944-9953} }"
Doldo_Stop_Walking_in_Circles_Bailing_Out_Early_in_Projected_Gradient_CVPR_2025_paper,2025,1,Trustworthy_Security_Privacy,Trustworthy_Security_Privacy,12.0,0.833,Stop Walking in Circles! Bailing Out Early in Projected Gradient Descent,Philip Doldo; Derek Everett; Amol Khanna; Andre T Nguyen; Edward Raff,5,6373-6382,True,https://openaccess.thecvf.com/content/CVPR2025/papers/Doldo_Stop_Walking_in_Circles_Bailing_Out_Early_in_Projected_Gradient_CVPR_2025_paper.pdf,,https://openaccess.thecvf.com/content/CVPR2025/html/Doldo_Stop_Walking_in_Circles_Bailing_Out_Early_in_Projected_Gradient_CVPR_2025_paper.html,"Projected Gradient Descent (PGD) under the L_infinity ball has become one of the defacto methods used in adversarial robustness evaluation for computer vision (CV) due to its reliability and efficacy, making a strong and easy-to-implement iterative baseline. However, PGD is computationally demanding to apply, especially when thousands of iterations is current best-practice recommendations to generate an adversarial example for a single image. In this work, we introduce a simple novel method for early termination of PGD based on cycle detection by exploiting the geometry of how PGD is implemented in practice and show that it can produce large speedup factors while providing the exact same estimate of model robustness as standard PGD. This method substantially speeds up PGD without sacrificing any attack strength, enabling evaluations of robustness that were previously computationally intractable","@InProceedings{Doldo_2025_CVPR, author = {Doldo, Philip and Everett, Derek and Khanna, Amol and Nguyen, Andre T and Raff, Edward}, title = {Stop Walking in Circles! Bailing Out Early in Projected Gradient Descent}, booktitle = {Proceedings of the Computer Vision and Pattern Recognition Conference (CVPR)}, month = {June}, year = {2025}, pages = {6373-6382} }"
Lun_Towards_Effective_and_Sparse_Adversarial_Attack_on_Spiking_Neural_Networks_CVPR_2025_paper,2025,1,Trustworthy_Security_Privacy,Trustworthy_Security_Privacy,15.0,0.867,Towards Effective and Sparse Adversarial Attack on Spiking Neural Networks via Breaking Invisible Surrogate Gradients,Li Lun; Kunyu Feng; Qinglong Ni; Ling Liang; Yuan Wang; Ying Li; Dunshan Yu; Xiaoxin Cui,8,3540-3551,True,https://openaccess.thecvf.com/content/CVPR2025/papers/Lun_Towards_Effective_and_Sparse_Adversarial_Attack_on_Spiking_Neural_Networks_CVPR_2025_paper.pdf,https://openaccess.thecvf.com/content/CVPR2025/supplemental/Lun_Towards_Effective_and_CVPR_2025_supplemental.pdf,https://openaccess.thecvf.com/content/CVPR2025/html/Lun_Towards_Effective_and_Sparse_Adversarial_Attack_on_Spiking_Neural_Networks_CVPR_2025_paper.html,"Spiking neural networks (SNNs) have shown their competence in handling spatial-temporal event-based data with low energy consumption. Similar to conventional artificial neural networks (ANNs), SNNs are also vulnerable to gradient-based adversarial attacks, wherein gradients are calculated by spatial-temporal back-propagation (STBP) and surrogate gradients (SGs). However, the SGs may be invisible for an inference-only model as they do not influence the inference results, and current gradient-based attacks are ineffective for binary dynamic images captured by the dynamic vision sensor (DVS). While some approaches addressed the issue of invisible SGs through universal SGs, their SGs lack a correlation with the victim model, resulting in sub-optimal performance. Moreover, the imperceptibility of existing SNN-based binary attacks is still insufficient. In this paper, we introduce an innovative potential-dependent surrogate gradient (PDSG) method to establish a robust connection between the SG and the model, thereby enhancing the adaptability of adversarial attacks across various models with invisible SGs. Additionally, we propose the sparse dynamic attack (SDA) to effectively attack binary dynamic images. Utilizing a generation-reduction paradigm, SDA can fully optimize the sparsity of adversarial perturbations. Experimental results demonstrate that our PDSG and SDA outperform state-of-the-art SNN-based attacks across various models and datasets. Specifically, our PDSG achieves 100% attack success rate on ImageNet, and our SDA obtains 82% attack success rate by modifying only 0.24% of the pixels on CIFAR10DVS. The code is available at https://github.com/ryime/PDSG-SDA .","@InProceedings{Lun_2025_CVPR, author = {Lun, Li and Feng, Kunyu and Ni, Qinglong and Liang, Ling and Wang, Yuan and Li, Ying and Yu, Dunshan and Cui, Xiaoxin}, title = {Towards Effective and Sparse Adversarial Attack on Spiking Neural Networks via Breaking Invisible Surrogate Gradients}, booktitle = {Proceedings of the Computer Vision and Pattern Recognition Conference (CVPR)}, month = {June}, year = {2025}, pages = {3540-3551} }"
Hao_Exploring_Visual_Vulnerabilities_via_Multi-Loss_Adversarial_Search_for_Jailbreaking_Vision-Language_CVPR_2025_paper,2025,0,Vision_Language_Multimodal,Vision_Language_Multimodal|Trustworthy_Security_Privacy,21.0,0.429,Exploring Visual Vulnerabilities via Multi-Loss Adversarial Search for Jailbreaking Vision-Language Models,Shuyang Hao; Bryan Hooi; Jun Liu; Kai-Wei Chang; Zi Huang; Yujun Cai,6,19890-19899,True,https://openaccess.thecvf.com/content/CVPR2025/papers/Hao_Exploring_Visual_Vulnerabilities_via_Multi-Loss_Adversarial_Search_for_Jailbreaking_Vision-Language_CVPR_2025_paper.pdf,https://openaccess.thecvf.com/content/CVPR2025/supplemental/Hao_Exploring_Visual_Vulnerabilities_CVPR_2025_supplemental.pdf,https://openaccess.thecvf.com/content/CVPR2025/html/Hao_Exploring_Visual_Vulnerabilities_via_Multi-Loss_Adversarial_Search_for_Jailbreaking_Vision-Language_CVPR_2025_paper.html,"Despite inheriting security measures from underlying language models, Vision-Language Models (VLMs) may still be vulnerable to safety alignment issues. Through empirical analysis, we uncover two critical findings: scenario-matched images can significantly amplify harmful outputs, and contrary to common assumptions in gradient-based attacks, minimal loss values do not guarantee optimal attack effectiveness. Building on these insights, we introduce MLAI (Multi-Loss Adversarial Images), a novel jailbreak framework that leverages scenario-aware image generation for semantic alignment, exploits flat minima theory for robust adversarial image selection, and employs multi-image collaborative attacks for enhanced effectiveness. Extensive experiments demonstrate MLAI's significant impact, achieving attack success rates of 77.75% on MiniGPT-4 and 82.80% on LLaVA-2, substantially outperforming existing methods by margins of 34.37% and 12.77% respectively. Furthermore, MLAI shows considerable transferability to commercial black-box VLMs, achieving up to 60.11% success rate. Our work reveals fundamental visual vulnerabilities in current VLMs safety mechanisms and underscores the need for stronger defenses. Warning: This paper contains potentially harmful example text.","@InProceedings{Hao_2025_CVPR, author = {Hao, Shuyang and Hooi, Bryan and Liu, Jun and Chang, Kai-Wei and Huang, Zi and Cai, Yujun}, title = {Exploring Visual Vulnerabilities via Multi-Loss Adversarial Search for Jailbreaking Vision-Language Models}, booktitle = {Proceedings of the Computer Vision and Pattern Recognition Conference (CVPR)}, month = {June}, year = {2025}, pages = {19890-19899} }"
Chen_Dual_Energy-Based_Model_with_Open-World_Uncertainty_Estimation_for_Out-of-distribution_Detection_CVPR_2025_paper,2025,0,Transfer_FewShot_DomainAdaptation,Transfer_FewShot_DomainAdaptation|Object_Detection|Trustworthy_Security_Privacy,12.0,0.5,Dual Energy-Based Model with Open-World Uncertainty Estimation for Out-of-distribution Detection,Qi Chen; Hu Ding,2,25728-25737,True,https://openaccess.thecvf.com/content/CVPR2025/papers/Chen_Dual_Energy-Based_Model_with_Open-World_Uncertainty_Estimation_for_Out-of-distribution_Detection_CVPR_2025_paper.pdf,https://openaccess.thecvf.com/content/CVPR2025/supplemental/Chen_Dual_Energy-Based_Model_CVPR_2025_supplemental.pdf,https://openaccess.thecvf.com/content/CVPR2025/html/Chen_Dual_Energy-Based_Model_with_Open-World_Uncertainty_Estimation_for_Out-of-distribution_Detection_CVPR_2025_paper.html,"Out-of-distribution (OOD) detection is crucial for machine learning models deployed in open-world environments. However, existing methods often struggle with model over-confidence or rely heavily on empirical energy value estimation, limiting their scalability and generalizability. This paper introduces DEBO (Dual Energy-Based Model for Out-of-distribution Detection), a novel approach that addresses these limitations through an innovative dual classifier architecture and a unified energy-based objective function. DEBO enhances the standard classification framework by integrating a dual-purpose output space within a single classifier. The primary component classifies in-distribution (ID) data conventionally, while the secondary component captures open-world information and estimates uncertainty. Our method overcomes the dependence of traditional energy model-based OOD detection methods on empirical energy estimation while maintaining theoretical guarantees. Theoretical analysis demonstrates that DEBO promotes low energy and high confidence for ID data, while simultaneously inducing higher energy and decreased confidence for OOD samples. Extensive experiments conducted on benchmark datasets reveal that DEBO achieves state-of-the-art OOD detection performance while maintaining comparable classification accuracy on ID data.","@InProceedings{Chen_2025_CVPR, author = {Chen, Qi and Ding, Hu}, title = {Dual Energy-Based Model with Open-World Uncertainty Estimation for Out-of-distribution Detection}, booktitle = {Proceedings of the Computer Vision and Pattern Recognition Conference (CVPR)}, month = {June}, year = {2025}, pages = {25728-25737} }"
Khalil_NoT_Federated_Unlearning_via_Weight_Negation_CVPR_2025_paper,2025,1,Trustworthy_Security_Privacy,Trustworthy_Security_Privacy,6.0,1.0,NoT: Federated Unlearning via Weight Negation,Yasser H. Khalil; Leo Brunswic; Soufiane Lamghari; Xu Li; Mahdi Beitollahi; Xi Chen,6,25759-25769,True,https://openaccess.thecvf.com/content/CVPR2025/papers/Khalil_NoT_Federated_Unlearning_via_Weight_Negation_CVPR_2025_paper.pdf,https://openaccess.thecvf.com/content/CVPR2025/supplemental/Khalil_NoT_Federated_Unlearning_CVPR_2025_supplemental.pdf,https://openaccess.thecvf.com/content/CVPR2025/html/Khalil_NoT_Federated_Unlearning_via_Weight_Negation_CVPR_2025_paper.html,"Federated unlearning (FU) aims to remove a participant's data contributions from a trained federated learning (FL) model, ensuring privacy and regulatory compliance. Traditional FU methods often depend on auxiliary storage on either the client or server side or require direct access to the data targeted for removal--a dependency that may not be feasible if the data is no longer available. To overcome these limitations, we propose NoT, a novel and efficient FU algorithm based on weight negation (multiplying by -1), which circumvents the need for additional storage and access to the target data. We argue that effective and efficient unlearning can be achieved by perturbing model parameters away from the set of optimal parameters, yet being well-positioned for quick re-optimization. This technique, though seemingly contradictory, is theoretically grounded: we prove that the weight negation perturbation effectively disrupts inter-layer co-adaptation, inducing unlearning while preserving an approximate optimality property, thereby enabling rapid recovery. Experimental results across three datasets and three model architectures demonstrate that NoT significantly outperforms existing baselines in unlearning efficacy as well as in communication and computational efficiency.","@InProceedings{Khalil_2025_CVPR, author = {Khalil, Yasser H. and Brunswic, Leo and Lamghari, Soufiane and Li, Xu and Beitollahi, Mahdi and Chen, Xi}, title = {NoT: Federated Unlearning via Weight Negation}, booktitle = {Proceedings of the Computer Vision and Pattern Recognition Conference (CVPR)}, month = {June}, year = {2025}, pages = {25759-25769} }"
Huang_SIDA_Social_Media_Image_Deepfake_Detection_Localization_and_Explanation_with_CVPR_2025_paper,2025,0,Vision_Language_Multimodal,Vision_Language_Multimodal|Trustworthy_Security_Privacy|LLM_Reasoning_Agent,20.0,0.1,"SIDA: Social Media Image Deepfake Detection, Localization and Explanation with Large Multimodal Model",Zhenglin Huang; Jinwei Hu; Xiangtai Li; Yiwei He; Xingyu Zhao; Bei Peng; Baoyuan Wu; Xiaowei Huang; Guangliang Cheng,9,28831-28841,True,https://openaccess.thecvf.com/content/CVPR2025/papers/Huang_SIDA_Social_Media_Image_Deepfake_Detection_Localization_and_Explanation_with_CVPR_2025_paper.pdf,https://openaccess.thecvf.com/content/CVPR2025/supplemental/Huang_SIDA_Social_Media_CVPR_2025_supplemental.pdf,https://openaccess.thecvf.com/content/CVPR2025/html/Huang_SIDA_Social_Media_Image_Deepfake_Detection_Localization_and_Explanation_with_CVPR_2025_paper.html,"The rapid advancement of generative models in creating highly realistic images poses substantial risks for misinformation dissemination. For instance, a synthetic image, when shared on social media, can mislead extensive audiences and erode trust in digital content, resulting in severe repercussions. Despite some progress, academia has not yet created a large and diversified deepfake detection dataset for social media, nor has it devised an effective solution to address this issue. In this paper, we introduce the Social media Image Detection dataSet (SID-Set), which offers three key advantages: (1) extensive volume, featuring 300K AI-generated/tampered and authentic images with comprehensive annotations, (2) broad diversity, encompassing fully synthetic and tampered images across various classes, and (3) elevated realism, with images that are predominantly indistinguishable from genuine ones through mere visual inspection. Furthermore, leveraging the exceptional capabilities of large multimodal models, we propose a new image deepfake detection, localization, and explanation framework, named SIDA (Social media Image Detection, localization, and explanation Assistant). SIDA not only discerns the authenticity of images, but also delineates tampered regions through mask prediction and provides textual explanations of the model's judgment criteria. Compared with state-of-the-art deepfake detection models on SID-Set and other benchmarks, extensive experiments demonstrate that SIDA achieves superior performance among diversified settings. The code, model, and dataset will be released.","@InProceedings{Huang_2025_CVPR, author = {Huang, Zhenglin and Hu, Jinwei and Li, Xiangtai and He, Yiwei and Zhao, Xingyu and Peng, Bei and Wu, Baoyuan and Huang, Xiaowei and Cheng, Guangliang}, title = {SIDA: Social Media Image Deepfake Detection, Localization and Explanation with Large Multimodal Model}, booktitle = {Proceedings of the Computer Vision and Pattern Recognition Conference (CVPR)}, month = {June}, year = {2025}, pages = {28831-28841} }"
Xu_Detecting_Backdoor_Attacks_in_Federated_Learning_via_Direction_Alignment_Inspection_CVPR_2025_paper,2025,1,Trustworthy_Security_Privacy,Trustworthy_Security_Privacy,31.0,0.903,Detecting Backdoor Attacks in Federated Learning via Direction Alignment Inspection,Jiahao Xu; Zikai Zhang; Rui Hu,3,20654-20664,True,https://openaccess.thecvf.com/content/CVPR2025/papers/Xu_Detecting_Backdoor_Attacks_in_Federated_Learning_via_Direction_Alignment_Inspection_CVPR_2025_paper.pdf,https://openaccess.thecvf.com/content/CVPR2025/supplemental/Xu_Detecting_Backdoor_Attacks_CVPR_2025_supplemental.pdf,https://openaccess.thecvf.com/content/CVPR2025/html/Xu_Detecting_Backdoor_Attacks_in_Federated_Learning_via_Direction_Alignment_Inspection_CVPR_2025_paper.html,"The distributed nature of training makes Federated Learning (FL) vulnerable to backdoor attacks, where malicious model updates aim to compromise the global model's performance on specific tasks. Existing defense methods show limited efficacy as they overlook the inconsistency between benign and malicious model updates regarding both general and fine-grained directions. To fill this gap, we introduce AlignIns, a novel defense method designed to safeguard FL systems against backdoor attacks. AlignIns looks into the direction of each model update through a direction alignment inspection process. Specifically, it examines the alignment of model updates with the overall update direction and analyzes the distribution of the signs of their significant parameters, comparing them with the principle sign across all model updates. Model updates that exhibit an unusual degree of alignment are considered malicious and thus be filtered out. We provide the theoretical analysis of the robustness of AlignIns and its propagation error in FL. Our empirical results on both independent and identically distributed (IID) and non-IID datasets demonstrate that AlignIns achieves higher robustness compared to the state-of-the-art defense methods. Code is available at https://anonymous.4open.science/r/AlignIns.","@InProceedings{Xu_2025_CVPR, author = {Xu, Jiahao and Zhang, Zikai and Hu, Rui}, title = {Detecting Backdoor Attacks in Federated Learning via Direction Alignment Inspection}, booktitle = {Proceedings of the Computer Vision and Pattern Recognition Conference (CVPR)}, month = {June}, year = {2025}, pages = {20654-20664} }"
Nafez_PatchGuard_Adversarially_Robust_Anomaly_Detection_and_Localization_through_Vision_Transformers_CVPR_2025_paper,2025,1,Trustworthy_Security_Privacy,Trustworthy_Security_Privacy|Transfer_FewShot_DomainAdaptation,13.0,0.385,PatchGuard: Adversarially Robust Anomaly Detection and Localization through Vision Transformers and Pseudo Anomalies,Mojtaba Nafez; Amirhossein Koochakian; Arad Maleki; Jafar Habibi; Mohammad Hossein Rohban,5,20383-20394,True,https://openaccess.thecvf.com/content/CVPR2025/papers/Nafez_PatchGuard_Adversarially_Robust_Anomaly_Detection_and_Localization_through_Vision_Transformers_CVPR_2025_paper.pdf,https://openaccess.thecvf.com/content/CVPR2025/supplemental/Nafez_PatchGuard_Adversarially_Robust_CVPR_2025_supplemental.pdf,https://openaccess.thecvf.com/content/CVPR2025/html/Nafez_PatchGuard_Adversarially_Robust_Anomaly_Detection_and_Localization_through_Vision_Transformers_CVPR_2025_paper.html,"Anomaly Detection (AD) and Anomaly Localization (AL) are crucial in fields that demand high reliability, such as medical imaging and industrial monitoring. However, current AD and AL approaches are often susceptible to adversarial attacks due to limitations in training data, which typically include only normal, unlabeled samples. This study introduces PatchGuard, an adversarially robust AD and AL method that incorporates pseudo anomalies with localization masks within a Vision Transformer (ViT)-based architecture to address these vulnerabilities.We begin by examining the essential properties of pseudo anomalies, and follow it by providing theoretical insights into the attention mechanisms required to enhance the adversarial robustness of AD and AL systems. We then present our approach, which leverages Foreground-Aware Pseudo-Anomalies to overcome the deficiencies of previous anomaly-aware methods. Our method incorporates these crafted pseudo-anomaly samples into a ViT-based framework, with adversarial training guided by a novel loss function designed to improve model robustness, as supported by our theoretical analysis.Experimental results on well-established industrial and medical datasets demonstrate that PatchGuard significantly outperforms previous methods in adversarial settings, achieving performance gains of 53.2% in AD and 68.5% in AL, while also maintaining competitive accuracy in non-adversarial settings.","@InProceedings{Nafez_2025_CVPR, author = {Nafez, Mojtaba and Koochakian, Amirhossein and Maleki, Arad and Habibi, Jafar and Rohban, Mohammad Hossein}, title = {PatchGuard: Adversarially Robust Anomaly Detection and Localization through Vision Transformers and Pseudo Anomalies}, booktitle = {Proceedings of the Computer Vision and Pattern Recognition Conference (CVPR)}, month = {June}, year = {2025}, pages = {20383-20394} }"
Rao_Multi-modal_Contrastive_Learning_with_Negative_Sampling_Calibration_for_Phenotypic_Drug_CVPR_2025_paper,2025,0,SelfSupervised_Representation,SelfSupervised_Representation|Vision_Language_Multimodal|Trustworthy_Security_Privacy,12.0,0.167,Multi-modal Contrastive Learning with Negative Sampling Calibration for Phenotypic Drug Discovery,Jiahua Rao; Hanjing Lin; Leyu Chen; Jiancong Xie; Shuangjia Zheng; Yuedong Yang,6,30752-30762,True,https://openaccess.thecvf.com/content/CVPR2025/papers/Rao_Multi-modal_Contrastive_Learning_with_Negative_Sampling_Calibration_for_Phenotypic_Drug_CVPR_2025_paper.pdf,https://openaccess.thecvf.com/content/CVPR2025/supplemental/Rao_Multi-modal_Contrastive_Learning_CVPR_2025_supplemental.pdf,https://openaccess.thecvf.com/content/CVPR2025/html/Rao_Multi-modal_Contrastive_Learning_with_Negative_Sampling_Calibration_for_Phenotypic_Drug_CVPR_2025_paper.html,"Phenotypic drug discovery presents a promising strategy for identifying first-in-class drugs by bypassing the need for specific drug targets. Recent advances in cell-based phenotypic screening tools, including Cell Painting and the LINCS L1000, provide essential cellular data that capture biological responses to compounds. While the integration of the multi-modal data enhances the use of contrastive learning (CL) methods for molecular phenotypic representation, these approaches treat all negative pairs equally, failing to discriminate molecules with similar phenotypes. To address these challenges, we introduce a foundational framework MINER that dynamically estimates the likelihoods of sample pairs as negative pairs based on uni-modal disentangled representations. In addition, our approach incorporates a mixture fusion strategy to effectively integrate multimodal data, even in cases where certain modalities are missing. Extensive experiments demonstrate that our method enhances both molecular property prediction and molecule-phenotype retrieval accuracy. Moreover, it successfully recommends drug candidates from phenotype for complex diseases documented in the literature. These findings underscore MINER's potential to advance drug discovery by enabling deeper insights into disease mechanisms and improving drug candidate recommendations.","@InProceedings{Rao_2025_CVPR, author = {Rao, Jiahua and Lin, Hanjing and Chen, Leyu and Xie, Jiancong and Zheng, Shuangjia and Yang, Yuedong}, title = {Multi-modal Contrastive Learning with Negative Sampling Calibration for Phenotypic Drug Discovery}, booktitle = {Proceedings of the Computer Vision and Pattern Recognition Conference (CVPR)}, month = {June}, year = {2025}, pages = {30752-30762} }"
Sheng_R-TPT_Improving_Adversarial_Robustness_of_Vision-Language_Models_through_Test-Time_Prompt_CVPR_2025_paper,2025,1,Trustworthy_Security_Privacy,Trustworthy_Security_Privacy|Vision_Language_Multimodal,24.0,0.167,R-TPT: Improving Adversarial Robustness of Vision-Language Models through Test-Time Prompt Tuning,Lijun Sheng; Jian Liang; Zilei Wang; Ran He,4,29958-29967,True,https://openaccess.thecvf.com/content/CVPR2025/papers/Sheng_R-TPT_Improving_Adversarial_Robustness_of_Vision-Language_Models_through_Test-Time_Prompt_CVPR_2025_paper.pdf,https://openaccess.thecvf.com/content/CVPR2025/supplemental/Sheng_R-TPT_Improving_Adversarial_CVPR_2025_supplemental.pdf,https://openaccess.thecvf.com/content/CVPR2025/html/Sheng_R-TPT_Improving_Adversarial_Robustness_of_Vision-Language_Models_through_Test-Time_Prompt_CVPR_2025_paper.html,"Vision-language models (VLMs), such as CLIP, have gained significant popularity as foundation models, with numerous fine-tuning methods developed to enhance performance on downstream tasks. However, due to their inherent vulnerability and the common practice of selecting from a limited set of open-source models, VLMs suffer from a higher risk of adversarial attacks than traditional vision models. Existing defense techniques typically rely on adversarial fine-tuning during training, which requires labeled data and lacks of flexibility for downstream tasks. To address these limitations, we propose robust test-time prompt tuning (R-TPT), which mitigates the impact of adversarial attacks during the inference stage. We first reformulate the classic marginal entropy objective by eliminating the term that introduces conflicts under adversarial conditions, retaining only the pointwise entropy minimization. Furthermore, we introduce a plug-and-play reliability-based weighted ensembling strategy, which aggregates useful information from reliable augmented views to strengthen the defense. R-TPT enhances defense against adversarial attacks without requiring labeled training data while offering high flexibility for inference tasks. Extensive experiments on widely used benchmarks with various attacks demonstrate the effectiveness of R-TPT.","@InProceedings{Sheng_2025_CVPR, author = {Sheng, Lijun and Liang, Jian and Wang, Zilei and He, Ran}, title = {R-TPT: Improving Adversarial Robustness of Vision-Language Models through Test-Time Prompt Tuning}, booktitle = {Proceedings of the Computer Vision and Pattern Recognition Conference (CVPR)}, month = {June}, year = {2025}, pages = {29958-29967} }"
Xu_Spatiotemporal_Decoupling_for_Efficient_Vision-Based_Occupancy_Forecasting_CVPR_2025_paper,2025,0,Autonomous_Driving,Autonomous_Driving|Trustworthy_Security_Privacy,9.0,0.0,Spatiotemporal Decoupling for Efficient Vision-Based Occupancy Forecasting,Jingyi Xu; Xieyuanli Chen; Junyi Ma; Jiawei Huang; Jintao Xu; Yue Wang; Ling Pei,7,22338-22347,True,https://openaccess.thecvf.com/content/CVPR2025/papers/Xu_Spatiotemporal_Decoupling_for_Efficient_Vision-Based_Occupancy_Forecasting_CVPR_2025_paper.pdf,https://openaccess.thecvf.com/content/CVPR2025/supplemental/Xu_Spatiotemporal_Decoupling_for_CVPR_2025_supplemental.pdf,https://openaccess.thecvf.com/content/CVPR2025/html/Xu_Spatiotemporal_Decoupling_for_Efficient_Vision-Based_Occupancy_Forecasting_CVPR_2025_paper.html,"The task of occupancy forecasting (OCF) involves utilizing past and present perception data to predict future occupancy states of autonomous vehicle surrounding environments, which is critical for downstream tasks such as obstacle avoidance and path planning. Existing 3D OCF approaches struggle to predict plausible spatial details for movable objects and suffer from slow inference speeds due to neglecting the bias and uneven distribution of changing occupancy states in both space and time. In this paper, we propose a novel spatiotemporal decoupling vision-based paradigm to explicitly tackle the bias and achieve both effective and efficient 3D OCF. To tackle spatial bias in empty areas, we introduce a novel spatial representation that decouples the conventional dense 3D format into 2D bird's-eye view (BEV) occupancy with corresponding height values, enabling 3D OCF derived only from 2D predictions thus enhancing efficiency. To reduce temporal bias on static voxels, we design temporal decoupling to improve end-to-end OCF by temporally associating instances via predicted flows. We develop an efficient multi-head network EfficientOCF to achieve 3D OCF with our devised spatiotemporally decoupled representation. A new metric, conditional IoU (C-IoU), is also introduced to provide a robust 3D OCF performance assessment, especially in datasets with missing or incomplete annotations. The experimental results demonstrate that EfficientOCF surpasses existing baseline methods on accuracy and efficiency, achieving state-of-the-art performance with a fast inference time of 82.33ms with a single GPU. Our code is released at: https://github.com/BIT-XJY/EfficientOCF.","@InProceedings{Xu_2025_CVPR, author = {Xu, Jingyi and Chen, Xieyuanli and Ma, Junyi and Huang, Jiawei and Xu, Jintao and Wang, Yue and Pei, Ling}, title = {Spatiotemporal Decoupling for Efficient Vision-Based Occupancy Forecasting}, booktitle = {Proceedings of the Computer Vision and Pattern Recognition Conference (CVPR)}, month = {June}, year = {2025}, pages = {22338-22347} }"
Kim_Classifier-guided_CLIP_Distillation_for_Unsupervised_Multi-label_Classification_CVPR_2025_paper,2025,0,Vision_Language_Multimodal,Vision_Language_Multimodal|Trustworthy_Security_Privacy,15.0,0.4,Classifier-guided CLIP Distillation for Unsupervised Multi-label Classification,Dongseob Kim; Hyunjung Shim,2,4661-4671,True,https://openaccess.thecvf.com/content/CVPR2025/papers/Kim_Classifier-guided_CLIP_Distillation_for_Unsupervised_Multi-label_Classification_CVPR_2025_paper.pdf,https://openaccess.thecvf.com/content/CVPR2025/supplemental/Kim_Classifier-guided_CLIP_Distillation_CVPR_2025_supplemental.pdf,https://openaccess.thecvf.com/content/CVPR2025/html/Kim_Classifier-guided_CLIP_Distillation_for_Unsupervised_Multi-label_Classification_CVPR_2025_paper.html,"Multi-label classification is crucial for comprehensive image understanding, yet acquiring accurate annotations is challenging and costly. To address this, a recent study suggests exploiting unsupervised multi-label classification leveraging CLIP, a powerful vision-language model. Despite CLIP's proficiency, it suffers from view-dependent predictions and inherent bias, limiting its effectiveness. We propose a novel method that addresses these issues by leveraging multiple views near target objects, guided by Class Activation Mapping (CAM) of the classifier, and debiasing pseudo-labels derived from CLIP predictions. Our Classifier-guided CLIP Distillation (CCD) enables selecting multiple local views without extra labels and debiasing predictions to enhance classification performance. Experimental results validate our method's superiority over existing techniques across diverse datasets. The code is available at https://github.com/k0u-id/CCD.","@InProceedings{Kim_2025_CVPR, author = {Kim, Dongseob and Shim, Hyunjung}, title = {Classifier-guided CLIP Distillation for Unsupervised Multi-label Classification}, booktitle = {Proceedings of the Computer Vision and Pattern Recognition Conference (CVPR)}, month = {June}, year = {2025}, pages = {4661-4671} }"
Srivatsan_STEREO_A_Two-Stage_Framework_for_Adversarially_Robust_Concept_Erasing_from_CVPR_2025_paper,2025,0,Diffusion_Generative,Diffusion_Generative|Trustworthy_Security_Privacy,21.0,0.286,STEREO: A Two-Stage Framework for Adversarially Robust Concept Erasing from Text-to-Image Diffusion Models,Koushik Srivatsan; Fahad Shamshad; Muzammal Naseer; Vishal M. Patel; Karthik Nandakumar,5,23765-23774,True,https://openaccess.thecvf.com/content/CVPR2025/papers/Srivatsan_STEREO_A_Two-Stage_Framework_for_Adversarially_Robust_Concept_Erasing_from_CVPR_2025_paper.pdf,https://openaccess.thecvf.com/content/CVPR2025/supplemental/Srivatsan_STEREO_A_Two-Stage_CVPR_2025_supplemental.pdf,https://openaccess.thecvf.com/content/CVPR2025/html/Srivatsan_STEREO_A_Two-Stage_Framework_for_Adversarially_Robust_Concept_Erasing_from_CVPR_2025_paper.html,"The rapid proliferation of large-scale text-to-image diffusion (T2ID) models has raised serious concerns about their potential misuse in generating harmful content. Although numerous methods have been proposed for erasing undesired concepts from T2ID models, they often provide a false sense of security; concept-erased models (CEMs) can still be manipulated via adversarial attacks to regenerate the erased concept. While a few robust concept erasure methods based on adversarial training have emerged recently, they compromise on utility (generation quality for benign concepts) to achieve robustness and/or remain vulnerable to advanced embedding space attacks. These limitations stem from the failure of robust CEMs to thoroughly search for blind spots in the embedding space. To bridge this gap, we propose STEREO, a novel two-stage framework that employs adversarial training as a first step rather than the only step for robust concept erasure. In the first stage, STEREO employs adversarial training as a vulnerability identification mechanism to search thoroughly enough. In the second robustly erase once stage, STEREO introduces an anchor-concept-based compositional objective to robustly erase the target concept in a single fine-tuning stage, while minimizing the degradation of model utility. We benchmark STEREO against seven state-of-the-art concept erasure methods, demonstrating its superior robustness to both white-box and black-box attacks, while largely preserving utility.","@InProceedings{Srivatsan_2025_CVPR, author = {Srivatsan, Koushik and Shamshad, Fahad and Naseer, Muzammal and Patel, Vishal M. and Nandakumar, Karthik}, title = {STEREO: A Two-Stage Framework for Adversarially Robust Concept Erasing from Text-to-Image Diffusion Models}, booktitle = {Proceedings of the Computer Vision and Pattern Recognition Conference (CVPR)}, month = {June}, year = {2025}, pages = {23765-23774} }"
Zhang_SPA-VL_A_Comprehensive_Safety_Preference_Alignment_Dataset_for_Vision_Language_CVPR_2025_paper,2025,0,Vision_Language_Multimodal,Vision_Language_Multimodal|Trustworthy_Security_Privacy,26.0,0.538,SPA-VL: A Comprehensive Safety Preference Alignment Dataset for Vision Language Models,Yongting Zhang; Lu Chen; Guodong Zheng; Yifeng Gao; Rui Zheng; Jinlan Fu; Zhenfei Yin; Senjie Jin; Yu Qiao; Xuanjing Huang; Feng Zhao; Tao Gui; Jing Shao,13,19867-19878,True,https://openaccess.thecvf.com/content/CVPR2025/papers/Zhang_SPA-VL_A_Comprehensive_Safety_Preference_Alignment_Dataset_for_Vision_Language_CVPR_2025_paper.pdf,https://openaccess.thecvf.com/content/CVPR2025/supplemental/Zhang_SPA-VL_A_Comprehensive_CVPR_2025_supplemental.zip,https://openaccess.thecvf.com/content/CVPR2025/html/Zhang_SPA-VL_A_Comprehensive_Safety_Preference_Alignment_Dataset_for_Vision_Language_CVPR_2025_paper.html,"The emergence of Vision Language Models (VLMs) has brought unprecedented advances in understanding multimodal information. The combination of textual and visual semantics in VLMs is highly complex and diverse, making the safety alignment of these models challenging. Furthermore, due to the limited study on the safety alignment of VLMs, there is a lack of large-scale, high-quality datasets. To address these limitations, we propose a Safety Preference Alignment dataset for Vision Language Models named SPA-VL. In terms of breadth, SPA-VL covers 6 harmfulness domains, 13 categories, and 53 subcategories, and contains 100,788 samples of the quadruple (question, image, chosen response, rejected response). In terms of depth, the responses are collected from 12 open-source (e.g., QwenVL) and closed-source (e.g., Gemini) VLMs to ensure diversity. The construction of preference data is fully automated, and the experimental results indicate that models trained with alignment techniques on the SPA-VL dataset exhibit substantial improvements in harmlessness and helpfulness while maintaining core capabilities. SPA-VL, as a large-scale, high-quality, and diverse dataset, represents a significant milestone in ensuring that VLMs achieve both harmlessness and helpfulness.","@InProceedings{Zhang_2025_CVPR, author = {Zhang, Yongting and Chen, Lu and Zheng, Guodong and Gao, Yifeng and Zheng, Rui and Fu, Jinlan and Yin, Zhenfei and Jin, Senjie and Qiao, Yu and Huang, Xuanjing and Zhao, Feng and Gui, Tao and Shao, Jing}, title = {SPA-VL: A Comprehensive Safety Preference Alignment Dataset for Vision Language Models}, booktitle = {Proceedings of the Computer Vision and Pattern Recognition Conference (CVPR)}, month = {June}, year = {2025}, pages = {19867-19878} }"
Chen_Hyperdimensional_Uncertainty_Quantification_for_Multimodal_Uncertainty_Fusion_in_Autonomous_Vehicles_CVPR_2025_paper,2025,1,Trustworthy_Security_Privacy,Trustworthy_Security_Privacy|Vision_Language_Multimodal|Autonomous_Driving|Object_Detection,10.0,0.0,Hyperdimensional Uncertainty Quantification for Multimodal Uncertainty Fusion in Autonomous Vehicles Perception,Luke Chen; Junyao Wang; Trier Mortlock; Pramod Khargonekar; Mohammad Abdullah Al Faruque,5,22306-22316,True,https://openaccess.thecvf.com/content/CVPR2025/papers/Chen_Hyperdimensional_Uncertainty_Quantification_for_Multimodal_Uncertainty_Fusion_in_Autonomous_Vehicles_CVPR_2025_paper.pdf,https://openaccess.thecvf.com/content/CVPR2025/supplemental/Chen_Hyperdimensional_Uncertainty_Quantification_CVPR_2025_supplemental.pdf,https://openaccess.thecvf.com/content/CVPR2025/html/Chen_Hyperdimensional_Uncertainty_Quantification_for_Multimodal_Uncertainty_Fusion_in_Autonomous_Vehicles_CVPR_2025_paper.html,"Uncertainty Quantification (UQ) is crucial for ensuring the reliability of machine learning models deployed in real-world autonomous systems. However, existing approaches typically quantify task-level output prediction uncertainty without considering epistemic uncertainty at the multimodal feature fusion level, leading to sub-optimal outcomes. Additionally, popular uncertainty quantification methods, e.g., Bayesian approximations, remain challenging to deploy in practice due to high computational costs in training and inference. In this paper, we propose HyperDUM, a novel deterministic uncertainty method (DUM) that efficiently quantifies feature-level epistemic uncertainty by leveraging hyperdimensional computing. Our method captures the channel and spatial uncertainties through channel and patch -wise projection and bundling techniques respectively. Multimodal sensor features are then adaptively weighted to mitigate uncertainty propagation and improve feature fusion. Our evaluations show that HyperDUM on average outperforms the state-of-the-art (SOTA) algorithms by up to 2.01%/1.27% in 3D Object Detection and up to 1.29% improvement over baselines in semantic segmentation tasks under various types of uncertainties. Notably, HyperDUM requires 2.36x less Floating Point Operations and up to 38.30x less parameters than SOTA methods, providing an efficient solution for real-world autonomous systems.","@InProceedings{Chen_2025_CVPR, author = {Chen, Luke and Wang, Junyao and Mortlock, Trier and Khargonekar, Pramod and Al Faruque, Mohammad Abdullah}, title = {Hyperdimensional Uncertainty Quantification for Multimodal Uncertainty Fusion in Autonomous Vehicles Perception}, booktitle = {Proceedings of the Computer Vision and Pattern Recognition Conference (CVPR)}, month = {June}, year = {2025}, pages = {22306-22316} }"
Wang_Do_We_Really_Need_Curated_Malicious_Data_for_Safety_Alignment_CVPR_2025_paper,2025,0,LLM_Reasoning_Agent,LLM_Reasoning_Agent|Trustworthy_Security_Privacy|Vision_Language_Multimodal,21.0,0.286,Do We Really Need Curated Malicious Data for Safety Alignment in Multi-modal Large Language Models?,Yanbo Wang; Jiyang Guan; Jian Liang; Ran He,4,19879-19889,True,https://openaccess.thecvf.com/content/CVPR2025/papers/Wang_Do_We_Really_Need_Curated_Malicious_Data_for_Safety_Alignment_CVPR_2025_paper.pdf,https://openaccess.thecvf.com/content/CVPR2025/supplemental/Wang_Do_We_Really_CVPR_2025_supplemental.pdf,https://openaccess.thecvf.com/content/CVPR2025/html/Wang_Do_We_Really_Need_Curated_Malicious_Data_for_Safety_Alignment_CVPR_2025_paper.html,"Multi-modal large language models (MLLMs) have made significant progress, yet their safety alignment remains limited. Typically, current open-source MLLMs rely on the alignment inherited from their language module to avoid harmful generations. However, the lack of safety measures specifically designed for multi-modal inputs creates an alignment gap, leaving MLLMs vulnerable to vision-domain attacks such as typographic manipulation. Current methods utilize a carefully designed safety dataset to enhance model defense capability.However, it is unknown what is actually learned in the high-quality dataset.Through comparison experiments, we find that the alignment gap primarily arises from data distribution biases, while image content, response quality, or the contrastive behavior of the dataset makes little contribution to boosting multi-modal safety. To further investigate this and identify the key factors in improving MLLM safety, we propose finetuning MLLMs on a small set of benign instruct-following data with responses replaced by simple, clear rejection sentences.Experiments show that, without the need for labor-intensive collection of high-quality malicious data, model safety can still be significantly improved, as long as a specific fraction of rejection data exists in the finetuning set, indicating the security alignment is not lost but rather obscured during multi-modal pretraining or instruction fine-tuning. Simply correcting the underlying data bias is enough to address the vision domain safety gap.","@InProceedings{Wang_2025_CVPR, author = {Wang, Yanbo and Guan, Jiyang and Liang, Jian and He, Ran}, title = {Do We Really Need Curated Malicious Data for Safety Alignment in Multi-modal Large Language Models?}, booktitle = {Proceedings of the Computer Vision and Pattern Recognition Conference (CVPR)}, month = {June}, year = {2025}, pages = {19879-19889} }"
Fan_Pose-Guided_Temporal_Enhancement_for_Robust_Low-Resolution_Hand_Reconstruction_CVPR_2025_paper,2025,1,Trustworthy_Security_Privacy,Trustworthy_Security_Privacy,2.0,1.0,Pose-Guided Temporal Enhancement for Robust Low-Resolution Hand Reconstruction,Kaixin Fan; Pengfei Ren; Jingyu Wang; Haifeng Sun; Qi Qi; Zirui Zhuang; Jianxin Liao,7,22627-22637,True,https://openaccess.thecvf.com/content/CVPR2025/papers/Fan_Pose-Guided_Temporal_Enhancement_for_Robust_Low-Resolution_Hand_Reconstruction_CVPR_2025_paper.pdf,https://openaccess.thecvf.com/content/CVPR2025/supplemental/Fan_Pose-Guided_Temporal_Enhancement_CVPR_2025_supplemental.pdf,https://openaccess.thecvf.com/content/CVPR2025/html/Fan_Pose-Guided_Temporal_Enhancement_for_Robust_Low-Resolution_Hand_Reconstruction_CVPR_2025_paper.html,"3D hand reconstruction is essential in non-contact human-computer interaction applications, but existing methods struggle with low-resolution images, which occur in slightly distant interactive scenes. Leveraging temporal information can mitigate the limitations of individual low-resolution images that lack detailed appearance information, thereby enhancing the robustness and accuracy of hand reconstruction. Existing temporal methods typically use joint features to represent temporal information, avoiding interference from redundant background information. However, joint features excessively disregard the spatial context of visual features, limiting hand reconstruction accuracy. We propose to integrate temporal joint features with visual features to construct a robust low-resolution visual representation. We introduce Triplane Features, a dense representation with 3D spatial awareness, to bridge the gap between the joint features and visual features that are misaligned in terms of representation form and semantics. Triplane Features are obtained by orthogonally projecting the joint features, embedding hand structure information into the 3D spatial context. Furthermore, we compress the spatial information of the three planes into a 2D dense feature thourgh Spatial-Aware Fusion to enhance the visual features. By using enhanced visual features enriched with temporal information for hand reconstruction, our method achieves competitive performance at much lower resolutions compared to state-of-the-art methods operating at high resolution on DexYCB, HanCo and H2O.","@InProceedings{Fan_2025_CVPR, author = {Fan, Kaixin and Ren, Pengfei and Wang, Jingyu and Sun, Haifeng and Qi, Qi and Zhuang, Zirui and Liao, Jianxin}, title = {Pose-Guided Temporal Enhancement for Robust Low-Resolution Hand Reconstruction}, booktitle = {Proceedings of the Computer Vision and Pattern Recognition Conference (CVPR)}, month = {June}, year = {2025}, pages = {22627-22637} }"
Duggal_Eval3D_Interpretable_and_Fine-grained_Evaluation_for_3D_Generation_CVPR_2025_paper,2025,0,Diffusion_Generative,Diffusion_Generative|Recognition_Classification|Trustworthy_Security_Privacy,12.0,0.0,Eval3D: Interpretable and Fine-grained Evaluation for 3D Generation,Shivam Duggal; Yushi Hu; Oscar Michel; Aniruddha Kembhavi; William T. Freeman; Noah A. Smith; Ranjay Krishna; Antonio Torralba; Ali Farhadi; Wei-Chiu Ma,10,13326-13336,True,https://openaccess.thecvf.com/content/CVPR2025/papers/Duggal_Eval3D_Interpretable_and_Fine-grained_Evaluation_for_3D_Generation_CVPR_2025_paper.pdf,https://openaccess.thecvf.com/content/CVPR2025/supplemental/Duggal_Eval3D_Interpretable_and_CVPR_2025_supplemental.pdf,https://openaccess.thecvf.com/content/CVPR2025/html/Duggal_Eval3D_Interpretable_and_Fine-grained_Evaluation_for_3D_Generation_CVPR_2025_paper.html,"Despite the unprecedented progress in the field of 3D generation, current systems still often fail to produce high-quality 3D assets that are visually appealing and geometrically and semantically consistent across multiple viewpoints. To effectively assess the quality of the generated 3D data, there is a need for a reliable 3D evaluation tool. Unfortunately, existing 3D evaluation metrics often overlook the geometric quality of generated assets or merely rely on black-box multimodal large language models for coarse assessment. In this paper, we introduce Eval3D, a fine-grained, interpretable evaluation tool that can faithfully evaluate the quality of generated 3D assets based on various distinct yet complementary criteria. Our key observation is that many desired properties of 3D generation, such as semantic and geometric consistency, can be effectively captured by measuring the consistency among various foundation models and tools. We thus leverage a diverse set of models and tools as probes to evaluate the inconsistency of generated 3D assets across different aspects. Compared to prior work, Eval3D provides pixel-wise measurement, enables accurate 3D spatial feedback, and aligns more closely with human judgments. We comprehensively evaluate existing 3D generation models using Eval3D and highlight the limitations and challenges of current models.","@InProceedings{Duggal_2025_CVPR, author = {Duggal, Shivam and Hu, Yushi and Michel, Oscar and Kembhavi, Aniruddha and Freeman, William T. and Smith, Noah A. and Krishna, Ranjay and Torralba, Antonio and Farhadi, Ali and Ma, Wei-Chiu}, title = {Eval3D: Interpretable and Fine-grained Evaluation for 3D Generation}, booktitle = {Proceedings of the Computer Vision and Pattern Recognition Conference (CVPR)}, month = {June}, year = {2025}, pages = {13326-13336} }"
Qin_Boosting_the_Dual-Stream_Architecture_in_Ultra-High_Resolution_Segmentation_with_Resolution-Biased_CVPR_2025_paper,2025,0,Segmentation,Segmentation|Trustworthy_Security_Privacy,13.0,0.385,Boosting the Dual-Stream Architecture in Ultra-High Resolution Segmentation with Resolution-Biased Uncertainty Estimation,Rong Qin; Xingyu Liu; Jinglei Shi; Liang Lin; Jufeng Yang,5,25960-25970,True,https://openaccess.thecvf.com/content/CVPR2025/papers/Qin_Boosting_the_Dual-Stream_Architecture_in_Ultra-High_Resolution_Segmentation_with_Resolution-Biased_CVPR_2025_paper.pdf,,https://openaccess.thecvf.com/content/CVPR2025/html/Qin_Boosting_the_Dual-Stream_Architecture_in_Ultra-High_Resolution_Segmentation_with_Resolution-Biased_CVPR_2025_paper.html,"Over the last decade, significant efforts have been dedicated to designing efficient models for the challenge of ultra-high resolution (UHR) semantic segmentation. These models mainly follow the dual-stream architecture and generally fall into three subcategories according to the improvement objectives, i.e., dual-stream ensemble, selective zoom, and complementary learning. However, most of them overly concentrate on crafting complex pipelines to pursue one of the above objectives separately, limiting the model performance in both accuracy and inference consumption. In this paper, we suggest simultaneously achieving these objectives by estimating resolution-biased uncertainties in low resolution stream. Here, the resolution-biased uncertainty refers to the degree of prediction unreliability primarily caused by resolution loss from down-sampling operations. Specifically, we propose a dual-stream UHR segmentation framework, where an estimator is used to assess resolution-biased uncertainties through the entropy map and high-frequency feature residual. The framework also includes a selector, an ensembler, and a complementer to boost the model with obtained estimations. They share the uncertainty estimations as the weights to choose difficult regions as the inputs for UHR stream, perform weighted fusion between distinct streams, and enhance the learning for important pixels, respectively. Experiment results demonstrate that our method achieves a satisfactory balance between accuracy and inference consumption against other state-of-the-art (SOTA) methods. The code is available in the https://github.com/Qinrong-NKU/RUE.","@InProceedings{Qin_2025_CVPR, author = {Qin, Rong and Liu, Xingyu and Shi, Jinglei and Lin, Liang and Yang, Jufeng}, title = {Boosting the Dual-Stream Architecture in Ultra-High Resolution Segmentation with Resolution-Biased Uncertainty Estimation}, booktitle = {Proceedings of the Computer Vision and Pattern Recognition Conference (CVPR)}, month = {June}, year = {2025}, pages = {25960-25970} }"
Kim_Derivative-Free_Diffusion_Manifold-Constrained_Gradient_for_Unified_XAI_CVPR_2025_paper,2025,1,Trustworthy_Security_Privacy,Trustworthy_Security_Privacy,5.0,0.4,Derivative-Free Diffusion Manifold-Constrained Gradient for Unified XAI,Won Jun Kim; Hyungjin Chung; Jaemin Kim; Sangmin Lee; Byeongsu Sim; Jong Chul Ye,6,23795-23805,True,https://openaccess.thecvf.com/content/CVPR2025/papers/Kim_Derivative-Free_Diffusion_Manifold-Constrained_Gradient_for_Unified_XAI_CVPR_2025_paper.pdf,https://openaccess.thecvf.com/content/CVPR2025/supplemental/Kim_Derivative-Free_Diffusion_Manifold-Constrained_CVPR_2025_supplemental.pdf,https://openaccess.thecvf.com/content/CVPR2025/html/Kim_Derivative-Free_Diffusion_Manifold-Constrained_Gradient_for_Unified_XAI_CVPR_2025_paper.html,"Gradient-based methods are a prototypical family of ""explainability for AI"" (XAI) techniques, especially for image-based models. However, they (1) require white-box access to models, (2) are vulnerable to adversarial attacks, and (3) produce attributions that lie off the image manifold, leading to explanations that are not amenable to human perception. To overcome these challenges, we introduce Derivative-Free Diffusion Manifold-Contrained Gradients (FreeMCG): by leveraging ensemble Kalman filters and diffusion models, we derive a derivative-free approximation of the model's gradient projected onto the data manifold, requiring access only to the model's outputs (i.e., black-box setting). We demonstrate the effectiveness of FreeMCG by applying it to both counterfactual generation and feature attribution, which have traditionally been treated as different tasks requiring distinct methods. Through comprehensive evaluation on both counterfactual explanation and feature attribution we show that our method yields state-of-the-art results for both tasks while preserving the essential properties expected of XAI tools. Code: https://github.com/one-june/FreeMCG.","@InProceedings{Kim_2025_CVPR, author = {Kim, Won Jun and Chung, Hyungjin and Kim, Jaemin and Lee, Sangmin and Sim, Byeongsu and Ye, Jong Chul}, title = {Derivative-Free Diffusion Manifold-Constrained Gradient for Unified XAI}, booktitle = {Proceedings of the Computer Vision and Pattern Recognition Conference (CVPR)}, month = {June}, year = {2025}, pages = {23795-23805} }"
Azam_Plug-and-Play_Interpretable_Responsible_Text-to-Image_Generation_via_Dual-Space_Multi-facet_Concept_Control_CVPR_2025_paper,2025,0,Diffusion_Generative,Diffusion_Generative|Trustworthy_Security_Privacy,21.0,0.524,Plug-and-Play Interpretable Responsible Text-to-Image Generation via Dual-Space Multi-facet Concept Control,Basim Azam; Naveed Akhtar,2,2976-2985,True,https://openaccess.thecvf.com/content/CVPR2025/papers/Azam_Plug-and-Play_Interpretable_Responsible_Text-to-Image_Generation_via_Dual-Space_Multi-facet_Concept_Control_CVPR_2025_paper.pdf,https://openaccess.thecvf.com/content/CVPR2025/supplemental/Azam_Plug-and-Play_Interpretable_Responsible_CVPR_2025_supplemental.pdf,https://openaccess.thecvf.com/content/CVPR2025/html/Azam_Plug-and-Play_Interpretable_Responsible_Text-to-Image_Generation_via_Dual-Space_Multi-facet_Concept_Control_CVPR_2025_paper.html,"Ethical issues around text-to-image (T2I) models demand a comprehensive control over the generative content. Existing techniques addressing these issues for responsible T2I models aim for the generated content to be fair and safe (non-violent/explicit). However, these methods remain bounded to handling the facets of responsibility concepts individually, while also lacking in interpretability. Moreover, they often require alteration to the original model, which compromises the model performance. In this work, we propose a unique technique to enable responsible T2I generation by simultaneously accounting for an extensive range of concepts for fair and safe content generation in a scalable manner. The key idea is to distill the target T2I pipeline with an external plug-and-play mechanism that learns an interpretable composite responsible space for the desired concepts, conditioned on the target T2I pipeline. We use knowledge distillation and concept whitening to enable this. At inference, the learned space is utilized to modulate the generative content. A typical T2I pipeline presents two plug-in points for our approach, namely; the text embedding space and the diffusion model latent space. We develop modules for both points and show the effectiveness of our approach with a range of strong results. Our code and models will be made public after paper acceptance.","@InProceedings{Azam_2025_CVPR, author = {Azam, Basim and Akhtar, Naveed}, title = {Plug-and-Play Interpretable Responsible Text-to-Image Generation via Dual-Space Multi-facet Concept Control}, booktitle = {Proceedings of the Computer Vision and Pattern Recognition Conference (CVPR)}, month = {June}, year = {2025}, pages = {2976-2985} }"
Caldarola_Beyond_Local_Sharpness_Communication-Efficient_Global_Sharpness-aware_Minimization_for_Federated_Learning_CVPR_2025_paper,2025,1,Trustworthy_Security_Privacy,Trustworthy_Security_Privacy,17.0,0.824,Beyond Local Sharpness: Communication-Efficient Global Sharpness-aware Minimization for Federated Learning,Debora Caldarola; Pietro Cagnasso; Barbara Caputo; Marco Ciccone,4,25187-25197,True,https://openaccess.thecvf.com/content/CVPR2025/papers/Caldarola_Beyond_Local_Sharpness_Communication-Efficient_Global_Sharpness-aware_Minimization_for_Federated_Learning_CVPR_2025_paper.pdf,https://openaccess.thecvf.com/content/CVPR2025/supplemental/Caldarola_Beyond_Local_Sharpness_CVPR_2025_supplemental.pdf,https://openaccess.thecvf.com/content/CVPR2025/html/Caldarola_Beyond_Local_Sharpness_Communication-Efficient_Global_Sharpness-aware_Minimization_for_Federated_Learning_CVPR_2025_paper.html,"Federated learning (FL) enables collaborative model training with privacy preservation. Data heterogeneity across edge devices (clients) can cause models to converge to sharp minima, negatively impacting generalization and robustness. Recent approaches use client-side sharpness-aware minimization (SAM) to encourage flatter minima, but the discrepancy between local and global loss landscapes often undermines their effectiveness, as optimizing for local sharpness does not ensure global flatness. This work introduces FedGloSS (Federated Global Server-side Sharpness), a novel FL approach that prioritizes the optimization of global sharpness on the server, using SAM. To reduce communication overhead, FedGloSS cleverly approximates sharpness using the previous global gradient, eliminating the need for additional client communication. Our extensive evaluations demonstrate that FedGloSS consistently reaches flatter minima and better performance compared to state-of-the-art FL methods across various federated vision benchmarks. Code available at https://github.com/pietrocagnasso/fedgloss.","@InProceedings{Caldarola_2025_CVPR, author = {Caldarola, Debora and Cagnasso, Pietro and Caputo, Barbara and Ciccone, Marco}, title = {Beyond Local Sharpness: Communication-Efficient Global Sharpness-aware Minimization for Federated Learning}, booktitle = {Proceedings of the Computer Vision and Pattern Recognition Conference (CVPR)}, month = {June}, year = {2025}, pages = {25187-25197} }"
Kim_Sufficient_Invariant_Learning_for_Distribution_Shift_CVPR_2025_paper,2025,1,Trustworthy_Security_Privacy,Trustworthy_Security_Privacy,4.0,1.0,Sufficient Invariant Learning for Distribution Shift,Taero Kim; Subeen Park; Sungjun Lim; Yonghan Jung; Krikamol Muandet; Kyungwoo Song,6,4958-4967,True,https://openaccess.thecvf.com/content/CVPR2025/papers/Kim_Sufficient_Invariant_Learning_for_Distribution_Shift_CVPR_2025_paper.pdf,https://openaccess.thecvf.com/content/CVPR2025/supplemental/Kim_Sufficient_Invariant_Learning_CVPR_2025_supplemental.pdf,https://openaccess.thecvf.com/content/CVPR2025/html/Kim_Sufficient_Invariant_Learning_for_Distribution_Shift_CVPR_2025_paper.html,"Learning robust models under distribution shifts between training and test datasets is a fundamental challenge in machine learning. While learning invariant features across environments is a popular approach, it often assumes that these features are fully observed in both training and test sets--a condition frequently violated in practice. When models rely on invariant features absent in the test set, their robustness in new environments can deteriorate. To tackle this problem, we introduce a novel learning principle called the Sufficient Invariant Learning (SIL) framework, which focuses on learning a sufficient subset of invariant features rather than relying on a single feature. After demonstrating the limitation of existing invariant learning methods, we propose a new algorithm, Adaptive Sharpness-aware Group Distributionally Robust Optimization (ASGDRO), to learn diverse invariant features by seeking common flat minima across the environments. We theoretically demonstrate that finding a common flat minima enables robust predictions based on diverse invariant features. Empirical evaluations on multiple datasets, including our new benchmark, confirm ASGDRO's robustness against distribution shifts, highlighting the limitations of existing methods.","@InProceedings{Kim_2025_CVPR, author = {Kim, Taero and Park, Subeen and Lim, Sungjun and Jung, Yonghan and Muandet, Krikamol and Song, Kyungwoo}, title = {Sufficient Invariant Learning for Distribution Shift}, booktitle = {Proceedings of the Computer Vision and Pattern Recognition Conference (CVPR)}, month = {June}, year = {2025}, pages = {4958-4967} }"
Chen_IterIS_Iterative_Inference-Solving_Alignment_for_LoRA_Merging_CVPR_2025_paper,2025,1,Trustworthy_Security_Privacy,Trustworthy_Security_Privacy,6.0,0.5,IterIS: Iterative Inference-Solving Alignment for LoRA Merging,Hongxu Chen; Zhen Wang; Runshi Li; Bowei Zhu; Long Chen,5,4829-4838,True,https://openaccess.thecvf.com/content/CVPR2025/papers/Chen_IterIS_Iterative_Inference-Solving_Alignment_for_LoRA_Merging_CVPR_2025_paper.pdf,https://openaccess.thecvf.com/content/CVPR2025/supplemental/Chen_IterIS_Iterative_Inference-Solving_CVPR_2025_supplemental.pdf,https://openaccess.thecvf.com/content/CVPR2025/html/Chen_IterIS_Iterative_Inference-Solving_Alignment_for_LoRA_Merging_CVPR_2025_paper.html,"Low-rank adaptations (LoRA) are widely used to fine-tune large models across various domains for specific downstream tasks. While task-specific LoRAs are often available, concerns about data privacy and intellectual property can restrict access to training data, limiting the acquisition of a multi-task model through gradient-based training. In response, LoRA merging presents an effective solution by combining multiple LoRAs into a unified adapter while maintaining data privacy. Prior works on LoRA merging primarily frame it as an optimization problem, yet these approaches face several limitations, including the rough assumption about input features utilized in optimization, massive sample requirements, and the unbalanced optimization objective. These limitations can significantly degrade performance. To address these, we propose a novel optimization-based method, named IterIS: 1) We formulate LoRA merging as an advanced optimization problem to mitigate the rough assumption. Additionally, we employ an iterative inference-solving framework in our algorithm. It can progressively refine the optimization objective for improved performance. 2) We introduce an efficient regularization term to reduce the need for massive sample requirements (requiring only 1-5% of the unlabeled samples compared to prior methods). 3) We utilize adaptive weights in the optimization objective to mitigate potential unbalances in LoRA merging process. Our method demonstrates significant improvements over multiple baselines and state-of-the-art methods in composing tasks for text-to-image diffusion, vision-language models, and large language models. Furthermore, our layer-wise algorithm can achieve convergence with minimal steps, ensuring efficiency in both memory and computation.","@InProceedings{Chen_2025_CVPR, author = {Chen, Hongxu and Wang, Zhen and Li, Runshi and Zhu, Bowei and Chen, Long}, title = {IterIS: Iterative Inference-Solving Alignment for LoRA Merging}, booktitle = {Proceedings of the Computer Vision and Pattern Recognition Conference (CVPR)}, month = {June}, year = {2025}, pages = {4829-4838} }"
Zhang_Subspace_Constraint_and_Contribution_Estimation_for_Heterogeneous_Federated_Learning_CVPR_2025_paper,2025,1,Trustworthy_Security_Privacy,Trustworthy_Security_Privacy,15.0,0.8,Subspace Constraint and Contribution Estimation for Heterogeneous Federated Learning,Xiangtao Zhang; Sheng Li; Ao Li; Yipeng Liu; Fan Zhang; Ce Zhu; Le Zhang,7,20632-20642,True,https://openaccess.thecvf.com/content/CVPR2025/papers/Zhang_Subspace_Constraint_and_Contribution_Estimation_for_Heterogeneous_Federated_Learning_CVPR_2025_paper.pdf,https://openaccess.thecvf.com/content/CVPR2025/supplemental/Zhang_Subspace_Constraint_and_CVPR_2025_supplemental.pdf,https://openaccess.thecvf.com/content/CVPR2025/html/Zhang_Subspace_Constraint_and_Contribution_Estimation_for_Heterogeneous_Federated_Learning_CVPR_2025_paper.html,"Heterogeneous Federated Learning (HFL) has received widespread attention due to its adaptability to different models and data. The HFL approach utilizing auxiliary models for knowledge transfer enhances flexibility. However, existing frameworks face the challenges of aggregation bias and local overfitting. To address these issues, we propose FedSCE. It reduces the degree of freedom of update and improves generalization performance by limiting the specific layer of local model update to the local subspace. The subspace is dynamically updated to ensure coverage of the latest model update trajectory. Additionally, FedSCE evaluates client contributions based on the update distance of the auxiliary model in feature space and parameter space, achieving adaptive weighted aggregation. We validate our approach in both feature-skewed and label-skewed scenarios, demonstrating that on Office10, our method exceeds the best baseline by 3.87%. The code will be available at https://github.com/AVC2-UESTC/FedSCE.git.","@InProceedings{Zhang_2025_CVPR, author = {Zhang, Xiangtao and Li, Sheng and Li, Ao and Liu, Yipeng and Zhang, Fan and Zhu, Ce and Zhang, Le}, title = {Subspace Constraint and Contribution Estimation for Heterogeneous Federated Learning}, booktitle = {Proceedings of the Computer Vision and Pattern Recognition Conference (CVPR)}, month = {June}, year = {2025}, pages = {20632-20642} }"
Yu_ComRoPE_Scalable_and_Robust_Rotary_Position_Embedding_Parameterized_by_Trainable_CVPR_2025_paper,2025,1,Trustworthy_Security_Privacy,Trustworthy_Security_Privacy,2.0,1.0,ComRoPE: Scalable and Robust Rotary Position Embedding Parameterized by Trainable Commuting Angle Matrices,Hao Yu; Tangyu Jiang; Shuning Jia; Shannan Yan; Shunning Liu; Haolong Qian; Guanghao Li; Shuting Dong; Chun Yuan,9,4508-4517,True,https://openaccess.thecvf.com/content/CVPR2025/papers/Yu_ComRoPE_Scalable_and_Robust_Rotary_Position_Embedding_Parameterized_by_Trainable_CVPR_2025_paper.pdf,https://openaccess.thecvf.com/content/CVPR2025/supplemental/Yu_ComRoPE_Scalable_and_CVPR_2025_supplemental.pdf,https://openaccess.thecvf.com/content/CVPR2025/html/Yu_ComRoPE_Scalable_and_Robust_Rotary_Position_Embedding_Parameterized_by_Trainable_CVPR_2025_paper.html,"The Transformer architecture has revolutionized various fields since it was proposed, where positional encoding plays an essential role in effectively capturing sequential order and context. Therefore, Rotary Positional Encoding (RoPE) was proposed to alleviate these issues, which integrates positional information by rotating the embeddings in the attention mechanism. However, RoPE utilizes manually defined rotation matrices, a design choice that favors computational efficiency but limits the model's flexibility and adaptability. In this work, we propose ComRoPE, which generalizes RoPE by defining it in terms of trainable commuting angle matrices. Specifically, we demonstrate that pairwise commutativity of these matrices is essential for RoPE to achieve scalability and positional robustness. We formally define the RoPE Equation, which is an essential condition that ensures consistent performance with position offsets. Based on the theoretical analysis, we present two types of trainable commuting angle matrices as sufficient solutions to the RoPE equation, which significantly improve performance, surpassing the current state-of-the-art method by 1.6% at training resolution and 2.9% at higher resolution on the ImageNet-1K dataset. Furthermore, our framework shows versatility in generalizing to existing RoPE formulations and offering new insights for future positional encoding research. To ensure reproducibility, the source code and instructions are available at https://github.com/Longin-Yu/ComRoPE","@InProceedings{Yu_2025_CVPR, author = {Yu, Hao and Jiang, Tangyu and Jia, Shuning and Yan, Shannan and Liu, Shunning and Qian, Haolong and Li, Guanghao and Dong, Shuting and Yuan, Chun}, title = {ComRoPE: Scalable and Robust Rotary Position Embedding Parameterized by Trainable Commuting Angle Matrices}, booktitle = {Proceedings of the Computer Vision and Pattern Recognition Conference (CVPR)}, month = {June}, year = {2025}, pages = {4508-4517} }"
Shen_HUNet_Homotopy_Unfolding_Network_for_Image_Compressive_Sensing_CVPR_2025_paper,2025,1,Trustworthy_Security_Privacy,Trustworthy_Security_Privacy,4.0,0.25,HUNet: Homotopy Unfolding Network for Image Compressive Sensing,Feiyang Shen; Hongping Gan,2,12799-12808,True,https://openaccess.thecvf.com/content/CVPR2025/papers/Shen_HUNet_Homotopy_Unfolding_Network_for_Image_Compressive_Sensing_CVPR_2025_paper.pdf,https://openaccess.thecvf.com/content/CVPR2025/supplemental/Shen_HUNet_Homotopy_Unfolding_CVPR_2025_supplemental.pdf,https://openaccess.thecvf.com/content/CVPR2025/html/Shen_HUNet_Homotopy_Unfolding_Network_for_Image_Compressive_Sensing_CVPR_2025_paper.html,"Deep Unfolding Networks (DUNs) have risen to prominence due to their interpretability and superior performance for image Compressive Sensing (CS). However, existing DUNs still face significant issues, such as the insufficient representation capability of single-scale image information during the iterative reconstruction phase and loss of feature information, which fundamentally limit the further enhancement of image CS performance. In this paper, we propose Homotopy Unfolding Network (HUNet) for image CS, which enables phase-by-phase reconstruction of images along homotopy path. Specifically, each iteration step of the traditional homotopy algorithm is mapped to a Multi-scale Homotopy Iterative Module (MHIM), which includes U-shaped stacked window-based Transformer blocks capable of efficient feature extraction. Within the MHIM, we design the deep homotopy continuation strategy to ensure the interpretability of the homotopy algorithm and facilitate feature learning. Additionally, we introduce a dual-path feature fusion module to mitigate the loss of high-dimensional feature information during the transmission between iterative phases, thereby maximizing the preservation of details in the reconstructed image. Extensive experiments indicate that HUNet achieves superior image reconstruction results compared to existing state-of-the-art methods. The source code is available at https://github.com/ICSResearch/HUNet.","@InProceedings{Shen_2025_CVPR, author = {Shen, Feiyang and Gan, Hongping}, title = {HUNet: Homotopy Unfolding Network for Image Compressive Sensing}, booktitle = {Proceedings of the Computer Vision and Pattern Recognition Conference (CVPR)}, month = {June}, year = {2025}, pages = {12799-12808} }"
Kitazawa_PS-EIP_Robust_Photometric_Stereo_Based_on_Event_Interval_Profile_CVPR_2025_paper,2025,1,Trustworthy_Security_Privacy,Trustworthy_Security_Privacy,4.0,0.75,PS-EIP: Robust Photometric Stereo Based on Event Interval Profile,Kazuma Kitazawa; Takahito Aoto; Satoshi Ikehata; Tsuyoshi Takatani,4,6241-6251,True,https://openaccess.thecvf.com/content/CVPR2025/papers/Kitazawa_PS-EIP_Robust_Photometric_Stereo_Based_on_Event_Interval_Profile_CVPR_2025_paper.pdf,https://openaccess.thecvf.com/content/CVPR2025/supplemental/Kitazawa_PS-EIP_Robust_Photometric_CVPR_2025_supplemental.zip,https://openaccess.thecvf.com/content/CVPR2025/html/Kitazawa_PS-EIP_Robust_Photometric_Stereo_Based_on_Event_Interval_Profile_CVPR_2025_paper.html,"Recently, the energy-efficient photometric stereo method using an event camera has been proposed to recover surface normals from events triggered by changes in logarithmic Lambertian reflections under a moving directional light source. However, EventPS treats each event interval independently, making it sensitive to noise, shadows, and non-Lambertian reflections. This paper proposes Photometric Stereo based on Event Interval Profile (PS-EIP), a robust method that recovers pixelwise surface normals from a time-series profile of event intervals. By exploiting the continuity of the profile and introducing an outlier detection method based on profile shape, our approach enhances robustness against outliers from shadows and specular reflections. Experiments using real event data from 3D-printed objects demonstrate that PS-EIP significantly improves robustness to outliers compared to EventPS's deep-learning variant, EventPS-FCN, without relying on deep learning.","@InProceedings{Kitazawa_2025_CVPR, author = {Kitazawa, Kazuma and Aoto, Takahito and Ikehata, Satoshi and Takatani, Tsuyoshi}, title = {PS-EIP: Robust Photometric Stereo Based on Event Interval Profile}, booktitle = {Proceedings of the Computer Vision and Pattern Recognition Conference (CVPR)}, month = {June}, year = {2025}, pages = {6241-6251} }"
Guo_Boosting_Adversarial_Transferability_through_Augmentation_in_Hypothesis_Space_CVPR_2025_paper,2025,1,Trustworthy_Security_Privacy,Trustworthy_Security_Privacy,9.0,0.667,Boosting Adversarial Transferability through Augmentation in Hypothesis Space,Yu Guo; Weiquan Liu; Qingshan Xu; Shijun Zheng; Shujun Huang; Yu Zang; Siqi Shen; Chenglu Wen; Cheng Wang,9,19175-19185,True,https://openaccess.thecvf.com/content/CVPR2025/papers/Guo_Boosting_Adversarial_Transferability_through_Augmentation_in_Hypothesis_Space_CVPR_2025_paper.pdf,https://openaccess.thecvf.com/content/CVPR2025/supplemental/Guo_Boosting_Adversarial_Transferability_CVPR_2025_supplemental.zip,https://openaccess.thecvf.com/content/CVPR2025/html/Guo_Boosting_Adversarial_Transferability_through_Augmentation_in_Hypothesis_Space_CVPR_2025_paper.html,"Adversarial examples can mislead deep neural networks with subtle perturbations, causing them to make incorrect predictions. Notably, adversarial examples crafted for one model can also deceive other models, a phenomenon known as the transferability of adversarial examples. To improve transferability, existing studies have designed increasingly complex mechanisms, but the improvements achieved remain relatively limited and are often difficult to adapt to other modalities, further restricting the scalability of these methods. In this work, we observe a mirroring relationship between model generalization and adversarial example transferability. Motivated by this observation, we propose an augmentation-based attack, called OPS (Operator-Perturbation-based Stochastic optimization), which constructs a stochastic optimization problem by input transformation operators and random perturbations, and solves this problem to generate adversarial examples with better transferability. Extensive experiments on both images and 3D point clouds demonstrate that OPS significantly outperforms existing state-of-the-art methods in terms of both performance and cost, showcasing the universality and superiority of our approach. The code is available at https://github.com/the-full/OPS.","@InProceedings{Guo_2025_CVPR, author = {Guo, Yu and Liu, Weiquan and Xu, Qingshan and Zheng, Shijun and Huang, Shujun and Zang, Yu and Shen, Siqi and Wen, Chenglu and Wang, Cheng}, title = {Boosting Adversarial Transferability through Augmentation in Hypothesis Space}, booktitle = {Proceedings of the Computer Vision and Pattern Recognition Conference (CVPR)}, month = {June}, year = {2025}, pages = {19175-19185} }"
Mittal_UniPhy_Learning_a_Unified_Constitutive_Model_for_Inverse_Physics_Simulation_CVPR_2025_paper,2025,1,Trustworthy_Security_Privacy,Trustworthy_Security_Privacy,2.0,1.0,UniPhy: Learning a Unified Constitutive Model for Inverse Physics Simulation,Himangi Mittal; Peiye Zhuang; Hsin-Ying Lee; Shubham Tulsiani,4,16208-16218,True,https://openaccess.thecvf.com/content/CVPR2025/papers/Mittal_UniPhy_Learning_a_Unified_Constitutive_Model_for_Inverse_Physics_Simulation_CVPR_2025_paper.pdf,https://openaccess.thecvf.com/content/CVPR2025/supplemental/Mittal_UniPhy_Learning_a_CVPR_2025_supplemental.pdf,https://openaccess.thecvf.com/content/CVPR2025/html/Mittal_UniPhy_Learning_a_Unified_Constitutive_Model_for_Inverse_Physics_Simulation_CVPR_2025_paper.html,"We propose UniPhy, a common latent-conditioned neural constitutive model that can encode the physical properties of diverse materials. At inference UniPhy allows `inverse simulation' i.e. inferring material properties by optimizing the scene-specific latent to match the available observations via differentiable simulation. In contrast to existing methods that treat such inference as system identification, UniPhy does not rely on user-specified material information. Compared to prior neural constitutive modeling approaches which learn instance specific networks, the shared training across materials improves both, robustness and accuracy of the estimates. We train UniPhy using simulated trajectories across diverse geometries and materials -- elastic, plasticine, sand, and fluids (Newtonian & non-Newtonian). At inference, given an object with unknown material properties, UniPhy can infer the material properties via latent optimization to match the motion observations, and can then allow re-simulating the object under diverse scenarios. We compare UniPhy against prior inverse simulation methods, and show that the inference from UniPhy enables more accurate replay and re-simulation under novel conditions.","@InProceedings{Mittal_2025_CVPR, author = {Mittal, Himangi and Zhuang, Peiye and Lee, Hsin-Ying and Tulsiani, Shubham}, title = {UniPhy: Learning a Unified Constitutive Model for Inverse Physics Simulation}, booktitle = {Proceedings of the Computer Vision and Pattern Recognition Conference (CVPR)}, month = {June}, year = {2025}, pages = {16208-16218} }"
Wang_Steering_Away_from_Harm_An_Adaptive_Approach_to_Defending_Vision_CVPR_2025_paper,2025,1,Trustworthy_Security_Privacy,Trustworthy_Security_Privacy|Vision_Language_Multimodal,18.0,0.0,Steering Away from Harm: An Adaptive Approach to Defending Vision Language Model Against Jailbreaks,Han Wang; Gang Wang; Huan Zhang,3,29947-29957,True,https://openaccess.thecvf.com/content/CVPR2025/papers/Wang_Steering_Away_from_Harm_An_Adaptive_Approach_to_Defending_Vision_CVPR_2025_paper.pdf,https://openaccess.thecvf.com/content/CVPR2025/supplemental/Wang_Steering_Away_from_CVPR_2025_supplemental.pdf,https://openaccess.thecvf.com/content/CVPR2025/html/Wang_Steering_Away_from_Harm_An_Adaptive_Approach_to_Defending_Vision_CVPR_2025_paper.html,"Vision Language Models (VLMs) can produce unintended and harmful content when exposed to adversarial attacks, particularly because their vision capabilities create new vulnerabilities. Existing defenses, such as input preprocessing, adversarial training, and response evaluation-based methods, are often impractical for real-world deployment due to their high costs. To address this challenge, we propose ASTRA, an efficient and effective defense by adaptively steering models away from adversarial feature directions to resist VLM attacks. Our key procedures involve finding transferable steering vectors representing the direction of harmful response and applying adaptive activation steering to remove these directions at inference time. To create effective steering vectors, we randomly ablate the visual tokens from the adversarial images and identify those most strongly associated with jailbreaks. These tokens are then used to construct steering vectors. During inference, we perform the adaptive steering method that involves the projection between the steering vectors and calibrated activation, resulting in little performance drops on benign inputs while strongly avoiding harmful outputs under adversarial inputs. Extensive experiments across multiple models and baselines demonstrate our state-of-the-art performance and high efficiency in mitigating jailbreak risks. Additionally, ASTRA exhibits good transferability, defending against unseen attacks (i.e., structured-based attack, perturbation-based attack with project gradient descent variants, and text-only attack).","@InProceedings{Wang_2025_CVPR, author = {Wang, Han and Wang, Gang and Zhang, Huan}, title = {Steering Away from Harm: An Adaptive Approach to Defending Vision Language Model Against Jailbreaks}, booktitle = {Proceedings of the Computer Vision and Pattern Recognition Conference (CVPR)}, month = {June}, year = {2025}, pages = {29947-29957} }"
Yuan_BadToken_Token-level_Backdoor_Attacks_to_Multi-modal_Large_Language_Models_CVPR_2025_paper,2025,0,LLM_Reasoning_Agent,LLM_Reasoning_Agent|Trustworthy_Security_Privacy|Vision_Language_Multimodal,24.0,0.25,BadToken: Token-level Backdoor Attacks to Multi-modal Large Language Models,Zenghui Yuan; Jiawen Shi; Pan Zhou; Neil Zhenqiang Gong; Lichao Sun,5,29927-29936,True,https://openaccess.thecvf.com/content/CVPR2025/papers/Yuan_BadToken_Token-level_Backdoor_Attacks_to_Multi-modal_Large_Language_Models_CVPR_2025_paper.pdf,https://openaccess.thecvf.com/content/CVPR2025/supplemental/Yuan_BadToken_Token-level_Backdoor_CVPR_2025_supplemental.pdf,https://openaccess.thecvf.com/content/CVPR2025/html/Yuan_BadToken_Token-level_Backdoor_Attacks_to_Multi-modal_Large_Language_Models_CVPR_2025_paper.html,"Multi-modal large language models (MLLMs) extend large language models (LLMs) to process multi-modal information, enabling them to generate responses to image-text inputs. MLLMs have been incorporated into diverse multi-modal applications, such as autonomous driving and medical diagnosis, via plug-and-play without fine-tuning. This deployment paradigm increases the vulnerability of MLLMs to backdoor attacks. However, existing backdoor attacks against MLLMs achieve limited effectiveness and stealthiness. In this work, we propose BadToken, the first token-level backdoor attack to MLLMs. BadToken introduces two novel backdoor behaviors: Token-substitution and Token-addition, which enable flexible and stealthy attacks by making token-level modifications to the original output for backdoored inputs. We formulate a general optimization problem that considers the two backdoor behaviors to maximize the attack effectiveness. We evaluate BadToken on two open-source MLLMs and various tasks. Our results show that our attack maintains the model's utility while achieving high attack success rates and stealthiness. We also show the real-world threats of BadToken in two scenarios, i.e., autonomous driving and medical diagnosis. Furthermore, we consider defenses including fine-tuning and input purification. Our results highlight the threat of our attack.","@InProceedings{Yuan_2025_CVPR, author = {Yuan, Zenghui and Shi, Jiawen and Zhou, Pan and Gong, Neil Zhenqiang and Sun, Lichao}, title = {BadToken: Token-level Backdoor Attacks to Multi-modal Large Language Models}, booktitle = {Proceedings of the Computer Vision and Pattern Recognition Conference (CVPR)}, month = {June}, year = {2025}, pages = {29927-29936} }"
Chen_Explainable_Saliency_Articulating_Reasoning_with_Contextual_Prioritization_CVPR_2025_paper,2025,0,Segmentation,Segmentation|Trustworthy_Security_Privacy,18.0,0.278,Explainable Saliency: Articulating Reasoning with Contextual Prioritization,Nuo Chen; Ming Jiang; Qi Zhao,3,9601-9610,True,https://openaccess.thecvf.com/content/CVPR2025/papers/Chen_Explainable_Saliency_Articulating_Reasoning_with_Contextual_Prioritization_CVPR_2025_paper.pdf,https://openaccess.thecvf.com/content/CVPR2025/supplemental/Chen_Explainable_Saliency_Articulating_CVPR_2025_supplemental.pdf,https://openaccess.thecvf.com/content/CVPR2025/html/Chen_Explainable_Saliency_Articulating_Reasoning_with_Contextual_Prioritization_CVPR_2025_paper.html,"Deep saliency models, which predict what parts of an image capture our attention, are often like black boxes. This limits their use, especially in areas where understanding why a model makes a decision is crucial. Our research tackles this challenge by developing an explainable saliency (XSal) model that not only identifies what is important in an image, but also explains its choices in a way that makes sense to humans. We achieve this by using vision-language models to reason about images and by focusing the model's attention on the most crucial information using a contextual prioritization mechanism. Unlike prior approaches that rely on fixation descriptions or soft-attention based semantic aggregation, our method directly models the reasoning steps involved in saliency prediction, generating selectively prioritized explanations clarify why specific regions are prioritized. Comprehensive evaluations demonstrate the effectiveness of our model in generating high-quality saliency maps and coherent, contextually relevant explanations. This research is a step towards more transparent and trustworthy AI systems that can help us understand and navigate the world around us.","@InProceedings{Chen_2025_CVPR, author = {Chen, Nuo and Jiang, Ming and Zhao, Qi}, title = {Explainable Saliency: Articulating Reasoning with Contextual Prioritization}, booktitle = {Proceedings of the Computer Vision and Pattern Recognition Conference (CVPR)}, month = {June}, year = {2025}, pages = {9601-9610} }"
Lin_Uncertainty_Weighted_Gradients_for_Model_Calibration_CVPR_2025_paper,2025,1,Trustworthy_Security_Privacy,Trustworthy_Security_Privacy,12.0,1.0,Uncertainty Weighted Gradients for Model Calibration,Jinxu Lin; Linwei Tao; Minjing Dong; Chang Xu,4,15497-15507,True,https://openaccess.thecvf.com/content/CVPR2025/papers/Lin_Uncertainty_Weighted_Gradients_for_Model_Calibration_CVPR_2025_paper.pdf,https://openaccess.thecvf.com/content/CVPR2025/supplemental/Lin_Uncertainty_Weighted_Gradients_CVPR_2025_supplemental.pdf,https://openaccess.thecvf.com/content/CVPR2025/html/Lin_Uncertainty_Weighted_Gradients_for_Model_Calibration_CVPR_2025_paper.html,"Model calibration is essential for ensuring that the predictions of deep neural networks accurately reflect true probabilities in real-world classification tasks. However, deep networks often produce over-confident or under-confident predictions, leading to miscalibration. Various methods have been proposed to address this issue by designing effective loss functions for calibration, such as focal loss. In this paper, we analyze its effectiveness and provide a unified loss framework of focal loss and its variants, where we mainly attribute their superiority in model calibration to the loss weighting factor that estimates sample-wise uncertainty. Based on our analysis, existing loss functions fail to achieve optimal calibration performance due to two main issues: including misalignment during optimization and insufficient precision in uncertainty estimation. Specifically, focal loss cannot align sample uncertainty with gradient scaling and the single logit cannot indicate the uncertainty. To address these issues, we reformulate the optimization from the perspective of gradients, which focuses on uncertain samples. Meanwhile, we propose using the Brier Score as the loss weight factor, which provides a more accurate uncertainty estimation via all the logits. Extensive experiments on various models and datasets demonstrate that our method achieves state-of-the-art (SOTA) performance.","@InProceedings{Lin_2025_CVPR, author = {Lin, Jinxu and Tao, Linwei and Dong, Minjing and Xu, Chang}, title = {Uncertainty Weighted Gradients for Model Calibration}, booktitle = {Proceedings of the Computer Vision and Pattern Recognition Conference (CVPR)}, month = {June}, year = {2025}, pages = {15497-15507} }"
Zhong_Unlearning_through_Knowledge_Overwriting_Reversible_Federated_Unlearning_via_Selective_Sparse_CVPR_2025_paper,2025,1,Trustworthy_Security_Privacy,Trustworthy_Security_Privacy,9.0,0.667,Unlearning through Knowledge Overwriting: Reversible Federated Unlearning via Selective Sparse Adapter,Zhengyi Zhong; Weidong Bao; Ji Wang; Shuai Zhang; Jingxuan Zhou; Lingjuan Lyu; Wei Yang Bryan Lim,7,30661-30670,True,https://openaccess.thecvf.com/content/CVPR2025/papers/Zhong_Unlearning_through_Knowledge_Overwriting_Reversible_Federated_Unlearning_via_Selective_Sparse_CVPR_2025_paper.pdf,,https://openaccess.thecvf.com/content/CVPR2025/html/Zhong_Unlearning_through_Knowledge_Overwriting_Reversible_Federated_Unlearning_via_Selective_Sparse_CVPR_2025_paper.html,"Federated Learning is a promising paradigm for privacy-preserving collaborative model training. In practice, it is essential not only to continuously train the model to acquire new knowledge but also to guarantee old knowledge the right to be forgotten (i.e., federated unlearning), especially for privacy-sensitive information or harmful knowledge. However, current federated unlearning methods face several challenges, including indiscriminate unlearning of cross-client knowledge, irreversibility of unlearning, and significant unlearning costs. To this end, we propose a method named FUSED, which first identifies critical layers by analyzing each layer's sensitivity to knowledge and constructs sparse unlearning adapters for sensitive ones. Then, the adapters are trained without altering the original parameters, overwriting the unlearning knowledge with the remaining knowledge. This knowledge overwriting process enables FUSED to mitigate the effects of indiscriminate unlearning. Moreover, the introduction of independent adapters makes unlearning reversible and significantly reduces the unlearning costs. Finally, extensive experiments on five datasets across three unlearning scenarios demonstrate that FUSED's effectiveness is comparable to Retraining, surpassing all other baselines while greatly reducing unlearning costs.","@InProceedings{Zhong_2025_CVPR, author = {Zhong, Zhengyi and Bao, Weidong and Wang, Ji and Zhang, Shuai and Zhou, Jingxuan and Lyu, Lingjuan and Lim, Wei Yang Bryan}, title = {Unlearning through Knowledge Overwriting: Reversible Federated Unlearning via Selective Sparse Adapter}, booktitle = {Proceedings of the Computer Vision and Pattern Recognition Conference (CVPR)}, month = {June}, year = {2025}, pages = {30661-30670} }"
Raswa_HistoFS_Non-IID_Histopathologic_Whole_Slide_Image_Classification_via_Federated_Style_CVPR_2025_paper,2025,0,Medical_Bio_RemoteSensing,Medical_Bio_RemoteSensing|Recognition_Classification|Trustworthy_Security_Privacy,17.0,0.471,HistoFS: Non-IID Histopathologic Whole Slide Image Classification via Federated Style Transfer with RoI-Preserving,Farchan Hakim Raswa; Chun-Shien Lu; Jia-Ching Wang,3,30251-30260,True,https://openaccess.thecvf.com/content/CVPR2025/papers/Raswa_HistoFS_Non-IID_Histopathologic_Whole_Slide_Image_Classification_via_Federated_Style_CVPR_2025_paper.pdf,https://openaccess.thecvf.com/content/CVPR2025/supplemental/Raswa_HistoFS_Non-IID_Histopathologic_CVPR_2025_supplemental.pdf,https://openaccess.thecvf.com/content/CVPR2025/html/Raswa_HistoFS_Non-IID_Histopathologic_Whole_Slide_Image_Classification_via_Federated_Style_CVPR_2025_paper.html,"Federated learning for pathological whole slide image (WSI) classification allows multiple clients to train a global multiple instance learning (MIL) model without sharing their privacy-sensitive WSIs. To accommodate the non-independent and identically distributed (non-i.i.d.) feature shifts, cross-client style transfer has been popularly used but is subject to two fundamental issues: (1) WSI contains multiple morphological structures, each corresponding to a distinct style. (2) Performing style transfer may potentially shift the region of interests (RoIs) in the augmented WSIs. To address these challenges, we propose HistoFS, a federated learning framework for computational pathology on non-i.i.d. feature shifts in WSI classification. Specifically, we introduce pseudo bag styles that capture multiple style variations within a single WSI. In addition, an authenticity module is introduced to ensure that RoIs are preserved, allowing local models to learn WSIs with diverse styles while maintaining essential RoIs. Extensive experiments validate the superiority of HistoFS over state-of-the-art methods on three clinical datasets. Our code is available at https://lalakitchen.github.io/HistoFS/.","@InProceedings{Raswa_2025_CVPR, author = {Raswa, Farchan Hakim and Lu, Chun-Shien and Wang, Jia-Ching}, title = {HistoFS: Non-IID Histopathologic Whole Slide Image Classification via Federated Style Transfer with RoI-Preserving}, booktitle = {Proceedings of the Computer Vision and Pattern Recognition Conference (CVPR)}, month = {June}, year = {2025}, pages = {30251-30260} }"
Ni_Balancing_Two_Classifiers_via_A_Simplex_ETF_Structure_for_Model_CVPR_2025_paper,2025,1,Trustworthy_Security_Privacy,Trustworthy_Security_Privacy,14.0,0.786,Balancing Two Classifiers via A Simplex ETF Structure for Model Calibration,Jiani Ni; He Zhao; Jintong Gao; Dandan Guo; Hongyuan Zha,5,30712-30721,True,https://openaccess.thecvf.com/content/CVPR2025/papers/Ni_Balancing_Two_Classifiers_via_A_Simplex_ETF_Structure_for_Model_CVPR_2025_paper.pdf,https://openaccess.thecvf.com/content/CVPR2025/supplemental/Ni_Balancing_Two_Classifiers_CVPR_2025_supplemental.pdf,https://openaccess.thecvf.com/content/CVPR2025/html/Ni_Balancing_Two_Classifiers_via_A_Simplex_ETF_Structure_for_Model_CVPR_2025_paper.html,"In recent years, deep neural networks (DNNs) have demonstrated state-of-the-art performance across various domains. However, despite their success, they often face calibration issues, particularly in safety-critical applications such as autonomous driving and healthcare, where unreliable predictions can have serious consequences. Recent research starts to improve model calibration from the view of classifier. However, the explore about designing the classifier to solve the model calibration problem is insufficient. Let alone most of existing methods ignore the calibration errors arising from underconfidence. In this work, we propose a novel method by Balancing learnable and ETF classifiers to solve the overconfidence or underconfidence problem for model Calibration named BalCAL. By introducing a confidence-tunable module and a dynamic adjustment method, we ensure better alignment between model confidence and its true accuracy. Extensive experimental validation shows that ours significantly improves model calibration performance while maintaining high predictive accuracy, outperforming existing techniques. This provides a novel solution to the calibration challenges commonly encountered in deep learning. Our code is available at https://github.com/JianiNi/BalCAL.","@InProceedings{Ni_2025_CVPR, author = {Ni, Jiani and Zhao, He and Gao, Jintong and Guo, Dandan and Zha, Hongyuan}, title = {Balancing Two Classifiers via A Simplex ETF Structure for Model Calibration}, booktitle = {Proceedings of the Computer Vision and Pattern Recognition Conference (CVPR)}, month = {June}, year = {2025}, pages = {30712-30721} }"
Pietrantoni_Gaussian_Splatting_Feature_Fields_for_Privacy-Preserving_Visual_Localization_CVPR_2025_paper,2025,0,LowLevel_Flow_Depth_Matching,LowLevel_Flow_Depth_Matching|Neural_Rendering_NeRF_3DGS|Trustworthy_Security_Privacy,18.0,0.0,Gaussian Splatting Feature Fields for (Privacy-Preserving) Visual Localization,Maxime Pietrantoni; Gabriela Csurka; Torsten Sattler,3,1082-1092,True,https://openaccess.thecvf.com/content/CVPR2025/papers/Pietrantoni_Gaussian_Splatting_Feature_Fields_for_Privacy-Preserving_Visual_Localization_CVPR_2025_paper.pdf,https://openaccess.thecvf.com/content/CVPR2025/supplemental/Pietrantoni_Gaussian_Splatting_Feature_CVPR_2025_supplemental.zip,https://openaccess.thecvf.com/content/CVPR2025/html/Pietrantoni_Gaussian_Splatting_Feature_Fields_for_Privacy-Preserving_Visual_Localization_CVPR_2025_paper.html,"Visual localization is the task of estimating a camera pose in a known environment. In this paper, we utilize 3D Gaussian Splatting (3DGS)-based representations for accurate and privacy-preserving visual localization. We propose Gaussian Splatting Feature Fields (GSFFs), a scene representation for visual localization that combines an explicit geometry model (3DGS) with an implicit feature field. We leverage the dense geometric information and differentiable rasterization algorithm from 3DGS to learn robust feature representations grounded in 3D. In particular, we align a 3D scale-aware feature field and a 2D feature encoder in a common embedding space through a contrastive framework. Using a 3D structure-informed clustering procedure, we further regularize the representation learning and seamlessly convert the features to segmentations, which can be used for privacy-preserving visual localization. Pose refinement, which involves aligning either feature maps or segmentations from a query image with those rendered from the GSFFs scene representation, is used to achieve localization. The resulting privacy- and non-privacy-preserving localization pipelines, evaluated on multiple real-world datasets, show state-of-the-art performances.","@InProceedings{Pietrantoni_2025_CVPR, author = {Pietrantoni, Maxime and Csurka, Gabriela and Sattler, Torsten}, title = {Gaussian Splatting Feature Fields for (Privacy-Preserving) Visual Localization}, booktitle = {Proceedings of the Computer Vision and Pattern Recognition Conference (CVPR)}, month = {June}, year = {2025}, pages = {1082-1092} }"
Du_RCP-Bench_Benchmarking_Robustness_for_Collaborative_Perception_Under_Diverse_Corruptions_CVPR_2025_paper,2025,1,Trustworthy_Security_Privacy,Trustworthy_Security_Privacy,12.0,0.917,RCP-Bench: Benchmarking Robustness for Collaborative Perception Under Diverse Corruptions,Shihang Du; Sanqing Qu; Tianhang Wang; Xudong Zhang; Yunwei Zhu; Jian Mao; Fan Lu; Qiao Lin; Guang Chen,9,11908-11918,True,https://openaccess.thecvf.com/content/CVPR2025/papers/Du_RCP-Bench_Benchmarking_Robustness_for_Collaborative_Perception_Under_Diverse_Corruptions_CVPR_2025_paper.pdf,https://openaccess.thecvf.com/content/CVPR2025/supplemental/Du_RCP-Bench_Benchmarking_Robustness_CVPR_2025_supplemental.pdf,https://openaccess.thecvf.com/content/CVPR2025/html/Du_RCP-Bench_Benchmarking_Robustness_for_Collaborative_Perception_Under_Diverse_Corruptions_CVPR_2025_paper.html,"Collaborative perception enhances single-vehicle perception by integrating sensory data from multiple connected vehicles. However, existing studies often assume ideal conditions, overlooking resilience to real-world challenges such as adverse weather and sensor malfunctions, which is critical for safe deployment. To address this gap, we introduce RCP-Bench, the first comprehensive benchmark designed to evaluate the robustness of collaborative detection models under a wide range of real-world corruptions. RCP-Bench includes three new datasets (i.e., OPV2V-C, V2XSet-C, and DAIR-V2X-C) that simulate six collaborative cases and 14 types of camera corruption resulting from external environmental factors, sensor failures, and temporal misalignments. Extensive experiments on 10 leading collaborative perception models reveal that, while these models perform well under ideal conditions, they are significantly affected by corruptions. To improve robustness, we propose two simple yet effective strategies, RCP-Drop and RCP-Mix, based on training regularization and feature augmentation. Additionally, we identify several critical factors influencing robustness, such as backbone architecture, camera number, feature fusion methods, and the number of connected vehicles. We hope that RCP-Bench, along with these strategies and insights, will stimulate future research toward developing more robust collaborative perception models. Our benchmark toolkit is available at https://github.com/LuckyDush/RCP-Bench.","@InProceedings{Du_2025_CVPR, author = {Du, Shihang and Qu, Sanqing and Wang, Tianhang and Zhang, Xudong and Zhu, Yunwei and Mao, Jian and Lu, Fan and Lin, Qiao and Chen, Guang}, title = {RCP-Bench: Benchmarking Robustness for Collaborative Perception Under Diverse Corruptions}, booktitle = {Proceedings of the Computer Vision and Pattern Recognition Conference (CVPR)}, month = {June}, year = {2025}, pages = {11908-11918} }"
Smeu_Circumventing_Shortcuts_in_Audio-visual_Deepfake_Detection_Datasets_with_Unsupervised_Learning_CVPR_2025_paper,2025,1,Trustworthy_Security_Privacy,Trustworthy_Security_Privacy|Audio_Visual|SelfSupervised_Representation,22.0,0.045,Circumventing Shortcuts in Audio-visual Deepfake Detection Datasets with Unsupervised Learning,Stefan Smeu; Dragos-Alexandru Boldisor; Dan Oneata; Elisabeta Oneata,4,18815-18825,True,https://openaccess.thecvf.com/content/CVPR2025/papers/Smeu_Circumventing_Shortcuts_in_Audio-visual_Deepfake_Detection_Datasets_with_Unsupervised_Learning_CVPR_2025_paper.pdf,,https://openaccess.thecvf.com/content/CVPR2025/html/Smeu_Circumventing_Shortcuts_in_Audio-visual_Deepfake_Detection_Datasets_with_Unsupervised_Learning_CVPR_2025_paper.html,"Good datasets are essential for developing and benchmarking any machine learning system. Their importance is even more extreme for safety critical applications such as deepfake detection - the focus of this paper. Here we reveal that two of the most widely used audio-video deepfake datasets suffer from a previously unidentified spurious feature: the leading silence. Fake videos start with a very brief moment of silence and, on the basis of this feature alone, we can separate the real and fake samples almost perfectly. As such, previous audio-only and audio-video models exploit the presence of silence in the fake videos and consequently perform worse when the leading silence is removed. To circumvent latching on such an unwanted artifact and possibly other unrevealed ones, we propose a shift from supervised to unsupervised learning by training models exclusively on real data. We show that by aligning self-supervised audio-video representations we remove the risk of relying on dataset-specific biases and improve robustness in deepfake detection.","@InProceedings{Smeu_2025_CVPR, author = {Smeu, Stefan and Boldisor, Dragos-Alexandru and Oneata, Dan and Oneata, Elisabeta}, title = {Circumventing Shortcuts in Audio-visual Deepfake Detection Datasets with Unsupervised Learning}, booktitle = {Proceedings of the Computer Vision and Pattern Recognition Conference (CVPR)}, month = {June}, year = {2025}, pages = {18815-18825} }"
Yu_CoE_Chain-of-Explanation_via_Automatic_Visual_Concept_Circuit_Description_and_Polysemanticity_CVPR_2025_paper,2025,1,Trustworthy_Security_Privacy,Trustworthy_Security_Privacy,6.0,0.5,CoE: Chain-of-Explanation via Automatic Visual Concept Circuit Description and Polysemanticity Quantification,Wenlong Yu; Qilong Wang; Chuang Liu; Dong Li; Qinghua Hu,5,4364-4374,True,https://openaccess.thecvf.com/content/CVPR2025/papers/Yu_CoE_Chain-of-Explanation_via_Automatic_Visual_Concept_Circuit_Description_and_Polysemanticity_CVPR_2025_paper.pdf,https://openaccess.thecvf.com/content/CVPR2025/supplemental/Yu_CoE_Chain-of-Explanation_via_CVPR_2025_supplemental.pdf,https://openaccess.thecvf.com/content/CVPR2025/html/Yu_CoE_Chain-of-Explanation_via_Automatic_Visual_Concept_Circuit_Description_and_Polysemanticity_CVPR_2025_paper.html,"Explainability is a critical factor influencing the wide deployment of deep vision models (DVMs). Concept-based post-hoc explanation methods can provide both global and local insights into model decisions. However, current methods in this field face challenges in that they are inflexible to automatically construct accurate and sufficient linguistic explanations for global concepts and local circuits. Particularly, the intrinsic polysemanticity in semantic Visual Concepts (VCs) impedes the interpretability of concepts and DVMs, which is underestimated severely. In this paper, we propose a Chain-of-Explanation (CoE) approach to address these issues. Specifically, CoE automates the decoding and description of VCs to construct global concept explanation datasets. Further, to alleviate the effect of polysemanticity on model explainability, we design a concept polysemanticity disentanglement and filtering mechanism to distinguish the most contextually relevant concept atoms. Besides, a Concept Polysemanticity Entropy (CPE), as a measure of model interpretability, is formulated to quantify the degree of concept uncertainty. The modeling of deterministic concepts is upgraded to uncertain concept atom distributions. Ultimately, CoE automatically enables linguistic local explanations of the decision-making process of DVMs by tracing the concept circuit. GPT-4o and human-based experiments demonstrate the effectiveness of CPE and the superiority of CoE, achieving an average absolute improvement of 36% in terms of explainability scores.","@InProceedings{Yu_2025_CVPR, author = {Yu, Wenlong and Wang, Qilong and Liu, Chuang and Li, Dong and Hu, Qinghua}, title = {CoE: Chain-of-Explanation via Automatic Visual Concept Circuit Description and Polysemanticity Quantification}, booktitle = {Proceedings of the Computer Vision and Pattern Recognition Conference (CVPR)}, month = {June}, year = {2025}, pages = {4364-4374} }"
Du_Automatic_Spectral_Calibration_of_Hyperspectral_Images_Method_Dataset_and_Benchmark_CVPR_2025_paper,2025,0,Medical_Bio_RemoteSensing,Medical_Bio_RemoteSensing|Trustworthy_Security_Privacy,12.0,0.167,"Automatic Spectral Calibration of Hyperspectral Images: Method, Dataset and Benchmark",Zhuoran Du; Shaodi You; Cheng Cheng; Shikui Wei,4,28081-28090,True,https://openaccess.thecvf.com/content/CVPR2025/papers/Du_Automatic_Spectral_Calibration_of_Hyperspectral_Images_Method_Dataset_and_Benchmark_CVPR_2025_paper.pdf,https://openaccess.thecvf.com/content/CVPR2025/supplemental/Du_Automatic_Spectral_Calibration_CVPR_2025_supplemental.pdf,https://openaccess.thecvf.com/content/CVPR2025/html/Du_Automatic_Spectral_Calibration_of_Hyperspectral_Images_Method_Dataset_and_Benchmark_CVPR_2025_paper.html,"Hyperspectral images (HSI) densely sample the world in both the space and frequency domains and, therefore, are more distinctive than RGB images. Usually, HSI needs to be calibrated to minimize the impact of various illumination conditions. The traditional way to calibrate HSI utilizes a physical reference, which involves manual operations, occlusions, and/or limits camera mobility. These limitations inspire this paper to automatically calibrate HSIs using a learning-based method. Towards this goal, a large-scale HSI calibration dataset, which has 765 high-quality HSI pairs covering diversified natural scenes and illuminations, is created. The dataset is further expanded to 7650 pairs by combining with 10 different physically measured illuminations. A spectral illumination transformer (SIT) together with an illumination attention module is proposed. Extensive benchmarks demonstrate the SoTA performance of the proposed SIT. The benchmarks also indicate that low-light conditions are more challenging than normal conditions. The dataset and codes are available online: https://github.com/duranze/Automatic-spectral-calibration-of-HSI.","@InProceedings{Du_2025_CVPR, author = {Du, Zhuoran and You, Shaodi and Cheng, Cheng and Wei, Shikui}, title = {Automatic Spectral Calibration of Hyperspectral Images: Method, Dataset and Benchmark}, booktitle = {Proceedings of the Computer Vision and Pattern Recognition Conference (CVPR)}, month = {June}, year = {2025}, pages = {28081-28090} }"
Nag_Conformal_Prediction_and_MLLM_aided_Uncertainty_Quantification_in_Scene_Graph_CVPR_2025_paper,2025,0,LLM_Reasoning_Agent,LLM_Reasoning_Agent|Trustworthy_Security_Privacy,12.0,0.167,Conformal Prediction and MLLM aided Uncertainty Quantification in Scene Graph Generation,Sayak Nag; Udita Ghosh; Calvin-Khang Ta; Sarosij Bose; Jiachen Li; Amit K. Roy-Chowdhury,6,11676-11686,True,https://openaccess.thecvf.com/content/CVPR2025/papers/Nag_Conformal_Prediction_and_MLLM_aided_Uncertainty_Quantification_in_Scene_Graph_CVPR_2025_paper.pdf,https://openaccess.thecvf.com/content/CVPR2025/supplemental/Nag_Conformal_Prediction_and_CVPR_2025_supplemental.pdf,https://openaccess.thecvf.com/content/CVPR2025/html/Nag_Conformal_Prediction_and_MLLM_aided_Uncertainty_Quantification_in_Scene_Graph_CVPR_2025_paper.html,"Scene Graph Generation (SGG) aims to represent visual scenes by identifying objects and their pairwise relationships, providing a structured understanding of image content. However, inherent challenges like long-tailed class distributions and prediction variability necessitate uncertainty quantification in SGG for its practical viability. In this paper, we introduce a novel Conformal Prediction based framework, adaptive to any existing SGG method, for quantifying their predictive uncertainty by constructing well-calibrated prediction sets over their generated scene graphs. These scene graph prediction sets are designed to achieve statistically rigorous coverage guarantees under exchangeability assumptions. Additionally, to ensure the prediction sets contain the most practically interpretable scene graphs, we propose an effective MLLM-based post-processing strategy for selecting the most visually and semantically plausible scene graphs within each set. We show that our proposed approach can produce diverse possible scene graphs from an image, assess the reliability of SGG methods, and improve overall SGG performance.","@InProceedings{Nag_2025_CVPR, author = {Nag, Sayak and Ghosh, Udita and Ta, Calvin-Khang and Bose, Sarosij and Li, Jiachen and Roy-Chowdhury, Amit K.}, title = {Conformal Prediction and MLLM aided Uncertainty Quantification in Scene Graph Generation}, booktitle = {Proceedings of the Computer Vision and Pattern Recognition Conference (CVPR)}, month = {June}, year = {2025}, pages = {11676-11686} }"
Li_Theory-Inspired_Deep_Multi-View_Multi-Label_Learning_with_Incomplete_Views_and_Noisy_CVPR_2025_paper,2025,1,Trustworthy_Security_Privacy,Trustworthy_Security_Privacy,2.0,1.0,Theory-Inspired Deep Multi-View Multi-Label Learning with Incomplete Views and Noisy Labels,Quanjiang Li; Tingjin Luo; Jiahui Liao,3,20706-20715,True,https://openaccess.thecvf.com/content/CVPR2025/papers/Li_Theory-Inspired_Deep_Multi-View_Multi-Label_Learning_with_Incomplete_Views_and_Noisy_CVPR_2025_paper.pdf,https://openaccess.thecvf.com/content/CVPR2025/supplemental/Li_Theory-Inspired_Deep_Multi-View_CVPR_2025_supplemental.pdf,https://openaccess.thecvf.com/content/CVPR2025/html/Li_Theory-Inspired_Deep_Multi-View_Multi-Label_Learning_with_Incomplete_Views_and_Noisy_CVPR_2025_paper.html,"Incomplete features and label noise in multi-view multi-label data significantly undermine the reliability and performance, motivating researchers to explore the mechanism of representation and information recovery. However, learning for such dual deficiencies is crucial but rarely studied. In this paper, we propose a theory-inspired Deep Multi-View Multi-Label Learning method with Incomplete Views and Noisy Labels named DMMIvNL to address these problems. Specifically, to promote the synthesis of task-relevant shared information and preserve the distinctiveness of individual features from limited views, we have developed a feature extraction modular based on the information bottleneck theory, and formulated its theoretical upper bound into its objective. Meanwhile, we theoretically prove that minimizing the volume of the transition matrix ensures the statistical consistency with classifier training. Besides, a cycle-consistency estimation principle is proposed in the volume minimization network to improve the recognition stability of multi-label noise. Moreover, leveraging inherent real semantics information and label correlations are employed as model regularization to reduce the risk of excessive noise fitting. Finally, extensive experimental results validate the effectiveness and robustness of our DMMIvNL.","@InProceedings{Li_2025_CVPR, author = {Li, Quanjiang and Luo, Tingjin and Liao, Jiahui}, title = {Theory-Inspired Deep Multi-View Multi-Label Learning with Incomplete Views and Noisy Labels}, booktitle = {Proceedings of the Computer Vision and Pattern Recognition Conference (CVPR)}, month = {June}, year = {2025}, pages = {20706-20715} }"
Kumar_Fortifying_Federated_Learning_Towards_Trustworthiness_via_Auditable_Data_Valuation_and_CVPR_2025_paper,2025,1,Trustworthy_Security_Privacy,Trustworthy_Security_Privacy,27.0,1.0,Fortifying Federated Learning Towards Trustworthiness via Auditable Data Valuation and Verifiable Client Contribution,K Naveen Kumar; Ranjeet Ranjan Jha; C Krishna Mohan; Ravindra Babu Tallamraju,4,4999-5009,True,https://openaccess.thecvf.com/content/CVPR2025/papers/Kumar_Fortifying_Federated_Learning_Towards_Trustworthiness_via_Auditable_Data_Valuation_and_CVPR_2025_paper.pdf,https://openaccess.thecvf.com/content/CVPR2025/supplemental/Kumar_Fortifying_Federated_Learning_CVPR_2025_supplemental.pdf,https://openaccess.thecvf.com/content/CVPR2025/html/Kumar_Fortifying_Federated_Learning_Towards_Trustworthiness_via_Auditable_Data_Valuation_and_CVPR_2025_paper.html,"Ensuring auditability and verifiability in FL is both challenging and essential to guarantee that local data remains untampered and client updates are trustworthy. Recent FL frameworks assess client contributions through a trusted central server using various client selection and aggregation techniques. However, reliance on a central server can create a single point of failure, making it vulnerable to privacy-centric attacks and limiting its ability to audit and verify client-side data contributions due to restricted access. In addition, data quality and fairness evaluations are often inadequate, failing to distinguish between high-impact contributions and those from low-quality or poisoned data. To address these challenges, we propose Federated Auditable and Verifiable Data valuation (FAVD), a privacy-preserving method that ensures auditability and verifiability of client contributions through data valuation, independent of any central authority or predefined training algorithm. FAVD utilizes shared local data density functions to construct a global density function, aligning data contributions and facilitating effective valuation prior to local model training. This proactive approach improves transparency in data valuation and ensures that only benign updates are generated, even in the presence of malicious data. Further, to mitigate privacy risks associated with sharing data density functions, we add Gaussian noise to each client's local density function before sharing it with the server. We theoretically demonstrate the convergence, auditability, and verifiability of FAVD, along with its resilience against data poisoning threats. Our experiments on five diverse benchmarks, including three medical datasets, show that FAVD achieves significant performance gains, accurate data valuation, and fair client contributions under threat, highlighting its reliability as a trustworthy FL approach.","@InProceedings{Kumar_2025_CVPR, author = {Kumar, K Naveen and Jha, Ranjeet Ranjan and Mohan, C Krishna and Tallamraju, Ravindra Babu}, title = {Fortifying Federated Learning Towards Trustworthiness via Auditable Data Valuation and Verifiable Client Contribution}, booktitle = {Proceedings of the Computer Vision and Pattern Recognition Conference (CVPR)}, month = {June}, year = {2025}, pages = {4999-5009} }"
Xie_Chain_of_Attack_On_the_Robustness_of_Vision-Language_Models_Against_CVPR_2025_paper,2025,1,Trustworthy_Security_Privacy,Trustworthy_Security_Privacy|Vision_Language_Multimodal,34.0,0.235,Chain of Attack: On the Robustness of Vision-Language Models Against Transfer-Based Adversarial Attacks,Peng Xie; Yequan Bie; Jianda Mao; Yangqiu Song; Yang Wang; Hao Chen; Kani Chen,7,14679-14689,True,https://openaccess.thecvf.com/content/CVPR2025/papers/Xie_Chain_of_Attack_On_the_Robustness_of_Vision-Language_Models_Against_CVPR_2025_paper.pdf,https://openaccess.thecvf.com/content/CVPR2025/supplemental/Xie_Chain_of_Attack_CVPR_2025_supplemental.pdf,https://openaccess.thecvf.com/content/CVPR2025/html/Xie_Chain_of_Attack_On_the_Robustness_of_Vision-Language_Models_Against_CVPR_2025_paper.html,"Pre-trained vision-language models (VLMs) have showcased remarkable performance in image and natural language understanding, such as image captioning and response generation. As the practical applications of VLMs become increasingly widespread, their potential safety and robustness issues raise concerns that adversaries may evade the system and cause these models to generate toxic content through malicious attacks. Therefore, evaluating the robustness of open-source VLMs against adversarial attacks has garnered growing attention, with transfer-based attacks as a representative black-box attacking strategy. However, most existing transfer-based attacks neglect the importance of the semantic correlations between vision and text modalities, leading to sub-optimal adversarial example generation and attack performance. To address this issue, we present Chain of Attack (CoA), which iteratively enhances the generation of adversarial examples based on the multi-modal semantic update using a series of intermediate attacking steps, achieving superior adversarial transferability and efficiency. A unified attack success rate computing method is further proposed for automatic evasion evaluation. Extensive experiments conducted under the most realistic and high-stakes scenario, demonstrate that our attacking strategy is able to effectively mislead models to generate targeted responses using only black-box attacks without any knowledge of the victim models. The comprehensive robustness evaluation in our paper provides insight into the vulnerabilities of VLMs and offers a reference for the safety considerations of future model developments.","@InProceedings{Xie_2025_CVPR, author = {Xie, Peng and Bie, Yequan and Mao, Jianda and Song, Yangqiu and Wang, Yang and Chen, Hao and Chen, Kani}, title = {Chain of Attack: On the Robustness of Vision-Language Models Against Transfer-Based Adversarial Attacks}, booktitle = {Proceedings of the Computer Vision and Pattern Recognition Conference (CVPR)}, month = {June}, year = {2025}, pages = {14679-14689} }"
Zeevi_Rate-In_Information-Driven_Adaptive_Dropout_Rates_for_Improved_Inference-Time_Uncertainty_Estimation_CVPR_2025_paper,2025,1,Trustworthy_Security_Privacy,Trustworthy_Security_Privacy|Medical_Bio_RemoteSensing,12.0,0.5,Rate-In: Information-Driven Adaptive Dropout Rates for Improved Inference-Time Uncertainty Estimation,Tal Zeevi; Ravid Shwartz-Ziv; Yann LeCun; Lawrence H. Staib; John A. Onofrey,5,20757-20766,True,https://openaccess.thecvf.com/content/CVPR2025/papers/Zeevi_Rate-In_Information-Driven_Adaptive_Dropout_Rates_for_Improved_Inference-Time_Uncertainty_Estimation_CVPR_2025_paper.pdf,https://openaccess.thecvf.com/content/CVPR2025/supplemental/Zeevi_Rate-In_Information-Driven_Adaptive_CVPR_2025_supplemental.pdf,https://openaccess.thecvf.com/content/CVPR2025/html/Zeevi_Rate-In_Information-Driven_Adaptive_Dropout_Rates_for_Improved_Inference-Time_Uncertainty_Estimation_CVPR_2025_paper.html,"Accurate uncertainty estimation is crucial for deploying neural networks in risk-sensitive applications such as medical diagnosis. Monte Carlo Dropout is a widely used technique for approximating predictive uncertainty by performing stochastic forward passes with dropout during inference. However, using static dropout rates across all layers and inputs can lead to suboptimal uncertainty estimates, as it fails to adapt to the varying characteristics of individual inputs and network layers. Existing approaches optimize dropout rates during training using labeled data, resulting in fixed inference-time parameters that cannot adjust to new data distributions, compromising uncertainty estimates in Monte Carlo simulations. In this paper, we propose Rate-In, an algorithm that dynamically adjusts dropout rates during inference by quantifying the information loss induced by dropout in each layer's feature maps. By treating dropout as controlled noise injection and leveraging information-theoretic principles, Rate-In adapts dropout rates per layer and per input instance without requiring ground truth labels. By quantifying the functional information loss in feature maps, we adaptively tune dropout rates to maintain perceptual quality across diverse medical imaging tasks and architectural configurations. Our extensive empirical study on synthetic data and real-world medical imaging tasks demonstrates that Rate-In improves calibration and sharpens uncertainty estimates compared to fixed or heuristic dropout rates without compromising predictive performance. Rate-In offers a practical, unsupervised, inference-time approach to optimizing dropout for more reliable predictive uncertainty estimation in critical applications.","@InProceedings{Zeevi_2025_CVPR, author = {Zeevi, Tal and Shwartz-Ziv, Ravid and LeCun, Yann and Staib, Lawrence H. and Onofrey, John A.}, title = {Rate-In: Information-Driven Adaptive Dropout Rates for Improved Inference-Time Uncertainty Estimation}, booktitle = {Proceedings of the Computer Vision and Pattern Recognition Conference (CVPR)}, month = {June}, year = {2025}, pages = {20757-20766} }"
Han_UIBDiffusion_Universal_Imperceptible_Backdoor_Attack_for_Diffusion_Models_CVPR_2025_paper,2025,0,Diffusion_Generative,Diffusion_Generative|Trustworthy_Security_Privacy,18.0,0.0,UIBDiffusion: Universal Imperceptible Backdoor Attack for Diffusion Models,Yuning Han; Bingyin Zhao; Rui Chu; Feng Luo; Biplab Sikdar; Yingjie Lao,6,19186-19196,True,https://openaccess.thecvf.com/content/CVPR2025/papers/Han_UIBDiffusion_Universal_Imperceptible_Backdoor_Attack_for_Diffusion_Models_CVPR_2025_paper.pdf,https://openaccess.thecvf.com/content/CVPR2025/supplemental/Han_UIBDiffusion_Universal_Imperceptible_CVPR_2025_supplemental.pdf,https://openaccess.thecvf.com/content/CVPR2025/html/Han_UIBDiffusion_Universal_Imperceptible_Backdoor_Attack_for_Diffusion_Models_CVPR_2025_paper.html,"Recent studies show that diffusion models (DMs) are vulnerable to backdoor attacks. Existing backdoor attacks impose unconcealed triggers (e.g., a gray box and eyeglasses) that contain evident patterns, rendering remarkable attack effects yet easy detection upon human inspection and defensive algorithms. While it is possible to improve stealthiness by reducing the strength of the backdoor, doing so can significantly compromise its generality and effectiveness. In this paper, we propose UIBDiffusion, the universal imperceptible backdoor attack for diffusion models, which allows us to achieve superior attack and generation performance while evading state-of-the-art defenses. We propose a novel trigger generation approach based on universal adversarial perturbations (UAPs) and reveal that such perturbations, which are initially devised for fooling pre-trained discriminative models, can be adapted as potent imperceptible backdoor triggers for DMs. We evaluate UIBDiffusion on multiple types of DMs with different kinds of samplers across various datasets and targets. Experimental results demonstrate that UIBDiffusion brings three advantages: 1) Universality, the imperceptible trigger is universal (i.e., image and model agnostic) where a single trigger is effective to any images and all diffusion models with different samplers; 2) Utility, it achieves comparable generation quality (e.g., FID) and even better attack success rate (i.e., ASR) at low poison rates compared to the prior works; and 3) Undetectability, UIBDiffusion is plausible to human perception and can bypass Elijah and TERD, the SOTA defenses against backdoors for DMs. We will release our backdoor triggers and code.","@InProceedings{Han_2025_CVPR, author = {Han, Yuning and Zhao, Bingyin and Chu, Rui and Luo, Feng and Sikdar, Biplab and Lao, Yingjie}, title = {UIBDiffusion: Universal Imperceptible Backdoor Attack for Diffusion Models}, booktitle = {Proceedings of the Computer Vision and Pattern Recognition Conference (CVPR)}, month = {June}, year = {2025}, pages = {19186-19196} }"
Zheng_Language-Assisted_Debiasing_and_Smoothing_for_Foundation_Model-Based_Semi-Supervised_Learning_CVPR_2025_paper,2025,0,SelfSupervised_Representation,SelfSupervised_Representation|Trustworthy_Security_Privacy|Transfer_FewShot_DomainAdaptation,18.0,0.0,Language-Assisted Debiasing and Smoothing for Foundation Model-Based Semi-Supervised Learning,Na Zheng; Xuemeng Song; Xue Dong; Aashish Nikhil Ghosh; Liqiang Nie; Roger Zimmermann,6,25708-25717,True,https://openaccess.thecvf.com/content/CVPR2025/papers/Zheng_Language-Assisted_Debiasing_and_Smoothing_for_Foundation_Model-Based_Semi-Supervised_Learning_CVPR_2025_paper.pdf,https://openaccess.thecvf.com/content/CVPR2025/supplemental/Zheng_Language-Assisted_Debiasing_and_CVPR_2025_supplemental.pdf,https://openaccess.thecvf.com/content/CVPR2025/html/Zheng_Language-Assisted_Debiasing_and_Smoothing_for_Foundation_Model-Based_Semi-Supervised_Learning_CVPR_2025_paper.html,"Recent studies have focused on introducing pre-trained foundation models into semi-supervised learning (SSL) tasks. Nevertheless, these foundation models can exhibit biases toward different classes and tend to generate imbalanced pseudo-labels for SSL. Thus, efforts have been made to introduce the logit adjustment offset to reduce the inherent bias in foundation models for SSL tasks.Despite their success, existing foundation model-based SSL methods face challenges: 1) unreliability in the estimated logit adjustment offset, 2) overlooking the potential of linguistic knowledge in capturing model biases and 3) fail to fully exploit the unlabeled samples. To address these issues, we propose Language-Assisted Debiasing and Smoothing framework, namely LADaS, for foundation model-based SSL. It consists of two components: 1) Language-assisted Pseudo-Label Debiasing (LPLD) to reduce biases in foundation models, and 2) Language-aware Pseudo-Label Smoothing (LPLS) to fully exploit low-confidence samples to facilitate SSL training. In particular, LPLD introduces a reliability score to dynamically assess the reliability of the logit adjustment. Additionally, it incorporates a language-oriented preference to reduce model biases using linguistic knowledge derived from pre-trained language models. Finally, LPLS introduces language-aware soft labels and devises language-aware pseudo-label smoothing loss to guide the learning of unlabeled samples with low-quality pseudo-labels. Extensive experiments demonstrate the superiority of our proposed LADaS.","@InProceedings{Zheng_2025_CVPR, author = {Zheng, Na and Song, Xuemeng and Dong, Xue and Ghosh, Aashish Nikhil and Nie, Liqiang and Zimmermann, Roger}, title = {Language-Assisted Debiasing and Smoothing for Foundation Model-Based Semi-Supervised Learning}, booktitle = {Proceedings of the Computer Vision and Pattern Recognition Conference (CVPR)}, month = {June}, year = {2025}, pages = {25708-25717} }"
Li_Unbiased_Video_Scene_Graph_Generation_via_Visual_and_Semantic_Dual_CVPR_2025_paper,2025,1,Trustworthy_Security_Privacy,Trustworthy_Security_Privacy,18.0,0.722,Unbiased Video Scene Graph Generation via Visual and Semantic Dual Debiasing,Yanjun Li; Zhaoyang Li; Honghui Chen; Lizhi Xu,4,19047-19056,True,https://openaccess.thecvf.com/content/CVPR2025/papers/Li_Unbiased_Video_Scene_Graph_Generation_via_Visual_and_Semantic_Dual_CVPR_2025_paper.pdf,https://openaccess.thecvf.com/content/CVPR2025/supplemental/Li_Unbiased_Video_Scene_CVPR_2025_supplemental.pdf,https://openaccess.thecvf.com/content/CVPR2025/html/Li_Unbiased_Video_Scene_Graph_Generation_via_Visual_and_Semantic_Dual_CVPR_2025_paper.html,"Video Scene Graph Generation (VidSGG) aims to capture dynamic relationships among entities by sequentially analyzing video frames and integrating visual and semantic information. However, VidSGG is challenged by significant biases that skew predictions. To mitigate these biases, we propose a VIsual and Semantic Awareness (VISA) framework for unbiased VidSGG. VISA addresses visual bias through an innovative memory update mechanism that enhances object representations and concurrently reduces semantic bias by iteratively integrating object features with comprehensive semantic information derived from triplet relationships. This visual-semantics dual debiasing approach results in more unbiased representations of complex scene dynamics. Extensive experiments demonstrate the effectiveness of our method, where VISA outperforms existing unbiased VidSGG approaches by a substantial margin (e.g., +13.1% improvement in mR@20 and mR@50 for the SGCLS task under Semi Constraint).","@InProceedings{Li_2025_CVPR, author = {Li, Yanjun and Li, Zhaoyang and Chen, Honghui and Xu, Lizhi}, title = {Unbiased Video Scene Graph Generation via Visual and Semantic Dual Debiasing}, booktitle = {Proceedings of the Computer Vision and Pattern Recognition Conference (CVPR)}, month = {June}, year = {2025}, pages = {19047-19056} }"
Zhao_Enhancing_Diversity_for_Data-free_Quantization_CVPR_2025_paper,2025,0,Efficiency_Compression,Efficiency_Compression|Trustworthy_Security_Privacy,22.0,0.591,Enhancing Diversity for Data-free Quantization,Kai Zhao; Zhihao Zhuang; Miao Zhang; Chenjuan Guo; Yang Shu; Bin Yang,6,20969-20978,True,https://openaccess.thecvf.com/content/CVPR2025/papers/Zhao_Enhancing_Diversity_for_Data-free_Quantization_CVPR_2025_paper.pdf,https://openaccess.thecvf.com/content/CVPR2025/supplemental/Zhao_Enhancing_Diversity_for_CVPR_2025_supplemental.pdf,https://openaccess.thecvf.com/content/CVPR2025/html/Zhao_Enhancing_Diversity_for_Data-free_Quantization_CVPR_2025_paper.html,"Model quantization is an effective way to compress deep neural networks and accelerate the inference time on edge devices. Existing quantization methods usually require original data for calibration during the compressing process, which may be inaccessible due to privacy issues. A common way is to generate calibration data to mimic the origin data. However, the generators in these methods have the mode collapse problem, making them unable to synthesize diverse data. To solve this problem, we leverage the information from the full-precision model and enhance both inter-class and intra-class diversity for generating better calibration data, by devising a multi-layer features mixer and normalization flow based attention. Besides, novel regulation losses are proposed to make the generator produce diverse data with more patterns from the perspective of activated feature values and for the quantized model to learn better clip ranges adaptive to our diverse calibration data. Extensive experiments show that our method achieves state-of-the-art quantization results for both Transformer and CNN architectures. In addition, we visualize the generated data to verify that our strategies can effectively handle the mode collapse issue. Our codes are available at https://anonymous.4open.science/r/DFQ-84E6 and will be publicly available.","@InProceedings{Zhao_2025_CVPR, author = {Zhao, Kai and Zhuang, Zhihao and Zhang, Miao and Guo, Chenjuan and Shu, Yang and Yang, Bin}, title = {Enhancing Diversity for Data-free Quantization}, booktitle = {Proceedings of the Computer Vision and Pattern Recognition Conference (CVPR)}, month = {June}, year = {2025}, pages = {20969-20978} }"
Peddi_Towards_Unbiased_and_Robust_Spatio-Temporal_Scene_Graph_Generation_and_Anticipation_CVPR_2025_paper,2025,0,Video_Action_Recognition,Video_Action_Recognition|Trustworthy_Security_Privacy,13.0,0.385,Towards Unbiased and Robust Spatio-Temporal Scene Graph Generation and Anticipation,Rohith Peddi; Saurabh Saurabh; Ayush Abhay Shrivastava; Parag Singla; Vibhav Gogate,5,8648-8657,True,https://openaccess.thecvf.com/content/CVPR2025/papers/Peddi_Towards_Unbiased_and_Robust_Spatio-Temporal_Scene_Graph_Generation_and_Anticipation_CVPR_2025_paper.pdf,https://openaccess.thecvf.com/content/CVPR2025/supplemental/Peddi_Towards_Unbiased_and_CVPR_2025_supplemental.pdf,https://openaccess.thecvf.com/content/CVPR2025/html/Peddi_Towards_Unbiased_and_Robust_Spatio-Temporal_Scene_Graph_Generation_and_Anticipation_CVPR_2025_paper.html,"Spatio-Temporal Scene Graphs (STSGs) provide a concise and expressive representation of dynamic scenes by modeling objects and their evolving relationships over time. However, real-world visual relationships often exhibit a long-tailed distribution, causing existing methods for tasks like Video Scene Graph Generation (VidSGG) and Scene Graph Anticipation (SGA) to produce biased scene graphs. To this end, we propose ImparTail, a novel training framework that leverages loss masking and curriculum learning to mitigate bias in the generation and anticipation of spatio-temporal scene graphs. Unlike prior methods that add extra architectural components to learn unbiased estimators, we propose an impartial training objective that reduces the dominance of head classes during learning and focuses on underrepresented tail relationships. Our curriculum-driven mask generation strategy further empowers the model to adaptively adjust its bias mitigation strategy over time, enabling more balanced and robust estimations. To thoroughly assess performance under various distribution shifts, we also introduce two new tasks--Robust Spatio-Temporal Scene Graph Generation and Robust Scene Graph Anticipation--offering a challenging benchmark for evaluating the resilience of STSG models. Extensive experiments on the Action Genome dataset demonstrate the superior unbiased performance and robustness of our method compared to existing baselines.","@InProceedings{Peddi_2025_CVPR, author = {Peddi, Rohith and Saurabh, Saurabh and Shrivastava, Ayush Abhay and Singla, Parag and Gogate, Vibhav}, title = {Towards Unbiased and Robust Spatio-Temporal Scene Graph Generation and Anticipation}, booktitle = {Proceedings of the Computer Vision and Pattern Recognition Conference (CVPR)}, month = {June}, year = {2025}, pages = {8648-8657} }"
Medghalchi_Prompt2Perturb_P2P_Text-Guided_Diffusion-Based_Adversarial_Attack_on_Breast_Ultrasound_Images_CVPR_2025_paper,2025,1,Trustworthy_Security_Privacy,Trustworthy_Security_Privacy|Medical_Bio_RemoteSensing,18.0,0.111,Prompt2Perturb (P2P): Text-Guided Diffusion-Based Adversarial Attack on Breast Ultrasound Images,Yasamin Medghalchi; Moein Heidari; Clayton Allard; Leonid Sigal; Ilker Hacihaliloglu,5,28564-28574,True,https://openaccess.thecvf.com/content/CVPR2025/papers/Medghalchi_Prompt2Perturb_P2P_Text-Guided_Diffusion-Based_Adversarial_Attack_on_Breast_Ultrasound_Images_CVPR_2025_paper.pdf,,https://openaccess.thecvf.com/content/CVPR2025/html/Medghalchi_Prompt2Perturb_P2P_Text-Guided_Diffusion-Based_Adversarial_Attack_on_Breast_Ultrasound_Images_CVPR_2025_paper.html,"Deep neural networks (DNNs) offer significant promise for improving breast cancer diagnosis in medical imaging. However, these models are highly susceptible to adversarial attacks--small, imperceptible changes that can mislead classifiers--raising critical concerns about their reliability and security. Traditional attack methods typically either require substantial extra data for malicious model pre-training, or involve a fixed norm perturbation budget, which does not align with human perception of these alterations. In medical imaging, however, this is often unfeasible due to the limited availability of datasets. Building on recent advancements in learnable prompts, we propose Prompt2Perturb (P2P), a novel language-guided semantic attack method capable of generating meaningful perturbations driven by text instructions. During the prompt learning phase, our approach leverages learnable prompts within the text encoder to create subtle, yet impactful, perturbations that remain imperceptible while guiding the model towards targeted outcomes.In contrast to current prompt learning-based approaches, our P2P stands out by directly updating text embeddings, avoiding the need for retraining diffusion models or using large pre-trained models which is typically infeasible in medical domain. Further, we leverage the finding that optimizing only the early reverse diffusion steps boosts efficiency while ensuring that the generated adversarial examples incorporate subtle low-frequency noise, thus preserving ultrasound image quality without introducing noticeable artifacts. We show that our method outperforms state-of-the-art attack techniques across three breast ultrasound datasets. Moreover, the generated images are both more natural in appearance and more effective compared to existing adversarial attacks.","@InProceedings{Medghalchi_2025_CVPR, author = {Medghalchi, Yasamin and Heidari, Moein and Allard, Clayton and Sigal, Leonid and Hacihaliloglu, Ilker}, title = {Prompt2Perturb (P2P): Text-Guided Diffusion-Based Adversarial Attack on Breast Ultrasound Images}, booktitle = {Proceedings of the Computer Vision and Pattern Recognition Conference (CVPR)}, month = {June}, year = {2025}, pages = {28564-28574} }"
Zhao_Perceptual_Inductive_Bias_Is_What_You_Need_Before_Contrastive_Learning_CVPR_2025_paper,2025,1,Trustworthy_Security_Privacy,Trustworthy_Security_Privacy|SelfSupervised_Representation,17.0,0.118,Perceptual Inductive Bias Is What You Need Before Contrastive Learning,Junru Zhao; Tianqin Li; Dunhan Jiang; Shenghao Wu; Alan Ramirez; Tai Sing Lee,6,9621-9630,True,https://openaccess.thecvf.com/content/CVPR2025/papers/Zhao_Perceptual_Inductive_Bias_Is_What_You_Need_Before_Contrastive_Learning_CVPR_2025_paper.pdf,https://openaccess.thecvf.com/content/CVPR2025/supplemental/Zhao_Perceptual_Inductive_Bias_CVPR_2025_supplemental.pdf,https://openaccess.thecvf.com/content/CVPR2025/html/Zhao_Perceptual_Inductive_Bias_Is_What_You_Need_Before_Contrastive_Learning_CVPR_2025_paper.html,"David Marr's seminal theory of human perception stipulates that visual processing is a multi-stage process, prioritizing the derivation of boundary and surface properties before forming semantic object representations. In contrast, contrastive representation learning frameworks typically bypass this explicit multi-stage approach, defining their objective as the direct learning of a semantic representation space for objects. While effective in general contexts, this approach sacrifices the inductive biases of vision, leading to slower convergence speed and learning shortcut resulting in texture bias. In this work, we demonstrate that leveraging Marr's multi-stage theory--by first constructing boundary and surface-level representations using perceptual constructs from early visual processing stages and subsequently training for object semantics--leads to 2x faster convergence on ResNet18, improved final representations on semantic segmentation, depth estimation, and object recognition, and enhanced robustness and out-of-distribution capability. Together, we propose a pretraining stage before the general contrastive representation pretraining to further enhance the final representation quality and reduce the overall convergence time via inductive bias from human vision systems.","@InProceedings{Zhao_2025_CVPR, author = {Zhao, Junru and Li, Tianqin and Jiang, Dunhan and Wu, Shenghao and Ramirez, Alan and Lee, Tai Sing}, title = {Perceptual Inductive Bias Is What You Need Before Contrastive Learning}, booktitle = {Proceedings of the Computer Vision and Pattern Recognition Conference (CVPR)}, month = {June}, year = {2025}, pages = {9621-9630} }"
Li_PSBD_Prediction_Shift_Uncertainty_Unlocks_Backdoor_Detection_CVPR_2025_paper,2025,1,Trustworthy_Security_Privacy,Trustworthy_Security_Privacy,21.0,0.762,PSBD: Prediction Shift Uncertainty Unlocks Backdoor Detection,Wei Li; Pin-Yu Chen; Sijia Liu; Ren Wang,4,10255-10264,True,https://openaccess.thecvf.com/content/CVPR2025/papers/Li_PSBD_Prediction_Shift_Uncertainty_Unlocks_Backdoor_Detection_CVPR_2025_paper.pdf,https://openaccess.thecvf.com/content/CVPR2025/supplemental/Li_PSBD_Prediction_Shift_CVPR_2025_supplemental.pdf,https://openaccess.thecvf.com/content/CVPR2025/html/Li_PSBD_Prediction_Shift_Uncertainty_Unlocks_Backdoor_Detection_CVPR_2025_paper.html,"Deep neural networks are susceptible to backdoor attacks, where adversaries manipulate model predictions by inserting malicious samples into the training data. Currently, there is still a significant challenge in identifying suspicious training data to unveil potential backdoor samples. In this paper, we propose a novel method, Prediction Shift Backdoor Detection (PSBD), leveraging an uncertainty-based approach requiring minimal unlabeled clean validation data. PSBD is motivated by an intriguing Prediction Shift (PS) phenomenon, where poisoned models' predictions on clean data often shift away from true labels towards certain other labels with dropout applied during inference, while backdoor samples exhibit less PS. We hypothesize PS results from the neuron bias effect, making neurons favor features of certain classes. PSBD identifies backdoor training samples by computing the Prediction Shift Uncertainty (PSU), the variance in probability values when dropout layers are toggled on and off during model inference. Extensive experiments have been conducted to verify the effectiveness and efficiency of PSBD, which achieves state-of-the-art results among mainstream detection methods. The code is available at https://github.com/WL-619/PSBD.","@InProceedings{Li_2025_CVPR, author = {Li, Wei and Chen, Pin-Yu and Liu, Sijia and Wang, Ren}, title = {PSBD: Prediction Shift Uncertainty Unlocks Backdoor Detection}, booktitle = {Proceedings of the Computer Vision and Pattern Recognition Conference (CVPR)}, month = {June}, year = {2025}, pages = {10255-10264} }"
Kushwaha_VinTAGe_Joint_Video_and_Text_Conditioning_for_Holistic_Audio_Generation_CVPR_2025_paper,2025,0,Audio_Visual,Audio_Visual|Trustworthy_Security_Privacy|Video_Action_Recognition,12.0,0.5,VinTAGe: Joint Video and Text Conditioning for Holistic Audio Generation,Saksham Singh Kushwaha; Yapeng Tian,2,13529-13539,True,https://openaccess.thecvf.com/content/CVPR2025/papers/Kushwaha_VinTAGe_Joint_Video_and_Text_Conditioning_for_Holistic_Audio_Generation_CVPR_2025_paper.pdf,https://openaccess.thecvf.com/content/CVPR2025/supplemental/Kushwaha_VinTAGe_Joint_Video_CVPR_2025_supplemental.pdf,https://openaccess.thecvf.com/content/CVPR2025/html/Kushwaha_VinTAGe_Joint_Video_and_Text_Conditioning_for_Holistic_Audio_Generation_CVPR_2025_paper.html,"Recent advances in audio generation have focused on text-to-audio (T2A) and video-to-audio (V2A) tasks. However, T2A or V2A methods cannot generate holistic sounds (onscreen and off-screen). This is because T2A cannot generate sounds aligning with onscreen objects, while V2A cannot generate semantically complete (offscreen sounds missing). In this work, we address the task of holistic audio generation: given a video and a text prompt, we aim to generate both onscreen and offscreen sounds that are temporally synchronized with the video and semantically aligned with text and video. Previous approaches for joint text and video-to-audio generation often suffer from modality bias, favoring one modality over the other. To overcome this limitation, we introduce VinTAGe, a flow-based transformer model that jointly considers text and video to guide audio generation. Our framework comprises two key components: a Visual-Text Encoder and a Joint VT-SiT model. To reduce modality bias and improve generation quality, we employ pretrained uni-modal text-to-audio and video-to-audio generation models for additional guidance. Due to the lack of appropriate benchmarks, we also introduce VinTAGe-Bench, a dataset of 636 video-text-audio pairs containing both onscreen and offscreen sounds. Our comprehensive experiments on VinTAGe-Bench demonstrate that joint text and visual interaction is necessary for holistic audio generation. Furthermore, VinTAGe achieves state-of-the-art results on the VGGSound benchmark.We will release our pretrained models and the VinTAGe-Bench dataset to facilitate future research in this exciting field.","@InProceedings{Kushwaha_2025_CVPR, author = {Kushwaha, Saksham Singh and Tian, Yapeng}, title = {VinTAGe: Joint Video and Text Conditioning for Holistic Audio Generation}, booktitle = {Proceedings of the Computer Vision and Pattern Recognition Conference (CVPR)}, month = {June}, year = {2025}, pages = {13529-13539} }"
Yang_Patient-Level_Anatomy_Meets_Scanning-Level_Physics_Personalized_Federated_Low-Dose_CT_Denoising_CVPR_2025_paper,2025,0,LLM_Reasoning_Agent,LLM_Reasoning_Agent|Diffusion_Generative|Trustworthy_Security_Privacy|Restoration_Enhancement|Medical_Bio_RemoteSensing,19.0,0.368,Patient-Level Anatomy Meets Scanning-Level Physics: Personalized Federated Low-Dose CT Denoising Empowered by Large Language Model,Ziyuan Yang; Yingyu Chen; Zhiwen Wang; Hongming Shan; Yang Chen; Yi Zhang,6,5154-5163,True,https://openaccess.thecvf.com/content/CVPR2025/papers/Yang_Patient-Level_Anatomy_Meets_Scanning-Level_Physics_Personalized_Federated_Low-Dose_CT_Denoising_CVPR_2025_paper.pdf,https://openaccess.thecvf.com/content/CVPR2025/supplemental/Yang_Patient-Level_Anatomy_Meets_CVPR_2025_supplemental.pdf,https://openaccess.thecvf.com/content/CVPR2025/html/Yang_Patient-Level_Anatomy_Meets_Scanning-Level_Physics_Personalized_Federated_Low-Dose_CT_Denoising_CVPR_2025_paper.html,"Reducing radiation doses benefits patients, but the resultant low-dose computed tomography (LDCT) images often suffer from clinically unacceptable noise and artifacts. While deep learning (DL) has shown promise in LDCT reconstruction, it requires large-scale data collection from multiple clients, raising privacy concerns. Federated learning (FL) has been introduced to mitigate these privacy concerns; however, current methods are typically tailored to specific scanning protocols, which limits their generalizability and makes them less effective for unseen protocols. To address these issues, we propose SCAN-PhysFed, a novel SCanning- and ANatomy-level personalized Physics-Driven Federated learning paradigm for LDCT reconstruction. Since the noise distribution in LDCT data is closely tied to scanning protocols and anatomical structures, we propose a dual-level physics-informed way to address these challenges. Specifically, we incorporate physical and anatomical prompts into our physics-informed hypernetworks to capture scanning- and anatomy-specific information, enabling dual-level physics-driven personalization of imaging features. These prompts are derived from the scanning protocol and the radiology report generated by a medical large language model (MLLM). Subsequently, client-specific decoders project these dual-level personalized imaging features back into the image domain. Besides, to tackle the challenge of unseen data, we introduce a novel protocol vector-quantization strategy (PVQS), which ensures consistent performance across new clients by quantifying unseen scanning codes to the closest match in the scanning codebook. Extensive experimental results demonstrate the superior performance of SCAN-PhysFed on public datasets.","@InProceedings{Yang_2025_CVPR, author = {Yang, Ziyuan and Chen, Yingyu and Wang, Zhiwen and Shan, Hongming and Chen, Yang and Zhang, Yi}, title = {Patient-Level Anatomy Meets Scanning-Level Physics: Personalized Federated Low-Dose CT Denoising Empowered by Large Language Model}, booktitle = {Proceedings of the Computer Vision and Pattern Recognition Conference (CVPR)}, month = {June}, year = {2025}, pages = {5154-5163} }"
Chen_FedBiP_Heterogeneous_One-Shot_Federated_Learning_with_Personalized_Latent_Diffusion_Models_CVPR_2025_paper,2025,0,Diffusion_Generative,Diffusion_Generative|Trustworthy_Security_Privacy,34.0,0.471,FedBiP: Heterogeneous One-Shot Federated Learning with Personalized Latent Diffusion Models,Haokun Chen; Hang Li; Yao Zhang; Jinhe Bi; Gengyuan Zhang; Yueqi Zhang; Philip Torr; Jindong Gu; Denis Krompass; Volker Tresp,10,30440-30450,True,https://openaccess.thecvf.com/content/CVPR2025/papers/Chen_FedBiP_Heterogeneous_One-Shot_Federated_Learning_with_Personalized_Latent_Diffusion_Models_CVPR_2025_paper.pdf,https://openaccess.thecvf.com/content/CVPR2025/supplemental/Chen_FedBiP_Heterogeneous_One-Shot_CVPR_2025_supplemental.pdf,https://openaccess.thecvf.com/content/CVPR2025/html/Chen_FedBiP_Heterogeneous_One-Shot_Federated_Learning_with_Personalized_Latent_Diffusion_Models_CVPR_2025_paper.html,"One-Shot Federated Learning (OSFL), a special decentralized machine learning paradigm, has recently gained significant attention. OSFL requires only a single round of client data or model upload, which reduces communication costs and mitigates privacy threats compared to traditional FL. Despite these promising prospects, existing methods face challenges due to client data heterogeneity and limited data quantity when applied to real-world OSFL systems. Recently, Latent Diffusion Models (LDM) have shown remarkable advancements in synthesizing high-quality images through pretraining on large-scale datasets, thereby presenting a potential solution to overcome these issues. However, directly applying pretrained LDM to heterogeneous OSFL results in significant distribution shifts in synthetic data, leading to performance degradation in classification models trained on such data. This issue is particularly pronounced in rare domains, such as medical imaging, which are underrepresented in LDM's pretraining data. To address this challenge, we propose Federated Bi-Level Personalization (FedBiP), which personalizes the pretrained LDM at both instance-level and concept-level. Hereby, FedBiP synthesizes images following the client's local data distribution without compromising the privacy regulations. FedBiP is also the first approach to simultaneously address feature space heterogeneity and client data scarcity in OSFL. Our method is validated through extensive experiments on three OSFL benchmarks with feature space heterogeneity, as well as on challenging medical and satellite image datasets with label heterogeneity. The results demonstrate the effectiveness of FedBiP, which substantially outperforms other OSFL methods. Our code is available at \href https://github.com/HaokunChen245/FedBiP https://github.com/HaokunChen245/FedBiP .","@InProceedings{Chen_2025_CVPR, author = {Chen, Haokun and Li, Hang and Zhang, Yao and Bi, Jinhe and Zhang, Gengyuan and Zhang, Yueqi and Torr, Philip and Gu, Jindong and Krompass, Denis and Tresp, Volker}, title = {FedBiP: Heterogeneous One-Shot Federated Learning with Personalized Latent Diffusion Models}, booktitle = {Proceedings of the Computer Vision and Pattern Recognition Conference (CVPR)}, month = {June}, year = {2025}, pages = {30440-30450} }"
Zhu_Project-Probe-Aggregate_Efficient_Fine-Tuning_for_Group_Robustness_CVPR_2025_paper,2025,1,Trustworthy_Security_Privacy,Trustworthy_Security_Privacy|SelfSupervised_Representation,9.0,0.333,Project-Probe-Aggregate: Efficient Fine-Tuning for Group Robustness,Beier Zhu; Jiequan Cui; Hanwang Zhang; Chi Zhang,4,25487-25496,True,https://openaccess.thecvf.com/content/CVPR2025/papers/Zhu_Project-Probe-Aggregate_Efficient_Fine-Tuning_for_Group_Robustness_CVPR_2025_paper.pdf,https://openaccess.thecvf.com/content/CVPR2025/supplemental/Zhu_Project-Probe-Aggregate_Efficient_Fine-Tuning_CVPR_2025_supplemental.pdf,https://openaccess.thecvf.com/content/CVPR2025/html/Zhu_Project-Probe-Aggregate_Efficient_Fine-Tuning_for_Group_Robustness_CVPR_2025_paper.html,"While image-text foundation models have succeeded across diverse downstream tasks, they still face challenges in the presence of spurious correlations between the input and label. To address this issue, we propose a simple three-step approach-Project-Probe-Aggregate (PPA)-that enables parameter-efficient fine-tuning for foundation models without relying on group annotations. Building upon the failure-based debiasing scheme, our method, PPA, improves its two key components: minority samples identification and the robust training algorithm. Specifically, we first train biased classifiers by projecting image features onto the nullspace of class proxies from text encoders. Next, we infer group labels using the biased classifier and probe group targets with prior correction. Finally, we aggregate group weights of each class to produce the debiased classifier. Our theoretical analysis shows that our PPA enhances minority group identification and is Bayes optimal for minimizing the balanced group error, mitigating spurious correlations. Extensive experimental results confirm the effectiveness of our PPA: it outperforms the state-of-the-art by an average worst-group accuracy while requiring less than 0.01% tunable parameters without training group labels.","@InProceedings{Zhu_2025_CVPR, author = {Zhu, Beier and Cui, Jiequan and Zhang, Hanwang and Zhang, Chi}, title = {Project-Probe-Aggregate: Efficient Fine-Tuning for Group Robustness}, booktitle = {Proceedings of the Computer Vision and Pattern Recognition Conference (CVPR)}, month = {June}, year = {2025}, pages = {25487-25496} }"
Huang_Implicit_Bias_Injection_Attacks_against_Text-to-Image_Diffusion_Models_CVPR_2025_paper,2025,0,Diffusion_Generative,Diffusion_Generative|Trustworthy_Security_Privacy,30.0,0.4,Implicit Bias Injection Attacks against Text-to-Image Diffusion Models,Huayang Huang; Xiangye Jin; Jiaxu Miao; Yu Wu,4,28779-28789,True,https://openaccess.thecvf.com/content/CVPR2025/papers/Huang_Implicit_Bias_Injection_Attacks_against_Text-to-Image_Diffusion_Models_CVPR_2025_paper.pdf,https://openaccess.thecvf.com/content/CVPR2025/supplemental/Huang_Implicit_Bias_Injection_CVPR_2025_supplemental.pdf,https://openaccess.thecvf.com/content/CVPR2025/html/Huang_Implicit_Bias_Injection_Attacks_against_Text-to-Image_Diffusion_Models_CVPR_2025_paper.html,"The proliferation of text-to-image diffusion models (T2I DMs) has led to an increased presence of AI-generated images in daily life. However, biased T2I models can generate content with specific tendencies, potentially influencing people's perceptions. Intentional exploitation of these biases risks conveying misleading information to the public. Current research on bias primarily addresses explicit biases with recognizable visual patterns, such as skin color and gender. This paper introduces a novel form of implicit bias that lacks explicit visual features but can manifest in diverse ways across various semantic contexts. This subtle and versatile nature makes this bias challenging to detect, easy to propagate, and adaptable to a wide range of scenarios. We further propose an implicit bias injection attack framework (IBI-Attacks) against T2I diffusion models by precomputing a general bias direction in the prompt embedding space and adaptively adjusting it based on different inputs. Our attack module can be seamlessly integrated into pre-trained diffusion models in a plug-and-play manner without direct manipulation of user input or model retraining. Extensive experiments validate the effectiveness of our scheme in introducing bias through subtle and diverse modifications while preserving the original semantics.The strong concealment and transferability of our attack across various scenarios further underscore the significance of our approach.","@InProceedings{Huang_2025_CVPR, author = {Huang, Huayang and Jin, Xiangye and Miao, Jiaxu and Wu, Yu}, title = {Implicit Bias Injection Attacks against Text-to-Image Diffusion Models}, booktitle = {Proceedings of the Computer Vision and Pattern Recognition Conference (CVPR)}, month = {June}, year = {2025}, pages = {28779-28789} }"
Meng_Advancing_Adversarial_Robustness_in_GNeRFs_The_IL2-NeRF_Attack_CVPR_2025_paper,2025,0,Neural_Rendering_NeRF_3DGS,Neural_Rendering_NeRF_3DGS|Trustworthy_Security_Privacy,24.0,0.042,Advancing Adversarial Robustness in GNeRFs: The IL2-NeRF Attack,Nicole Meng; Caleb Manicke; Ronak Sahu; Caiwen Ding; Yingjie Lao,5,16388-16397,True,https://openaccess.thecvf.com/content/CVPR2025/papers/Meng_Advancing_Adversarial_Robustness_in_GNeRFs_The_IL2-NeRF_Attack_CVPR_2025_paper.pdf,https://openaccess.thecvf.com/content/CVPR2025/supplemental/Meng_Advancing_Adversarial_Robustness_CVPR_2025_supplemental.pdf,https://openaccess.thecvf.com/content/CVPR2025/html/Meng_Advancing_Adversarial_Robustness_in_GNeRFs_The_IL2-NeRF_Attack_CVPR_2025_paper.html,"Generalizable Neural Radiance Fields (GNeRF) are recognized as one of the most promising techniques for novel view synthesis and 3D model generation in real-world applications. However, like other generative models in computer vision, ensuring their adversarial robustness against various threat models is essential for practical use. The pioneering work in this area, NeRFool, introduced a state-of-the-art attack that targets GNeRFs by manipulating source views before feature extraction, successfully disrupting the color and density results of the constructed views. Building on this foundation, we propose IL2-NeRF (Iterative L2 NeRF Attack), a novel adversarial attack method that explores a new threat model (in the L2 domain) for attacking GNeRFs. We evaluated IL2-NeRF against two standard GNeRF models across three benchmark datasets, demonstrating similar performance compared to NeRFool, based on the same evaluation metrics proposed by NeRFool. Our results establish IL2-NeRF as the first adversarial method for GNeRFs under the L2 norm. We establish a foundational L2 threat model for future research, enabling direct performance comparisons while introducing a smoother, image-wide perturbation approach in Adversarial 3D Reconstruction. Our code is available at: https://github.com/The-NRC-SCAR-Group/IL2-NeRF","@InProceedings{Meng_2025_CVPR, author = {Meng, Nicole and Manicke, Caleb and Sahu, Ronak and Ding, Caiwen and Lao, Yingjie}, title = {Advancing Adversarial Robustness in GNeRFs: The IL2-NeRF Attack}, booktitle = {Proceedings of the Computer Vision and Pattern Recognition Conference (CVPR)}, month = {June}, year = {2025}, pages = {16388-16397} }"
Li_DiffCAM_Data-Driven_Saliency_Maps_by_Capturing_Feature_Differences_CVPR_2025_paper,2025,0,Segmentation,Segmentation|Trustworthy_Security_Privacy,12.0,0.0,DiffCAM: Data-Driven Saliency Maps by Capturing Feature Differences,Xingjian Li; Qiming Zhao; Neelesh Bisht; Mostofa Rafid Uddin; Jin Yu Kim; Bryan Zhang; Min Xu,7,10327-10337,True,https://openaccess.thecvf.com/content/CVPR2025/papers/Li_DiffCAM_Data-Driven_Saliency_Maps_by_Capturing_Feature_Differences_CVPR_2025_paper.pdf,https://openaccess.thecvf.com/content/CVPR2025/supplemental/Li_DiffCAM_Data-Driven_Saliency_CVPR_2025_supplemental.pdf,https://openaccess.thecvf.com/content/CVPR2025/html/Li_DiffCAM_Data-Driven_Saliency_Maps_by_Capturing_Feature_Differences_CVPR_2025_paper.html,"In recent years, the interpretability of Deep Neural Networks (DNNs) has garnered significant attention, particularly due to their widespread deployment in critical domains like healthcare, finance, and autonomous systems. To address the challenge of understanding how DNNs make decisions, Explainable AI (XAI) methods, such as saliency maps, have been developed to provide insights into the inner workings of these models. This paper introduces DiffCAM, a novel XAI method designed to overcome limitations in existing Class Activation Map (CAM)-based techniques, which often rely on decision boundary gradients to estimate feature importance. DiffCAM differentiates itself by considering the actual data distribution of the reference class, identifying feature importance based on how a target example differs from reference examples. This approach captures the most discriminative features without relying on decision boundaries or prediction results, making DiffCAM applicable to a broader range of models, including foundation models. Through extensive experiments, we demonstrate the superior performance and flexibility of DiffCAM in providing meaningful explanations across diverse datasets and scenarios.","@InProceedings{Li_2025_CVPR, author = {Li, Xingjian and Zhao, Qiming and Bisht, Neelesh and Uddin, Mostofa Rafid and Kim, Jin Yu and Zhang, Bryan and Xu, Min}, title = {DiffCAM: Data-Driven Saliency Maps by Capturing Feature Differences}, booktitle = {Proceedings of the Computer Vision and Pattern Recognition Conference (CVPR)}, month = {June}, year = {2025}, pages = {10327-10337} }"
Liu_Protecting_Your_Video_Content_Disrupting_Automated_Video-based_LLM_Annotations_CVPR_2025_paper,2025,0,LLM_Reasoning_Agent,LLM_Reasoning_Agent|Trustworthy_Security_Privacy|Video_Action_Recognition,23.0,0.522,Protecting Your Video Content: Disrupting Automated Video-based LLM Annotations,Haitong Liu; Kuofeng Gao; Yang Bai; Jinmin Li; Jinxiao Shan; Tao Dai; Shu-Tao Xia,7,24056-24065,True,https://openaccess.thecvf.com/content/CVPR2025/papers/Liu_Protecting_Your_Video_Content_Disrupting_Automated_Video-based_LLM_Annotations_CVPR_2025_paper.pdf,https://openaccess.thecvf.com/content/CVPR2025/supplemental/Liu_Protecting_Your_Video_CVPR_2025_supplemental.pdf,https://openaccess.thecvf.com/content/CVPR2025/html/Liu_Protecting_Your_Video_Content_Disrupting_Automated_Video-based_LLM_Annotations_CVPR_2025_paper.html,"Recently, video-based large language models (video-based LLMs) have achieved impressive performance across various video comprehension tasks. However, this rapid advancement raises significant privacy and security concerns, particularly regarding the unauthorized use of personal video data in automated annotation by video-based LLMs. These unauthorized annotated video-text pairs can then be used to improve the performance of downstream tasks, such as text-to-video generation. To safeguard personal videos from unauthorized use, we propose two series of protective video watermarks with imperceptible adversarial perturbations, named Ramblings and Mutes. Concretely, Ramblings aim to mislead video-based LLMs into generating inaccurate captions for the videos, thereby degrading the quality of video annotations through inconsistencies between video content and captions. Mutes, on the other hand, are designed to prompt video-based LLMs to produce exceptionally brief captions, lacking descriptive detail. Extensive experiments demonstrate that our video watermarking methods effectively protect video data by significantly reducing video annotation performance across various video-based LLMs, showcasing both stealthiness and robustness in protecting personal video content. Our code is available at https://github.com/ttthhl/Protecting_Your_Video_Content.","@InProceedings{Liu_2025_CVPR, author = {Liu, Haitong and Gao, Kuofeng and Bai, Yang and Li, Jinmin and Shan, Jinxiao and Dai, Tao and Xia, Shu-Tao}, title = {Protecting Your Video Content: Disrupting Automated Video-based LLM Annotations}, booktitle = {Proceedings of the Computer Vision and Pattern Recognition Conference (CVPR)}, month = {June}, year = {2025}, pages = {24056-24065} }"
Alexandridis_Fractal_Calibration_for_Long-tailed_Object_Detection_CVPR_2025_paper,2025,0,Object_Detection,Object_Detection|Trustworthy_Security_Privacy,22.0,0.545,Fractal Calibration for Long-tailed Object Detection,Konstantinos Panagiotis Alexandridis; Ismail Elezi; Jiankang Deng; Anh Nguyen; Shan Luo,5,15139-15150,True,https://openaccess.thecvf.com/content/CVPR2025/papers/Alexandridis_Fractal_Calibration_for_Long-tailed_Object_Detection_CVPR_2025_paper.pdf,https://openaccess.thecvf.com/content/CVPR2025/supplemental/Alexandridis_Fractal_Calibration_for_CVPR_2025_supplemental.pdf,https://openaccess.thecvf.com/content/CVPR2025/html/Alexandridis_Fractal_Calibration_for_Long-tailed_Object_Detection_CVPR_2025_paper.html,"Real-world datasets follow an imbalanced distribution, which poses significant challenges in rare-category object detection. Recent studies tackle this problem by developing re-weighting and re-sampling methods, that utilise the class frequencies of the dataset. However, these techniques focus solely on the frequency statistics and ignore the distribution of the classes in image space, missing important information. In contrast to them, we propose Fractal CALibration (FRACAL): a novel post-calibration method for long-tailed object detection. FRACAL devises a logit adjustment method that utilises the fractal dimension to estimate how uniformly classes are distributed in image space. During inference, it uses the fractal dimension to inversely downweight the probabilities of uniformly spaced class predictions achieving balance in two axes: between frequent and rare categories, and between uniformly spaced and sparsely spaced classes. FRACAL is a post-processing method and it does not require any training, also it can be combined with many off-the-shelf models such as one-stage sigmoid detectors and two-stage instance segmentation models. FRACAL boosts the rare class performance by up to 8.6% and surpasses all previous methods on LVIS dataset, while showing good generalisation to other datasets such as COCO, V3Det and OpenImages. We provide the code in the Appendix.","@InProceedings{Alexandridis_2025_CVPR, author = {Alexandridis, Konstantinos Panagiotis and Elezi, Ismail and Deng, Jiankang and Nguyen, Anh and Luo, Shan}, title = {Fractal Calibration for Long-tailed Object Detection}, booktitle = {Proceedings of the Computer Vision and Pattern Recognition Conference (CVPR)}, month = {June}, year = {2025}, pages = {15139-15150} }"
Li_Noise_Calibration_and_Spatial-Frequency_Interactive_Network_for_STEM_Image_Enhancement_CVPR_2025_paper,2025,0,Restoration_Enhancement,Restoration_Enhancement|Trustworthy_Security_Privacy,10.0,0.0,Noise Calibration and Spatial-Frequency Interactive Network for STEM Image Enhancement,Hesong Li; Ziqi Wu; Ruiwen Shao; Tao Zhang; Ying Fu,5,21287-21296,True,https://openaccess.thecvf.com/content/CVPR2025/papers/Li_Noise_Calibration_and_Spatial-Frequency_Interactive_Network_for_STEM_Image_Enhancement_CVPR_2025_paper.pdf,,https://openaccess.thecvf.com/content/CVPR2025/html/Li_Noise_Calibration_and_Spatial-Frequency_Interactive_Network_for_STEM_Image_Enhancement_CVPR_2025_paper.html,"Scanning Transmission Electron Microscopy (STEM) enables the observation of atomic arrangements at sub-angstrom resolution, allowing for atomically resolved analysis of the physical and chemical properties of materials. However, due to the effects of noise, electron beam damage, sample thickness, etc, obtaining satisfactory atomic-level images is often challenging. Enhancing STEM images can reveal clearer structural details of materials. Nonetheless, existing STEM image enhancement methods usually overlook unique features in the frequency domain, and existing datasets lack realism and generality. To resolve these issues, in this paper, we develop noise calibration, data synthesis, and enhancement methods for STEM images. We first present a STEM noise calibration method, which is used to synthesize more realistic STEM images. The parameters of background noise, scan noise, and pointwise noise are obtained by statistical analysis and fitting of real STEM images containing atoms. Then we use these parameters to develop a more general dataset that considers both regular and random atomic arrangements and includes both HAADF and BF mode images. Finally, we design a spatial-frequency interactive network for STEM image enhancement, which can explore the information in the frequency domain formed by the periodicity of atomic arrangement. Experimental results show that our data is closer to real STEM images and achieves better enhancement performances together with our network. Code will be available at https://github.com/HeasonLee/SFIN.","@InProceedings{Li_2025_CVPR, author = {Li, Hesong and Wu, Ziqi and Shao, Ruiwen and Zhang, Tao and Fu, Ying}, title = {Noise Calibration and Spatial-Frequency Interactive Network for STEM Image Enhancement}, booktitle = {Proceedings of the Computer Vision and Pattern Recognition Conference (CVPR)}, month = {June}, year = {2025}, pages = {21287-21296} }"
Tan_FedSPA_Generalizable_Federated_Graph_Learning_under_Homophily_Heterogeneity_CVPR_2025_paper,2025,1,Trustworthy_Security_Privacy,Trustworthy_Security_Privacy,12.0,1.0,FedSPA: Generalizable Federated Graph Learning under Homophily Heterogeneity,Zihan Tan; Guancheng Wan; Wenke Huang; He Li; Guibin Zhang; Carl Yang; Mang Ye,7,15464-15475,True,https://openaccess.thecvf.com/content/CVPR2025/papers/Tan_FedSPA_Generalizable_Federated_Graph_Learning_under_Homophily_Heterogeneity_CVPR_2025_paper.pdf,https://openaccess.thecvf.com/content/CVPR2025/supplemental/Tan_FedSPA_Generalizable_Federated_CVPR_2025_supplemental.pdf,https://openaccess.thecvf.com/content/CVPR2025/html/Tan_FedSPA_Generalizable_Federated_Graph_Learning_under_Homophily_Heterogeneity_CVPR_2025_paper.html,"Federated Graph Learning (FGL) has emerged as a solution to address real-world privacy concerns and data silos in graph learning, which relies on Graph Neural Networks (GNNs). Nevertheless, the homophily level discrepancies within the local graph data of clients, termed homophily heterogeneity, significantly degrade the generalizability of a global GNN. Existing research ignores this issue and suffers from unpromising collaboration. In this paper, we propose FedSPA, an effective framework that addresses homophily heterogeneity from the perspectives of homophily conflict and homophily bias. In the first place, the homophily conflict arises when training on inconsistent homophily levels across clients. Correspondingly, we propose Subgraph Feature Propagation Decoupling (SFPD), thereby achieving collaboration on unified homophily levels across clients. To further address homophily bias, we design Homophily Bias-Driven Aggregation (HBDA) which emphasizes clients with lower biases. It enables the adaptive adjustment of each client contribution to the global GNN based on its homophily bias. The superiority of FedSPA is validated through extensive experiments. The code is available at https://github.com/OakleyTan/FedSPA.","@InProceedings{Tan_2025_CVPR, author = {Tan, Zihan and Wan, Guancheng and Huang, Wenke and Li, He and Zhang, Guibin and Yang, Carl and Ye, Mang}, title = {FedSPA: Generalizable Federated Graph Learning under Homophily Heterogeneity}, booktitle = {Proceedings of the Computer Vision and Pattern Recognition Conference (CVPR)}, month = {June}, year = {2025}, pages = {15464-15475} }"
Teney_Do_We_Always_Need_the_Simplicity_Bias_Looking_for_Optimal_CVPR_2025_paper,2025,1,Trustworthy_Security_Privacy,Trustworthy_Security_Privacy,18.0,0.833,Do We Always Need the Simplicity Bias? Looking for Optimal Inductive Biases in the Wild,Damien Teney; Liangze Jiang; Florin Gogianu; Ehsan Abbasnejad,4,79-90,True,https://openaccess.thecvf.com/content/CVPR2025/papers/Teney_Do_We_Always_Need_the_Simplicity_Bias_Looking_for_Optimal_CVPR_2025_paper.pdf,https://openaccess.thecvf.com/content/CVPR2025/supplemental/Teney_Do_We_Always_CVPR_2025_supplemental.pdf,https://openaccess.thecvf.com/content/CVPR2025/html/Teney_Do_We_Always_Need_the_Simplicity_Bias_Looking_for_Optimal_CVPR_2025_paper.html,"Common choices of architecture give neural networks a preference for fitting data with simple functions. This simplicity bias is known as key to their success. This paper explores the limits of this assumption. Building on recent work that showed that activation functions are the origin of the simplicity bias (Teney, 2024), we introduce a method to meta-learn activation functions to modulate this bias.**Findings.** We discover multiple tasks where the assumption of simplicity is inadequate, and standard ReLU architectures are therefore suboptimal. In these cases, we find activation functions that perform better by inducing a prior of higher complexity. Interestingly, these cases correspond to domains where neural networks have historically struggled: tabular data, regression tasks, cases of shortcut learning, and algorithmic grokking tasks. In comparison, the simplicity bias proves adequate on image tasks, where learned activations are nearly identical to ReLUs and GeLUs.**Implications.** (1) Contrary to common belief, the simplicity bias is not universally useful. There exist real tasks where it is suboptimal. (2) The suitability of ReLU models for image classification is not accidental. (3) The success of ML ultimately depends on the adequacy between data and architectures, and there may be benefits for architectures tailored to specific distributions of tasks.","@InProceedings{Teney_2025_CVPR, author = {Teney, Damien and Jiang, Liangze and Gogianu, Florin and Abbasnejad, Ehsan}, title = {Do We Always Need the Simplicity Bias? Looking for Optimal Inductive Biases in the Wild}, booktitle = {Proceedings of the Computer Vision and Pattern Recognition Conference (CVPR)}, month = {June}, year = {2025}, pages = {79-90} }"
Chai_Identifying_and_Mitigating_Spurious_Correlation_in_Multi-Task_Learning_CVPR_2025_paper,2025,1,Trustworthy_Security_Privacy,Trustworthy_Security_Privacy,5.0,1.0,Identifying and Mitigating Spurious Correlation in Multi-Task Learning,Junyi Chai; Shenyu Lu; Xiaoqian Wang,3,25698-25707,True,https://openaccess.thecvf.com/content/CVPR2025/papers/Chai_Identifying_and_Mitigating_Spurious_Correlation_in_Multi-Task_Learning_CVPR_2025_paper.pdf,https://openaccess.thecvf.com/content/CVPR2025/supplemental/Chai_Identifying_and_Mitigating_CVPR_2025_supplemental.pdf,https://openaccess.thecvf.com/content/CVPR2025/html/Chai_Identifying_and_Mitigating_Spurious_Correlation_in_Multi-Task_Learning_CVPR_2025_paper.html,"Multi-task learning (MTL) is a paradigm that aims to improve the generalization of models by simultaneously learning multiple related tasks, leveraging shared representations and task-specific information to enhance performance on individual tasks. However, existing work has shown that MTL can potentially hinder generalization, with one key factor being spurious correlations between tasks. Owing to the knowledge-sharing property, the per-task predictors are more likely to develop reliance on spurious features. Most existing approaches address this issue through distributional robustness, aiming to maintain consistent performance across different distributions under unknown covariate shifts. However, this formulation lacks theoretical guarantees and can be sensitive to the construction of covariate shifts. In this work, we propose a novel perspective, where we seek to identify spurious correlations between tasks. Drawing inspirations from conventional formulations on spurious correlation, for each task, we propose to distinguish its spurious tasks using the difference in correlation coefficients between the empirical distribution and class-wise resampled distributions, thereby capturing the correlations between task labels w.r.t. each class. We prove theoretically the feasibility of the resampling strategy in characterizing spurious correlations between tasks. Furthermore, we propose a simple fine-tuning strategy, debiased adversarial training, where the per-task predictors are adversarially trained to disregard information associated with their spurious tasks. Experimental results on six benchmark datasets show that our method effectively mitigates spurious correlations and outperforms state-of-the-art methods in improving generalization.","@InProceedings{Chai_2025_CVPR, author = {Chai, Junyi and Lu, Shenyu and Wang, Xiaoqian}, title = {Identifying and Mitigating Spurious Correlation in Multi-Task Learning}, booktitle = {Proceedings of the Computer Vision and Pattern Recognition Conference (CVPR)}, month = {June}, year = {2025}, pages = {25698-25707} }"
Ghosal_Immune_Improving_Safety_Against_Jailbreaks_in_Multi-modal_LLMs_via_Inference-Time_CVPR_2025_paper,2025,0,LLM_Reasoning_Agent,LLM_Reasoning_Agent|Trustworthy_Security_Privacy,24.0,0.25,Immune: Improving Safety Against Jailbreaks in Multi-modal LLMs via Inference-Time Alignment,Soumya Suvra Ghosal; Souradip Chakraborty; Vaibhav Singh; Tianrui Guan; Mengdi Wang; Ahmad Beirami; Furong Huang; Alvaro Velasquez; Dinesh Manocha; Amrit Singh Bedi,10,25038-25049,True,https://openaccess.thecvf.com/content/CVPR2025/papers/Ghosal_Immune_Improving_Safety_Against_Jailbreaks_in_Multi-modal_LLMs_via_Inference-Time_CVPR_2025_paper.pdf,https://openaccess.thecvf.com/content/CVPR2025/supplemental/Ghosal_Immune_Improving_Safety_CVPR_2025_supplemental.pdf,https://openaccess.thecvf.com/content/CVPR2025/html/Ghosal_Immune_Improving_Safety_Against_Jailbreaks_in_Multi-modal_LLMs_via_Inference-Time_CVPR_2025_paper.html,"With the widespread deployment of Multimodal Large Language Models (MLLMs) for visual-reasoning tasks, improving their safety has become crucial. Recent research indicates that despite training-time safety alignment, these models remain vulnerable to jailbreak attacks--carefully crafted image-prompt pairs that compel the model to generate harmful content. In this work, we first highlight a critical safety gap, demonstrating that alignment achieved solely through safety training may be insufficient against jailbreak attacks. To address this vulnerability, we propose Immune, an inference-time defense framework that leverages a safe reward model during decoding to defend against jailbreak attacks. Additionally, we provide a mathematical characterization of Immune, offering insights on why it improves safety against jailbreak. Extensive evaluations on diverse jailbreak benchmarks using recent MLLMs reveal that Immune effectively enhances model safety while preserving the model's original capabilities. For instance, against text-based jailbreak attacks on LLaVA-1.6, Immune reduces the attack success rate by 57.82% and 16.78% compared to the base MLLM and state-of-the-art defense strategy, respectively.","@InProceedings{Ghosal_2025_CVPR, author = {Ghosal, Soumya Suvra and Chakraborty, Souradip and Singh, Vaibhav and Guan, Tianrui and Wang, Mengdi and Beirami, Ahmad and Huang, Furong and Velasquez, Alvaro and Manocha, Dinesh and Bedi, Amrit Singh}, title = {Immune: Improving Safety Against Jailbreaks in Multi-modal LLMs via Inference-Time Alignment}, booktitle = {Proceedings of the Computer Vision and Pattern Recognition Conference (CVPR)}, month = {June}, year = {2025}, pages = {25038-25049} }"
Chen_Enhancing_Privacy-Utility_Trade-offs_to_Mitigate_Memorization_in_Diffusion_Models_CVPR_2025_paper,2025,0,Diffusion_Generative,Diffusion_Generative|Trustworthy_Security_Privacy,18.0,0.0,Enhancing Privacy-Utility Trade-offs to Mitigate Memorization in Diffusion Models,Chen Chen; Daochang Liu; Mubarak Shah; Chang Xu,4,8182-8191,True,https://openaccess.thecvf.com/content/CVPR2025/papers/Chen_Enhancing_Privacy-Utility_Trade-offs_to_Mitigate_Memorization_in_Diffusion_Models_CVPR_2025_paper.pdf,https://openaccess.thecvf.com/content/CVPR2025/supplemental/Chen_Enhancing_Privacy-Utility_Trade-offs_CVPR_2025_supplemental.pdf,https://openaccess.thecvf.com/content/CVPR2025/html/Chen_Enhancing_Privacy-Utility_Trade-offs_to_Mitigate_Memorization_in_Diffusion_Models_CVPR_2025_paper.html,"Text-to-image diffusion models have demonstrated remarkable capabilities in creating images highly aligned with user prompts, yet their proclivity for memorizing training set images has sparked concerns about the originality of the generated images and privacy issues, potentially leading to legal complications for both model owners and users, particularly when the memorized images contain proprietary content. Although methods to mitigate these issues have been suggested, enhancing privacy often results in a significant decrease in the utility of the outputs, as indicated by text-alignment scores. To bridge the research gap, we introduce a novel method, PRSS, which refines the classifier-free guidance approach in diffusion models by integrating prompt re-anchoring (PR) to improve privacy and incorporating semantic prompt search (SS) to enhance utility. Extensive experiments across various privacy levels demonstrate that our approach consistently improves the privacy-utility trade-off, establishing a new state-of-the-art.","@InProceedings{Chen_2025_CVPR, author = {Chen, Chen and Liu, Daochang and Shah, Mubarak and Xu, Chang}, title = {Enhancing Privacy-Utility Trade-offs to Mitigate Memorization in Diffusion Models}, booktitle = {Proceedings of the Computer Vision and Pattern Recognition Conference (CVPR)}, month = {June}, year = {2025}, pages = {8182-8191} }"
Park_DART_Disease-aware_Image-Text_Alignment_and_Self-correcting_Re-alignment_for_Trustworthy_Radiology_CVPR_2025_paper,2025,1,Trustworthy_Security_Privacy,Trustworthy_Security_Privacy|Medical_Bio_RemoteSensing|Vision_Language_Multimodal,12.0,0.333,DART: Disease-aware Image-Text Alignment and Self-correcting Re-alignment for Trustworthy Radiology Report Generation,Sang-Jun Park; Keun-Soo Heo; Dong-Hee Shin; Young-Han Son; Ji-Hye Oh; Tae-Eui Kam,6,15580-15589,True,https://openaccess.thecvf.com/content/CVPR2025/papers/Park_DART_Disease-aware_Image-Text_Alignment_and_Self-correcting_Re-alignment_for_Trustworthy_Radiology_CVPR_2025_paper.pdf,https://openaccess.thecvf.com/content/CVPR2025/supplemental/Park_DART_Disease-aware_Image-Text_CVPR_2025_supplemental.pdf,https://openaccess.thecvf.com/content/CVPR2025/html/Park_DART_Disease-aware_Image-Text_Alignment_and_Self-correcting_Re-alignment_for_Trustworthy_Radiology_CVPR_2025_paper.html,"The automatic generation of radiology reports has emerged as a promising solution to reduce a time-consuming task and accurately capture critical disease-relevant findings in X-ray images. Previous approaches for radiology report generation have shown impressive performance. However, there remains significant potential to improve accuracy by ensuring that retrieved reports contain disease-relevant findings similar to those in the X-ray images and by refining generated reports. In this study, we propose a Disease-aware image-text Alignment and self-correcting Re-alignment for Trustworthy radiology report generation (DART) framework. In the first stage, we generate initial reports based on image-to-text retrieval with disease-matching, embedding both images and texts in a shared embedding space through contrastive learning. This approach ensures the retrieval of reports with similar disease-relevant findings that closely align with the input X-ray images. In the second stage, we further enhance the initial reports by introducing a self-correction module that re-aligns them with the X-ray images. Our proposed framework achieves state-of-the-art results on two widely used benchmarks, surpassing previous approaches in both report generation and clinical efficacy metrics, thereby enhancing the trustworthiness of radiology reports.","@InProceedings{Park_2025_CVPR, author = {Park, Sang-Jun and Heo, Keun-Soo and Shin, Dong-Hee and Son, Young-Han and Oh, Ji-Hye and Kam, Tae-Eui}, title = {DART: Disease-aware Image-Text Alignment and Self-correcting Re-alignment for Trustworthy Radiology Report Generation}, booktitle = {Proceedings of the Computer Vision and Pattern Recognition Conference (CVPR)}, month = {June}, year = {2025}, pages = {15580-15589} }"
Ye_VERA_Explainable_Video_Anomaly_Detection_via_Verbalized_Learning_of_Vision-Language_CVPR_2025_paper,2025,0,Vision_Language_Multimodal,Vision_Language_Multimodal|Trustworthy_Security_Privacy,21.0,0.524,VERA: Explainable Video Anomaly Detection via Verbalized Learning of Vision-Language Models,Muchao Ye; Weiyang Liu; Pan He,3,8679-8688,True,https://openaccess.thecvf.com/content/CVPR2025/papers/Ye_VERA_Explainable_Video_Anomaly_Detection_via_Verbalized_Learning_of_Vision-Language_CVPR_2025_paper.pdf,https://openaccess.thecvf.com/content/CVPR2025/supplemental/Ye_VERA_Explainable_Video_CVPR_2025_supplemental.pdf,https://openaccess.thecvf.com/content/CVPR2025/html/Ye_VERA_Explainable_Video_Anomaly_Detection_via_Verbalized_Learning_of_Vision-Language_CVPR_2025_paper.html,"The rapid advancement of vision-language models (VLMs) has established a new paradigm in video anomaly detection (VAD): leveraging VLMs to simultaneously detect anomalies and provide comprehendible explanations for the decisions. Existing work in this direction often assumes the complex reasoning required for VAD exceeds the capabilities of pretrained VLMs. Consequently, these approaches either incorporate specialized reasoning modules during inference or rely on instruction tuning datasets through additional training to adapt VLMs for VAD. However, such strategies often incur substantial computational costs or data annotation overhead. To address these challenges in explainable VAD, we introduce a verbalized learning framework named VERA that enables VLMs to perform VAD without model parameter modifications. Specifically, VERA automatically decomposes the complex reasoning required for VAD into reflections on simpler, more focused guiding questions capturing distinct abnormal patterns. It treats these reflective questions as learnable parameters and optimizes them through data-driven verbal interactions between learner and optimizer VLMs, using coarsely labeled training data. During inference, VERA embeds the learned questions into model prompts to guide VLMs in generating segment-level anomaly scores, which are then refined into frame-level scores via the fusion of scene and temporal contexts. Experimental results on challenging benchmarks demonstrate that the learned questions of VERA are highly adaptable, significantly improving both detection performance and explainability of VLMs for VAD.","@InProceedings{Ye_2025_CVPR, author = {Ye, Muchao and Liu, Weiyang and He, Pan}, title = {VERA: Explainable Video Anomaly Detection via Verbalized Learning of Vision-Language Models}, booktitle = {Proceedings of the Computer Vision and Pattern Recognition Conference (CVPR)}, month = {June}, year = {2025}, pages = {8679-8688} }"
Xing_CLIP_is_Strong_Enough_to_Fight_Back_Test-time_Counterattacks_towards_CVPR_2025_paper,2025,1,Trustworthy_Security_Privacy,Trustworthy_Security_Privacy|Vision_Language_Multimodal,30.0,0.333,CLIP is Strong Enough to Fight Back: Test-time Counterattacks towards Zero-shot Adversarial Robustness of CLIP,Songlong Xing; Zhengyu Zhao; Nicu Sebe,3,15172-15182,True,https://openaccess.thecvf.com/content/CVPR2025/papers/Xing_CLIP_is_Strong_Enough_to_Fight_Back_Test-time_Counterattacks_towards_CVPR_2025_paper.pdf,https://openaccess.thecvf.com/content/CVPR2025/supplemental/Xing_CLIP_is_Strong_CVPR_2025_supplemental.pdf,https://openaccess.thecvf.com/content/CVPR2025/html/Xing_CLIP_is_Strong_Enough_to_Fight_Back_Test-time_Counterattacks_towards_CVPR_2025_paper.html,"Despite its prevalent use in image-text matching tasks in a zero-shot manner, CLIP has been shown to be highly vulnerable to adversarial perturbations added onto images. Recent studies propose to finetune the vision encoder of CLIP with adversarial samples generated on the fly, and show improved robustness against adversarial attacks on a spectrum of downstream datasets, a property termed as zero-shot robustness. In this paper, we show that malicious perturbations that seek to maximise the classification loss lead to `falsely stable' images, and propose to leverage the pre-trained vision encoder of CLIP to counterattack such adversarial images during inference to achieve robustness. Our paradigm is simple and training-free, providing the first method to defend CLIP from adversarial attacks at test time, which is orthogonal to existing methods aiming to boost zero-shot adversarial robustness of CLIP. We conduct experiments across 16 classification datasets, and demonstrate stable and consistent gains compared to test-time defence methods adapted from existing adversarial robustness studies that do not rely on external networks, without noticeably impairing performance on clean images. We also show that our paradigm can be employed on CLIP models that have been adversarially finetuned to further enhance their robustness at test time. Our code will be released.","@InProceedings{Xing_2025_CVPR, author = {Xing, Songlong and Zhao, Zhengyu and Sebe, Nicu}, title = {CLIP is Strong Enough to Fight Back: Test-time Counterattacks towards Zero-shot Adversarial Robustness of CLIP}, booktitle = {Proceedings of the Computer Vision and Pattern Recognition Conference (CVPR)}, month = {June}, year = {2025}, pages = {15172-15182} }"
Li_Enhancing_Adversarial_Transferability_with_Checkpoints_of_a_Single_Models_Training_CVPR_2025_paper,2025,1,Trustworthy_Security_Privacy,Trustworthy_Security_Privacy,9.0,1.0,Enhancing Adversarial Transferability with Checkpoints of a Single Model's Training,Shixin Li; Chaoxiang He; Xiaojing Ma; Bin Benjamin Zhu; Shuo Wang; Hongsheng Hu; Dongmei Zhang; Linchen Yu,8,20685-20694,True,https://openaccess.thecvf.com/content/CVPR2025/papers/Li_Enhancing_Adversarial_Transferability_with_Checkpoints_of_a_Single_Models_Training_CVPR_2025_paper.pdf,,https://openaccess.thecvf.com/content/CVPR2025/html/Li_Enhancing_Adversarial_Transferability_with_Checkpoints_of_a_Single_Models_Training_CVPR_2025_paper.html,"Adversarial attacks threaten the integrity of deep neural networks (DNNs), particularly in high-stakes applications. In this paper, we present a novel black-box adversarial attack that leverages the diverse checkpoints generated during a single model's training trajectory. Unlike conventional ensemble attacks that require multiple surrogate models with diverse architectures, our approach exploits the intrinsic diversity captured over different training stages of a single surrogate model. By decomposing the learned representations into task-intrinsic and task-irrelevant components, we employ an accuracy gap-based selection strategy to identify checkpoints that predominantly capture transferable, task-intrinsic knowledge. Extensive experiments on ImageNet and CIFAR-10 demonstrate that our method consistently outperforms traditional ensemble attacks in terms of transferability, even under resource-constrained and practical settings. This work offers a resource-efficient solution for crafting highly transferable adversarial examples and provides new insights into the dynamics of adversarial vulnerability.","@InProceedings{Li_2025_CVPR, author = {Li, Shixin and He, Chaoxiang and Ma, Xiaojing and Zhu, Bin Benjamin and Wang, Shuo and Hu, Hongsheng and Zhang, Dongmei and Yu, Linchen}, title = {Enhancing Adversarial Transferability with Checkpoints of a Single Model's Training}, booktitle = {Proceedings of the Computer Vision and Pattern Recognition Conference (CVPR)}, month = {June}, year = {2025}, pages = {20685-20694} }"
Lai_ADU_Adaptive_Detection_of_Unknown_Categories_in_Black-Box_Domain_Adaptation_CVPR_2025_paper,2025,0,Transfer_FewShot_DomainAdaptation,Transfer_FewShot_DomainAdaptation|Efficiency_Compression|Trustworthy_Security_Privacy,15.0,0.6,ADU: Adaptive Detection of Unknown Categories in Black-Box Domain Adaptation,Yushan Lai; Guowen Li; Haoyuan Liang; Juepeng Zheng; Zhiyu Ye,5,30588-30598,True,https://openaccess.thecvf.com/content/CVPR2025/papers/Lai_ADU_Adaptive_Detection_of_Unknown_Categories_in_Black-Box_Domain_Adaptation_CVPR_2025_paper.pdf,https://openaccess.thecvf.com/content/CVPR2025/supplemental/Lai_ADU_Adaptive_Detection_CVPR_2025_supplemental.pdf,https://openaccess.thecvf.com/content/CVPR2025/html/Lai_ADU_Adaptive_Detection_of_Unknown_Categories_in_Black-Box_Domain_Adaptation_CVPR_2025_paper.html,"Black-box Domain Adaptation (BDA) utilizes a black-box predictor of the source domain to label target domain data, addressing privacy concerns in Unsupervised Domain Adaptation (UDA). However, BDA assumes identical label sets across domains, which is unrealistic. To overcome this limitation, we propose a study on BDA with unknown classes in the target domain. It uses a black-box predictor to label target data and identify ""unknown"" categories, without requiring access to source domain data or predictor parameters, thus addressing both data privacy and category shift issues in traditional UDA. Existing methods face two main challenges: (i) Noisy pseudo-labels in knowledge distillation (KD) accumulate prediction errors, and (ii) relying on a preset threshold fails to adapt to varying category shifts. To address these, we propose ADU, a framework that allows the target domain to autonomously learn pseudo-labels guided by quality and use an adaptive threshold to identify ""unknown"" categories. Specifically, ADU consists of Selective Amplification Knowledge Distillation (SAKD) and Entopy-Driven Label Differentiation (EDLD). SAKD improves KD by focusing on high-quality pseudo-labels, mitigating the impact of noisy labels. EDLD categorizes pseudo-labels by quality and applies tailored training strategies to distinguish ""unknown"" categories, improving detection accuracy and adaptability. Extensive experiments show that ADU achieves state-of-the-art results, outperforming the best existing method by 3.1% on VisDA in the OPBDA scenario.","@InProceedings{Lai_2025_CVPR, author = {Lai, Yushan and Li, Guowen and Liang, Haoyuan and Zheng, Juepeng and Ye, Zhiyu}, title = {ADU: Adaptive Detection of Unknown Categories in Black-Box Domain Adaptation}, booktitle = {Proceedings of the Computer Vision and Pattern Recognition Conference (CVPR)}, month = {June}, year = {2025}, pages = {30588-30598} }"
Tian_Identifying_and_Mitigating_Position_Bias_of_Multi-image_Vision-Language_Models_CVPR_2025_paper,2025,1,Trustworthy_Security_Privacy,Trustworthy_Security_Privacy|Vision_Language_Multimodal|LLM_Reasoning_Agent,18.0,0.333,Identifying and Mitigating Position Bias of Multi-image Vision-Language Models,Xinyu Tian; Shu Zou; Zhaoyuan Yang; Jing Zhang,4,10599-10609,True,https://openaccess.thecvf.com/content/CVPR2025/papers/Tian_Identifying_and_Mitigating_Position_Bias_of_Multi-image_Vision-Language_Models_CVPR_2025_paper.pdf,https://openaccess.thecvf.com/content/CVPR2025/supplemental/Tian_Identifying_and_Mitigating_CVPR_2025_supplemental.pdf,https://openaccess.thecvf.com/content/CVPR2025/html/Tian_Identifying_and_Mitigating_Position_Bias_of_Multi-image_Vision-Language_Models_CVPR_2025_paper.html,"The evolution of Large Vision-Language Models (LVLMs) has progressed from single-image understanding to multi-image reasoning. Despite this advancement, our findings indicate that LVLMs struggle to robustly utilize information across multiple images, with predictions significantly affected by the alteration of image positions. To further explore this issue, we introduce Position-wise Question Answering (PQA), a meticulously designed task to quantify reasoning capabilities at each position. Our analysis reveals a pronounced position bias in LVLMs: open-source models excel in reasoning with images positioned later but underperform with those in the middle or at the beginning, while proprietary models like GPT-4o show improved comprehension for images at the beginning and end but struggle with those in the middle. Motivated by these insights, we propose SoFt Attention (SoFA), a simple, training-free approach that mitigates this bias by employing linear interpolation between inter-image causal attention and bidirectional counterparts. Experimental results demonstrate that SoFA effectively reduces position bias and significantly enhances the reasoning performance of existing LVLMs.","@InProceedings{Tian_2025_CVPR, author = {Tian, Xinyu and Zou, Shu and Yang, Zhaoyuan and Zhang, Jing}, title = {Identifying and Mitigating Position Bias of Multi-image Vision-Language Models}, booktitle = {Proceedings of the Computer Vision and Pattern Recognition Conference (CVPR)}, month = {June}, year = {2025}, pages = {10599-10609} }"
Hou_DeDe_Detecting_Backdoor_Samples_for_SSL_Encoders_via_Decoders_CVPR_2025_paper,2025,1,Trustworthy_Security_Privacy,Trustworthy_Security_Privacy|SelfSupervised_Representation,18.0,0.5,DeDe: Detecting Backdoor Samples for SSL Encoders via Decoders,Sizai Hou; Songze Li; Duanyi Yao,3,20675-20684,True,https://openaccess.thecvf.com/content/CVPR2025/papers/Hou_DeDe_Detecting_Backdoor_Samples_for_SSL_Encoders_via_Decoders_CVPR_2025_paper.pdf,https://openaccess.thecvf.com/content/CVPR2025/supplemental/Hou_DeDe_Detecting_Backdoor_CVPR_2025_supplemental.zip,https://openaccess.thecvf.com/content/CVPR2025/html/Hou_DeDe_Detecting_Backdoor_Samples_for_SSL_Encoders_via_Decoders_CVPR_2025_paper.html,"Self-supervised learning (SSL) is pervasively exploited in training high-quality upstream encoders with a large amount of unlabeled data. However, it is found to be susceptible to backdoor attacks merely via polluting a small portion of training data. The victim encoders associate triggered inputs with target embeddings, e.g., mapping a triggered cat image to an airplane embedding, such that the downstream tasks inherit unintended behaviors when the trigger is activated. Emerging backdoor attacks have shown great threats across different SSL paradigms such as contrastive learning and CLIP, yet limited research is devoted to defending against such attacks, and existing defenses fall short in detecting advanced stealthy backdoors. To address the limitations, we propose a novel detection mechanism, DeDe, which detects the activation of backdoor mappings caused by triggered inputs on victim encoders. Specifically, DeDe trains a decoder for any given SSL encoder using an auxiliary dataset (which can be out-of-distribution or even slightly poisoned), so that for any triggered input that misleads the encoder into the target embedding, the decoder generates an output image significantly different from the input. DeDe leverages the discrepancy between the input and the decoded output to identify potential backdoor misbehavior during inference. We empirically evaluate DeDe on both contrastive learning and CLIP models against various types of backdoor attacks. Our results demonstrate promising detection effectiveness over various advanced attacks and superior performance compared over state-of-the-art detection methods.","@InProceedings{Hou_2025_CVPR, author = {Hou, Sizai and Li, Songze and Yao, Duanyi}, title = {DeDe: Detecting Backdoor Samples for SSL Encoders via Decoders}, booktitle = {Proceedings of the Computer Vision and Pattern Recognition Conference (CVPR)}, month = {June}, year = {2025}, pages = {20675-20684} }"
Zhang_Joint_Vision-Language_Social_Bias_Removal_for_CLIP_CVPR_2025_paper,2025,0,Vision_Language_Multimodal,Vision_Language_Multimodal|Trustworthy_Security_Privacy,24.0,0.25,Joint Vision-Language Social Bias Removal for CLIP,Haoyu Zhang; Yangyang Guo; Mohan Kankanhalli,3,4246-4255,True,https://openaccess.thecvf.com/content/CVPR2025/papers/Zhang_Joint_Vision-Language_Social_Bias_Removal_for_CLIP_CVPR_2025_paper.pdf,https://openaccess.thecvf.com/content/CVPR2025/supplemental/Zhang_Joint_Vision-Language_Social_CVPR_2025_supplemental.pdf,https://openaccess.thecvf.com/content/CVPR2025/html/Zhang_Joint_Vision-Language_Social_Bias_Removal_for_CLIP_CVPR_2025_paper.html,"Vision-Language (V-L) pre-trained models such as CLIP show prominent capabilities in various downstream tasks. Despite this promise, V-L models are notoriously limited by their inherent social biases. A typical demonstration is that V-L models often produce biased predictions against specific groups of people, significantly undermining their real-world applicability. Existing approaches endeavor to mitigate the social bias problem in V-L models by removing biased attribute information from model embeddings. However, after our revisiting of these methods, we find that their bias removal is frequently accompanied by greatly compromised V-L alignment capabilities. We then reveal that this performance degradation stems from the unbalanced debiasing in image and text embeddings. To address this issue, we propose a novel V-L debiasing framework to align image and text biases followed by removing them from both modalities. By doing so, our method achieves multi-modal bias mitigation while maintaining the V-L alignment in the debiased embeddings. Additionally, we advocate a new evaluation protocol that can 1) holistically quantify the model debiasing and V-L alignment ability, and 2) evaluate the generalization of social bias removal models. We believe this work will offer new insights and guidance for future studies addressing the social bias problem in CLIP.","@InProceedings{Zhang_2025_CVPR, author = {Zhang, Haoyu and Guo, Yangyang and Kankanhalli, Mohan}, title = {Joint Vision-Language Social Bias Removal for CLIP}, booktitle = {Proceedings of the Computer Vision and Pattern Recognition Conference (CVPR)}, month = {June}, year = {2025}, pages = {4246-4255} }"
Liu_DEAL_Data-Efficient_Adversarial_Learning_for_High-Quality_Infrared_Imaging_CVPR_2025_paper,2025,1,Trustworthy_Security_Privacy,Trustworthy_Security_Privacy,3.0,1.0,DEAL: Data-Efficient Adversarial Learning for High-Quality Infrared Imaging,Zhu Liu; Zijun Wang; Jinyuan Liu; Fanqi Meng; Long Ma; Risheng Liu,6,28198-28207,True,https://openaccess.thecvf.com/content/CVPR2025/papers/Liu_DEAL_Data-Efficient_Adversarial_Learning_for_High-Quality_Infrared_Imaging_CVPR_2025_paper.pdf,,https://openaccess.thecvf.com/content/CVPR2025/html/Liu_DEAL_Data-Efficient_Adversarial_Learning_for_High-Quality_Infrared_Imaging_CVPR_2025_paper.html,"Thermal imaging is often compromised by dynamic, complex degradations caused by hardware limitations and unpredictable environmental factors. The scarcity of high-quality infrared data, coupled with the challenges of dynamic, intricate degradations, makes it difficult to recover details using existing methods. In this paper, we introduce thermal degradation simulation integrated into the training process via a mini-max optimization, by modeling these degraded factors as adversarial attacks on thermal images. The simulation is dynamic to maximize objective functions, thus capturing a broad spectrum of degraded data distributions. This approach enables training with limited data, thereby improving model performance. Additionally, we introduce a dual-interaction network that combines the benefits of spiking neural networks with scale transformation to capture degraded features with sharp spike signal intensities. This architecture ensures compact model parameters while preserving efficient feature representation. Extensive experiments demonstrate that our method not only achieves superior visual quality under diverse single and composited degradation, but also delivers a significant reduction in processing when trained on only fifty clear images, outperforming existing techniques in efficiency and accuracy. The source code will be available at https://github.com/LiuZhu-CV/DEAL.","@InProceedings{Liu_2025_CVPR, author = {Liu, Zhu and Wang, Zijun and Liu, Jinyuan and Meng, Fanqi and Ma, Long and Liu, Risheng}, title = {DEAL: Data-Efficient Adversarial Learning for High-Quality Infrared Imaging}, booktitle = {Proceedings of the Computer Vision and Pattern Recognition Conference (CVPR)}, month = {June}, year = {2025}, pages = {28198-28207} }"
Kim_Autoregressive_Distillation_of_Diffusion_Transformers_CVPR_2025_paper,2025,0,Diffusion_Generative,Diffusion_Generative|Trustworthy_Security_Privacy,15.0,0.6,Autoregressive Distillation of Diffusion Transformers,Yeongmin Kim; Sotiris Anagnostidis; Yuming Du; Edgar Schönfeld; Jonas Kohler; Markos Georgopoulos; Albert Pumarola; Ali Thabet; Artsiom Sanakoyeu,9,15745-15756,True,https://openaccess.thecvf.com/content/CVPR2025/papers/Kim_Autoregressive_Distillation_of_Diffusion_Transformers_CVPR_2025_paper.pdf,https://openaccess.thecvf.com/content/CVPR2025/supplemental/Kim_Autoregressive_Distillation_of_CVPR_2025_supplemental.pdf,https://openaccess.thecvf.com/content/CVPR2025/html/Kim_Autoregressive_Distillation_of_Diffusion_Transformers_CVPR_2025_paper.html,"Diffusion models with transformer architectures have demonstrated promising capabilities in generating high-fidelity images and scalability for high resolution. However, iterative sampling process required for synthesis is very resource-intensive. A line of work has focused on distilling solutions to probability flow ODEs into few-step student models. Nevertheless, existing methods have been limited by their reliance on the most recent denoised samples as input, rendering them susceptible to exposure bias. To address this limitation, we propose AutoRegressive Distillation (ARD), a novel approach that leverages the historical trajectory of the ODE to predict future steps. ARD offers two key benefits: 1) it mitigates exposure bias by utilizing a predicted historical trajectory that is less susceptible to accumulated errors, and 2) it leverages the previous history of the ODE trajectory as a more effective source of coarse-grained information. ARD modifies the teacher transformer architecture by adding token-wise time embedding to mark each input from the trajectory history and employs a block-wise causal attention mask for training. Furthermore, incorporating historical inputs only in lower transformer layers enhances performance and efficiency. We validate the effectiveness of ARD in a class-conditioned generation on ImageNet and T2I synthesis. Our model achieves a 5xreduction in FID degradation compared to the baseline methods while requiring only 1.1% extra FLOPs on ImageNet-256. Moreover, ARD reaches FID of 1.84 on ImageNet-256 in merely 4 steps and outperforms the publicly available 1024p text-to-image distilled models in prompt adherence score with a minimal drop in FID compared to the teacher. Our code is available at https://github.com/alsdudrla10/ARD.","@InProceedings{Kim_2025_CVPR, author = {Kim, Yeongmin and Anagnostidis, Sotiris and Du, Yuming and Sch\""onfeld, Edgar and Kohler, Jonas and Georgopoulos, Markos and Pumarola, Albert and Thabet, Ali and Sanakoyeu, Artsiom}, title = {Autoregressive Distillation of Diffusion Transformers}, booktitle = {Proceedings of the Computer Vision and Pattern Recognition Conference (CVPR)}, month = {June}, year = {2025}, pages = {15745-15756} }"
Benou_Show_and_Tell_Visually_Explainable_Deep_Neural_Nets_via_Spatially-Aware_CVPR_2025_paper,2025,1,Trustworthy_Security_Privacy,Trustworthy_Security_Privacy,10.0,0.8,Show and Tell: Visually Explainable Deep Neural Nets via Spatially-Aware Concept Bottleneck Models,Itay Benou; Tammy Riklin Raviv,2,30063-30072,True,https://openaccess.thecvf.com/content/CVPR2025/papers/Benou_Show_and_Tell_Visually_Explainable_Deep_Neural_Nets_via_Spatially-Aware_CVPR_2025_paper.pdf,https://openaccess.thecvf.com/content/CVPR2025/supplemental/Benou_Show_and_Tell_CVPR_2025_supplemental.pdf,https://openaccess.thecvf.com/content/CVPR2025/html/Benou_Show_and_Tell_Visually_Explainable_Deep_Neural_Nets_via_Spatially-Aware_CVPR_2025_paper.html,"Modern deep neural networks have now reached human-level performance across a variety of tasks. However, unlike humans they lack the ability to explain their decisions by showing where and telling what concepts guided them. In this work, we present a unified framework for transforming any vision neural network into a spatially and conceptually interpretable model. We introduce a spatially-aware concept bottleneck layer that projects ""black-box"" features of pre-trained backbone models into interpretable concept maps, without requiring human labels. By training a classification layer over this bottleneck, we obtain a self-explaining model that articulates which concepts most influenced its prediction, along with heatmaps that ground them in the input image. Accordingly, we name this method ""Spatially-Aware and Label-Free Concept Bottleneck Model"" (SALF-CBM). Our results show that the proposed SALF-CBM: (1) Outperforms non-spatial CBM methods, as well as the original backbone, on a variety of classification tasks; (2) Produces high-quality spatial explanations, outperforming widely used heatmap-based methods on a zero-shot segmentation task; (3) Facilitates model exploration and debugging, enabling users to query specific image regions and refine the model's decisions by locally editing its concept maps.","@InProceedings{Benou_2025_CVPR, author = {Benou, Itay and Raviv, Tammy Riklin}, title = {Show and Tell: Visually Explainable Deep Neural Nets via Spatially-Aware Concept Bottleneck Models}, booktitle = {Proceedings of the Computer Vision and Pattern Recognition Conference (CVPR)}, month = {June}, year = {2025}, pages = {30063-30072} }"
Guo_Rethinking_Vision-Language_Model_in_Face_Forensics_Multi-Modal_Interpretable_Forged_Face_CVPR_2025_paper,2025,0,Face_Biometrics,Face_Biometrics|Vision_Language_Multimodal|Trustworthy_Security_Privacy,33.0,0.303,Rethinking Vision-Language Model in Face Forensics: Multi-Modal Interpretable Forged Face Detector,Xiao Guo; Xiufeng Song; Yue Zhang; Xiaohong Liu; Xiaoming Liu,5,105-116,True,https://openaccess.thecvf.com/content/CVPR2025/papers/Guo_Rethinking_Vision-Language_Model_in_Face_Forensics_Multi-Modal_Interpretable_Forged_Face_CVPR_2025_paper.pdf,https://openaccess.thecvf.com/content/CVPR2025/supplemental/Guo_Rethinking_Vision-Language_Model_CVPR_2025_supplemental.pdf,https://openaccess.thecvf.com/content/CVPR2025/html/Guo_Rethinking_Vision-Language_Model_in_Face_Forensics_Multi-Modal_Interpretable_Forged_Face_CVPR_2025_paper.html,"Deepfake detection is a long-established research topic vital for mitigating the spread of malicious misinformation. Unlike prior methods that provide either binary classification results or textual explanations separately, we introduce a novel method capable of generating both simultaneously. Our method harnesses the multi-modal learning capability of the pre-trained CLIP and the unprecedented interpretability of large language models (LLMs) to enhance both the generalization and explainability of deepfake detection. Specifically, we introduce a multi-modal face forgery detector (M2F2-Det) that employs tailored face forgery prompt learning, incorporating the pre-trained CLIP to improve generalization to unseen forgeries. Also, M2F2-Det incorporates an LLM to provide detailed textual explanations of its detection decisions, enhancing interpretability by bridging the gap between natural language and subtle cues of facial forgeries. Empirically, we evaluate M2F2-Det on both detection and explanation generation tasks, where it achieves state-of-the-art performance, demonstrating its effectiveness in identifying and explaining diverse forgeries. Source code and models are available at this link.","@InProceedings{Guo_2025_CVPR, author = {Guo, Xiao and Song, Xiufeng and Zhang, Yue and Liu, Xiaohong and Liu, Xiaoming}, title = {Rethinking Vision-Language Model in Face Forensics: Multi-Modal Interpretable Forged Face Detector}, booktitle = {Proceedings of the Computer Vision and Pattern Recognition Conference (CVPR)}, month = {June}, year = {2025}, pages = {105-116} }"
Agarwal_TIDE_Training_Locally_Interpretable_Domain_Generalization_Models_Enables_Test-time_Correction_CVPR_2025_paper,2025,0,Transfer_FewShot_DomainAdaptation,Transfer_FewShot_DomainAdaptation|Trustworthy_Security_Privacy|Segmentation,12.0,0.333,TIDE: Training Locally Interpretable Domain Generalization Models Enables Test-time Correction,Aishwarya Agarwal; Srikrishna Karanam; Vineet Gandhi,3,30210-30220,True,https://openaccess.thecvf.com/content/CVPR2025/papers/Agarwal_TIDE_Training_Locally_Interpretable_Domain_Generalization_Models_Enables_Test-time_Correction_CVPR_2025_paper.pdf,https://openaccess.thecvf.com/content/CVPR2025/supplemental/Agarwal_TIDE_Training_Locally_CVPR_2025_supplemental.pdf,https://openaccess.thecvf.com/content/CVPR2025/html/Agarwal_TIDE_Training_Locally_Interpretable_Domain_Generalization_Models_Enables_Test-time_Correction_CVPR_2025_paper.html,"We consider the problem of single-source domain generalization. Existing methods typically rely on extensive augmentations to synthetically cover diverse domains during training. However, they struggle with semantic shifts (e.g., background and viewpoint changes), as they often learn global features instead of local concepts that tend to be domain invariant. To address this gap, we propose an approach that compels models to leverage such local concepts during prediction. Given no suitable dataset with per-class concepts and localization maps exists, we first develop a novel pipeline to generate annotations by exploiting the rich features of diffusion and large-language models. Our next innovation is TIDE, a novel training scheme with a concept saliency alignment loss that ensures model focus on the right per-concept regions and a local concept contrastive loss that promotes learning domain-invariant concept representations. This not only gives a robust model but also can be visually interpreted using the predicted concept saliency maps. Given these maps at test time, our final contribution is a new correction algorithm that uses the corresponding local concept representations to iteratively refine the prediction until it aligns with prototypical concept representations that we store at the end of model training. We evaluate our approach extensively on four standard DG benchmark datasets and substantially outperform the current state-of-the-art (12% improvement on average) while also demonstrating that our predictions can be visually interpreted.","@InProceedings{Agarwal_2025_CVPR, author = {Agarwal, Aishwarya and Karanam, Srikrishna and Gandhi, Vineet}, title = {TIDE: Training Locally Interpretable Domain Generalization Models Enables Test-time Correction}, booktitle = {Proceedings of the Computer Vision and Pattern Recognition Conference (CVPR)}, month = {June}, year = {2025}, pages = {30210-30220} }"
Wang_Detecting_Adversarial_Data_Using_Perturbation_Forgery_CVPR_2025_paper,2025,1,Trustworthy_Security_Privacy,Trustworthy_Security_Privacy|Object_Detection,9.0,0.222,Detecting Adversarial Data Using Perturbation Forgery,Qian Wang; Chen Li; Yuchen Luo; Hefei Ling; Shijuan Huang; Ruoxi Jia; Ning Yu,7,13917-13926,True,https://openaccess.thecvf.com/content/CVPR2025/papers/Wang_Detecting_Adversarial_Data_Using_Perturbation_Forgery_CVPR_2025_paper.pdf,https://openaccess.thecvf.com/content/CVPR2025/supplemental/Wang_Detecting_Adversarial_Data_CVPR_2025_supplemental.pdf,https://openaccess.thecvf.com/content/CVPR2025/html/Wang_Detecting_Adversarial_Data_Using_Perturbation_Forgery_CVPR_2025_paper.html,"As a defense strategy against adversarial attacks, adversarial detection aims to identify and filter out adversarial data from the data flow based on discrepancies in distribution and noise patterns between natural and adversarial data. Although previous detection methods achieve high performance in detecting gradient-based adversarial attacks, new attacks based on generative models with imbalanced and anisotropic noise patterns evade detection. Even worse, the significant inference time overhead and limited performance against unseen attacks make existing techniques impractical for real-world use. In this paper, we explore the proximity relationship among adversarial noise distributions and demonstrate the existence of an open covering for these distributions. By training on the open covering of adversarial noise distributions, a detector with strong generalization performance against various types of unseen attacks can be developed. Based on this insight, we heuristically propose Perturbation Forgery, which includes noise distribution perturbation, sparse mask generation, and pseudo-adversarial data production, to train an adversarial detector capable of detecting any unseen gradient-based, generative-based, and physical adversarial attacks. Comprehensive experiments conducted on multiple general and facial datasets, with a wide spectrum of attacks, validate the strong generalization of our method.","@InProceedings{Wang_2025_CVPR, author = {Wang, Qian and Li, Chen and Luo, Yuchen and Ling, Hefei and Huang, Shijuan and Jia, Ruoxi and Yu, Ning}, title = {Detecting Adversarial Data Using Perturbation Forgery}, booktitle = {Proceedings of the Computer Vision and Pattern Recognition Conference (CVPR)}, month = {June}, year = {2025}, pages = {13917-13926} }"
Yang_D3_Scaling_Up_Deepfake_Detection_by_Learning_from_Discrepancy_CVPR_2025_paper,2025,1,Trustworthy_Security_Privacy,Trustworthy_Security_Privacy|Object_Detection,20.0,0.4,D^3: Scaling Up Deepfake Detection by Learning from Discrepancy,Yongqi Yang; Zhihao Qian; Ye Zhu; Olga Russakovsky; Yu Wu,5,23850-23859,True,https://openaccess.thecvf.com/content/CVPR2025/papers/Yang_D3_Scaling_Up_Deepfake_Detection_by_Learning_from_Discrepancy_CVPR_2025_paper.pdf,https://openaccess.thecvf.com/content/CVPR2025/supplemental/Yang_D3_Scaling_Up_CVPR_2025_supplemental.pdf,https://openaccess.thecvf.com/content/CVPR2025/html/Yang_D3_Scaling_Up_Deepfake_Detection_by_Learning_from_Discrepancy_CVPR_2025_paper.html,"The boom of Generative AI brings opportunities entangled with risks and concerns. Existing literature emphasizes the generalization capability of deepfake detection on unseen generators, significantly promoting the detector's ability to identify more universal artifacts. This work seeks a step toward a universal deepfake detection system with better generalization and robustness. We do so by first scaling up the existing detection task setup from the one-generator to multiple-generators in training, during which we disclose two challenges presented in prior methodological designs and demonstrate the divergence of detectors' performance. Specifically, we reveal that the current methods tailored for training on one specific generator either struggle to learn comprehensive artifacts from multiple generators or sacrifice their fitting ability for seen generators (i.e., In-Domain (ID) performance) to exchange the generalization for unseen generators (i.e., Out-Of-Domain (OOD) performance). To tackle the above challenges, we propose our Discrepancy Deepfake Detector (D3) framework, whose core idea is to deconstruct the universal artifacts from multiple generators by introducing a parallel network branch that takes a distorted image feature as an extra discrepancy signal and supplements its original counterpart. Extensive scaled-up experiments demonstrate the effectiveness of D3, achieving 5.3% accuracy improvement in the OOD testing compared to the current SOTA methods while maintaining the ID performance. The source code will be updated in our GitHub repository: https://github.com/BigAandSmallq/D3.","@InProceedings{Yang_2025_CVPR, author = {Yang, Yongqi and Qian, Zhihao and Zhu, Ye and Russakovsky, Olga and Wu, Yu}, title = {D{\textasciicircum}3: Scaling Up Deepfake Detection by Learning from Discrepancy}, booktitle = {Proceedings of the Computer Vision and Pattern Recognition Conference (CVPR)}, month = {June}, year = {2025}, pages = {23850-23859} }"
Xiang_Jailbreaking_the_Non-Transferable_Barrier_via_Test-Time_Data_Disguising_CVPR_2025_paper,2025,1,Trustworthy_Security_Privacy,Trustworthy_Security_Privacy,8.0,1.0,Jailbreaking the Non-Transferable Barrier via Test-Time Data Disguising,Yongli Xiang; Ziming Hong; Lina Yao; Dadong Wang; Tongliang Liu,5,30671-30681,True,https://openaccess.thecvf.com/content/CVPR2025/papers/Xiang_Jailbreaking_the_Non-Transferable_Barrier_via_Test-Time_Data_Disguising_CVPR_2025_paper.pdf,https://openaccess.thecvf.com/content/CVPR2025/supplemental/Xiang_Jailbreaking_the_Non-Transferable_CVPR_2025_supplemental.pdf,https://openaccess.thecvf.com/content/CVPR2025/html/Xiang_Jailbreaking_the_Non-Transferable_Barrier_via_Test-Time_Data_Disguising_CVPR_2025_paper.html,"Non-transferable learning (NTL) has been proposed to protect model intellectual property (IP) by creating a ""non-transferable barrier"" to restrict generalization from authorized to unauthorized domains. Recently, well-designed attack, which restores the unauthorized-domain performance by fine-tuning NTL models on few authorized samples, highlights the security risks of NTL-based applications. However, such attack requires modifying model weights, thus being invalid in the black-box scenario. This raises a critical question: can we trust the security of NTL models deployed as black-box systems? In this work, we reveal the first loophole of black-box NTL models by proposing a novel attack method (dubbed as JailNTL) to jailbreak the non-transferable barrier through test-time data disguising, The main idea of JailNTL is to disguise unauthorized data so it can be identified as authorized by the NTL model, thereby bypassing the non-transferable barrier without modifying the NTL model weights. Specifically, JailNTL encourages unauthorized-domain disguising in two levels, including: (i) data-intrinsic disguising (DID) for eliminating domain discrepancy and preserving class-related content at the input-level, and (ii) model-guided disguising (MGD) for mitigating output-level statistics difference of the NTL model. Empirically, when attacking state-of-the-art (SOTA) NTL models in the black-box scenario, JailNTL achieves an accuracy increase of up to 55.7% in the unauthorized domain by using only 1% authorized samples, largely exceeding existing SOTA white-box attacks. Code is released at https://github.com/tmllab/2025_CVPR_JailNTL.","@InProceedings{Xiang_2025_CVPR, author = {Xiang, Yongli and Hong, Ziming and Yao, Lina and Wang, Dadong and Liu, Tongliang}, title = {Jailbreaking the Non-Transferable Barrier via Test-Time Data Disguising}, booktitle = {Proceedings of the Computer Vision and Pattern Recognition Conference (CVPR)}, month = {June}, year = {2025}, pages = {30671-30681} }"
