paper_id,year,is_primary,primary_topic,all_topics,topic_score,confidence,title,authors,n_authors,pages,has_abstract,pdf_url,supp_url,detail_url,abstract,bibtex
Xiao_Generalizable_Structure-Aware_Keypoint_Correspondence_for_Category-Unified_3D_Single_Object_Tracking_CVPR_2026_paper,2026,1,Tracking_MOT,Tracking_MOT|LowLevel_Flow_Depth_Matching,32.0,0.531,Generalizable Structure-Aware Keypoint Correspondence for Category-Unified 3D Single Object Tracking,Jie Xiao; Yinchao Ma; Yuyang Tang; Dengqing Yang; Jianpeng Yang; Xu Zhou; Qiao Li; Wenfei Yang; Tianzhu Zhang,9,28156-28166,True,https://openaccess.thecvf.com/content/CVPR2026/papers/Xiao_Generalizable_Structure-Aware_Keypoint_Correspondence_for_Category-Unified_3D_Single_Object_Tracking_CVPR_2026_paper.pdf,https://openaccess.thecvf.com/content/CVPR2026/supplemental/Xiao_Generalizable_Structure-Aware_Keypoint_CVPR_2026_supplemental.pdf,https://openaccess.thecvf.com/content/CVPR2026/html/Xiao_Generalizable_Structure-Aware_Keypoint_Correspondence_for_Category-Unified_3D_Single_Object_Tracking_CVPR_2026_paper.html,"3D single object tracking (SOT) in point clouds is essential for real-world 3D perception, yet it remains challenging due to data sparsity and large variations in scale and structure across diverse object categories. Most existing methods rely on a category-specific paradigm that trains separate models for each class, severely limiting scalability and generalization in real deployment. Extending these methods to a single model capable of tracking diverse object categories proves inadequate, as the significant variations across categories make it difficult to establish reliable geometric correspondences without category-specific priors. To overcome these limitations, we propose a Unified Structural KeyPoint Tracker (UniKPT), a novel structure-aware and generalizable framework for category-unified 3D point cloud tracking. UniKPT comprises three key modules: (1) an adaptive keypoint extractor that produces scale-aware and semantically meaningful keypoints; (2) a progressive correspondence aligner that establishes robust cross-frame geometric associations; and (3) a confidence-aware structural localization module that suppresses unreliable matches and leverages fine-grained structural relationships for precise 3D localization. Extensive experiments on the nuScenes and KITTI benchmarks show that UniKPT achieves new state-of-the-art performance in category-unified 3D SOT. On the challenging nuScenes dataset, our unified model further surpasses category-specific state-of-the-art trackers by 4.37% in Success and 5.16% in Precision.","@InProceedings{Xiao_2026_CVPR, author = {Xiao, Jie and Ma, Yinchao and Tang, Yuyang and Yang, Dengqing and Yang, Jianpeng and Zhou, Xu and Li, Qiao and Yang, Wenfei and Zhang, Tianzhu}, title = {Generalizable Structure-Aware Keypoint Correspondence for Category-Unified 3D Single Object Tracking}, booktitle = {Proceedings of the IEEE/CVF Conference on Computer Vision and Pattern Recognition (CVPR)}, month = {June}, year = {2026}, pages = {28156-28166} }"
Wen_Prompt-Anchored_Vision-Text_Distillation_for_Lifelong_Person_Re-identification_CVPR_2026_paper,2026,0,LLM_Reasoning_Agent,LLM_Reasoning_Agent|Tracking_MOT|Transfer_FewShot_DomainAdaptation,12.0,0.0,Prompt-Anchored Vision-Text Distillation for Lifelong Person Re-identification,Wen Wen; Hao Chen; Shiliang Zhang,3,18503-18512,True,https://openaccess.thecvf.com/content/CVPR2026/papers/Wen_Prompt-Anchored_Vision-Text_Distillation_for_Lifelong_Person_Re-identification_CVPR_2026_paper.pdf,https://openaccess.thecvf.com/content/CVPR2026/supplemental/Wen_Prompt-Anchored_Vision-Text_Distillation_CVPR_2026_supplemental.pdf,https://openaccess.thecvf.com/content/CVPR2026/html/Wen_Prompt-Anchored_Vision-Text_Distillation_for_Lifelong_Person_Re-identification_CVPR_2026_paper.html,"Lifelong person re-identification (LReID) aims to train a generalizable model with sequentially collected data. However, such models often suffer from semantic drift, limited adaptability, and catastrophic forgetting as new domains emerge. Existing exemplar-free approaches largely rely on visual-only distillation or parameter regularization, while overlooking the potential of auxiliary modalities, such as text, to preserve semantic stability and enable incremental plasticity. We observe that the frozen text encoder in pretrained vision-language models can serve as a stable semantic anchor across domains. To decouple the roles of vision and text, we propose Prompt-Anchored vision-text Distillation (PAD), an asymmetric vision-text framework for semantic alignment and cross-domain generalization. On the textual side, we distill prompts to preserve vision-text alignment under a fixed semantic space, acting as a global semantic reference rather than a dominant learning signal. On the visual side, an EMA-based teacher with an adaptive prompt pool enables domain-wise adaptation by allocating new slots while freezing past ones. Extensive experiments show that PAD substantially outperforms state-of-the-art methods across seen and unseen domains, achieving a strong balance between stability and plasticity. Project page: https://github.com/zu-zi/PAD.","@InProceedings{Wen_2026_CVPR, author = {Wen, Wen and Chen, Hao and Zhang, Shiliang}, title = {Prompt-Anchored Vision-Text Distillation for Lifelong Person Re-identification}, booktitle = {Proceedings of the IEEE/CVF Conference on Computer Vision and Pattern Recognition (CVPR)}, month = {June}, year = {2026}, pages = {18503-18512} }"
Hollidt_Ultra_Diffusion_Poser_Diffusion-Based_Human_Motion_Tracking_from_Sparse_Inertial_CVPR_2026_paper,2026,0,Human_Pose_Body,Human_Pose_Body|Tracking_MOT,6.0,0.0,Ultra Diffusion Poser: Diffusion-Based Human Motion Tracking from Sparse Inertial Sensors and Ranging-based Between-sensor Distances,Dominik Hollidt; Tommaso Bendinelli; Christian Holz,3,7036-7046,True,https://openaccess.thecvf.com/content/CVPR2026/papers/Hollidt_Ultra_Diffusion_Poser_Diffusion-Based_Human_Motion_Tracking_from_Sparse_Inertial_CVPR_2026_paper.pdf,https://openaccess.thecvf.com/content/CVPR2026/supplemental/Hollidt_Ultra_Diffusion_Poser_CVPR_2026_supplemental.pdf,https://openaccess.thecvf.com/content/CVPR2026/html/Hollidt_Ultra_Diffusion_Poser_Diffusion-Based_Human_Motion_Tracking_from_Sparse_Inertial_CVPR_2026_paper.html,"Methods using inertial measurement units (IMUs) provide a wearable alternative to camera-based motion capture. To mitigate drift from inertial signals, recent sparse inertial pose estimators integrate inter-sensor distances measured by ultra-wideband (UWB) ranging. So far, UWB distances have only been used as an additional input feature, ignoring the physical constraints they impose on sensor positions. However, these distances can also be used to reconstruct the underlying 3D sensor layout, which in turn provides more informative input for pose reconstruction. We propose Ultra Diffusion Poser, a diffusion model that explicitly models these geometric constraints. It includes a Spatial Layout Module that analytically reconstructs the 3D sensor positions from UWB measurements. These sensor positions are used alongside IMU signals and UWB distances as a conditioning signal during diffusion. Still, network predictions can violate inter-sensor distance measurements. To address this, we introduce UWB-Diffusion Guidance, which encourages alignment between predicted poses and measured distances during diffusion sampling. Together, these contributions enable our model to achieve state-of-the-art performance, reducing joint position error by up to 22% over prior work. Code can be found here https://github.com/eth-siplab/UltraDiffusionPoser.","@InProceedings{Hollidt_2026_CVPR, author = {Hollidt, Dominik and Bendinelli, Tommaso and Holz, Christian}, title = {Ultra Diffusion Poser: Diffusion-Based Human Motion Tracking from Sparse Inertial Sensors and Ranging-based Between-sensor Distances}, booktitle = {Proceedings of the IEEE/CVF Conference on Computer Vision and Pattern Recognition (CVPR)}, month = {June}, year = {2026}, pages = {7036-7046} }"
Wu_An_Efficient_Token_Compression_Framework_for_Visual_Object_Tracking_CVPR_2026_paper,2026,1,Tracking_MOT,Tracking_MOT|Efficiency_Compression,21.0,0.571,An Efficient Token Compression Framework for Visual Object Tracking,Weijing Wu; Qihua Liang; Bineng Zhong; Haiying Xia; Zhiyi Mo; Shuxiang Song,6,6857-6867,True,https://openaccess.thecvf.com/content/CVPR2026/papers/Wu_An_Efficient_Token_Compression_Framework_for_Visual_Object_Tracking_CVPR_2026_paper.pdf,,https://openaccess.thecvf.com/content/CVPR2026/html/Wu_An_Efficient_Token_Compression_Framework_for_Visual_Object_Tracking_CVPR_2026_paper.html,"Refining visual representations by eliminating their internal feature-level redundancy is crucial for simultaneously optimizing the performance and computational cost of models in visual tracking. To enhance their performance, many contemporary Transformer-based trackers leverage a larger number of historical template frames to capture richer spatio-temporal cues. However, this strategy leads to a massive number of input visual tokens. This creates two critical issues: it imposes a quadratic computational burden and can also degrade the tracker's overall performance. To bridge this gap, we propose a compress-then-interact tracking framework, ETCTrack, that learns to efficiently compress template tokens from historical template frames into a robust target representation, moving beyond handcrafted rules. Our method first employs the Adaptive Token Compressor to dynamically construct compact yet highly discriminative template tokens by filtering out redundant visual tokens. These refined template tokens are then processed by our Hierarchical Interaction Encoder to achieve a deep, adaptive interaction with the search features. Refined search features ensure subsequent precise target localization. Experiments on seven benchmarks demonstrate that our method outperforms current state-of-the-art trackers. ETCTrack-B224 reduces the number of template tokens by 60%, leading to a 21.4% reduction in MACs with only a 0.4% drop in accuracy. The source code are available at https://github.com/PJD-WJ/ETCTrack.","@InProceedings{Wu_2026_CVPR, author = {Wu, Weijing and Liang, Qihua and Zhong, Bineng and Xia, Haiying and Mo, Zhiyi and Song, Shuxiang}, title = {An Efficient Token Compression Framework for Visual Object Tracking}, booktitle = {Proceedings of the IEEE/CVF Conference on Computer Vision and Pattern Recognition (CVPR)}, month = {June}, year = {2026}, pages = {6857-6867} }"
Li_RAGTrack_Language-aware_RGBT_Tracking_with_Retrieval-Augmented_Generation_CVPR_2026_paper,2026,1,Tracking_MOT,Tracking_MOT|Vision_Language_Multimodal|LLM_Reasoning_Agent,12.0,0.25,RAGTrack: Language-aware RGBT Tracking with Retrieval-Augmented Generation,Hao Li; Yuhao Wang; Wenning Hao; Pingping Zhang; Dong Wang; Huchuan Lu,6,28179-28189,True,https://openaccess.thecvf.com/content/CVPR2026/papers/Li_RAGTrack_Language-aware_RGBT_Tracking_with_Retrieval-Augmented_Generation_CVPR_2026_paper.pdf,https://openaccess.thecvf.com/content/CVPR2026/supplemental/Li_RAGTrack_Language-aware_RGBT_CVPR_2026_supplemental.pdf,https://openaccess.thecvf.com/content/CVPR2026/html/Li_RAGTrack_Language-aware_RGBT_Tracking_with_Retrieval-Augmented_Generation_CVPR_2026_paper.html,"RGB-Thermal (RGBT) tracking aims to achieve robust object localization across diverse environmental conditions by fusing visible and thermal infrared modalities. However, existing RGBT trackers rely solely on initial-frame visual information for target modeling, failing to adapt to appearance variations due to the absence of language guidance. Furthermore, current methods suffer from redundant search regions and heterogeneous modality gaps, causing background distraction. To address these issues, we first introduce textual descriptions into RGBT tracking benchmarks. This is accomplished through a pipeline that leverages Multi-modal Large Language Models (MLLMs) to automatically produce texual annotations. Afterwards, we propose RAGTrack, a novel Retrieval-Augmented Generation framework for robust RGBT tracking. To this end, we introduce a Multi-modal Transformer Encoder (MTE) for unified visual-language modeling. Then, we design an Adaptive Token Fusion (ATF) to select target-relevant tokens and perform channel exchanges based on cross-modal correlations, mitigating search redundancies and modality gaps. Finally, we propose a Context-aware Reasoning Module (CRM) to maintain a dynamic knowledge base and employ a Retrieval-Augmented Generation (RAG) to enable temporal linguistic reasoning for robust target modeling. Extensive experiments on four RGBT benchmarks demonstrate that our framework achieves state-of-the-art performance across various challenging scenarios. The source code is available at https://github.com/IdolLab/RAGTrack.","@InProceedings{Li_2026_CVPR, author = {Li, Hao and Wang, Yuhao and Hao, Wenning and Zhang, Pingping and Wang, Dong and Lu, Huchuan}, title = {RAGTrack: Language-aware RGBT Tracking with Retrieval-Augmented Generation}, booktitle = {Proceedings of the IEEE/CVF Conference on Computer Vision and Pattern Recognition (CVPR)}, month = {June}, year = {2026}, pages = {28179-28189} }"
Fiastre_CaptionFormer_Unified_Segmentation_Tracking_and_Captioning_for_Spatio-Temporal_Objects_CVPR_2026_paper,2026,0,Video_Action_Recognition,Video_Action_Recognition|Tracking_MOT|Segmentation,12.0,0.167,"CaptionFormer: Unified Segmentation, Tracking, and Captioning for Spatio-Temporal Objects",Gabriel Fiastre; Antoine Yang; Cordelia Schmid,3,39518-39528,True,https://openaccess.thecvf.com/content/CVPR2026/papers/Fiastre_CaptionFormer_Unified_Segmentation_Tracking_and_Captioning_for_Spatio-Temporal_Objects_CVPR_2026_paper.pdf,https://openaccess.thecvf.com/content/CVPR2026/supplemental/Fiastre_CaptionFormer_Unified_Segmentation_CVPR_2026_supplemental.pdf,https://openaccess.thecvf.com/content/CVPR2026/html/Fiastre_CaptionFormer_Unified_Segmentation_Tracking_and_Captioning_for_Spatio-Temporal_Objects_CVPR_2026_paper.html,"Dense Video Object Captioning (DVOC) is the task of jointly detecting, tracking, and captioning object trajectories in a video, requiring the ability to understand spatio-temporal details and describe them in natural language.Due to the complexity of the task and the high cost associated with manual annotation, previous approaches resort to training strategies with limited data, potentially leading to suboptimal performance.To circumvent this issue, we propose to generate captions about spatio-temporally localized entities leveraging a state-of-the-art VLM, and extend the LVIS and LV-VIS datasets with our synthetic captions (LVISCap and LV-VISCap). Moreover, we introduce an end-to-end model, CaptionFormer, capable of jointly detecting, segmenting, tracking and captioning object trajectories.With pretraining on LVISCap and LV-VISCap, CaptionFormer achieves state-of-the-art DVOC results on three existing benchmarks, VidSTG, VLN and BenSMOT.","@InProceedings{Fiastre_2026_CVPR, author = {Fiastre, Gabriel and Yang, Antoine and Schmid, Cordelia}, title = {CaptionFormer: Unified Segmentation, Tracking, and Captioning for Spatio-Temporal Objects}, booktitle = {Proceedings of the IEEE/CVF Conference on Computer Vision and Pattern Recognition (CVPR)}, month = {June}, year = {2026}, pages = {39518-39528} }"
Geng_TGTrack_Temporal_Generative_Learning_for_Unified_Single_Object_Tracking_CVPR_2026_paper,2026,1,Tracking_MOT,Tracking_MOT,19.0,1.0,TGTrack: Temporal Generative Learning for Unified Single Object Tracking,Wanting Geng; Xin Chen; Chuanyu Sun; Jie Zhao; Ben Kang; Dong Wang; Huchuan Lu,7,28134-28144,True,https://openaccess.thecvf.com/content/CVPR2026/papers/Geng_TGTrack_Temporal_Generative_Learning_for_Unified_Single_Object_Tracking_CVPR_2026_paper.pdf,https://openaccess.thecvf.com/content/CVPR2026/supplemental/Geng_TGTrack_Temporal_Generative_CVPR_2026_supplemental.pdf,https://openaccess.thecvf.com/content/CVPR2026/html/Geng_TGTrack_Temporal_Generative_Learning_for_Unified_Single_Object_Tracking_CVPR_2026_paper.html,"Existing single object trackers typically treat temporal modeling superficially by passing limited inter-frame information, such as propagated tokens or template updates, without intrinsic temporal supervision learning. To address this limitation, we propose TGTrack, a new unified tracking framework that incorporates a temporally generative supervision task to guide the model in learning temporal dynamics. The core of TGTrack is a temporally generative learning paradigm equipped with a transformer-based generative decoder, which consists of a gated fusion module and an autoregressive prediction mechanism. This joint design enables the model to infer future scenarios from preceding information, thereby improving its ability to model both visual appearance and temporal dynamics. Furthermore, we introduce a time token embedding to explicitly encode the temporal position of each frame. Experiments on 11 benchmarks spanning five modalities show that TGTrack achieves state-of-the-art performance in robust unified tracking. For instance, TGTrack-B384 achieves an AUC of 75.3% on LaSOT. Code is available at https://github.com/wtg1/TGTrack.","@InProceedings{Geng_2026_CVPR, author = {Geng, Wanting and Chen, Xin and Sun, Chuanyu and Zhao, Jie and Kang, Ben and Wang, Dong and Lu, Huchuan}, title = {TGTrack: Temporal Generative Learning for Unified Single Object Tracking}, booktitle = {Proceedings of the IEEE/CVF Conference on Computer Vision and Pattern Recognition (CVPR)}, month = {June}, year = {2026}, pages = {28134-28144} }"
Oh_Pose-guided_Enriched_Feature_Learning_for_Federated-by-camera_Person_Re-identification_CVPR_2026_paper,2026,1,Tracking_MOT,Tracking_MOT,12.0,0.75,Pose-guided Enriched Feature Learning for Federated-by-camera Person Re-identification,JooHyung Oh; Minyoung Oh; Sung Whan Yoon; Jae-Young Sim,4,40458-40467,True,https://openaccess.thecvf.com/content/CVPR2026/papers/Oh_Pose-guided_Enriched_Feature_Learning_for_Federated-by-camera_Person_Re-identification_CVPR_2026_paper.pdf,https://openaccess.thecvf.com/content/CVPR2026/supplemental/Oh_Pose-guided_Enriched_Feature_CVPR_2026_supplemental.pdf,https://openaccess.thecvf.com/content/CVPR2026/html/Oh_Pose-guided_Enriched_Feature_Learning_for_Federated-by-camera_Person_Re-identification_CVPR_2026_paper.html,"Extending person re-identification (ReID) to a federated scenario has recently drawn attention due to privacy concerns of individuals, but existing methods mostly assume sufficient diversity in pose variations even within a decentralized client. We focus on a more realistic federated-by-camera scenario, where each client corresponds to a single camera and thus captures only a sparse set of poses. To enrich pose diversity, we propose a pose-guided enriched feature learning method that explicitly augments pose-diverse samples. Specifically, a Pose-Extraction Module (PEM) disentangles pose-relevant and pose-irrelevant feature components, where pose-relationship knowledge distillation method helps identify the correct pose and semantic consistency maintenance method preserves semantics even with pose changes. In addition, a compatibility regularization method ensures the PEM to be compatible with the feature space of the global model. By recombining pose-relevant and -irrelevant components across identities via PEM, our method synthesizes pose-swapped features, thereby substantially enhances contrastive learning of ReID models. Extensive experiments on Market1501 and MSMT17 under the federated-by-camera setting demonstrate that the proposed method consistently outperforms federated ReID baselines and their conjunctions with the existing feature augmentation methods; thus achieving state-of-the-art federated ReID performance.","@InProceedings{Oh_2026_CVPR, author = {Oh, JooHyung and Oh, Minyoung and Yoon, Sung Whan and Sim, Jae-Young}, title = {Pose-guided Enriched Feature Learning for Federated-by-camera Person Re-identification}, booktitle = {Proceedings of the IEEE/CVF Conference on Computer Vision and Pattern Recognition (CVPR)}, month = {June}, year = {2026}, pages = {40458-40467} }"
Zhang_Rethinking_Occlusion_Modeling_for_UAV_Tracking_CVPR_2026_paper,2026,1,Tracking_MOT,Tracking_MOT|Embodied_AI_Robotics,14.0,0.143,Rethinking Occlusion Modeling for UAV Tracking,Jian Zhang; Xincheng Yu; Yi Lin,3,13563-13573,True,https://openaccess.thecvf.com/content/CVPR2026/papers/Zhang_Rethinking_Occlusion_Modeling_for_UAV_Tracking_CVPR_2026_paper.pdf,,https://openaccess.thecvf.com/content/CVPR2026/html/Zhang_Rethinking_Occlusion_Modeling_for_UAV_Tracking_CVPR_2026_paper.html,"Occlusion remains one of the major challenges in UAV tracking, where dynamic viewpoints and complex environments often cause partial or complete visibility loss.Existing transformer-based trackers typically regard occlusion as random information dropout, overlooking its structured and spatially correlated nature in real-world scenes.We rethink occlusion modeling in UAV tracking as a structured process governed by spatial dependencies.Based on this insight, we introduce Clustered Occlusion Modeling (COM) to generate realistic, density-adaptive occlusion patterns that enhance feature robustness under partial visibility.Furthermore, we design Cost-Aware Depth Bias (CADB), which employs a depth-dependent prior to adjust inference depth, yielding better efficiency while maintaining competitive accuracy.Integrating COM and CADB into a unified single-stream transformer framework, termed OCTrack, our tracker achieves robust and efficient UAV tracking in occlusion-prone environments.Extensive experiments on multiple UAV benchmarks validate its effectiveness and demonstrate state-of-the-art performance.","@InProceedings{Zhang_2026_CVPR, author = {Zhang, Jian and Yu, Xincheng and Lin, Yi}, title = {Rethinking Occlusion Modeling for UAV Tracking}, booktitle = {Proceedings of the IEEE/CVF Conference on Computer Vision and Pattern Recognition (CVPR)}, month = {June}, year = {2026}, pages = {13563-13573} }"
Koo_MV-TAP_Tracking_Any_Point_in_Multi-View_Videos_CVPR_2026_paper,2026,1,Tracking_MOT,Tracking_MOT,14.0,0.786,MV-TAP: Tracking Any Point in Multi-View Videos,Jahyeok Koo; Inès Hyeonsu Kim; Mungyeom Kim; Junghyun Park; Seohyeon Park; Jaeyeong Kim; Jung Yi; Seokju Cho; Seungryong Kim,9,20932-20941,True,https://openaccess.thecvf.com/content/CVPR2026/papers/Koo_MV-TAP_Tracking_Any_Point_in_Multi-View_Videos_CVPR_2026_paper.pdf,https://openaccess.thecvf.com/content/CVPR2026/supplemental/Koo_MV-TAP_Tracking_Any_CVPR_2026_supplemental.zip,https://openaccess.thecvf.com/content/CVPR2026/html/Koo_MV-TAP_Tracking_Any_Point_in_Multi-View_Videos_CVPR_2026_paper.html,"Multi-view camera systems enable rich observations of complex real-world scenes, and understanding dynamic objects in multi-view settings has become central to various applications. Point tracking serves as a key mechanism for capturing dynamic motion. However, conventional single-view approaches often fail due to the limited geometric information available in monocular video, which becomes a critical bottleneck for multi-view extension. In this work, we present MV-TAP, a robust point tracker that tracks points across multi-view videos of dynamic scenes by leveraging cross-view information. MV-TAP utilizes camera geometry and a cross-view attention mechanism to aggregate spatio-temporal information across views, enabling more complete and reliable trajectory estimation in multi-view videos. To support this task, we construct a large-scale synthetic training dataset and real-world evaluation sets tailored for multi-view tracking. Extensive experiments demonstrate that MV-TAP outperforms existing point-tracking methods on challenging benchmarks, establishing an effective baseline for advancing research in multi-view point tracking.","@InProceedings{Koo_2026_CVPR, author = {Koo, Jahyeok and Kim, In\`es Hyeonsu and Kim, Mungyeom and Park, Junghyun and Park, Seohyeon and Kim, Jaeyeong and Yi, Jung and Cho, Seokju and Kim, Seungryong}, title = {MV-TAP: Tracking Any Point in Multi-View Videos}, booktitle = {Proceedings of the IEEE/CVF Conference on Computer Vision and Pattern Recognition (CVPR)}, month = {June}, year = {2026}, pages = {20932-20941} }"
Qi_Humanoid_Generative_Pre-Training_for_Zero-Shot_Motion_Tracking_CVPR_2026_paper,2026,1,Tracking_MOT,Tracking_MOT|LLM_Reasoning_Agent|SelfSupervised_Representation,8.0,0.25,Humanoid Generative Pre-Training for Zero-Shot Motion Tracking,Zekun Qi; Xuchuan Chen; Jilong Wang; Chenghuai Lin; Yunrui Lian; Wenyao Zhang; Xinqiang Yu; He Wang; Li Yi,9,20834-20844,True,https://openaccess.thecvf.com/content/CVPR2026/papers/Qi_Humanoid_Generative_Pre-Training_for_Zero-Shot_Motion_Tracking_CVPR_2026_paper.pdf,https://openaccess.thecvf.com/content/CVPR2026/supplemental/Qi_Humanoid_Generative_Pre-Training_CVPR_2026_supplemental.pdf,https://openaccess.thecvf.com/content/CVPR2026/html/Qi_Humanoid_Generative_Pre-Training_for_Zero-Shot_Motion_Tracking_CVPR_2026_paper.html,"We introduce Humanoid-GPT, a GPT-style Transformer with causal attention trained on a billion-scale motion corpus for whole-body control. Unlike prior shallow MLP trackers constrained by scarce data and an agility-generalization trade-off, Humanoid-GPT is pre-trained on a 2B-frame retargeted corpus that unifies all major mocap datasets with large-scale in-house recordings. Scaling both data and model capacity yields a single generative Transformer that tracks highly dynamic behaviors while achieving unprecedented zero-shot generalization to unseen motions and control tasks. Extensive experiments and scaling analyses show that our model establishes a new performance frontier, demonstrating robust zero-shot generalization to unseen tasks while simultaneously tracking highly dynamic and complex motions.","@InProceedings{Qi_2026_CVPR, author = {Qi, Zekun and Chen, Xuchuan and Wang, Jilong and Lin, Chenghuai and Lian, Yunrui and Zhang, Wenyao and Yu, Xinqiang and Wang, He and Yi, Li}, title = {Humanoid Generative Pre-Training for Zero-Shot Motion Tracking}, booktitle = {Proceedings of the IEEE/CVF Conference on Computer Vision and Pattern Recognition (CVPR)}, month = {June}, year = {2026}, pages = {20834-20844} }"
Xue_Toward_Low-Cost_yet_Effective_Temporal_Learning_for_UAV_Tracking_CVPR_2026_paper,2026,1,Tracking_MOT,Tracking_MOT|Embodied_AI_Robotics,16.0,0.5,Toward Low-Cost yet Effective Temporal Learning for UAV Tracking,Chaocan Xue; Qihua Liang; Bineng Zhong; Yanting Zu; Yuanliang Xue; Haiying Xia; Shuxiang Song,7,42538-42548,True,https://openaccess.thecvf.com/content/CVPR2026/papers/Xue_Toward_Low-Cost_yet_Effective_Temporal_Learning_for_UAV_Tracking_CVPR_2026_paper.pdf,,https://openaccess.thecvf.com/content/CVPR2026/html/Xue_Toward_Low-Cost_yet_Effective_Temporal_Learning_for_UAV_Tracking_CVPR_2026_paper.html,"The utilization of temporal information has always been an open topic in the tracking community. However, existing trackers tend to employ more and more inputs or parameters for temporal learning, hindering their deployment in resource-constrained unmanned aerial vehicles (UAVs). More importantly, this raises ambiguity whether the performance gains come from the temporal learning itself, or come from the increased inputs and parameters. In this study, we advocate designing temporal learning components from a more balanced perspective that jointly considers performance gains and computational costs. To achieve this goal, we introduce a new evaluation metric, i.e., precision per FLOP (PPF). The PPF is introduced to quantify the tracking precision gains achieved by temporal learning components per unit of FLOP, thus enabling fair and efficiency-aware comparisons among these components and driving them toward more efficient designs. Based on this metric, we propose a low-cost yet effective temporal learning (LETL) approach to model contextual relationships. This approach continuously propagates and merges representative appearance tokens in video streams, allowing the tracker to efficiently capture the changing patterns of targets with relatively low costs. We integrate the LETL approach into existing one-stream frameworks, thereby building a simple yet effective tracker, namely LETrack, for robust UAV tracking. Extensive experimental demonstrate the superiority of our LETrack, and show that the proposed LETL approach achieves higher PPF scores. The Code is available at https://github.com/GXNU-ZhongLab/LETrack.","@InProceedings{Xue_2026_CVPR, author = {Xue, Chaocan and Liang, Qihua and Zhong, Bineng and Zu, Yanting and Xue, Yuanliang and Xia, Haiying and Song, Shuxiang}, title = {Toward Low-Cost yet Effective Temporal Learning for UAV Tracking}, booktitle = {Proceedings of the IEEE/CVF Conference on Computer Vision and Pattern Recognition (CVPR)}, month = {June}, year = {2026}, pages = {42538-42548} }"
Ye_Breaking_Smooth-Motion_Assumptions_A_UAV_Benchmark_for_Multi-Object_Tracking_in_CVPR_2026_paper,2026,1,Tracking_MOT,Tracking_MOT|Embodied_AI_Robotics,26.0,0.538,Breaking Smooth-Motion Assumptions: A UAV Benchmark for Multi-Object Tracking in Complex and Adverse Conditions,Jingtao Ye; Kexin Zhang; Xunchi Ma; Yuechan Li; Guangming Zhu; Peiyi Shen; Linhua Jiang; Xiangdong Zhang; Liang Zhang,9,13594-13603,True,https://openaccess.thecvf.com/content/CVPR2026/papers/Ye_Breaking_Smooth-Motion_Assumptions_A_UAV_Benchmark_for_Multi-Object_Tracking_in_CVPR_2026_paper.pdf,https://openaccess.thecvf.com/content/CVPR2026/supplemental/Ye_Breaking_Smooth-Motion_Assumptions_CVPR_2026_supplemental.pdf,https://openaccess.thecvf.com/content/CVPR2026/html/Ye_Breaking_Smooth-Motion_Assumptions_A_UAV_Benchmark_for_Multi-Object_Tracking_in_CVPR_2026_paper.html,"The rapid movements and agile maneuvers of unmanned aerial vehicles (UAVs) induce significant observational challenges for multi-object tracking (MOT). However, existing UAV-perspective MOT benchmarks often lack these complexities, featuring predominantly predictable camera dynamics and linear motion patterns. To address this gap, we introduce DynUAV, a new benchmark for dynamic UAV-perspective MOT, characterized by intense ego-motion and the resulting complex apparent trajectories. The benchmark comprises 42 video sequences with over 1.7 million bounding box annotations, covering vehicles, pedestrians, and specialized industrial categories such as excavators, bulldozers and cranes. Compared to existing benchmarks, DynUAV introduces substantial challenges arising from ego-motion, including drastic scale changes and viewpoint changes, as well as motion blur. Comprehensive evaluations of state-of-the-art trackers on DynUAV reveal their limitations, particularly in managing the intertwined challenges of detection and association under such dynamic conditions, thereby establishing DynUAV as a rigorous benchmark. We anticipate that DynUAV will serve as a demanding testbed to spur progress in real-world UAV-perspective MOT, and we will make all resources available at https://github.com/kxzhang-lab/DynUAV.","@InProceedings{Ye_2026_CVPR, author = {Ye, Jingtao and Zhang, Kexin and Ma, Xunchi and Li, Yuechan and Zhu, Guangming and Shen, Peiyi and Jiang, Linhua and Zhang, Xiangdong and Zhang, Liang}, title = {Breaking Smooth-Motion Assumptions: A UAV Benchmark for Multi-Object Tracking in Complex and Adverse Conditions}, booktitle = {Proceedings of the IEEE/CVF Conference on Computer Vision and Pattern Recognition (CVPR)}, month = {June}, year = {2026}, pages = {13594-13603} }"
Jin_Progressive_Multi-cue_Alignment_for_Unaligned_RGBT_Tracking_CVPR_2026_paper,2026,1,Tracking_MOT,Tracking_MOT|Vision_Language_Multimodal,12.0,0.5,Progressive Multi-cue Alignment for Unaligned RGBT Tracking,Jiandong Jin; Chenglong Li; Hao Feng; Andong Lu; Lili Huang; Jin Tang,6,35207-35216,True,https://openaccess.thecvf.com/content/CVPR2026/papers/Jin_Progressive_Multi-cue_Alignment_for_Unaligned_RGBT_Tracking_CVPR_2026_paper.pdf,https://openaccess.thecvf.com/content/CVPR2026/supplemental/Jin_Progressive_Multi-cue_Alignment_CVPR_2026_supplemental.pdf,https://openaccess.thecvf.com/content/CVPR2026/html/Jin_Progressive_Multi-cue_Alignment_for_Unaligned_RGBT_Tracking_CVPR_2026_paper.html,"Unaligned RGBT tracking aims to achieve robust target localization across spatially misaligned RGB and thermal infrared (TIR) videos, a crucial challenge for deploying RGBT tracking in real-world scenarios. Existing methods often calculate all cross-modal alignment parameters (i.e., spatial shift and scale change) simultaneously, but suffer from two major limitations. 1) They are difficult to adapt to different degrees of unaligned difficulty during tracking. 2) They usually require complex models to handle challenging scenarios, resulting in a large computational burden. To overcome these limitations, we propose a novel Progressive Multi-cue Alignment framework called PMATrack, which disentangles the calculation of cross-modal alignment parameters in a progressive manner and dynamically selects appropriate cues to handle different challenges, thereby enabling robust and efficient unaligned RGBT tracking. In particular, PMATrack divides the cross-modal alignment parameter estimation into three stages to progressively perform center offset computation, scale transformation estimation, and global refinement. At each stage, we design a difficulty-aware router to adaptively select the appropriate alignment expert based on the cross-modal alignment complexity, thereby reducing computational redundancy. In addition, we build a high-quality video benchmark called MUART244 to facilitate the comprehensive evaluation of different unaligned RGBT tracking algorithms. Extensive experiments demonstrate the outstanding performance of PMATrack against existing state-of-the-art methods. The code and dataset will be available at https://github.com/NOP1224/Unaligned_RGBT_Tracking.","@InProceedings{Jin_2026_CVPR, author = {Jin, Jiandong and Li, Chenglong and Feng, Hao and Lu, Andong and Huang, Lili and Tang, Jin}, title = {Progressive Multi-cue Alignment for Unaligned RGBT Tracking}, booktitle = {Proceedings of the IEEE/CVF Conference on Computer Vision and Pattern Recognition (CVPR)}, month = {June}, year = {2026}, pages = {35207-35216} }"
Qin_UAST_Unified_Active_Search_and_Tracking_for_Arbitrary_Targets_with_CVPR_2026_paper,2026,1,Tracking_MOT,Tracking_MOT,12.0,0.833,UAST: Unified Active Search and Tracking for Arbitrary Targets with UAVs,Liang Qin; Min Wang; Xingyu Lu; Aowen Qiu; Wengang Zhou; Houqiang Li,6,13464-13473,True,https://openaccess.thecvf.com/content/CVPR2026/papers/Qin_UAST_Unified_Active_Search_and_Tracking_for_Arbitrary_Targets_with_CVPR_2026_paper.pdf,,https://openaccess.thecvf.com/content/CVPR2026/html/Qin_UAST_Unified_Active_Search_and_Tracking_for_Arbitrary_Targets_with_CVPR_2026_paper.html,"Active search and tracking of arbitrary targets by Unmanned Aerial Vehicles (UAVs) in cluttered environments remains a highly challenging problem. Existing methods either construct complex modular pipelines, leading to substantial computational costs, or adopt end-to-end controllers that often fail to generalize across different targets and scenes. Moreover, search and tracking are typically treated separately despite their strong interdependence. In this paper, we present UAST, a simple yet effective mapping-free framework that unifies active search and persistent tracking using only RGB-D observations. The proposed system couples a dual-branch perception module with a Rule-Based Point Search Policy that adaptively switches between tracking and search-based recovery. A lightweight control network generates dynamically feasible trajectories directly from fused perception and UAV states. Furthermore, we introduce a training strategy with an elaborated tracking-aware visibility loss and a tailored data construction. Extensive experiments in both simulated and real-world environments show that our approach achieves higher success rates, more stable long-term tracking, and faster target search compared with existing methods, while maintaining high efficiency. The code is available at https://github.com/qinliangql/UAST.","@InProceedings{Qin_2026_CVPR, author = {Qin, Liang and Wang, Min and Lu, Xingyu and Qiu, Aowen and Zhou, Wengang and Li, Houqiang}, title = {UAST: Unified Active Search and Tracking for Arbitrary Targets with UAVs}, booktitle = {Proceedings of the IEEE/CVF Conference on Computer Vision and Pattern Recognition (CVPR)}, month = {June}, year = {2026}, pages = {13464-13473} }"
Dong_Tracking_through_Severe_Occlusion_via_Event-Derived_Transient_Cues_CVPR_2026_paper,2026,1,Tracking_MOT,Tracking_MOT,12.0,0.75,Tracking through Severe Occlusion via Event-Derived Transient Cues,Hao Dong; Yujin Liu; Haoyue Liu; Zhenyu Wang; Shihan Peng; Zhiwei Shi; Yi Chang; Luxin Yan,8,29526-29536,True,https://openaccess.thecvf.com/content/CVPR2026/papers/Dong_Tracking_through_Severe_Occlusion_via_Event-Derived_Transient_Cues_CVPR_2026_paper.pdf,https://openaccess.thecvf.com/content/CVPR2026/supplemental/Dong_Tracking_through_Severe_CVPR_2026_supplemental.pdf,https://openaccess.thecvf.com/content/CVPR2026/html/Dong_Tracking_through_Severe_Occlusion_via_Event-Derived_Transient_Cues_CVPR_2026_paper.html,"Tracking targets with high-speed and nonlinear motion under occlusion remains challenging due to spatial appearance deprivation and temporal trajectory fragmentation caused by missing visual cues. Existing methods typically either dynamically update templates to maintain appearance similarity or employ autoregressive models to predict targets from historical trajectories. However, these methods are ineffective under severe occlusion owing to template contamination and limited frame rates for complex motion. In this work, we observe that occlusion inherently degrades the spatial matching mechanism, highlighting the importance of temporal cues. Meanwhile, event cameras with microsecond-level temporal resolution provide transient dynamic cues that facilitate modeling nonlinear motion. In light of this, we propose EvoTrack, an occlusion-robust tracking framework via event-derived transient evolution, which comprises event-based motion autoregression and target-aware appearance matching. Specifically, for motion autoregression, the fine-grained timestamps of events naturally encode the target's direction and speed, motivating a bidirectional motion consistency that constrains inter-frame displacement prediction under nonlinear motion. For appearance matching, we adopt a Gaussian masking strategy to simulate occlusion degradation, guiding the model to focus on target regions and learn invariant representations. Furthermore, we build a pixel-aligned Frame-Event tracking dataset with higher spatial resolution and explicit occlusion labels. Extensive experiments demonstrate the effectiveness of EvoTrack in challenging occlusion scenes.","@InProceedings{Dong_2026_CVPR, author = {Dong, Hao and Liu, Yujin and Liu, Haoyue and Wang, Zhenyu and Peng, Shihan and Shi, Zhiwei and Chang, Yi and Yan, Luxin}, title = {Tracking through Severe Occlusion via Event-Derived Transient Cues}, booktitle = {Proceedings of the IEEE/CVF Conference on Computer Vision and Pattern Recognition (CVPR)}, month = {June}, year = {2026}, pages = {29526-29536} }"
Lin_NexusFlow_Unifying_Disparate_Tasks_under_Partial_Supervision_via_Invertible_Flow_CVPR_2026_paper,2026,1,Tracking_MOT,Tracking_MOT,5.0,0.4,NexusFlow: Unifying Disparate Tasks under Partial Supervision via Invertible Flow Networks,Fangzhou Lin; Yuping Wang; Yuliang Guo; Zixun Huang; Xinyu Huang; Haichong Zhang; Kazunori Yamada; Zhengzhong Tu; Liu Ren; Ziming Zhang,10,3761-3771,True,https://openaccess.thecvf.com/content/CVPR2026/papers/Lin_NexusFlow_Unifying_Disparate_Tasks_under_Partial_Supervision_via_Invertible_Flow_CVPR_2026_paper.pdf,https://openaccess.thecvf.com/content/CVPR2026/supplemental/Lin_NexusFlow_Unifying_Disparate_CVPR_2026_supplemental.pdf,https://openaccess.thecvf.com/content/CVPR2026/html/Lin_NexusFlow_Unifying_Disparate_Tasks_under_Partial_Supervision_via_Invertible_Flow_CVPR_2026_paper.html,"Partially Supervised Multi-Task Learning (PS-MTL) aims to leverage knowledge across tasks when annotations are incomplete. Existing approaches, however, have largely focused on the simpler setting of homogeneous, dense prediction tasks, leaving the more realistic challenge of learning from structurally diverse tasks unexplored. To this end, we introduce NexusFlow, a novel, lightweight, and plug-and-play framework effective in both settings. NexusFlow introduces a set of surrogate networks with invertible coupling layers to align the latent feature distributions of tasks, creating a unified representation that enables effective knowledge transfer. The coupling layers are bijective, preserving information while mapping features into a shared canonical space. This invertibility avoids representational collapse and enables alignment across structurally different tasks without reducing expressive capacity.We first evaluate NexusFlow on the core challenge of domain-partitioned autonomous driving, where dense map reconstruction and sparse multi-object tracking are supervised in different geographic regions, creating both structural disparity and a strong domain gap. NexusFlow sets a new state-of-the-art result on nuScenes, outperforming strong partially supervised baselines. To demonstrate generality, we further test NexusFlow on NYUv2 using three homogeneous dense prediction tasks, segmentation, depth, and surface normals, as a representative N-task PS-MTL scenario. NexusFlow yields consistent gains across all tasks, confirming its broad applicability.","@InProceedings{Lin_2026_CVPR, author = {Lin, Fangzhou and Wang, Yuping and Guo, Yuliang and Huang, Zixun and Huang, Xinyu and Zhang, Haichong and Yamada, Kazunori and Tu, Zhengzhong and Ren, Liu and Zhang, Ziming}, title = {NexusFlow: Unifying Disparate Tasks under Partial Supervision via Invertible Flow Networks}, booktitle = {Proceedings of the IEEE/CVF Conference on Computer Vision and Pattern Recognition (CVPR)}, month = {June}, year = {2026}, pages = {3761-3771} }"
Baranwal_Tracking_by_Predicting_3-D_Gaussians_Over_Time_CVPR_2026_paper,2026,0,SelfSupervised_Representation,SelfSupervised_Representation|Tracking_MOT,13.0,0.231,Tracking by Predicting 3-D Gaussians Over Time,Tanish Baranwal; Himanshu Gaurav Singh; Jathushan Rajasegaran; Jitendra Malik,4,42527-42537,True,https://openaccess.thecvf.com/content/CVPR2026/papers/Baranwal_Tracking_by_Predicting_3-D_Gaussians_Over_Time_CVPR_2026_paper.pdf,https://openaccess.thecvf.com/content/CVPR2026/supplemental/Baranwal_Tracking_by_Predicting_CVPR_2026_supplemental.zip,https://openaccess.thecvf.com/content/CVPR2026/html/Baranwal_Tracking_by_Predicting_3-D_Gaussians_Over_Time_CVPR_2026_paper.html,"We propose Video Gaussian Masked Autoencoders (Video-GMAE), a self-supervised approach for representation learning that encodes a sequence of images into a set of Gaussian splats moving over time. Representing a video as a set of Gaussians enforces a reasonable inductive bias: that 2-D videos are often consistent projections of a dynamic 3-D scene. We find that tracking emerges when pre-training a network with this architecture. Mapping the trajectory of the learnt Gaussians onto the image plane gives zero-shot tracking performance comparable to state-of-the-art. With small-scale finetuning, our models achieve 34.6% improvement on Kinetics, and 13.1% on Kubric datasets, surpassing existing self-supervised video approaches.","@InProceedings{Baranwal_2026_CVPR, author = {Baranwal, Tanish and Singh, Himanshu Gaurav and Rajasegaran, Jathushan and Malik, Jitendra}, title = {Tracking by Predicting 3-D Gaussians Over Time}, booktitle = {Proceedings of the IEEE/CVF Conference on Computer Vision and Pattern Recognition (CVPR)}, month = {June}, year = {2026}, pages = {42527-42537} }"
Chen_Object-Generalized_Re-Identification_A_Step_Towards_Universal_Instance_Perception_CVPR_2026_paper,2026,1,Tracking_MOT,Tracking_MOT,18.0,0.667,Object-Generalized Re-Identification: A Step Towards Universal Instance Perception,Shuoyi Chen; Yurui Wu; Mang Ye,3,18481-18491,True,https://openaccess.thecvf.com/content/CVPR2026/papers/Chen_Object-Generalized_Re-Identification_A_Step_Towards_Universal_Instance_Perception_CVPR_2026_paper.pdf,https://openaccess.thecvf.com/content/CVPR2026/supplemental/Chen_Object-Generalized_Re-Identification_A_CVPR_2026_supplemental.pdf,https://openaccess.thecvf.com/content/CVPR2026/html/Chen_Object-Generalized_Re-Identification_A_Step_Towards_Universal_Instance_Perception_CVPR_2026_paper.html,"The object re-identification (ReID) task aims to recognize the same individual object across diverse viewpoints and sensing conditions.Although person and vehicle ReID have achieved remarkable success, most existing methods are built on the assumption that training and testing data come from the same object category.This constraint requires separate models for each category, which limits scalability and generalization.To address this limitation, we introduce Object-Generalized Re-Identification (OG-ReID), a new paradigm that learns unified identity representations transferable across different object categories.Unlike conventional domain generalization that focuses on appearance variations within a single category, OG-ReID deals with category shifts caused by intrinsic structural differences in identity cues. To achieve this goal, we introduce the Meta-Generalized Object Re-Identification (MGOR) framework, which treats meta-learning as semantic distributional regularization, exposing the model to controlled category shifts so that invariance emerges as an equilibrium between semantic diversity and identity discrimination.Extensive evaluations on more than 100 unseen object categories from multiple domains show that MGOR outperforms existing ReID approaches without any target-domain adaptation, advancing toward universal identity perception beyond domain and category boundaries.","@InProceedings{Chen_2026_CVPR, author = {Chen, Shuoyi and Wu, Yurui and Ye, Mang}, title = {Object-Generalized Re-Identification: A Step Towards Universal Instance Perception}, booktitle = {Proceedings of the IEEE/CVF Conference on Computer Vision and Pattern Recognition (CVPR)}, month = {June}, year = {2026}, pages = {18481-18491} }"
Li_Rethinking_Two-Stage_Referring-by-Tracking_in_Referring_Multi-Object_Tracking_Make_it_Strong_CVPR_2026_paper,2026,1,Tracking_MOT,Tracking_MOT,28.0,0.679,Rethinking Two-Stage Referring-by-Tracking in Referring Multi-Object Tracking: Make it Strong Again,Weize Li; Yunhao Du; Qixiang Yin; Zhicheng Zhao; Fei Su,5,42549-42559,True,https://openaccess.thecvf.com/content/CVPR2026/papers/Li_Rethinking_Two-Stage_Referring-by-Tracking_in_Referring_Multi-Object_Tracking_Make_it_Strong_CVPR_2026_paper.pdf,https://openaccess.thecvf.com/content/CVPR2026/supplemental/Li_Rethinking_Two-Stage_Referring-by-Tracking_CVPR_2026_supplemental.pdf,https://openaccess.thecvf.com/content/CVPR2026/html/Li_Rethinking_Two-Stage_Referring-by-Tracking_in_Referring_Multi-Object_Tracking_Make_it_Strong_CVPR_2026_paper.html,"Referring Multi-Object Tracking (RMOT) aims to track multiple objects specified by natural language expressions in videos. With the recent significant progress of one-stage methods, the two-stage Referring-by-Tracking (RBT) paradigm has gradually lost its popularity. However, its lower training cost and flexible incremental deployment remain irreplaceable. Rethinking existing two-stage RBT frameworks, we identify two fundamental limitations: the overly heuristic feature construction and fragile correspondence modeling. To address these issues, we propose FlexHook, a novel two-stage RBT framework. In FlexHook, the proposed Conditioning Hook (C-Hook) redefines the feature construction by a sampling-based strategy and language-conditioned cue injection. Then, we introduce a Pairwise Correspondence Decoder (PCD) that replaces CLIP-based similarity matching with active correspondence modeling, yielding a more flexible and robust strategy. Extensive experiments on multiple benchmarks (Refer-KITTI/v2, Refer-Dance, and LaMOT) demonstrate that FlexHook becomes the first two-stage RBT approach to outperform current state-of-the-art methods both performance and efficiency. Code is available at https://github.com/buptLwz/FlexHook.","@InProceedings{Li_2026_CVPR, author = {Li, Weize and Du, Yunhao and Yin, Qixiang and Zhao, Zhicheng and Su, Fei}, title = {Rethinking Two-Stage Referring-by-Tracking in Referring Multi-Object Tracking: Make it Strong Again}, booktitle = {Proceedings of the IEEE/CVF Conference on Computer Vision and Pattern Recognition (CVPR)}, month = {June}, year = {2026}, pages = {42549-42559} }"
Wu_Event-based_Visual_Deformation_Measurement_CVPR_2026_paper,2026,1,Tracking_MOT,Tracking_MOT,4.0,0.25,Event-based Visual Deformation Measurement,Yuliang Wu; Wei Zhai; Yuxin Cui; Tiesong Zhao; Yang Cao; Zheng-Jun Zha,6,903-913,True,https://openaccess.thecvf.com/content/CVPR2026/papers/Wu_Event-based_Visual_Deformation_Measurement_CVPR_2026_paper.pdf,,https://openaccess.thecvf.com/content/CVPR2026/html/Wu_Event-based_Visual_Deformation_Measurement_CVPR_2026_paper.html,"Visual Deformation Measurement (VDM) aims to recover dense deformation fields by tracking surface motion from camera observations. Traditional image-based methods rely on minimal inter-frame motion to constrain the correspondence search space, which limits their applicability to highly dynamic scenes or necessitates high-speed cameras at the cost of prohibitive storage and computational overhead. We propose an event-frame fusion framework that exploits events for temporally dense motion cues and frames for spatially dense precise estimation. Revisiting the solid elastic modeling prior, we propose an Affine Invariant Simplicial (AIS) framework. It partitions the deformation field into linearized sub-regions with low-parametric representation, effectively mitigating motion ambiguities arising from sparse and noisy events. To speed up optimization and reduce error accumulation, a neighborhood-greedy optimization strategy is introduced, enabling well-converged sub-regions to guide their poorly-converged neighbors, effectively suppress local error accumulation in long-term dense tracking. To evaluate the proposed method, a benchmark dataset with temporally aligned event streams and frames is established, encompassing over 120 sequences spanning diverse deformation scenarios. Experimental results show that our method outperforms the state-of-the-art baseline by 1.6x in survival rate. Remarkably, it achieves this using only 18.9% of the data storage and processing resources of high-speed video methods.","@InProceedings{Wu_2026_CVPR, author = {Wu, Yuliang and Zhai, Wei and Cui, Yuxin and Zhao, Tiesong and Cao, Yang and Zha, Zheng-Jun}, title = {Event-based Visual Deformation Measurement}, booktitle = {Proceedings of the IEEE/CVF Conference on Computer Vision and Pattern Recognition (CVPR)}, month = {June}, year = {2026}, pages = {903-913} }"
Park_MaskAdapt_Learning_Flexible_Motion_Adaptation_via_Mask-Invariant_Prior_for_Physics-Based_CVPR_2026_paper,2026,1,Tracking_MOT,Tracking_MOT,2.0,0.0,MaskAdapt: Learning Flexible Motion Adaptation via Mask-Invariant Prior for Physics-Based Characters,Soomin Park; Eunseong Lee; Kwang Bin Lee; Sung-Hee Lee,4,2285-2294,True,https://openaccess.thecvf.com/content/CVPR2026/papers/Park_MaskAdapt_Learning_Flexible_Motion_Adaptation_via_Mask-Invariant_Prior_for_Physics-Based_CVPR_2026_paper.pdf,https://openaccess.thecvf.com/content/CVPR2026/supplemental/Park_MaskAdapt_Learning_Flexible_CVPR_2026_supplemental.zip,https://openaccess.thecvf.com/content/CVPR2026/html/Park_MaskAdapt_Learning_Flexible_Motion_Adaptation_via_Mask-Invariant_Prior_for_Physics-Based_CVPR_2026_paper.html,"We present MaskAdapt, a framework for flexible motion adaptation in physics-based humanoid control. The framework follows a two-stage residual learning paradigm. In the first stage, we train a mask-invariant base policy using stochastic body-part masking and a regularization term that enforces consistent action distributions across masking conditions. This yields a robust motion prior that remains stable under missing observations, anticipating later adaptation in those regions. In the second stage, a residual policy is trained atop the frozen base controller to modify only the targeted body parts while preserving the original behaviors elsewhere. We demonstrate the versatility of this design through two applications: (i) motion composition, where varying masks enable multi-part adaptation within a single sequence, and (ii) text-driven partial goal tracking, where designated body parts follow kinematic targets provided by a pre-trained text-conditioned autoregressive motion generator. Through experiments, MaskAdapt demonstrates strong robustness and adaptability, producing diverse behaviors under masked observations and delivering superior targeted motion adaptation compared to prior work.","@InProceedings{Park_2026_CVPR, author = {Park, Soomin and Lee, Eunseong and Bin Lee, Kwang and Lee, Sung-Hee}, title = {MaskAdapt: Learning Flexible Motion Adaptation via Mask-Invariant Prior for Physics-Based Characters}, booktitle = {Proceedings of the IEEE/CVF Conference on Computer Vision and Pattern Recognition (CVPR)}, month = {June}, year = {2026}, pages = {2285-2294} }"
Wang_R2TUA_Reconstruction-residual_Based_Targeted_and_Untargeted_Attack_Against_Text-Image_Person_CVPR_2026_paper,2026,0,Vision_Language_Multimodal,Vision_Language_Multimodal|Tracking_MOT|Trustworthy_Security_Privacy,15.0,0.2,R$^2$TUA: Reconstruction-residual Based Targeted and Untargeted Attack Against Text-Image Person Re-Identification,Yubo Wang; Yan Lu; Bin Liu; Xulin Li; Jixiang Niu,5,22857-22866,True,https://openaccess.thecvf.com/content/CVPR2026/papers/Wang_R2TUA_Reconstruction-residual_Based_Targeted_and_Untargeted_Attack_Against_Text-Image_Person_CVPR_2026_paper.pdf,https://openaccess.thecvf.com/content/CVPR2026/supplemental/Wang_R2TUA_Reconstruction-residual_Based_CVPR_2026_supplemental.pdf,https://openaccess.thecvf.com/content/CVPR2026/html/Wang_R2TUA_Reconstruction-residual_Based_Targeted_and_Untargeted_Attack_Against_Text-Image_Person_CVPR_2026_paper.html,"Text-Image Person Re-Identification (TI-ReID) is widely deployed in intelligent surveillance. Built on deep neural networks and vision-language models, TI-ReID models inherit vulnerabilities to adversarial attacks, posing security risks. Yet its security remains less explored than retrieval accuracy, and its robustness to adversarial attacks is largely unexplored. To fill this gap, we propose Reconstruction-residual based Targeted and Untargeted Attack (R^2TUA), which generates perturbations from an image and adversarial prompt that mislead TI-ReID into matching the perturbed image with the adversarial identity. To precisely inject identity attributes into perturbations and achieve fine-grained targeted attack, R^2TUA proposes Transformer-based Gradual Multimodal Fusion (TGMF) that fuses image and adversarial prompt progressively across layers with tunable cross-modal weight. In addition, we propose a fully differentiable Soft Clamp Function (SCF), ensuring perturbations remain inconspicuous while avoiding local gradient vanishing effects that would trap training into suboptimal local minima. To further align perturbed images with the adversarial text descriptions while leading them to mismatch their original descriptions, R^2TUA employs (PPLs) and matching losses during training. Extensive evaluations across multiple datasets and models demonstrate the superior untargeted attack and targeted attack performance of R^2TUA. It also exhibits strong adaptability and transferability against black-box models, outperforming all related attacks across multiple tasks.","@InProceedings{Wang_2026_CVPR, author = {Wang, Yubo and Lu, Yan and Liu, Bin and Li, Xulin and Niu, Jixiang}, title = {R\${\textasciicircum}2\$TUA: Reconstruction-residual Based Targeted and Untargeted Attack Against Text-Image Person Re-Identification}, booktitle = {Proceedings of the IEEE/CVF Conference on Computer Vision and Pattern Recognition (CVPR)}, month = {June}, year = {2026}, pages = {22857-22866} }"
Lai_CoWTracker_Tracking_by_Warping_instead_of_Correlation_CVPR_2026_paper,2026,0,LowLevel_Flow_Depth_Matching,LowLevel_Flow_Depth_Matching|Tracking_MOT,12.0,0.0,CoWTracker: Tracking by Warping instead of Correlation,Zihang Lai; Eldar Insafutdinov; Edgar Sucar; Andrea Vedaldi,4,42571-42580,True,https://openaccess.thecvf.com/content/CVPR2026/papers/Lai_CoWTracker_Tracking_by_Warping_instead_of_Correlation_CVPR_2026_paper.pdf,https://openaccess.thecvf.com/content/CVPR2026/supplemental/Lai_CoWTracker_Tracking_by_CVPR_2026_supplemental.pdf,https://openaccess.thecvf.com/content/CVPR2026/html/Lai_CoWTracker_Tracking_by_Warping_instead_of_Correlation_CVPR_2026_paper.html,"State-of-the-art point trackers typically rely on cost volumes to match features across frames, but this approach incurs quadratic complexity in spatial resolution, limiting scalability and efficiency. In this paper, we propose CoWTracker, a novel dense point tracker that eschews cost volumes in favor of warping. Inspired by recent advances in optical flow, our approach iteratively refines track estimates by warping features from the target frame to the query frame based on the current track estimate. Combined with a transformer that performs joint spatiotemporal reasoning across all tracks, our design establishes long-range correspondences without computing feature correlations. Our model is simple and achieves state-of-the-art performance on standard dense point tracking benchmarks, including TAP-Vid-DAVIS, TAP-Vid-Kinetics, and Robo-TAP. Remarkably, the model also excels at optical flow, sometimes outperforming specialized methods on the Sintel, KITTI, and Spring benchmarks. These results suggest that warping-based architectures can unify dense point tracking and optical flow estimation.","@InProceedings{Lai_2026_CVPR, author = {Lai, Zihang and Insafutdinov, Eldar and Sucar, Edgar and Vedaldi, Andrea}, title = {CoWTracker: Tracking by Warping instead of Correlation}, booktitle = {Proceedings of the IEEE/CVF Conference on Computer Vision and Pattern Recognition (CVPR)}, month = {June}, year = {2026}, pages = {42571-42580} }"
Xie_Towards_Cross-Modal_Preservation_Consistency_and_Alignment_for_Privacy-Preserving_Visible-Infrared_Person_CVPR_2026_paper,2026,0,Trustworthy_Security_Privacy,Trustworthy_Security_Privacy|Tracking_MOT|Vision_Language_Multimodal,18.0,0.167,"Towards Cross-Modal Preservation, Consistency and Alignment for Privacy-Preserving Visible-Infrared Person Re-Identification",Yudi Xie; Zhongao Zhou; Bin Yang; Zhenghan Chen; Mang Ye,5,11273-11282,True,https://openaccess.thecvf.com/content/CVPR2026/papers/Xie_Towards_Cross-Modal_Preservation_Consistency_and_Alignment_for_Privacy-Preserving_Visible-Infrared_Person_CVPR_2026_paper.pdf,https://openaccess.thecvf.com/content/CVPR2026/supplemental/Xie_Towards_Cross-Modal_Preservation_CVPR_2026_supplemental.pdf,https://openaccess.thecvf.com/content/CVPR2026/html/Xie_Towards_Cross-Modal_Preservation_Consistency_and_Alignment_for_Privacy-Preserving_Visible-Infrared_Person_CVPR_2026_paper.html,"Privacy-preserving Person Re-Identification (PP-ReID) addresses the core privacy-utility trade-off in Re-ID by retrieving a person across multiple non-overlapping cameras while applying anonymization techniques to protect sensitive information. However, prior PP-ReID studies are confined to single-modality visible scenarios, as 24-hour surveillance systems require robust cross-modal visible-infrared (VI) capabilities. Extending PP-ReID to the cross-modal VI setting is therefore crucial. Accordingly, we introduce a new task: Privacy-Preserving Visible-Infrared Person Re-Identification (PP-VI-ReID). This task presents two severe challenges: 1) Crude anonymization strategies destroy identity-critical information and disrupt cross-modal alignment 2) The anonymization process creates inconsistent distortions across modalities. It disrupts color-based textures in visible images while obscuring thermal contours in infrared images. This inconsistency with modality gap forms a Mixed Gap. To overcome these challenges, we propose a framework, the Precise Privacy-preserving and Alignment Network (PPA) with two components: 1) A Keypoint-Preserving Regularization (KPR) module leverages human pose as a prior to guide structure-aware anonymization, preserving essential body features. 2) A Differential Consistency-guided Modality Alignment (DCMA) treats anonymization perturbations not as varying noise, but as a stable, learnable offset, facilitating robust alignment between raw and anonymized features across modalities. Experiments on SYSU-MM01 and RegDB validate our framework, establishing a strong baseline.","@InProceedings{Xie_2026_CVPR, author = {Xie, Yudi and Zhou, Zhongao and Yang, Bin and Chen, Zhenghan and Ye, Mang}, title = {Towards Cross-Modal Preservation, Consistency and Alignment for Privacy-Preserving Visible-Infrared Person Re-Identification}, booktitle = {Proceedings of the IEEE/CVF Conference on Computer Vision and Pattern Recognition (CVPR)}, month = {June}, year = {2026}, pages = {11273-11282} }"
Bouzidi_Out_of_Sight_Out_of_Track_Adversarial_Attacks_on_Propagation-based_CVPR_2026_paper,2026,1,Tracking_MOT,Tracking_MOT|Trustworthy_Security_Privacy|Embodied_AI_Robotics,12.0,0.0,"Out of Sight, Out of Track: Adversarial Attacks on Propagation-based Multi-Object Trackers via Query State Manipulation",Halima Bouzidi; Haoyu Liu; Yonatan Achamyeleh; Praneetsai Iddamsetty; Mohammad Al Faruque,5,13326-13335,True,https://openaccess.thecvf.com/content/CVPR2026/papers/Bouzidi_Out_of_Sight_Out_of_Track_Adversarial_Attacks_on_Propagation-based_CVPR_2026_paper.pdf,https://openaccess.thecvf.com/content/CVPR2026/supplemental/Bouzidi_Out_of_Sight_CVPR_2026_supplemental.pdf,https://openaccess.thecvf.com/content/CVPR2026/html/Bouzidi_Out_of_Sight_Out_of_Track_Adversarial_Attacks_on_Propagation-based_CVPR_2026_paper.html,"Recent Tracking-by-Query-Propagation (TBP) methods have advanced Multi-Object Tracking (MOT) by enabling end-to-end (E2E) pipelines with long-range temporal modeling. However, this reliance on query propagation introduces unexplored architectural vulnerabilities to adversarial attacks. We present FADE, a novel attack framework designed to exploit these specific vulnerabilities. FADE employs two attack strategies targeting core TBP mechanisms: (i) Temporal Query Flooding: Generates spurious temporally consistent track queries to exhaust the tracker's limited query budget, forcing it to terminate valid tracks. (ii) Temporal Memory Corruption: Directly attacks the query updater's memory by severing temporal links via state de-correlation and erasing the learned feature identity of matched tracks. Furthermore, we introduce a differentiable pipeline to optimize these attacks for physical-world realizability by leveraging simulations of advanced perception sensor spoofing. Experiments on MOT17 and MOT20 benchmarks demonstrate that FADE is highly effective against state-of-the-art TBP trackers, causing significant identity switches and track terminations.","@InProceedings{Bouzidi_2026_CVPR, author = {Bouzidi, Halima and Liu, Haoyu and Achamyeleh, Yonatan and Iddamsetty, Praneetsai and Al Faruque, Mohammad}, title = {Out of Sight, Out of Track: Adversarial Attacks on Propagation-based Multi-Object Trackers via Query State Manipulation}, booktitle = {Proceedings of the IEEE/CVF Conference on Computer Vision and Pattern Recognition (CVPR)}, month = {June}, year = {2026}, pages = {13326-13335} }"
Zhang_Multi-view_Crowd_Tracking_Transformer_with_View-Ground_Interactions_Under_Large_Real-World_CVPR_2026_paper,2026,1,Tracking_MOT,Tracking_MOT,12.0,1.0,Multi-view Crowd Tracking Transformer with View-Ground Interactions Under Large Real-World Scenes,Qi Zhang; Jixuan Chen; Kaiyi Zhang; Xinquan Yu; Antoni B. Chan; Hui Huang,6,13626-13635,True,https://openaccess.thecvf.com/content/CVPR2026/papers/Zhang_Multi-view_Crowd_Tracking_Transformer_with_View-Ground_Interactions_Under_Large_Real-World_CVPR_2026_paper.pdf,https://openaccess.thecvf.com/content/CVPR2026/supplemental/Zhang_Multi-view_Crowd_Tracking_CVPR_2026_supplemental.pdf,https://openaccess.thecvf.com/content/CVPR2026/html/Zhang_Multi-view_Crowd_Tracking_Transformer_with_View-Ground_Interactions_Under_Large_Real-World_CVPR_2026_paper.html,"Multi-view crowd tracking estimates each person's tracking trajectories on the ground of the scene. Recent research works mainly rely on CNNs-based multi-view crowd tracking architectures, and most of them are evaluated and compared on relatively small datasets, such as Wildtrack and MultiviewX. Since these two datasets are collected in small scenes and only contain tens of frames in the evaluation stage, it is difficult for the current methods to be applied to real-world applications where scene size and occlusion are more complicated. In this paper, we propose a Transformer-based multi-view crowd tracking model, MVTrackTrans, which adopts interactions between camera views and the ground plane for enhanced multi-view tracking performance. Besides, for better evaluation, we collect and label two large real-world multi-view tracking datasets, MVCrowdTrack and CityTrack, which contain a much larger scene size over a longer time period. Compared with existing methods on the two large and new datasets, the proposed MVTrackTrans model achieves better performance, demonstrating the advantages of the model design in dealing with large scenes. We believe the proposed datasets and model will push the frontiers of the task to more practical scenarios, and the datasets and code are available at: https://github.com/zqyq/MVTrackTrans.","@InProceedings{Zhang_2026_CVPR, author = {Zhang, Qi and Chen, Jixuan and Zhang, Kaiyi and Yu, Xinquan and Chan, Antoni B. and Huang, Hui}, title = {Multi-view Crowd Tracking Transformer with View-Ground Interactions Under Large Real-World Scenes}, booktitle = {Proceedings of the IEEE/CVF Conference on Computer Vision and Pattern Recognition (CVPR)}, month = {June}, year = {2026}, pages = {13626-13635} }"
Guo_TagSplat_Topology-Aware_Gaussian_Splatting_for_Dynamic_Mesh_Modeling_and_Tracking_CVPR_2026_paper,2026,0,Neural_Rendering_NeRF_3DGS,Neural_Rendering_NeRF_3DGS|Tracking_MOT,15.0,0.467,TagSplat: Topology-Aware Gaussian Splatting for Dynamic Mesh Modeling and Tracking,Hanzhi Guo; Dongdong Weng; Mo Su; Yixiao Chen; Xiaonuo Dongye; Chenyu Xu,6,40971-40980,True,https://openaccess.thecvf.com/content/CVPR2026/papers/Guo_TagSplat_Topology-Aware_Gaussian_Splatting_for_Dynamic_Mesh_Modeling_and_Tracking_CVPR_2026_paper.pdf,https://openaccess.thecvf.com/content/CVPR2026/supplemental/Guo_TagSplat_Topology-Aware_Gaussian_CVPR_2026_supplemental.zip,https://openaccess.thecvf.com/content/CVPR2026/html/Guo_TagSplat_Topology-Aware_Gaussian_Splatting_for_Dynamic_Mesh_Modeling_and_Tracking_CVPR_2026_paper.html,"Topology-consistent dynamic model sequences are essential for applications such as animation and model editing. However, existing 4D reconstruction methods face challenges in generating high-quality topology-consistent meshes. To address this, we propose a topology-aware dynamic reconstruction framework based on Gaussian Splatting. We introduce a Gaussian topological structure that explicitly encodes spatial connectivity. This structure enables topology-aware densification and pruning, preserving the manifold consistency of the Gaussian representation. Temporal regularization terms further ensure topological coherence over time, while differentiable mesh rasterization improves mesh quality. Experimental results demonstrate that our method reconstructs topology-consistent mesh sequences with significantly higher accuracy than existing approaches. Moreover, the resulting meshes enable precise 3D keypoint tracking.","@InProceedings{Guo_2026_CVPR, author = {Guo, Hanzhi and Weng, Dongdong and Su, Mo and Chen, Yixiao and Dongye, Xiaonuo and Xu, Chenyu}, title = {TagSplat: Topology-Aware Gaussian Splatting for Dynamic Mesh Modeling and Tracking}, booktitle = {Proceedings of the IEEE/CVF Conference on Computer Vision and Pattern Recognition (CVPR)}, month = {June}, year = {2026}, pages = {40971-40980} }"
Wu_Matching_Every_Pair_to_Track_Every_Point_PairFormer_for_All-Pairs_CVPR_2026_paper,2026,1,Tracking_MOT,Tracking_MOT|Video_Action_Recognition,10.0,0.3,Matching Every Pair to Track Every Point: PairFormer for All-Pairs Tracking and Video Trajectory Fields,Guangyang Wu; Youran Ding; Xinyu Che; Benyuan Sun; Yi Yang; Xiaohong Liu,6,35187-35196,True,https://openaccess.thecvf.com/content/CVPR2026/papers/Wu_Matching_Every_Pair_to_Track_Every_Point_PairFormer_for_All-Pairs_CVPR_2026_paper.pdf,,https://openaccess.thecvf.com/content/CVPR2026/html/Wu_Matching_Every_Pair_to_Track_Every_Point_PairFormer_for_All-Pairs_CVPR_2026_paper.html,"Tracking-any-point (TAP) answers query-conditioned correspondence but leaves the dense, all-pairs structure of a video implicit. We formulate All-Pairs Tracking (APT): given a video, predict dense displacement and visibility for every source-target frame pair, from which per-pixel trajectories can be read out. To this end, we propose PairFormer, a feed-forward transformer that addresses APT in a single pass. A spatio-temporal patch encoder computes temporally conditioned features for all frames. \revaddtwo CorrBank builds a learnable correlation bank for each frame pair and produces pairwise motion tokens. A broadcast motion mixer aggregates trajectory-wise context and broadcasts it back to refine the pairwise motion tokens. A trajectory head first predicts coarse dense displacement, visibility, and confidence, and then refines them iteratively to form a coherent all-pairs trajectory field. To support APT at scale, we develop PAIRender, a data platform that synthesizes photo-realistic dynamic scenes with dense annotations. From PAIRender we derive a training set (\pi-R10K) and a benchmark (APT-Bench) with an all-to-all evaluation protocol. Experiments show that PairFormer achieves strong performance on APT-Bench and competitive results on standard TAP benchmarks. Code and dataset will be released upon publication.","@InProceedings{Wu_2026_CVPR, author = {Wu, Guangyang and Ding, Youran and Che, Xinyu and Sun, Benyuan and Yang, Yi and Liu, Xiaohong}, title = {Matching Every Pair to Track Every Point: PairFormer for All-Pairs Tracking and Video Trajectory Fields}, booktitle = {Proceedings of the IEEE/CVF Conference on Computer Vision and Pattern Recognition (CVPR)}, month = {June}, year = {2026}, pages = {35187-35196} }"
Liu_SANER_Switchable_Adapter_with_Non-parametric_Enhanced_Routing_for_Person_De-Reidentification_CVPR_2026_paper,2026,1,Tracking_MOT,Tracking_MOT,12.0,0.833,SANER: Switchable Adapter with Non-parametric Enhanced Routing for Person De-Reidentification,Yimin Liu; Nan Pu; Fengxiang Yang; Wenjing Li; Zhihui Li; Zhun Zhong,6,40376-40385,True,https://openaccess.thecvf.com/content/CVPR2026/papers/Liu_SANER_Switchable_Adapter_with_Non-parametric_Enhanced_Routing_for_Person_De-Reidentification_CVPR_2026_paper.pdf,https://openaccess.thecvf.com/content/CVPR2026/supplemental/Liu_SANER_Switchable_Adapter_CVPR_2026_supplemental.pdf,https://openaccess.thecvf.com/content/CVPR2026/html/Liu_SANER_Switchable_Adapter_with_Non-parametric_Enhanced_Routing_for_Person_De-Reidentification_CVPR_2026_paper.html,"Person De-Reidentification (De-ReID) is an emerging and safety-critical task that aims to selectively forget specific individuals in surveillance systems while preserving the recognition capability for others. Existing methods typically learn both forgetting and retaining objectives within a unified feature space, which leads to conflicting optimization goals and may cause unexpected performance degradation on novel or retained identities. We provide a new perspective to handle De-ReID through feature space decoupling. Although it is a promising solution, discriminating which feature space should be used for the given novel query remain unsolved. To alleviate these challenges, we propose SANER, advancing De-ReID with a Switchable Adapter (SA) and a test-time Non-parametric Enhanced Routing (NER) algorithm. SA decouples the pre-trained feature space into two task-specific subspaces with a forgetting adapter and a retaining adapter. The former suppresses identity-specific semantics for de-identification, while the latter preserves discriminative cues for accurate re-ID. In addition, SA is further enhanced with NER to adaptively analyze optimal feature space routing for the given query at test-time by comparing the query with pre-computed prototypes in the original feature space. Extensive experiments on multiple De-ReID benchmarks demonstrate the effectiveness of SANER, achieving new state-of-the-art De-ReID performance.","@InProceedings{Liu_2026_CVPR, author = {Liu, Yimin and Pu, Nan and Yang, Fengxiang and Li, Wenjing and Li, Zhihui and Zhong, Zhun}, title = {SANER: Switchable Adapter with Non-parametric Enhanced Routing for Person De-Reidentification}, booktitle = {Proceedings of the IEEE/CVF Conference on Computer Vision and Pattern Recognition (CVPR)}, month = {June}, year = {2026}, pages = {40376-40385} }"
Park_MVLM_Template-Free_Tracking_via_Vision-Language_Margin_Confidence_and_Memory-Gated_Tracking_CVPR_2026_paper,2026,1,Tracking_MOT,Tracking_MOT|Vision_Language_Multimodal,18.0,0.0,MVLM: Template-Free Tracking via Vision-Language Margin Confidence and Memory-Gated Tracking,Dae-Hyeon Park; Mina Baek; Jeong-Hun Ha; Chan-Seop Park; Jamshidjon Ganiev; Seung-Hwan Bae,6,35156-35165,True,https://openaccess.thecvf.com/content/CVPR2026/papers/Park_MVLM_Template-Free_Tracking_via_Vision-Language_Margin_Confidence_and_Memory-Gated_Tracking_CVPR_2026_paper.pdf,https://openaccess.thecvf.com/content/CVPR2026/supplemental/Park_MVLM_Template-Free_Tracking_CVPR_2026_supplemental.pdf,https://openaccess.thecvf.com/content/CVPR2026/html/Park_MVLM_Template-Free_Tracking_via_Vision-Language_Margin_Confidence_and_Memory-Gated_Tracking_CVPR_2026_paper.html,"We introduce a new template-free tracking paradigm based solely on natural language, capable of tracking an arbitrary object and seamlessly switching to a new target without box initialization.Our key idea is to localize an object via vision-language (VL) correlation.However, using the correlation alone is brittle under large search regions due to spatial uncertainty and ambiguous VL saliency. To resolve these, we propose MVLM, a memory-based vision-language margin confidence that integrates vision-language correlation, encoder prediction, and temporal memory.MVLM dynamically gates the search region--switching between compact ROI (Region of Interest) search and global re-localization--to reduce spatial uncertainty. Theoretically, we derive bounds that connect the MVLM score to tracking probability, characterizing mis-localization within ROI and ROI-exclusion probabilities.Through extensive evaluation, we validate our theorems and achieve state-of-the-art performance on several benchmarks (TNL2K, LaSOT, OTB99 and MGIT) using only language guidance.","@InProceedings{Park_2026_CVPR, author = {Park, Dae-Hyeon and Baek, Mina and Ha, Jeong-Hun and Park, Chan-Seop and Ganiev, Jamshidjon and Bae, Seung-Hwan}, title = {MVLM: Template-Free Tracking via Vision-Language Margin Confidence and Memory-Gated Tracking}, booktitle = {Proceedings of the IEEE/CVF Conference on Computer Vision and Pattern Recognition (CVPR)}, month = {June}, year = {2026}, pages = {35156-35165} }"
Zheng_Enhancing_Accuracy_of_Uncertainty_Estimation_in_Appearance-based_Gaze_Tracking_with_CVPR_2026_paper,2026,0,Trustworthy_Security_Privacy,Trustworthy_Security_Privacy|Tracking_MOT,18.0,0.444,Enhancing Accuracy of Uncertainty Estimation in Appearance-based Gaze Tracking with Probabilistic Evaluation and Calibration,Qiaojie Zheng; Jiucai Zhang; Amy Zhang; Xiaoli Zhang,4,13793-13801,True,https://openaccess.thecvf.com/content/CVPR2026/papers/Zheng_Enhancing_Accuracy_of_Uncertainty_Estimation_in_Appearance-based_Gaze_Tracking_with_CVPR_2026_paper.pdf,https://openaccess.thecvf.com/content/CVPR2026/supplemental/Zheng_Enhancing_Accuracy_of_CVPR_2026_supplemental.zip,https://openaccess.thecvf.com/content/CVPR2026/html/Zheng_Enhancing_Accuracy_of_Uncertainty_Estimation_in_Appearance-based_Gaze_Tracking_with_CVPR_2026_paper.html,"Accurate uncertainty estimation is essential for reliable appearance-based gaze tracking. However, domain shifts between training and testing often lead to incorrect uncertainty estimates, which is a problem overlooked in existing uncertainty-aware gaze tracking models. To overcome this problem efficiently, we formulate uncertainty estimation as a conditional distribution problem and treat the correction process as an output-level conditional distribution matching task. We therefore introduce a data-efficient post-hoc calibration method to align the predicted, high-error conditional distribution with the empirically observed distribution extracted from a small set of calibration samples. To more faithfully assess the accuracy of the resulting uncertainty estimates, we further introduce a new metric, Coverage Probability Error (CPE), to quantify the distribution-level mismatch between prediction and observation. We validate the calibration procedure across four domain shift scenarios to demonstrate improved uncertainty accuracy and its practical benefits.","@InProceedings{Zheng_2026_CVPR, author = {Zheng, Qiaojie and Zhang, Jiucai and Zhang, Amy and Zhang, Xiaoli}, title = {Enhancing Accuracy of Uncertainty Estimation in Appearance-based Gaze Tracking with Probabilistic Evaluation and Calibration}, booktitle = {Proceedings of the IEEE/CVF Conference on Computer Vision and Pattern Recognition (CVPR)}, month = {June}, year = {2026}, pages = {13793-13801} }"
Kang_UETrack_A_Unified_and_Efficient_Framework_for_Single_Object_Tracking_CVPR_2026_paper,2026,1,Tracking_MOT,Tracking_MOT,24.0,0.75,UETrack: A Unified and Efficient Framework for Single Object Tracking,Ben Kang; Jie Zhao; Xin Chen; Wanting Geng; Bin Zhang; Lu Zhang; Dong Wang; Huchuan Lu,8,20890-20901,True,https://openaccess.thecvf.com/content/CVPR2026/papers/Kang_UETrack_A_Unified_and_Efficient_Framework_for_Single_Object_Tracking_CVPR_2026_paper.pdf,https://openaccess.thecvf.com/content/CVPR2026/supplemental/Kang_UETrack_A_Unified_CVPR_2026_supplemental.pdf,https://openaccess.thecvf.com/content/CVPR2026/html/Kang_UETrack_A_Unified_and_Efficient_Framework_for_Single_Object_Tracking_CVPR_2026_paper.html,"With growing real-world demands, efficient tracking has received increasing attention. However, most existing methods are limited to RGB inputs and struggle in multi-modal scenarios. Moreover, current multi-modal tracking approaches typically use complex designs, making them too heavy and slow for resource-constrained deployment. To tackle these limitations, we propose UETrack, a unified and efficient framework for single object tracking. UETrack demonstrates high practicality and versatility, efficiently handling multiple modalities including RGB, Depth, Thermal, Event, and Language, and addresses the gap in efficient multi-modal tracking. It introduces two key components: a Token-Pooling-based Mixture-of-Experts mechanism that enhances modeling capacity through feature aggregation and expert specialization, and a Target-aware Adaptive Distillation strategy that selectively performs distillation based on sample characteristics, reducing redundant supervision and improving performance. Extensive experiments on 12 benchmarks across 3 hardware platforms show that UETrack achieves a superior speed-accuracy trade-off compared to pervious methods. For instance, UETrack-B achieves 69.2% AUC on LaSOT and runs at 163/56/60 FPS on GPU/CPU/AGX, demonstrating strong practicality and versatility. Code is available at https://github.com/kangben258/UETrack.","@InProceedings{Kang_2026_CVPR, author = {Kang, Ben and Zhao, Jie and Chen, Xin and Geng, Wanting and Zhang, Bin and Zhang, Lu and Wang, Dong and Lu, Huchuan}, title = {UETrack: A Unified and Efficient Framework for Single Object Tracking}, booktitle = {Proceedings of the IEEE/CVF Conference on Computer Vision and Pattern Recognition (CVPR)}, month = {June}, year = {2026}, pages = {20890-20901} }"
Shibata_Learning_to_Assist_Physics-Grounded_Human-Human_Control_via_Multi-Agent_Reinforcement_Learning_CVPR_2026_paper,2026,0,Embodied_AI_Robotics,Embodied_AI_Robotics|LLM_Reasoning_Agent|Human_Pose_Body|Tracking_MOT,14.0,0.143,Learning to Assist: Physics-Grounded Human-Human Control via Multi-Agent Reinforcement Learning,Yuto Shibata; Kashu Yamazaki; Lalit Jayanti; Yoshimitsu Aoki; Mariko Isogawa; Katerina Fragkiadaki,6,38345-38354,True,https://openaccess.thecvf.com/content/CVPR2026/papers/Shibata_Learning_to_Assist_Physics-Grounded_Human-Human_Control_via_Multi-Agent_Reinforcement_Learning_CVPR_2026_paper.pdf,https://openaccess.thecvf.com/content/CVPR2026/supplemental/Shibata_Learning_to_Assist_CVPR_2026_supplemental.zip,https://openaccess.thecvf.com/content/CVPR2026/html/Shibata_Learning_to_Assist_Physics-Grounded_Human-Human_Control_via_Multi-Agent_Reinforcement_Learning_CVPR_2026_paper.html,"Humanoid robotics has strong potential to transform daily service and caregiving applications. Although recent advances in general motion tracking within physics engines (GMT) have enabled virtual characters and humanoid robots to reproduce a broad range of human motions, these behaviors are primarily limited to contact-less social interactions or isolated movements. Assistive scenarios, by contrast, require continuous awareness of a human partner and rapid adaptation to their evolving posture and dynamics. In this paper, we formulate the imitation of closely interacting, force-exchanging human-human motion sequences as a multi-agent reinforcement learning problem. We jointly train partner-aware policies for both the supporter (assistant) agent and the recipient agent in a physics simulator to track assistive motion references. To make this problem tractable, we introduce a partner policies initialization scheme that transfers priors from single-human motion-tracking controllers, greatly improving exploration. We further propose dynamic reference retargeting and contact-promoting reward, which adapt the assistant's reference motion to the recipient's real-time pose and encourage physically meaningful support. We show that \model is the first method capable of successfully tracking assistive interaction motions on established benchmarks, demonstrating the benefits of a multi-agent RL formulation for physically grounded and socially aware humanoid control.","@InProceedings{Shibata_2026_CVPR, author = {Shibata, Yuto and Yamazaki, Kashu and Jayanti, Lalit and Aoki, Yoshimitsu and Isogawa, Mariko and Fragkiadaki, Katerina}, title = {Learning to Assist: Physics-Grounded Human-Human Control via Multi-Agent Reinforcement Learning}, booktitle = {Proceedings of the IEEE/CVF Conference on Computer Vision and Pattern Recognition (CVPR)}, month = {June}, year = {2026}, pages = {38345-38354} }"
Zhao_WHU-MARS_A_Multispectral_Aerial-Ground_Benchmark_Towards_Any-Scenario_Person_Re-Identification_CVPR_2026_paper,2026,1,Tracking_MOT,Tracking_MOT,12.0,0.583,WHU-MARS: A Multispectral Aerial-Ground Benchmark Towards Any-Scenario Person Re-Identification,Yuxuan Zhao; Zhongao Zhou; Bin Yang; He Li; Jian Liang; Jun Chen; Bo Du; Mang Ye,8,25461-25471,True,https://openaccess.thecvf.com/content/CVPR2026/papers/Zhao_WHU-MARS_A_Multispectral_Aerial-Ground_Benchmark_Towards_Any-Scenario_Person_Re-Identification_CVPR_2026_paper.pdf,https://openaccess.thecvf.com/content/CVPR2026/supplemental/Zhao_WHU-MARS_A_Multispectral_CVPR_2026_supplemental.pdf,https://openaccess.thecvf.com/content/CVPR2026/html/Zhao_WHU-MARS_A_Multispectral_Aerial-Ground_Benchmark_Towards_Any-Scenario_Person_Re-Identification_CVPR_2026_paper.html,"Recent person re-identification (ReID) leverages heterogeneous sensing with multiple modalities and viewpoints to improve robustness across diverse conditions. However, most approaches target predefined scenario pairs (e.g., visible-infrared or aerial-ground) and train separate task-specific models. In contrast, real-world systems often query against galleries that cover all scenarios, making such designs inefficient and complex to deploy. To bridge this gap, we introduce Any-Scenario ReID (AS-ReID): given a query from any (modality, viewpoint) scenario, a single model retrieves the same identity from a heterogeneous gallery spanning all scenarios. Progress toward AS-ReID is limited by two factors: (i) the lack of a real-world-aligned benchmark with broad scenario coverage, and (ii) the challenge of learning representations with strong intra-identity cohesion and inter-identity discrimination under diverse scenarios. To this end, we construct WHU-MARS, a multispectral aerial-ground benchmark with 2,337 identities and 434,620 images captured by RGB, near-infrared, and thermal infrared cameras on both ground and UAV platforms. WHU-MARS spans day-night, multiple seasons, and diverse weather, enabling AS-ReID as well as conventional ReID tasks. We further propose the Unified Alignment and Discrimination (UAD) framework. Progressive Center Alignment (ProCA) aggregates multi-view features into modality centers and then aligns them toward identity centers to reduce scenario bias. Global Prototype Discrimination (GPD) contrasts samples against global identity prototypes to enforce large-margin discrimination. Extensive experiments highlight the challenges of WHU-MARS and demonstrate the effectiveness of UAD on AS-ReID.","@InProceedings{Zhao_2026_CVPR, author = {Zhao, Yuxuan and Zhou, Zhongao and Yang, Bin and Li, He and Liang, Jian and Chen, Jun and Du, Bo and Ye, Mang}, title = {WHU-MARS: A Multispectral Aerial-Ground Benchmark Towards Any-Scenario Person Re-Identification}, booktitle = {Proceedings of the IEEE/CVF Conference on Computer Vision and Pattern Recognition (CVPR)}, month = {June}, year = {2026}, pages = {25461-25471} }"
Wang_SpikeTrack_High-performance_and_Energy-efficient_Event-Based_Object_Tracking_with_Spiking_Neural_CVPR_2026_paper,2026,1,Tracking_MOT,Tracking_MOT,10.0,0.7,SpikeTrack: High-performance and Energy-efficient Event-Based Object Tracking with Spiking Neural Network,Yang Wang; Jiqing Zhang; Chuanyu Sun; Qianhui Liu; Huilin Ge; Ziqi Wei; Xin Yang,7,926-935,True,https://openaccess.thecvf.com/content/CVPR2026/papers/Wang_SpikeTrack_High-performance_and_Energy-efficient_Event-Based_Object_Tracking_with_Spiking_Neural_CVPR_2026_paper.pdf,https://openaccess.thecvf.com/content/CVPR2026/supplemental/Wang_SpikeTrack_High-performance_and_CVPR_2026_supplemental.pdf,https://openaccess.thecvf.com/content/CVPR2026/html/Wang_SpikeTrack_High-performance_and_Energy-efficient_Event-Based_Object_Tracking_with_Spiking_Neural_CVPR_2026_paper.html,"Event cameras have attracted considerable attention for object tracking due to their microsecond-level temporal resolution and wide dynamic range, yet effectively harnessing spiking neural networks (SNNs) in this domain remains challenging. In this paper, we introduce SpikeTrack, a purely spike-driven framework for single-object tracking that addresses the shortcomings of RGB-based approaches in fast-motion or target appearance change. Central to SpikeTrack is the Multi-Search-sequence-and-Single-Template (MSST) training paradigm, which captures rich temporal dependencies, alongside a Dynamic Integer Leaky Integrate-and-Fire (DI-LIF) neuron that adaptively predicts integer-valued activations based on the input features during training and converts them into spikes during inference. Our design preserves the intrinsic sparsity and fine-grained spatiotemporal acuity of event data, resulting in efficient energy consumption without sacrificing performance. Extensive evaluations on FE108, FELT, and VisEvent demonstrate that SpikeTrack exceeds the performance of state-of-the-art trackers in both accuracy and efficiency. Furthermore, ablation studies validate each module's contribution, highlighting the practical potential of spike-driven architectures for future vision applications.","@InProceedings{Wang_2026_CVPR, author = {Wang, Yang and Zhang, Jiqing and Sun, Chuanyu and Liu, Qianhui and Ge, Huilin and Wei, Ziqi and Yang, Xin}, title = {SpikeTrack: High-performance and Energy-efficient Event-Based Object Tracking with Spiking Neural Network}, booktitle = {Proceedings of the IEEE/CVF Conference on Computer Vision and Pattern Recognition (CVPR)}, month = {June}, year = {2026}, pages = {926-935} }"
Song_Hypergraph-State_Collaborative_Reasoning_for_Multi-Object_Tracking_CVPR_2026_paper,2026,1,Tracking_MOT,Tracking_MOT,25.0,0.76,Hypergraph-State Collaborative Reasoning for Multi-Object Tracking,Zikai Song; Junqing Yu; Yi-Ping Phoebe Chen; Wei Yang; Xinchao Wang,5,28123-28133,True,https://openaccess.thecvf.com/content/CVPR2026/papers/Song_Hypergraph-State_Collaborative_Reasoning_for_Multi-Object_Tracking_CVPR_2026_paper.pdf,https://openaccess.thecvf.com/content/CVPR2026/supplemental/Song_Hypergraph-State_Collaborative_Reasoning_CVPR_2026_supplemental.pdf,https://openaccess.thecvf.com/content/CVPR2026/html/Song_Hypergraph-State_Collaborative_Reasoning_for_Multi-Object_Tracking_CVPR_2026_paper.html,"Motion reasoning serves as the cornerstone of multi-object tracking (MOT), as it enables consistent association of targets across frames. However, existing motion estimation approaches face two major limitations: (1) instability caused by noisy or probabilistic predictions, and (2) vulnerability under occlusion, where trajectories often fragment once visual cues disappear.To overcome these issues, we propose a collaborative reasoning framework that enhances motion estimation through joint inference among multiple correlated objects. By allowing objects with similar motion states to mutually constrain and refine each other, our framework stabilizes noisy trajectories and infers plausible motion continuity even when target is occluded.To realize this concept, we design HyperSSM, an architecture that integrates Hypergraph computation and a State Space Model (SSM) for unified spatial-temporal reasoning. The Hypergraph module captures spatial motion correlations through dynamic hyperedges, while the SSM enforces temporal smoothness via structured state transitions. This synergistic design enables simultaneous optimization of spatial consensus and temporal coherence, resulting in robust and stable motion estimation.Extensive experiments on four mainstream and diverse benchmarks(MOT17, MOT20, DanceTrack, and SportsMOT) covering various motion patterns and scene complexities, demonstrate that our approach achieves state-of-the-art performance across a wide range of tracking scenarios.","@InProceedings{Song_2026_CVPR, author = {Song, Zikai and Yu, Junqing and Chen, Yi-Ping Phoebe and Yang, Wei and Wang, Xinchao}, title = {Hypergraph-State Collaborative Reasoning for Multi-Object Tracking}, booktitle = {Proceedings of the IEEE/CVF Conference on Computer Vision and Pattern Recognition (CVPR)}, month = {June}, year = {2026}, pages = {28123-28133} }"
Zheng_Boosting_Self-Supervised_Tracking_with_Contextual_Prompts_and_Noise_Learning_CVPR_2026_paper,2026,0,SelfSupervised_Representation,SelfSupervised_Representation|Tracking_MOT|LLM_Reasoning_Agent,18.0,0.111,Boosting Self-Supervised Tracking with Contextual Prompts and Noise Learning,Yaozong Zheng; Qihua Liang; Bineng Zhong; Shuimu Zeng; Yuanliang Xue; Ning Li; Shuxiang Song,7,35197-35206,True,https://openaccess.thecvf.com/content/CVPR2026/papers/Zheng_Boosting_Self-Supervised_Tracking_with_Contextual_Prompts_and_Noise_Learning_CVPR_2026_paper.pdf,,https://openaccess.thecvf.com/content/CVPR2026/html/Zheng_Boosting_Self-Supervised_Tracking_with_Contextual_Prompts_and_Noise_Learning_CVPR_2026_paper.html,"Learning robust contextual knowledge from unlabeled videos is essential for advancing self-supervised tracking. However, conventional self-supervised trackers lack effective context modeling, while existing context association methods based on non-semantic queries struggle to adapt to unlabeled tracking scenarios, making it difficult to learn reliable contextual cues. In this work, we propose a novel self-supervised tracking framework, named \tracker, which introduces a dual-modal context association mechanism that jointly leverages fine-grained semantic prompts and contextual noise to drive the model toward learning robust tracking representations. Adherent to the easy-to-hard learning principle, our contextual association mechanism operates based on two stages. During early training, instance patch tokens (prompts) are assigned to both forward and backward tracking branches to facilitate the acquisition of tracking knowledge. As training progresses, contextual noise is gradually injected into the model to perturb feature, encouraging the tracker to learn robust tracking representations in a more complex feature space. Thus, this novel contextual association mechanism enables our self-supervised model to learn high-quality tracking representations from unlabeled videos, while being applied exclusively during training to preserve efficient inference. Extensive experiments demonstrate the superiority of our method.","@InProceedings{Zheng_2026_CVPR, author = {Zheng, Yaozong and Liang, Qihua and Zhong, Bineng and Zeng, Shuimu and Xue, Yuanliang and Li, Ning and Song, Shuxiang}, title = {Boosting Self-Supervised Tracking with Contextual Prompts and Noise Learning}, booktitle = {Proceedings of the IEEE/CVF Conference on Computer Vision and Pattern Recognition (CVPR)}, month = {June}, year = {2026}, pages = {35197-35206} }"
Abdelfattah_OSMO_Open-vocabulary_Self-eMOtion_Tracking_CVPR_2026_paper,2026,1,Tracking_MOT,Tracking_MOT|Video_Action_Recognition|Vision_Language_Multimodal,10.0,0.1,OSMO: Open-vocabulary Self-eMOtion Tracking,Mohamed Abdelfattah; Bugra Tekin; Fadime Sener; Necati Cihan Camgoz; Eric Sauser; Shugao Ma; Alexandre Alahi; Edoardo Remelli,8,1737-1748,True,https://openaccess.thecvf.com/content/CVPR2026/papers/Abdelfattah_OSMO_Open-vocabulary_Self-eMOtion_Tracking_CVPR_2026_paper.pdf,,https://openaccess.thecvf.com/content/CVPR2026/html/Abdelfattah_OSMO_Open-vocabulary_Self-eMOtion_Tracking_CVPR_2026_paper.html,"We introduce the novel task of egocentric self-emotion tracking, which aims to infer an individual's evolving emotions from egocentric multimodal streams such as voice, visual surroundings, semantic subtext, and eye-tracking signals. To establish this research direction, we present: (1) OSMO dataset, a large-scale annotation effort on 110 hours of existing bilingual smart-glasses recordings, establishing the largest egocentric emotion dataset and the first with subject-wise emotion timelines; (2) OSMO benchmark, a suite of five tasks (emotion recognition, sentiment, intensity, localization, and reasoning), that redefine emotion understanding as a continuous, context-aware process rather than discrete classification of trimmed videos; (3) OSIRIS, a large multimodal model that tracks emotions over time by reasoning over the user's personal emotion history, current expressions, and egocentric observations. Extensive evaluations show that OSIRIS achieves a state-of-the-art performance, delivering, for the first time, coherent emotion timelines from egocentric data. Project website: https://osmo-emos.github.io.","@InProceedings{Abdelfattah_2026_CVPR, author = {Abdelfattah, Mohamed and Tekin, Bugra and Sener, Fadime and Camgoz, Necati Cihan and Sauser, Eric and Ma, Shugao and Alahi, Alexandre and Remelli, Edoardo}, title = {OSMO: Open-vocabulary Self-eMOtion Tracking}, booktitle = {Proceedings of the IEEE/CVF Conference on Computer Vision and Pattern Recognition (CVPR)}, month = {June}, year = {2026}, pages = {1737-1748} }"
Zhang_SpikeTrack_A_Spike-driven_Framework_for_Efficient_Visual_Tracking_CVPR_2026_paper,2026,1,Tracking_MOT,Tracking_MOT,12.0,1.0,SpikeTrack: A Spike-driven Framework for Efficient Visual Tracking,Qiuyang Zhang; Jiujun Cheng; Qichao Mao; Cong Liu; Yu Fang; Yuhong Li; Mengying Ge; Shangce Gao,8,6802-6811,True,https://openaccess.thecvf.com/content/CVPR2026/papers/Zhang_SpikeTrack_A_Spike-driven_Framework_for_Efficient_Visual_Tracking_CVPR_2026_paper.pdf,https://openaccess.thecvf.com/content/CVPR2026/supplemental/Zhang_SpikeTrack_A_Spike-driven_CVPR_2026_supplemental.zip,https://openaccess.thecvf.com/content/CVPR2026/html/Zhang_SpikeTrack_A_Spike-driven_Framework_for_Efficient_Visual_Tracking_CVPR_2026_paper.html,"Spiking Neural Networks (SNNs) promise energy-efficient vision, but applying them to RGB visual tracking remains difficult: Existing SNN tracking frameworks either do not fully align with spike-driven computation or do not fully leverage neurons' spatiotemporal dynamics, leading to a trade-off between efficiency and accuracy. To address this, we introduce SpikeTrack, a spike-driven framework for energy-efficient RGB object tracking. SpikeTrack employs a novel asymmetric design that uses asymmetric timestep expansion and unidirectional information flow, harnessing spatiotemporal dynamics while cutting computation. To ensure effective unidirectional information transfer between branches, we design a memory-retrieval module inspired by neural inference mechanisms. This module recurrently queries a compact memory initialized by the template to retrieve target cues and sharpen target perception over time. Extensive experiments demonstrate that SpikeTrack achieves the state-of-the-art among SNN-based trackers and remains competitive with advanced ANN trackers. Notably, it surpasses TransT on LaSOT dataset while consuming only 1/26 of its energy. To our knowledge, SpikeTrack is the first spike-driven framework to make RGB tracking both accurate and energy efficient.","@InProceedings{Zhang_2026_CVPR, author = {Zhang, Qiuyang and Cheng, Jiujun and Mao, Qichao and Liu, Cong and Fang, Yu and Li, Yuhong and Ge, Mengying and Gao, Shangce}, title = {SpikeTrack: A Spike-driven Framework for Efficient Visual Tracking}, booktitle = {Proceedings of the IEEE/CVF Conference on Computer Vision and Pattern Recognition (CVPR)}, month = {June}, year = {2026}, pages = {6802-6811} }"
Su_SEATrack_Simple_Efficient_and_Adaptive_Multimodal_Tracker_CVPR_2026_paper,2026,0,Vision_Language_Multimodal,Vision_Language_Multimodal|Tracking_MOT,16.0,0.25,"SEATrack: Simple, Efficient, and Adaptive Multimodal Tracker",Junbin Su; Ziteng Xue; Shihui Zhang; Kun Chen; Weiming Hu; Zhipeng Zhang,6,28679-28689,True,https://openaccess.thecvf.com/content/CVPR2026/papers/Su_SEATrack_Simple_Efficient_and_Adaptive_Multimodal_Tracker_CVPR_2026_paper.pdf,,https://openaccess.thecvf.com/content/CVPR2026/html/Su_SEATrack_Simple_Efficient_and_Adaptive_Multimodal_Tracker_CVPR_2026_paper.html,"Parameter-efficient fine-tuning (PEFT) in multimodal tracking reveals a concerning trend where recent performance gains are often achieved at the cost of inflated parameter budgets, which fundamentally erodes PEFT's efficiency promise. In this work, we introduce SEATrack, a Simple, Efficient, and Adaptive two-stream multimodal tracker that tackles this performance-efficiency dilemma from two complementary perspectives. We first prioritize cross-modal alignment of matching responses, an underexplored yet pivotal factor that we argue is essential for breaking the trade-off. Specifically, we observe that modality-specific biases in existing two-stream methods generate conflicting matching attention maps, thereby hindering effective joint representation learning. To mitigate this, we propose AMG-LoRA, which seamlessly integrates Low-Rank Adaptation (LoRA) for domain adaptation with Adaptive Mutual Guidance (AMG) to dynamically refine and align attention maps across modalities. We then depart from conventional local fusion approaches by introducing a Hierarchical Mixture of Experts (HMoE) that enables efficient global relation modeling, effectively balancing expressiveness and computational efficiency in cross-modal fusion. Equipped with these innovations, SEATrack advances notable progress over state-of-the-art methods in balancing performance with efficiency across RGB-T, RGB-D, and RGB-E tracking tasks. Code is available.","@InProceedings{Su_2026_CVPR, author = {Su, Junbin and Xue, Ziteng and Zhang, Shihui and Chen, Kun and Hu, Weiming and Zhang, Zhipeng}, title = {SEATrack: Simple, Efficient, and Adaptive Multimodal Tracker}, booktitle = {Proceedings of the IEEE/CVF Conference on Computer Vision and Pattern Recognition (CVPR)}, month = {June}, year = {2026}, pages = {28679-28689} }"
Kang_Event6D_Event-based_Novel_Object_6D_Pose_Tracking_CVPR_2026_paper,2026,1,Tracking_MOT,Tracking_MOT,12.0,0.75,Event6D: Event-based Novel Object 6D Pose Tracking,Jae-Young Kang; Hoonhee Cho; Taeyeop Lee; Minjun Kang; Bowen Wen; Youngho Kim; Kuk-Jin Yoon,7,15091-15104,True,https://openaccess.thecvf.com/content/CVPR2026/papers/Kang_Event6D_Event-based_Novel_Object_6D_Pose_Tracking_CVPR_2026_paper.pdf,https://openaccess.thecvf.com/content/CVPR2026/supplemental/Kang_Event6D_Event-based_Novel_CVPR_2026_supplemental.zip,https://openaccess.thecvf.com/content/CVPR2026/html/Kang_Event6D_Event-based_Novel_Object_6D_Pose_Tracking_CVPR_2026_paper.html,"Event cameras provide microsecond latency, making them suitable for 6D object pose tracking in fast, dynamic scenes where conventional RGB and depth pipelines suffer from motion blur and large pixel displacements. We introduce EventTrack6D, an event-depth tracking framework that generalizes to novel objects without object-specific training by reconstructing both intensity and depth at arbitrary timestamps between depth frames. Conditioned on the most recent depth measurement, our dual reconstruction recovers dense photometric and geometric cues from sparse event streams. Our EventTrack6D operates at over 120 FPS and maintains temporal consistency under rapid motion. To support training and evaluation, we introduce a comprehensive benchmark suite: a large-scale synthetic dataset for training and two complementary evaluation sets, including real and simulated event datasets. Trained exclusively on synthetic data, EventTrack6D generalizes effectively to real-world scenarios without fine-tuning, maintaining accurate tracking across diverse objects and motion patterns. Our method and datasets validate the effectiveness of event cameras for event-based 6D pose tracking of novel objects. Code and datasets are publicly available at https://chohoonhee.github.io/Event6D.","@InProceedings{Kang_2026_CVPR, author = {Kang, Jae-Young and Cho, Hoonhee and Lee, Taeyeop and Kang, Minjun and Wen, Bowen and Kim, Youngho and Yoon, Kuk-Jin}, title = {Event6D: Event-based Novel Object 6D Pose Tracking}, booktitle = {Proceedings of the IEEE/CVF Conference on Computer Vision and Pattern Recognition (CVPR)}, month = {June}, year = {2026}, pages = {15091-15104} }"
Xu_FedBPrompt_Federated_Domain_Generalization_Person_Re-Identification_via_Body_Distribution_Aware_CVPR_2026_paper,2026,1,Tracking_MOT,Tracking_MOT|Transfer_FewShot_DomainAdaptation|LLM_Reasoning_Agent,15.0,0.0,FedBPrompt: Federated Domain Generalization Person Re-Identification via Body Distribution Aware Visual Prompts,Xin Xu; Weilong Li; Wei Liu; Wenke Huang; Zhixi Yu; Bin Yang; Xiaoying Liao; Kui Jiang,8,40448-40457,True,https://openaccess.thecvf.com/content/CVPR2026/papers/Xu_FedBPrompt_Federated_Domain_Generalization_Person_Re-Identification_via_Body_Distribution_Aware_CVPR_2026_paper.pdf,,https://openaccess.thecvf.com/content/CVPR2026/html/Xu_FedBPrompt_Federated_Domain_Generalization_Person_Re-Identification_via_Body_Distribution_Aware_CVPR_2026_paper.html,"Federated Domain Generalization for Person Re-Identification (FedDG-ReID) aims to learn domain-invariant representations from decentralized data. Although Vision Transformers (ViTs) are widely adopted, their global attention often fails to distinguish pedestrians from high similarity backgrounds or diverse viewpoints---a challenge further amplified by cross-client distribution shifts in FedDG-ReID. To address this, we propose Federated Body Distribution Aware Visual Prompt (FedBPrompt), which introduces learnable visual prompts to explicitly guide Transformer attention toward pedestrian-centric regions. FedBPrompt employs a Body Distribution Aware Visual Prompts Mechanism (BAPM) that divides prompts into two groups: Holistic Full Body Prompts suppress cross-client background noise, while Body Part Alignment Prompts capture fine-grained details robust to pose and viewpoint variations. To mitigate the high communication cost of large Transformer models, we further design a Prompt-based Fine-Tuning Strategy (PFTS) that freezes the ViT backbone and updates only lightweight prompts, significantly reducing communication overhead while maintaining adaptability. Extensive experiments demonstrate that BAPM effectively enhances feature discrimination and cross-domain generalization, while PFTS achieves notable performance gains within only a few aggregation rounds. Moreover, both BAPM and PFTS can be easily integrated into existing ViT-based FedDG-ReID frameworks, making FedBPrompt a flexible and effective solution for federated person re-identification. The code will be released.","@InProceedings{Xu_2026_CVPR, author = {Xu, Xin and Li, Weilong and Liu, Wei and Huang, Wenke and Yu, Zhixi and Yang, Bin and Liao, Xiaoying and Jiang, Kui}, title = {FedBPrompt: Federated Domain Generalization Person Re-Identification via Body Distribution Aware Visual Prompts}, booktitle = {Proceedings of the IEEE/CVF Conference on Computer Vision and Pattern Recognition (CVPR)}, month = {June}, year = {2026}, pages = {40448-40457} }"
Huang_Drift-Resilient_Temporal_Priors_for_Visual_Tracking_CVPR_2026_paper,2026,1,Tracking_MOT,Tracking_MOT,10.0,0.8,Drift-Resilient Temporal Priors for Visual Tracking,Yuqing Huang; Liting Lin; Weijun Zhuang; Zhenyu He; Xin Li,5,6847-6856,True,https://openaccess.thecvf.com/content/CVPR2026/papers/Huang_Drift-Resilient_Temporal_Priors_for_Visual_Tracking_CVPR_2026_paper.pdf,https://openaccess.thecvf.com/content/CVPR2026/supplemental/Huang_Drift-Resilient_Temporal_Priors_CVPR_2026_supplemental.pdf,https://openaccess.thecvf.com/content/CVPR2026/html/Huang_Drift-Resilient_Temporal_Priors_for_Visual_Tracking_CVPR_2026_paper.html,"Temporal information is crucial for visual tracking, but existing multi-frame trackers are vulnerable to model drift caused by naively aggregating noisy historical predictions. In this paper, we introduce DTPTrack, a lightweight and generalizable module designed to be seamlessly integrated into existing trackers to suppress drift. Our framework consists of two core components: (1) a Temporal Reliability Calibrator (TRC) mechanism that learns to assign a per-frame reliability score to historical states, filtering out noise while anchoring on the ground-truth template; and (2) a Temporal Guidance Synthesizer (TGS) module that synthesizes this calibrated history into a compact set of dynamic temporal priors to provide predictive guidance. To demonstrate its versatility, we integrate DTPTrack into three diverse tracking architectures--OSTrack, ODTrack, and LoRAT--and show consistent, significant performance gains across all baselines. Our best-performing model, built upon an extended LoRATv2 backbone, sets a new state-of-the-art on several benchmarks, achieving a 77.5% Success rate on LaSOT and an 80.3% AO on GOT-10k. The source code is available at https://github.com/NorahGreen/DTPTrack.","@InProceedings{Huang_2026_CVPR, author = {Huang, Yuqing and Lin, Liting and Zhuang, Weijun and He, Zhenyu and Li, Xin}, title = {Drift-Resilient Temporal Priors for Visual Tracking}, booktitle = {Proceedings of the IEEE/CVF Conference on Computer Vision and Pattern Recognition (CVPR)}, month = {June}, year = {2026}, pages = {6847-6856} }"
Chang_MER-Tracker_Towards_High-Speed_3D_Point_Tracking_via_Multi-View_Event-RGB_Hybrid_CVPR_2026_paper,2026,1,Tracking_MOT,Tracking_MOT,20.0,0.85,MER-Tracker: Towards High-Speed 3D Point Tracking via Multi-View Event-RGB Hybrid Cameras,Yiqian Chang; Qinghong Ye; Haoran Xu; Jianing Li; Dongyang Ma; Xuan Wang; Wei Zhang; Yonghong Tian; Peixi Peng,9,37032-37042,True,https://openaccess.thecvf.com/content/CVPR2026/papers/Chang_MER-Tracker_Towards_High-Speed_3D_Point_Tracking_via_Multi-View_Event-RGB_Hybrid_CVPR_2026_paper.pdf,https://openaccess.thecvf.com/content/CVPR2026/supplemental/Chang_MER-Tracker_Towards_High-Speed_CVPR_2026_supplemental.pdf,https://openaccess.thecvf.com/content/CVPR2026/html/Chang_MER-Tracker_Towards_High-Speed_3D_Point_Tracking_via_Multi-View_Event-RGB_Hybrid_CVPR_2026_paper.html,"This paper proposes the first task for high-speed 3D point tracking using multi-view Event-RGB hybrid cameras. We design a cuboid observation device comprising 4 RGB cameras (30fps) and 2 Event cameras to synchronously capture high-speed motions, and propose MER-Tracker, a high-frame-rate 3D point-tracking network that fuses the complementary strengths of dual modalities. We first respectively extract 2D motion-change features from the RGB and Event modalities, then apply linear interpolation and anchor sampling to fuse the discrete RGB 3D features and continuous Event 3D features after 3D lifting, and finally employ a LoRA-tuned Transformer based on temporal correlationship to predict the high-frame-rate 3D point trajectories over fast motions, accomplishing high-speed 3D point tracking. To verify the effectiveness of our method, we construct both real-world and simulated high-speed motion datasets. Experiments on these datasets show that our method achieves accurate high-speed 3D point tracking at high-frame-rate (150fps), outperforming state-of-the-art methods.","@InProceedings{Chang_2026_CVPR, author = {Chang, Yiqian and Ye, Qinghong and Xu, Haoran and Li, Jianing and Ma, Dongyang and Wang, Xuan and Zhang, Wei and Tian, Yonghong and Peng, Peixi}, title = {MER-Tracker: Towards High-Speed 3D Point Tracking via Multi-View Event-RGB Hybrid Cameras}, booktitle = {Proceedings of the IEEE/CVF Conference on Computer Vision and Pattern Recognition (CVPR)}, month = {June}, year = {2026}, pages = {37032-37042} }"
Peng_Dynamic_Magic_Unleashing_Restricted_Knowledge_for_Lifelong_Person_Re-Identification_CVPR_2026_paper,2026,1,Tracking_MOT,Tracking_MOT,12.0,0.75,Dynamic Magic: Unleashing Restricted Knowledge for Lifelong Person Re-Identification,Jinjia Peng; Jican Tan; Jiazuo Yu; Zeze Tao; Huibing Wang,5,32278-32287,True,https://openaccess.thecvf.com/content/CVPR2026/papers/Peng_Dynamic_Magic_Unleashing_Restricted_Knowledge_for_Lifelong_Person_Re-Identification_CVPR_2026_paper.pdf,,https://openaccess.thecvf.com/content/CVPR2026/html/Peng_Dynamic_Magic_Unleashing_Restricted_Knowledge_for_Lifelong_Person_Re-Identification_CVPR_2026_paper.html,"Lifelong Person Re-Identification aims to adapt to new domains while preserving old knowledge. Existing methods, whether distillation-based or rehearsal-based, attempt to consolidate diverse knowledge within a fixed model architecture. However, the limited adaptability of such architectures often leads to catastrophic forgetting by overwriting previously acquired knowledge. To overcome this limitation, we propose Versatile Incremental Adaptation (VIA), a novel dynamical expansion framework for LReID, which unleashes restricted knowledge during continuous learning by large pre-trained models. Specifically, Unseen-domain person Adapter (UnA) is embedded in VIA, which employs incremental modular learning to capture the domain's specific knowledge, thereby reducing cross-domain interference and releasing task-specific capacity that is previously limited by static parameter sharing. Meanwhile, considering the substantial amount of sharing knowledge across domains in LReID, we design the Domain-aware Dispatch module to enable inter-domain collaboration and knowledge reuse through adaptive cooperation among multiple shared adapters. Besides, a Holistic Domain Controller is designed to dynamically regulate the learning capacity for new domains based on knowledge similarity, thereby effectively unleashing the generalization potential of pre-trained models. Furthermore, a lightweight Similarity-Guided Auto-Selector is proposed to assign inputs to relevant adapters during inference automatically. Extensive experiments validate VIA's effectiveness, surpassing state-of-the-art methods in both seen and unseen domains.","@InProceedings{Peng_2026_CVPR, author = {Peng, Jinjia and Tan, Jican and Yu, Jiazuo and Tao, Zeze and Wang, Huibing}, title = {Dynamic Magic: Unleashing Restricted Knowledge for Lifelong Person Re-Identification}, booktitle = {Proceedings of the IEEE/CVF Conference on Computer Vision and Pattern Recognition (CVPR)}, month = {June}, year = {2026}, pages = {32278-32287} }"
Zhen_GMT_Effective_Global_Framework_for_Multi-Camera_Multi-Target_Tracking_CVPR_2026_paper,2026,1,Tracking_MOT,Tracking_MOT,20.0,1.0,GMT: Effective Global Framework for Multi-Camera Multi-Target Tracking,Yihao Zhen; Mingyue Xu; Qiang Wang; Baojie Fan; Jiahua Dong; Tinghui Zhao; Huijie Fan,7,28201-28210,True,https://openaccess.thecvf.com/content/CVPR2026/papers/Zhen_GMT_Effective_Global_Framework_for_Multi-Camera_Multi-Target_Tracking_CVPR_2026_paper.pdf,https://openaccess.thecvf.com/content/CVPR2026/supplemental/Zhen_GMT_Effective_Global_CVPR_2026_supplemental.pdf,https://openaccess.thecvf.com/content/CVPR2026/html/Zhen_GMT_Effective_Global_Framework_for_Multi-Camera_Multi-Target_Tracking_CVPR_2026_paper.html,"Existing Multi-Camera Multi-Target (MCMT) tracking models typically adopt a two-stage framework, involving single-camera tracking followed by inter-camera tracking. However, in this paradigm, the use of multiple views is confined to recovering missed matches in the first stage, providing a limited contribution to overall tracking. To address this issue, we propose a novel global MCMT tracking framework termed GMT, which effectively leverages the advantage of multi-view by performing global-level trajectory-target matching. Specifically, instead of assigning trajectories independently for each view, we propose a Cross-View Feature Consistency Enhancement(CFCE) module to reduce the feature discrepancies across different views, and encode the same historical targets across different views as global trajectories. The Global Trajectory Associate (GTA) module is then introduced to associate new targets to global trajectories, allowing the model to jointly exploit both intra-view and inter-view cues during tracking. Compared with the two-stage framework, the GMT achieves significant improvements on existing datasets, with gains of up to 13.1% in CVMA in and 19.2% in CVIDF1. Moreover, we present VisionTrack, a high-quality, large-scale MCMT dataset encompassing diverse scenes with varying illumination and target distributions, providing significantly greater diversity than existing datasets. Our code and dataset will be released at https://github.com/FoxCanned/GMT.","@InProceedings{Zhen_2026_CVPR, author = {Zhen, Yihao and Xu, Mingyue and Wang, Qiang and Fan, Baojie and Dong, Jiahua and Zhao, Tinghui and Fan, Huijie}, title = {GMT: Effective Global Framework for Multi-Camera Multi-Target Tracking}, booktitle = {Proceedings of the IEEE/CVF Conference on Computer Vision and Pattern Recognition (CVPR)}, month = {June}, year = {2026}, pages = {28201-28210} }"
Liu_TTAPFormer_Robust_Arbitrary_Point_Tracking_via_Transient_Asynchronous_Fusion_of_CVPR_2026_paper,2026,1,Tracking_MOT,Tracking_MOT,14.0,0.786,TTAPFormer: Robust Arbitrary Point Tracking via Transient Asynchronous Fusion of Frames and Events,Jiaxiong Liu; Zhen Tan; Jinpu Zhang; Yi Zhou; Hui Shen; Xieyuanli Chen; Dewen Hu,7,37053-37062,True,https://openaccess.thecvf.com/content/CVPR2026/papers/Liu_TTAPFormer_Robust_Arbitrary_Point_Tracking_via_Transient_Asynchronous_Fusion_of_CVPR_2026_paper.pdf,https://openaccess.thecvf.com/content/CVPR2026/supplemental/Liu_TTAPFormer_Robust_Arbitrary_CVPR_2026_supplemental.pdf,https://openaccess.thecvf.com/content/CVPR2026/html/Liu_TTAPFormer_Robust_Arbitrary_Point_Tracking_via_Transient_Asynchronous_Fusion_of_CVPR_2026_paper.html,"Tracking any point (TAP) is a fundamental yet challenging task in computer vision, requiring high precision and long-term motion reasoning. Recent attempts to combine RGB frames and event streams have shown promise, yet they typically rely on synchronous or non-adaptive fusion, leading to temporal misalignment and severe degradation when one modality fails. We introduce TAPFormer, a transformer-based framework that performs asynchronous temporal-consistent fusion of frames and events for robust and high-frequency arbitrary point tracking.Our key innovation is a Transient Asynchronous Fusion (TAF) mechanism, which explicitly models the temporal evolution between discrete frames through continuous event updates--bridging the gap between low-rate frames and high-rate events. In addition, a Cross-modal Locally Weighted Fusion (CLWF) module adaptively adjusts spatial attention according to modality reliability, yielding stable and discriminative features even under blur or low light.To evaluate our approach under realistic conditions, we construct a novel real-world frame-event TAP dataset under diverse illumination and motion conditions.Our method outperforms existing point trackers, achieving a 28.2% improvement in average pixel error within threshold. Moreover, on standard point tracking benchmarks, our tracker consistently achieves the best performance. We will release the code and dataset upon acceptance to support future research.","@InProceedings{Liu_2026_CVPR, author = {Liu, Jiaxiong and Tan, Zhen and Zhang, Jinpu and Zhou, Yi and Shen, Hui and Chen, Xieyuanli and Hu, Dewen}, title = {TTAPFormer: Robust Arbitrary Point Tracking via Transient Asynchronous Fusion of Frames and Events}, booktitle = {Proceedings of the IEEE/CVF Conference on Computer Vision and Pattern Recognition (CVPR)}, month = {June}, year = {2026}, pages = {37053-37062} }"
Ding_Adaptive_Depth_Lightweight_RGB-T_Tracking_with_Holistic_Token_Routing_CVPR_2026_paper,2026,0,Efficiency_Compression,Efficiency_Compression|Tracking_MOT,15.0,0.333,Adaptive Depth Lightweight RGB-T Tracking with Holistic Token Routing,Tian Ding; Hongtao Yang; Liangtao Shi; Jun Li; Xiantao Hu; Jian Yang; Ying Tai,7,20942-20952,True,https://openaccess.thecvf.com/content/CVPR2026/papers/Ding_Adaptive_Depth_Lightweight_RGB-T_Tracking_with_Holistic_Token_Routing_CVPR_2026_paper.pdf,https://openaccess.thecvf.com/content/CVPR2026/supplemental/Ding_Adaptive_Depth_Lightweight_CVPR_2026_supplemental.pdf,https://openaccess.thecvf.com/content/CVPR2026/html/Ding_Adaptive_Depth_Lightweight_RGB-T_Tracking_with_Holistic_Token_Routing_CVPR_2026_paper.html,"The appeal of RGB-T tracking lies in its resilience when RGB fails under night scenes, glare, fog, and partial occlusion. Despite notable accuracy gains, recent architectures emphasize deep fusion and large parameter counts, driving up FLOPs and bandwidth. This computational burden constrains real-time performance and limits scalability beyond high-end GPUs. To balance accuracy and efficiency, we propose Adaptive Early-Exit (AEE): we augment the backbone with anytime heads and pair them with a confidence-calibrated early-exit policy that halts inference at the earliest reliable layer, skipping redundant computation. For cross-modal interaction, we design a Holistic-Token-Guided Interaction (HTGI) module, where each modality is compressed into a compact set of holistic state tokens and injected into the other modality's modeling stream without layer-wise alignment, enabling targeted information exchange at extremely low cost. On RGB-T benchmarks, the lightweight tracker substantially reduces latency while maintaining competitive accuracy; on LasHeR, it achieves 70.2% precision and 56.3% success, running at 148.3 FPS on GPU, 50.2 FPS on CPU, and 28.7 FPS on an edge device.","@InProceedings{Ding_2026_CVPR, author = {Ding, Tian and Yang, Hongtao and Shi, Liangtao and Li, Jun and Hu, Xiantao and Yang, Jian and Tai, Ying}, title = {Adaptive Depth Lightweight RGB-T Tracking with Holistic Token Routing}, booktitle = {Proceedings of the IEEE/CVF Conference on Computer Vision and Pattern Recognition (CVPR)}, month = {June}, year = {2026}, pages = {20942-20952} }"
Zhang_ProgTrack_A_Multi-Object_Tracking_Algorithm_with_Progressive_Matching_Strategy_CVPR_2026_paper,2026,1,Tracking_MOT,Tracking_MOT,30.0,0.8,ProgTrack: A Multi-Object Tracking Algorithm with Progressive Matching Strategy,Chenhui Zhang; Guoqing Dong; Weijie Peng,3,20902-20911,True,https://openaccess.thecvf.com/content/CVPR2026/papers/Zhang_ProgTrack_A_Multi-Object_Tracking_Algorithm_with_Progressive_Matching_Strategy_CVPR_2026_paper.pdf,https://openaccess.thecvf.com/content/CVPR2026/supplemental/Zhang_ProgTrack_A_Multi-Object_CVPR_2026_supplemental.pdf,https://openaccess.thecvf.com/content/CVPR2026/html/Zhang_ProgTrack_A_Multi-Object_Tracking_Algorithm_with_Progressive_Matching_Strategy_CVPR_2026_paper.html,"Multi-object tracking (MOT) based on unmanned aerial vehicle (UAV) aims to identify and continuously track the positions of multiple ground targets during UAV flight. Current mainstream methods utilize appearance matching and motion matching to match targets in consecutive frames. However, these methods often fail in the following scenarios: First, scenarios with multi-scale targets, where small targets have weak appearance features and small bounding boxes; second, scenarios with complex backgrounds or occlusions, where the background or occlusions interfere with the appearance features and change the bounding box size of targets; third, scenarios where the UAV lens shakes, rotates, or zooms, leading to misalignment between consecutive frames; and fourth, scenarios with high targets similarity, where the appearance features between targets are difficult to distinguish, such as vehicles on a road. To address these issues, we propose a multi-object tracking algorithm, ProgTrack, based on a multi-stage progressive matching mechanism. This algorithm simulates human eye tracking strategies, employing a progressive process of ""first matching easily matched large targets, then matching difficult-to-match small targets, and finally matching the remaining mixed-scale targets."" Similarly, ProgTrack employs three strategies for target matching at different scales and appearances: a simple Local Motion Information (LMI) matching strategy for large targets, a complex Context Enhancement Feature (CE-Feature) matching strategy for small targets, and a Global Motion Information (GMI) matching strategy for multi-scale targets matching, thereby achieving target matching. On the VisDrone2019 UAV tracking dataset, ProgTrack achieves MOTA, MOTP, and IDF1 scores of 40.2, 77.5, and 52.8, respectively, demonstrating state-of-the-art performance among ten methods.","@InProceedings{Zhang_2026_CVPR, author = {Zhang, Chenhui and Dong, Guoqing and Peng, Weijie}, title = {ProgTrack: A Multi-Object Tracking Algorithm with Progressive Matching Strategy}, booktitle = {Proceedings of the IEEE/CVF Conference on Computer Vision and Pattern Recognition (CVPR)}, month = {June}, year = {2026}, pages = {20902-20911} }"
Huang_SSM-Aware_Token-Efficient_VMamba_via_Adaptive_Patch_Pruning_and_Merging_for_CVPR_2026_paper,2026,0,Efficiency_Compression,Efficiency_Compression|Tracking_MOT,15.0,0.0,SSM-Aware Token-Efficient VMamba via Adaptive Patch Pruning and Merging for Person Re-Identification,Huiyuan Huang; Sang Min Yoon,2,4363-4372,True,https://openaccess.thecvf.com/content/CVPR2026/papers/Huang_SSM-Aware_Token-Efficient_VMamba_via_Adaptive_Patch_Pruning_and_Merging_for_CVPR_2026_paper.pdf,,https://openaccess.thecvf.com/content/CVPR2026/html/Huang_SSM-Aware_Token-Efficient_VMamba_via_Adaptive_Patch_Pruning_and_Merging_for_CVPR_2026_paper.html,"Person re-identification (Re-ID) requires a balance between discriminative capability and computational efficiency for real-world deployment. However, even the Visual State Space Model (SSM), despite its linear complexity, suffers from redundant computation due to dense token processing. We propose SSM-aware Token-Efficient VMamba (TE-VMamba), which integrates adaptive patch pruning and merging modules to reduce redundant tokens while preserving identity-discriminative cues. The layer-adaptive pruning strategy removes low-importance tokens in shallow layers to enhance efficiency, whereas the depth-aware merging strategy consolidates semantically similar tokens in deeper layers to improve representation compactness. Learnable layer-wise thresholds dynamically balance accuracy and computational cost across the network. On the Market-1501 benchmark, TE-VMamba reduces FLOPs by over 60%, achieving significant computational savings while maintaining competitive accuracy. These results highlight the potential of structured token reduction in state-space models for efficient and powerful person re-identification.","@InProceedings{Huang_2026_CVPR, author = {Huang, Huiyuan and Yoon, Sang Min}, title = {SSM-Aware Token-Efficient VMamba via Adaptive Patch Pruning and Merging for Person Re-Identification}, booktitle = {Proceedings of the IEEE/CVF Conference on Computer Vision and Pattern Recognition (CVPR)}, month = {June}, year = {2026}, pages = {4363-4372} }"
Aydemir_Real-World_Point_Tracking_with_Verifier-Guided_Pseudo-Labeling_CVPR_2026_paper,2026,1,Tracking_MOT,Tracking_MOT,10.0,0.7,Real-World Point Tracking with Verifier-Guided Pseudo-Labeling,Görkay Aydemir; Fatma Güney; Weidi Xie,3,13553-13562,True,https://openaccess.thecvf.com/content/CVPR2026/papers/Aydemir_Real-World_Point_Tracking_with_Verifier-Guided_Pseudo-Labeling_CVPR_2026_paper.pdf,https://openaccess.thecvf.com/content/CVPR2026/supplemental/Aydemir_Real-World_Point_Tracking_CVPR_2026_supplemental.pdf,https://openaccess.thecvf.com/content/CVPR2026/html/Aydemir_Real-World_Point_Tracking_with_Verifier-Guided_Pseudo-Labeling_CVPR_2026_paper.html,"Models for long-term point tracking are typically trained on large synthetic datasets. The performance of these models degrades in real-world videos due todifferent characteristics and the absence of dense ground-truth annotations.Self-training on unlabeled videos has been explored as a practical solution, but the quality of pseudo-labels strongly depends on the reliability of teacher predictions, which vary across frames and scenes.In this paper, we address the problem of real-world fine-tuning and introduce Verifier, a meta-model that learns to assess the reliability of tracker predictions and guide pseudo-label generation.Given candidate trajectories from multiple pretrained trackers, the verifier evaluates them per frame and selects the most trustworthy predictions to construct refined pseudo-label trajectories.When applied during fine-tuning, verifier-guided pseudo-labeling substantially improves the quality of supervision and enables data-efficient adaptation to unlabeled videos.Extensive experiments on four real-world benchmarks demonstrate that our approach achieves state-of-the-art results while requiring less data than prior self-training methods.","@InProceedings{Aydemir_2026_CVPR, author = {Aydemir, G\""orkay and G\""uney, Fatma and Xie, Weidi}, title = {Real-World Point Tracking with Verifier-Guided Pseudo-Labeling}, booktitle = {Proceedings of the IEEE/CVF Conference on Computer Vision and Pattern Recognition (CVPR)}, month = {June}, year = {2026}, pages = {13553-13562} }"
Jiang_Mesh4D_4D_Mesh_Reconstruction_and_Tracking_from_Monocular_Video_CVPR_2026_paper,2026,0,Video_Action_Recognition,Video_Action_Recognition|Diffusion_Generative|Tracking_MOT,7.0,0.143,Mesh4D: 4D Mesh Reconstruction and Tracking from Monocular Video,Zeren Jiang; Chuanxia Zheng; Iro Laina; Diane Larlus; Andrea Vedaldi,5,14524-14535,True,https://openaccess.thecvf.com/content/CVPR2026/papers/Jiang_Mesh4D_4D_Mesh_Reconstruction_and_Tracking_from_Monocular_Video_CVPR_2026_paper.pdf,https://openaccess.thecvf.com/content/CVPR2026/supplemental/Jiang_Mesh4D_4D_Mesh_CVPR_2026_supplemental.pdf,https://openaccess.thecvf.com/content/CVPR2026/html/Jiang_Mesh4D_4D_Mesh_Reconstruction_and_Tracking_from_Monocular_Video_CVPR_2026_paper.html,"We propose Mesh4D, a feed-forward model for monocular 4D mesh reconstruction. Given a monocular video of a dynamic object, our model reconstructs the object's complete 3D shape and motion, represented as a deformation field. Our key contribution is a compact latent space that encodes the entire animation sequence. This latent space is learned by an autoencoder that, during training, is guided by the skeletal structure of the training objects, providing strong priors on plausible deformations. Crucially, skeletal information is not required at inference time. The encoder employs spatio-temporal attention, yielding a more stable representation of the object's overall deformation. Building on this representation, we train a latent diffusion model that, conditioned on the input video and the mesh reconstructed from the first frame, predicts the full animation in one shot. We evaluate Mesh4D on reconstruction and novel view synthesis benchmarks, outperforming prior methods in recovering accurate 3D shape and deformation.","@InProceedings{Jiang_2026_CVPR, author = {Jiang, Zeren and Zheng, Chuanxia and Laina, Iro and Larlus, Diane and Vedaldi, Andrea}, title = {Mesh4D: 4D Mesh Reconstruction and Tracking from Monocular Video}, booktitle = {Proceedings of the IEEE/CVF Conference on Computer Vision and Pattern Recognition (CVPR)}, month = {June}, year = {2026}, pages = {14524-14535} }"
Lin_Adaptive_Capacity_Autoregressive_Visual_Tracking_CVPR_2026_paper,2026,1,Tracking_MOT,Tracking_MOT,12.0,1.0,Adaptive Capacity Autoregressive Visual Tracking,Tong Lin; Yifan Bai; Shiyi Liang; Ruigang Niu; Xing Wei,5,13574-13583,True,https://openaccess.thecvf.com/content/CVPR2026/papers/Lin_Adaptive_Capacity_Autoregressive_Visual_Tracking_CVPR_2026_paper.pdf,,https://openaccess.thecvf.com/content/CVPR2026/html/Lin_Adaptive_Capacity_Autoregressive_Visual_Tracking_CVPR_2026_paper.html,"We present ARTrack-AC, a new step in the autoregressive tracking paradigm that introduces adaptive capacity inference to achieve both temporal consistency and dynamic efficiency. While existing autoregressive trackers predict object states sequentially with fixed inference capacity, they fail to accommodate the fluctuating temporal difficulty of real videos. ARTrack-AC addresses this limitation by equipping the tracker with the ability to modulate its inference capacity over time. A diffusion-based difficulty estimator anticipates the stability of upcoming segments, guiding a controller to switch between an accurate (high-capacity) and an efficient (low-capacity) mode while maintaining autoregressive consistency. This system-level autoregression extends conventional sequence modeling beyond ""what to predict"" toward ""how to predict,"" forming a self-regulated tracking process that aligns inference cost with temporal complexity. Despite its simplicity, ARTrack-AC achieves state-of-the-art accuracy-speed trade-off on major benchmarks--66.7% AUC on LaSOT and 47.5% AUC on LaSOText--running 2.9xfaster than its predecessor.","@InProceedings{Lin_2026_CVPR, author = {Lin, Tong and Bai, Yifan and Liang, Shiyi and Niu, Ruigang and Wei, Xing}, title = {Adaptive Capacity Autoregressive Visual Tracking}, booktitle = {Proceedings of the IEEE/CVF Conference on Computer Vision and Pattern Recognition (CVPR)}, month = {June}, year = {2026}, pages = {13574-13583} }"
Bian_Solving_a_Nonlinear_Blind_Inverse_Problem_for_Tagged_MRI_with_CVPR_2026_paper,2026,0,Medical_Bio_RemoteSensing,Medical_Bio_RemoteSensing|Tracking_MOT,15.0,0.6,Solving a Nonlinear Blind Inverse Problem for Tagged MRI with Physics and Deep Generative Priors,Zhangxing Bian; Shuwen Wei; Samuel W. Remedios; Junyu Chen; Aaron Carass; Blake Dewey; Jerry L Prince,7,41730-41740,True,https://openaccess.thecvf.com/content/CVPR2026/papers/Bian_Solving_a_Nonlinear_Blind_Inverse_Problem_for_Tagged_MRI_with_CVPR_2026_paper.pdf,,https://openaccess.thecvf.com/content/CVPR2026/html/Bian_Solving_a_Nonlinear_Blind_Inverse_Problem_for_Tagged_MRI_with_CVPR_2026_paper.html,"Tagged MRI enables tracking internal tissue motion non-invasively. It encodes motion by modulating anatomy with periodic tags, which deforms along with tissue. However, the entanglement between anatomy, tags and motion poses significant challenges on post processing. Existence of tags and imaging blur hinders downstream tasks such as segmenting anatomy. Tag fading, due to T1-relaxation, disrupts brightness constancy assumption for motion tracking. For decades, these challenges are handled in isolation and sub-optimally. In contrast, we introduce a blind and nonlinear inverse framework for tagged MRI that, for the first time, unifies these tasks: anatomical image recovery, high-resolution cine image synthesis, and motion estimation. At its core, the synergy of MR physics and generative priors enables us to blindly estimate the unknown forward imaging models, high-resolution underlying anatomy, while simultaneously tracking 3D diffeomorphic Lagrangian motion over time. Experiments on tagged brain MRI demonstrate that our approach yields high-resolution anatomy images, cine images, and more accurate motion than specialized methods.","@InProceedings{Bian_2026_CVPR, author = {Bian, Zhangxing and Wei, Shuwen and Remedios, Samuel W. and Chen, Junyu and Carass, Aaron and Dewey, Blake and Prince, Jerry L}, title = {Solving a Nonlinear Blind Inverse Problem for Tagged MRI with Physics and Deep Generative Priors}, booktitle = {Proceedings of the IEEE/CVF Conference on Computer Vision and Pattern Recognition (CVPR)}, month = {June}, year = {2026}, pages = {41730-41740} }"
Moravec_TESO_Online_Tracking_of_Essential_Matrix_by_Stochastic_Optimization_CVPR_2026_paper,2026,1,Tracking_MOT,Tracking_MOT|LowLevel_Flow_Depth_Matching|Trustworthy_Security_Privacy,14.0,0.571,TESO: Online Tracking of Essential Matrix by Stochastic Optimization,Jaroslav Moravec; Radim Sara; Akihiro Sugimoto,3,28819-28827,True,https://openaccess.thecvf.com/content/CVPR2026/papers/Moravec_TESO_Online_Tracking_of_Essential_Matrix_by_Stochastic_Optimization_CVPR_2026_paper.pdf,https://openaccess.thecvf.com/content/CVPR2026/supplemental/Moravec_TESO_Online_Tracking_CVPR_2026_supplemental.pdf,https://openaccess.thecvf.com/content/CVPR2026/html/Moravec_TESO_Online_Tracking_of_Essential_Matrix_by_Stochastic_Optimization_CVPR_2026_paper.html,"Maintaining long-term accuracy of stereo camera calibration parameters is important for autonomous systems' perception. This work proposes Online Tracking of Essential Matrix by Stochastic Optimization (TESO). The core mechanisms of TESO are: 1) a robust loss function based on kernel correlation over tentative correspondences, 2) an adaptive online stochastic optimization on the essential manifold. TESO has low CPU and memory requirements, relies on a few hyperparameters, and eliminates the need for data-driven training, enabling the usage in resource-constrained online perception systems. We evaluated the influence of TESO on geometric precision, rectification quality, and stereo depth consistency. On the large-scale MAN TruckScenes dataset, TESO tracks rotational calibration drift with 0.12 deg precision in the Y-axis-critical for stereo accuracy-while the X- and Z-axes are five times more precise. Tracking applied to sequences with simulated drift shows similar precision with respect to the reference as tracking applied to no-drift sequences, indicating the tracker is unbiased. On the KITTI dataset, TESO revealed systematic inconsistencies in extrinsic parameters across stereo pairs, confirming previous published findings. We verified that intrinsic decalibration affected these errors, as evidenced by the conflicting behavior of the rectification and depth metrics. After correcting the reference calibration, TESO improved its rotation precision around the Y-axis 20 times to 0.025 deg and its depth accuracy 50 times. Despite its lightweight design, direct optimization of the proposed TESO loss function alone achieves accuracy comparable to that of neural network-based single-frame methods.","@InProceedings{Moravec_2026_CVPR, author = {Moravec, Jaroslav and Sara, Radim and Sugimoto, Akihiro}, title = {TESO: Online Tracking of Essential Matrix by Stochastic Optimization}, booktitle = {Proceedings of the IEEE/CVF Conference on Computer Vision and Pattern Recognition (CVPR)}, month = {June}, year = {2026}, pages = {28819-28827} }"
Li_Learning_to_Control_Physically-simulated_3D_Characters_via_Generating_and_Mimicking_CVPR_2026_paper,2026,1,Tracking_MOT,Tracking_MOT,6.0,0.333,Learning to Control Physically-simulated 3D Characters via Generating and Mimicking 2D Motions,Jianan Li; Xiao Chen; Tao Huang; Tien-Tsin Wong,4,38302-38312,True,https://openaccess.thecvf.com/content/CVPR2026/papers/Li_Learning_to_Control_Physically-simulated_3D_Characters_via_Generating_and_Mimicking_CVPR_2026_paper.pdf,https://openaccess.thecvf.com/content/CVPR2026/supplemental/Li_Learning_to_Control_CVPR_2026_supplemental.zip,https://openaccess.thecvf.com/content/CVPR2026/html/Li_Learning_to_Control_Physically-simulated_3D_Characters_via_Generating_and_Mimicking_CVPR_2026_paper.html,"Video data is more cost-effective than motion capture data for learning 3D character controllers, yet using it to generate realistic and physically plausible motions remains challenging. Previous approaches typically rely on off-the-shelf motion reconstruction techniques to extract 3D kinematic trajectories for physics-based imitation. However, these approaches are fundamentally limited by the physical implausibility of the estimated motions and lack a unified framework for handling non-human subjects and complex human-object interactions (HOI). We tackle this challenge by introducing Mimic2DM, a novel motion imitation framework that learns the control policy directly and solely from 2D motions extracted from videos. By formulating a 2D motion tracking objective, we train a general single-view tracking policy capable of imitating arbitrary reference motions in a physics simulation using exclusively 2D data. Furthermore, by training on 2D motions from diverse viewpoints, our view-agnostic policy implicitly learns 3D motion structures, allowing it to perform full 3D motion tracking simply by aggregating multiple views. To extend this capability, we integrate the tracking policy with an autoregressive transformer-based 2D motion generator, constructing a hierarchical control framework capable of long-horizon motion synthesis and interactive control. We show that the proposed approach is versatile and effectively synthesizes physically plausible and diverse motions across a range of domains, including dancing, soccer dribbling, and animal locomotion, without any reliance on explicit 3D motion data.","@InProceedings{Li_2026_CVPR, author = {Li, Jianan and Chen, Xiao and Huang, Tao and Wong, Tien-Tsin}, title = {Learning to Control Physically-simulated 3D Characters via Generating and Mimicking 2D Motions}, booktitle = {Proceedings of the IEEE/CVF Conference on Computer Vision and Pattern Recognition (CVPR)}, month = {June}, year = {2026}, pages = {38302-38312} }"
Jiang_Learning_Transferable_Temporal_Primitives_for_Video_Reasoning_via_Synthetic_Videos_CVPR_2026_paper,2026,0,Video_Action_Recognition,Video_Action_Recognition|LLM_Reasoning_Agent|Tracking_MOT|Vision_Language_Multimodal,14.0,0.214,Learning Transferable Temporal Primitives for Video Reasoning via Synthetic Videos,Songtao Jiang; Sibo Song; Chenyi Zhou; Yuan Wang; Ruizhe Chen; Tongkun Guan; Ruilin Luo; Yan Zhang; Zhihang Tang; Yuchong Sun; Hang Zhang; Zhibo Yang; Shuai Bai; Junyang Lin; Zuozhu Liu,15,31283-31292,True,https://openaccess.thecvf.com/content/CVPR2026/papers/Jiang_Learning_Transferable_Temporal_Primitives_for_Video_Reasoning_via_Synthetic_Videos_CVPR_2026_paper.pdf,,https://openaccess.thecvf.com/content/CVPR2026/html/Jiang_Learning_Transferable_Temporal_Primitives_for_Video_Reasoning_via_Synthetic_Videos_CVPR_2026_paper.html,"The transition from image to video understanding requires vision-language models (VLMs) to shift from recognizing static patterns to reasoning over temporal dynamics such as motion trajectories, speed changes, and state transitions. Yet current post-training methods fall short due to two critical limitations: (1) existing datasets often lack temporal-centricity, where answers can be inferred from isolated keyframes rather than requiring holistic temporal integration; (2) training data generated by proprietary models contains systematic errors in fundamental temporal perception, such as confusing motion directions or misjudging speeds. We introduce SynRL, a post-training framework that teaches models temporal primitives, the fundamental building blocks of temporal understanding including direction, speed, and state tracking. Our key insight is that these abstract primitives, learned from programmatically generated synthetic videos, transfer effectively to real-world scenarios. We decompose temporal understanding into short-term perceptual primitives (speed, direction) and long-term cognitive primitives (state tracking, retrodictive inference), constructing 7.7K CoT and 7K RL samples with ground-truth frame-level annotations through code-based video generation. Despite training on simple geometric shapes, SynRL achieves substantial improvements across 15 benchmarks spanning temporal grounding, complex reasoning, and general video understanding. Remarkably, our 7.7K synthetic CoT samples outperform Video-R1's 165K real-world samples. We attribute this to fundamental temporal skills--such as tracking frame-by-frame changes and comparing velocity--that transfer effectively from abstract synthetic patterns to complex real-world scenarios. This establishes a new paradigm for video post-training: video temporal learning through carefully designed synthetic data provides a more cost-efficient scaling path. Code is released on https://github.com/jiangsongtao/Synthetic-Video.","@InProceedings{Jiang_2026_CVPR, author = {Jiang, Songtao and Song, Sibo and Zhou, Chenyi and Wang, Yuan and Chen, Ruizhe and Guan, Tongkun and Luo, Ruilin and Zhang, Yan and Tang, Zhihang and Sun, Yuchong and Zhang, Hang and Yang, Zhibo and Bai, Shuai and Lin, Junyang and Liu, Zuozhu}, title = {Learning Transferable Temporal Primitives for Video Reasoning via Synthetic Videos}, booktitle = {Proceedings of the IEEE/CVF Conference on Computer Vision and Pattern Recognition (CVPR)}, month = {June}, year = {2026}, pages = {31283-31292} }"
Sun_Tracking-Guided_4D_Generation_Foundation-Tracker_Motion_Priors_for_3D_Model_Animation_CVPR_2026_paper,2026,1,Tracking_MOT,Tracking_MOT,20.0,0.65,Tracking-Guided 4D Generation: Foundation-Tracker Motion Priors for 3D Model Animation,Su Sun; Cheng Zhao; Himangi Mittal; Gaurav Mittal; Rohith Kukkala; Yingjie Victor Chen; Mei Chen,7,40992-41001,True,https://openaccess.thecvf.com/content/CVPR2026/papers/Sun_Tracking-Guided_4D_Generation_Foundation-Tracker_Motion_Priors_for_3D_Model_Animation_CVPR_2026_paper.pdf,https://openaccess.thecvf.com/content/CVPR2026/supplemental/Sun_Tracking-Guided_4D_Generation_CVPR_2026_supplemental.pdf,https://openaccess.thecvf.com/content/CVPR2026/html/Sun_Tracking-Guided_4D_Generation_Foundation-Tracker_Motion_Priors_for_3D_Model_Animation_CVPR_2026_paper.html,"Generating dynamic 4D objects from sparse inputs is difficult because it demands joint preservation of appearance and motion coherence across views and time while suppressing artifacts and temporal drift. We hypothesize that the view discrepancy arises from supervision limited to pixel- or latent-space video-diffusion losses, which lack explicitly temporally aware, feature-level tracking guidance.We present Track4DGen, a two-stage framework that couples a multi-view video diffusion model with a foundation point tracker and a hybrid 4D Gaussian Splatting (4D-GS) reconstructor. The central idea is to explicitly inject tracker-derived motion priors into intermediate feature representations for both multi-view video generation and 4D-GS. In Stage One, we enforce dense, feature-level point correspondences inside the diffusion generator, producing temporally consistent features that curb appearance drift and enhance cross-view coherence. In Stage Two, we reconstruct a dynamic 4D-GS using a hybrid motion encoding that concatenates co-located diffusion features (carrying Stage-One tracking priors) with Hex-plane features, and augment them with 4D Spherical Harmonics for higher-fidelity dynamics modeling.Track4DGen surpasses baselines on both multi-view video generation and 4D generation benchmarks, yielding temporally stable, text-editable 4D assets. Lastly, we curate Sketchfab28, a high-quality dataset for benchmarking object-centric 4D generation and fostering future research.","@InProceedings{Sun_2026_CVPR, author = {Sun, Su and Zhao, Cheng and Mittal, Himangi and Mittal, Gaurav and Kukkala, Rohith and Chen, Yingjie Victor and Chen, Mei}, title = {Tracking-Guided 4D Generation: Foundation-Tracker Motion Priors for 3D Model Animation}, booktitle = {Proceedings of the IEEE/CVF Conference on Computer Vision and Pattern Recognition (CVPR)}, month = {June}, year = {2026}, pages = {40992-41001} }"
Wang_ChronoGS_Disentangling_Invariants_and_Changes_in_Multi-Period_Scenes_CVPR_2026_paper,2026,1,Tracking_MOT,Tracking_MOT,2.0,1.0,ChronoGS: Disentangling Invariants and Changes in Multi-Period Scenes,Zhongtao Wang; Jiaqi Dai; Qingtian Zhu; Yilong Li; Mai Su; Fei Zhu; Meng Gai; Shaorong Wang; Chengwei Pan; Yisong Chen; Guoping Wang,11,8298-8307,True,https://openaccess.thecvf.com/content/CVPR2026/papers/Wang_ChronoGS_Disentangling_Invariants_and_Changes_in_Multi-Period_Scenes_CVPR_2026_paper.pdf,https://openaccess.thecvf.com/content/CVPR2026/supplemental/Wang_ChronoGS_Disentangling_Invariants_CVPR_2026_supplemental.pdf,https://openaccess.thecvf.com/content/CVPR2026/html/Wang_ChronoGS_Disentangling_Invariants_and_Changes_in_Multi-Period_Scenes_CVPR_2026_paper.html,"Multi-period image collections are common in real-world applications. Cities are re-scanned for mapping, construction sites are revisited for progress tracking, and natural regions are monitored for environmental change. Such data form multi-period scenes, where geometry and appearance evolve. Reconstructing such scenes is an important yet underexplored problem. Existing pipelines rely on incompatible assumptions: static and in-the-wild methods enforce a single geometry, while dynamic ones assume smooth motion, both failing under long-term, discontinuous changes. To solve this problem, we introduce ChronoGS, a temporally modulated Gaussian representation that reconstructs all periods within a unified anchor scaffold. It's also designed to disentangle stable and evolving components, achieving temporally consistent reconstruction of multi-period scenes. To catalyze relevant research, we release ChronoScene dataset, a benchmark of real and synthetic multi-period scenes, capturing geometric and appearance variation. Experiments demonstrate that ChronoGS consistently outperforms baselines in reconstruction quality and temporal consistency. Our code and the ChronoScene dataset will be made publicly available.","@InProceedings{Wang_2026_CVPR, author = {Wang, Zhongtao and Dai, Jiaqi and Zhu, Qingtian and Li, Yilong and Su, Mai and Zhu, Fei and Gai, Meng and Wang, Shaorong and Pan, Chengwei and Chen, Yisong and Wang, Guoping}, title = {ChronoGS: Disentangling Invariants and Changes in Multi-Period Scenes}, booktitle = {Proceedings of the IEEE/CVF Conference on Computer Vision and Pattern Recognition (CVPR)}, month = {June}, year = {2026}, pages = {8298-8307} }"
Wasmuht_The_SA-FARI_Dataset_Segment_Anything_in_Footage_of_Animals_for_CVPR_2026_paper,2026,1,Tracking_MOT,Tracking_MOT|Segmentation,9.0,0.111,The SA-FARI Dataset: Segment Anything in Footage of Animals for Recognition and Identification,Dante Wasmuht; Otto Brookes; Maximilian Schall; Pablo Palencia; Christopher Beirne; Tilo Burghardt; Majid Mirmehdi; Hjalmar Kühl; Mimi Arandjelovic; Sam Pottie; Peter Bermant; Brandon Asheim; Yi Jin Toh; Adam Elzinga; Jason Allan Holmberg; Andrew Whitworth; Eleanor Flatt; Laura Gustafson; Chaitanya Ryali; Yuan-Ting Hu; Baishan Guo; Andrew Westbury; Kate Saenko; Didac Suris,24,21679-21689,True,https://openaccess.thecvf.com/content/CVPR2026/papers/Wasmuht_The_SA-FARI_Dataset_Segment_Anything_in_Footage_of_Animals_for_CVPR_2026_paper.pdf,https://openaccess.thecvf.com/content/CVPR2026/supplemental/Wasmuht_The_SA-FARI_Dataset_CVPR_2026_supplemental.pdf,https://openaccess.thecvf.com/content/CVPR2026/html/Wasmuht_The_SA-FARI_Dataset_Segment_Anything_in_Footage_of_Animals_for_CVPR_2026_paper.html,"Automated video analysis is critical for wildlife conservation. A foundational task in this domain is multi-animal tracking (MAT), which underpins applications such as individual re-identification and behavior recognition. However, existing datasets are limited in scale, constrained to a few species, or lack sufficient temporal and geographical diversity - leaving no suitable benchmark for training general-purpose MAT models applicable to wild animals. To address this, we introduce SA-FARI, the largest open-source MAT dataset for wild animals. It comprises 11,609 camera trap videos collected over 10 years (2014-2024) from 741 locations across 4 continents, spanning 99 species categories. Each video is exhaustively annotated culminating in 46 hours of densely annotated footage containing 16,224 masklet identities and 942,702 individual bounding boxes, segmentation masks, and species labels. Alongside the task-specific annotations, we publish anonymized camera trap locations for each video. Finally, we present comprehensive benchmarks on SA-FARI using state-of-the-art vision-language models for detection and tracking, including SAM 3, evaluated with both species-specific and generic animal prompts. We also compare against vision only methods developed specifically for wildlife analysis. SA-FARI is the first large-scale dataset to combine high species diversity, multi-region coverage, and high-quality spatio-temporal annotations, offering a new foundation for advancing multi-animal tracking in the wild. The dataset is available at conservationxlabs.com/SA-FARI.","@InProceedings{Wasmuht_2026_CVPR, author = {Wasmuht, Dante and Brookes, Otto and Schall, Maximilian and Palencia, Pablo and Beirne, Christopher and Burghardt, Tilo and Mirmehdi, Majid and K\""uhl, Hjalmar and Arandjelovic, Mimi and Pottie, Sam and Bermant, Peter and Asheim, Brandon and Toh, Yi Jin and Elzinga, Adam and Holmberg, Jason Allan and Whitworth, Andrew and Flatt, Eleanor and Gustafson, Laura and Ryali, Chaitanya and Hu, Yuan-Ting and Guo, Baishan and Westbury, Andrew and Saenko, Kate and Suris, Didac}, title = {The SA-FARI Dataset: Segment Anything in Footage of Animals for Recognition and Identification}, booktitle = {Proceedings of the IEEE/CVF Conference on Computer Vision and Pattern Recognition (CVPR)}, month = {June}, year = {2026}, pages = {21679-21689} }"
Zhao_MOS_Mitigating_Optical-SAR_Modality_Gap_for_Cross-Modal_Ship_Re-Identification_CVPR_2026_paper,2026,0,Medical_Bio_RemoteSensing,Medical_Bio_RemoteSensing|Tracking_MOT|Vision_Language_Multimodal,18.0,0.333,MOS: Mitigating Optical-SAR Modality Gap for Cross-Modal Ship Re-Identification,Yujian Zhao; Hankun Liu; Guanglin Niu,3,30335-30345,True,https://openaccess.thecvf.com/content/CVPR2026/papers/Zhao_MOS_Mitigating_Optical-SAR_Modality_Gap_for_Cross-Modal_Ship_Re-Identification_CVPR_2026_paper.pdf,https://openaccess.thecvf.com/content/CVPR2026/supplemental/Zhao_MOS_Mitigating_Optical-SAR_CVPR_2026_supplemental.pdf,https://openaccess.thecvf.com/content/CVPR2026/html/Zhao_MOS_Mitigating_Optical-SAR_Modality_Gap_for_Cross-Modal_Ship_Re-Identification_CVPR_2026_paper.html,"Cross-modal ship re-identification (ReID) between optical and synthetic aperture radar (SAR) imagery has recently emerged as a critical yet underexplored task in maritime intelligence and surveillance. However, the substantial modality gap between optical and SAR images poses a major challenge for robust identification. To address this issue, we propose MOS, a novel framework designed to Mitigate the Optical-SAR modality gap and achieve modality-consistent feature learning for optical-SAR cross-modal ship ReID. MOS consists of two core components: (1) Modality-Consistent Representation Learning (MCRL) applies denoise SAR image procession and a class-wise modality alignment loss to align intra-identity feature distributions across modalities. (2) Cross-modal Data Generation and Feature fusion (CDGF) leverages a brownian bridge diffusion model to synthesize cross-modal samples, which are subsequently fused with original features during inference to enhance alignment and discriminability. Extensive experiments on the HOSS ReID dataset demonstrate that MOS significantly surpasses state-of-the-art methods across all evaluation protocols, achieving notable improvements of +3.0%, +6.2%, and +16.4% in R1 accuracy under the ALL to ALL,Optical to SAR, and SAR to Optical settings, respectively. The source codes are available at https://github.com/yjzhao1019/MOS.","@InProceedings{Zhao_2026_CVPR, author = {Zhao, Yujian and Liu, Hankun and Niu, Guanglin}, title = {MOS: Mitigating Optical-SAR Modality Gap for Cross-Modal Ship Re-Identification}, booktitle = {Proceedings of the IEEE/CVF Conference on Computer Vision and Pattern Recognition (CVPR)}, month = {June}, year = {2026}, pages = {30335-30345} }"
Zhang_VRCLIP_Multimodal_Canonical_Correlation_Alignment_for_CLIP-Driven_Vision-Radio_Person_Re-Identification_CVPR_2026_paper,2026,0,Vision_Language_Multimodal,Vision_Language_Multimodal|Tracking_MOT,22.0,0.455,VRCLIP: Multimodal Canonical Correlation Alignment for CLIP-Driven Vision-Radio Person Re-Identification,Rui Zhang; Yaqi Wang; Yadong Li; Ruixu Geng; Jianyang Wang; Qijun Ying; Dongheng Zhang; Yang Hu; Yan Chen,9,25536-25546,True,https://openaccess.thecvf.com/content/CVPR2026/papers/Zhang_VRCLIP_Multimodal_Canonical_Correlation_Alignment_for_CLIP-Driven_Vision-Radio_Person_Re-Identification_CVPR_2026_paper.pdf,https://openaccess.thecvf.com/content/CVPR2026/supplemental/Zhang_VRCLIP_Multimodal_Canonical_CVPR_2026_supplemental.pdf,https://openaccess.thecvf.com/content/CVPR2026/html/Zhang_VRCLIP_Multimodal_Canonical_Correlation_Alignment_for_CLIP-Driven_Vision-Radio_Person_Re-Identification_CVPR_2026_paper.html,"Multimodal person Re-IDentification (ReID) aims to reliably associate specific individuals by utilizing complementary information from heterogeneous modalities. In contrast, low-frequency radio frequency (RF) signals, with their superior penetration capability and illumination invariance, provide ideal complementary information. However, a key challenge in fusing these heterogeneous modalities lies in the conventional approach that relies heavily on cross-modal distribution matching, which often over-regularizes and weakens the discriminative capacity within each modality. Rather than enforcing direct distribution alignment, canonical correlation analysis (CCA) constructs a shared subspace that maximizes cross-modal correlation, inherently balancing modality specificity and shared semantics. Inspired by this, we reformulate cross-modal alignment as a correlation maximization problem, avoiding direct constraints on feature distributions and guiding the model to harmonize intra-modal discriminative learning with cross-modal alignment. Specifically, VRCLIP first refines CLIP's visual encoder with illumination-disentangling objectives, then aligns RGB and RF embeddings in a canonical correlation subspace, and finally employs an RF-anchored reliability gate for adaptive fusion. To advance the area, we will release VRR, the first large-scale vision-radio ReID dataset with over 650K paired image-radar samples and position annotations for 31 participants. Extensive experiments show state-of-the-art 93.9% mAP and robust generalization across diverse lighting and occlusion conditions.","@InProceedings{Zhang_2026_CVPR, author = {Zhang, Rui and Wang, Yaqi and Li, Yadong and Geng, Ruixu and Wang, Jianyang and Ying, Qijun and Zhang, Dongheng and Hu, Yang and Chen, Yan}, title = {VRCLIP: Multimodal Canonical Correlation Alignment for CLIP-Driven Vision-Radio Person Re-Identification}, booktitle = {Proceedings of the IEEE/CVF Conference on Computer Vision and Pattern Recognition (CVPR)}, month = {June}, year = {2026}, pages = {25536-25546} }"
Li_Occlusion-Aware_SORT_Observing_Occlusion_for_Robust_Multi-Object_Tracking_CVPR_2026_paper,2026,1,Tracking_MOT,Tracking_MOT,26.0,0.885,Occlusion-Aware SORT: Observing Occlusion for Robust Multi-Object Tracking,Chunjiang Li; Jianbo Ma; Li Shen; Yanru Chen; Liangyin Chen,5,42560-42570,True,https://openaccess.thecvf.com/content/CVPR2026/papers/Li_Occlusion-Aware_SORT_Observing_Occlusion_for_Robust_Multi-Object_Tracking_CVPR_2026_paper.pdf,https://openaccess.thecvf.com/content/CVPR2026/supplemental/Li_Occlusion-Aware_SORT_Observing_CVPR_2026_supplemental.zip,https://openaccess.thecvf.com/content/CVPR2026/html/Li_Occlusion-Aware_SORT_Observing_Occlusion_for_Robust_Multi-Object_Tracking_CVPR_2026_paper.html,"Multi-object tracking (MOT) involves analyzing object trajectories and counting the number of objects in video sequences. However, 2D MOT faces challenges due to positional cost confusion arising from partial occlusion. To address this issue, we present the novel Occlusion-Aware SORT (OA-SORT) framework, a plug-and-play and training-free framework that includes the Occlusion-Aware Module (OAM), the Occlusion-Aware Offset (OAO), and the Bias-Aware Momentum (BAM). Specifically, OAM analyzes the occlusion status of objects, where a Gaussian Map (GM) is introduced to reduce background influence. In contrast, OAO and BAM leverage the OAM-described occlusion status to mitigate cost confusion and suppress estimation instability. Comprehensive evaluations on the DanceTrack, SportsMOT, and MOT17 datasets demonstrate the importance of occlusion handling in MOT. On the DanceTrack test set, OA-SORT achieves 63.1% and 64.2% in HOTA and IDF1, respectively. Furthermore, integrating the Occlusion-Aware framework into the four additional trackers improves HOTA and IDF1 by an average of 2.08% and 3.05%, demonstrating the reusability of the occlusion awareness.","@InProceedings{Li_2026_CVPR, author = {Li, Chunjiang and Ma, Jianbo and Shen, Li and Chen, Yanru and Chen, Liangyin}, title = {Occlusion-Aware SORT: Observing Occlusion for Robust Multi-Object Tracking}, booktitle = {Proceedings of the IEEE/CVF Conference on Computer Vision and Pattern Recognition (CVPR)}, month = {June}, year = {2026}, pages = {42560-42570} }"
Kim_AnthroTAP_Learning_Point_Tracking_with_Real-World_Motion_CVPR_2026_paper,2026,1,Tracking_MOT,Tracking_MOT|Human_Pose_Body,12.0,0.417,AnthroTAP: Learning Point Tracking with Real-World Motion,Inès Hyeonsu Kim; Seokju Cho; Jahyeok Koo; Junghyun Park; Jiahui Huang; Honglak Lee; Joon-Young Lee; Seungryong Kim,8,42516-42526,True,https://openaccess.thecvf.com/content/CVPR2026/papers/Kim_AnthroTAP_Learning_Point_Tracking_with_Real-World_Motion_CVPR_2026_paper.pdf,https://openaccess.thecvf.com/content/CVPR2026/supplemental/Kim_AnthroTAP_Learning_Point_CVPR_2026_supplemental.pdf,https://openaccess.thecvf.com/content/CVPR2026/html/Kim_AnthroTAP_Learning_Point_Tracking_with_Real-World_Motion_CVPR_2026_paper.html,"Point tracking models often struggle to generalize to real-world videos because large-scale training data is predominantly synthetic--the only source currently feasible to produce at scale. Collecting real-world annotations, however, is prohibitively expensive, as it requires tracking hundreds of points across frames. We introduce AnthroTAP, an automated pipeline that generates large-scale pseudo-labeled point tracking data from real human motion videos. Leveraging the structured complexity of human movement--non-rigid deformations, articulated motion, and frequent occlusions--AnthroTAP fits Skinned Multi-Person Linear (SMPL) models to detected humans, projects mesh vertices onto image planes, resolves occlusions via ray-casting, and filters unreliable tracks using optical flow consistency. A model trained on the AnthroTAP dataset achieves state-of-the-art performance on TAP-Vid, a challenging general-domain benchmark for tracking any point on diverse rigid and non-rigid objects (e.g., humans, animals, robots, and vehicles). Our approach outperforms recent self-training methods trained on vastly larger real datasets, while requiring only one day of training on 4 GPUs. AnthroTAP shows that structured human motion offers a scalable and effective source of real-world supervision for point tracking.","@InProceedings{Kim_2026_CVPR, author = {Kim, In\`es Hyeonsu and Cho, Seokju and Koo, Jahyeok and Park, Junghyun and Huang, Jiahui and Lee, Honglak and Lee, Joon-Young and Kim, Seungryong}, title = {AnthroTAP: Learning Point Tracking with Real-World Motion}, booktitle = {Proceedings of the IEEE/CVF Conference on Computer Vision and Pattern Recognition (CVPR)}, month = {June}, year = {2026}, pages = {42516-42526} }"
Chan_CHIRP_dataset_towards_long-term_individual-level_behavioral_monitoring_of_bird_populations_CVPR_2026_paper,2026,1,Tracking_MOT,Tracking_MOT|Segmentation,11.0,0.364,"CHIRP dataset: towards long-term, individual-level, behavioral monitoring of bird populations in the wild",Alex Hoi Hang Chan; Neha Singhal; Onur Kocahan; Andrea Meltzer; Saverio Lubrano; Miyako H. Warrington; Michael Griesser; Fumihiro Kano; Hemal Naik,9,18428-18439,True,https://openaccess.thecvf.com/content/CVPR2026/papers/Chan_CHIRP_dataset_towards_long-term_individual-level_behavioral_monitoring_of_bird_populations_CVPR_2026_paper.pdf,https://openaccess.thecvf.com/content/CVPR2026/supplemental/Chan_CHIRP_dataset_towards_CVPR_2026_supplemental.zip,https://openaccess.thecvf.com/content/CVPR2026/html/Chan_CHIRP_dataset_towards_long-term_individual-level_behavioral_monitoring_of_bird_populations_CVPR_2026_paper.html,"Long-term behavioral monitoring of individual animals is crucial for studying behavioral changes that occurs over different time scales, especially for conservation and evolutionary biology. Computer vision methods have proven to benefit biodiversity monitoring, but automated behavior monitoring in wild populations remains challenging. This stems from the lack of datasets that cover a range of computer vision tasks necessary to extract biologically meaningful measurements of individual animals. Here, we introduce such a dataset (CHIRP) with a new method (CORVID) for individual re-identification of wild birds. The CHIRP (Combining beHaviour, Individual Re-identification and Postures) dataset is curated from a long-term population of wild Siberian jays studied in Swedish Lapland, supporting re-identification (re-id), action recognition, 2D keypoint estimation, object detection, and instance segmentation. In addition to traditional task-specific benchmarking, we introduce application-specific benchmarking with biologically relevant metrics (feeding rates, co-occurrence rates) to evaluate the performance of models in real-world use cases. Finally, we present CORVID COlouR-based Video reID), a novel pipeline for individual identification of birds based on the segmentation and classification of colored leg rings, a widespread approach for visual identification of individual birds. CORVID offers a probability-based id tracking method by matching the detected combination of color rings with a database. We use application-specific benchmarking to show that CORVID outperforms state of the art re-id methods. We hope this work offers the community a blueprint for curating real-world datasets from ethically approved biological studies to bridge the gap between computer vision research and biological applications.","@InProceedings{Chan_2026_CVPR, author = {Chan, Alex Hoi Hang and Singhal, Neha and Kocahan, Onur and Meltzer, Andrea and Lubrano, Saverio and Warrington, Miyako H. and Griesser, Michael and Kano, Fumihiro and Naik, Hemal}, title = {CHIRP dataset: towards long-term, individual-level, behavioral monitoring of bird populations in the wild}, booktitle = {Proceedings of the IEEE/CVF Conference on Computer Vision and Pattern Recognition (CVPR)}, month = {June}, year = {2026}, pages = {18428-18439} }"
Yan_AR2-4FV_Anchored_Referring_and_Re-identification_for_Long-Term_Grounding_in_Fixed-View_CVPR_2026_paper,2026,1,Tracking_MOT,Tracking_MOT,12.0,0.583,AR2-4FV: Anchored Referring and Re-identification for Long-Term Grounding in Fixed-View Videos,Teng Yan; Yihan Liu; Jiongxu Chen; Teng Wang; Jiaqi Li; Bingzhuo Zhong,6,17568-17577,True,https://openaccess.thecvf.com/content/CVPR2026/papers/Yan_AR2-4FV_Anchored_Referring_and_Re-identification_for_Long-Term_Grounding_in_Fixed-View_CVPR_2026_paper.pdf,https://openaccess.thecvf.com/content/CVPR2026/supplemental/Yan_AR2-4FV_Anchored_Referring_CVPR_2026_supplemental.pdf,https://openaccess.thecvf.com/content/CVPR2026/html/Yan_AR2-4FV_Anchored_Referring_and_Re-identification_for_Long-Term_Grounding_in_Fixed-View_CVPR_2026_paper.html,"Long-term language-guided referring in fixed-view videos is challenging: the referent may be occluded or leave the scene for long intervals and later re-enter, while framewise referring pipelines drift as re-identification (ReID) becomes unreliable. AR2-4FV leverages background stability for long-term referring. An offline Anchor Bank is distilled from static background structures; at inference, the text query is aligned with this bank to produce an Anchor Map that serves as persistent semantic memory when the referent is absent. An anchor-based re-entry prior accelerates re-capture upon return, and a lightweight ReID-Gating mechanism maintains identity continuity using displacement cues in the anchor frame. The system predicts per-frame bounding boxes without assuming the target is visible in the first frame or explicitly modeling appearance variations. AR2-4FV achieves +10.3% Re-Capture Rate (RCR) improvement and -24.2% Re-Capture Latency (RCL) reduction over the best baseline, and ablation studies further confirm the benefits of the Anchor Map, re-entry prior, and ReID-Gating.","@InProceedings{Yan_2026_CVPR, author = {Yan, Teng and Liu, Yihan and Chen, Jiongxu and Wang, Teng and Li, Jiaqi and Zhong, Bingzhuo}, title = {AR2-4FV: Anchored Referring and Re-identification for Long-Term Grounding in Fixed-View Videos}, booktitle = {Proceedings of the IEEE/CVF Conference on Computer Vision and Pattern Recognition (CVPR)}, month = {June}, year = {2026}, pages = {17568-17577} }"
Taher_KV-Tracker_Real-Time_Pose_Tracking_with_Transformers_CVPR_2026_paper,2026,1,Tracking_MOT,Tracking_MOT,20.0,0.7,KV-Tracker: Real-Time Pose Tracking with Transformers,Marwan Taher; Ignacio Alzugaray; Kirill Mazur; Xin Kong; Andrew Davison,5,28990-28999,True,https://openaccess.thecvf.com/content/CVPR2026/papers/Taher_KV-Tracker_Real-Time_Pose_Tracking_with_Transformers_CVPR_2026_paper.pdf,https://openaccess.thecvf.com/content/CVPR2026/supplemental/Taher_KV-Tracker_Real-Time_Pose_CVPR_2026_supplemental.pdf,https://openaccess.thecvf.com/content/CVPR2026/html/Taher_KV-Tracker_Real-Time_Pose_Tracking_with_Transformers_CVPR_2026_paper.html,"Multi-view 3D geometry networks offer a powerful prior but are prohibitively slow for real-time applications. We propose a novel way to adapt them for online use, enabling real-time 6-DoF pose tracking and online reconstruction of objects and scenes from monocular RGB videos. Our method rapidly selects and manages a set of images as keyframes to map a scene or object via \pi^3 [??] with full bidirectional attention. We then cache the global self-attention block's key-value (KV) pairs and use them as the sole scene representation for online tracking. This allows for up to 15xspeedup during inference without the fear of drift or catastrophic forgetting. Our caching strategy is model-agnostic and can be applied to other off-the-shelf multi-view networks without retraining. We demonstrate KV-Tracker on both scene-level tracking and the more challenging task of on-the-fly object tracking and reconstruction without depth measurements or object priors. Experiments on the TUM RGB-D, 7-Scenes, Arctic and OnePose datasets show the strong performance of our system while maintaining high frame-rates up to ~ 30 FPS.","@InProceedings{Taher_2026_CVPR, author = {Taher, Marwan and Alzugaray, Ignacio and Mazur, Kirill and Kong, Xin and Davison, Andrew}, title = {KV-Tracker: Real-Time Pose Tracking with Transformers}, booktitle = {Proceedings of the IEEE/CVF Conference on Computer Vision and Pattern Recognition (CVPR)}, month = {June}, year = {2026}, pages = {28990-28999} }"
Yu_Spatial-Frequency_Collaborative_Learning_for_Occluded_Visible-Infrared_Person_Re-Identification_CVPR_2026_paper,2026,1,Tracking_MOT,Tracking_MOT|Vision_Language_Multimodal,12.0,0.5,Spatial-Frequency Collaborative Learning for Occluded Visible-Infrared Person Re-Identification,Jian Yu; Yujian Feng; Shuai You; Zhongkai Zhou; Fei Wu; Zhengjun Jing; Yimu Ji,7,4343-4352,True,https://openaccess.thecvf.com/content/CVPR2026/papers/Yu_Spatial-Frequency_Collaborative_Learning_for_Occluded_Visible-Infrared_Person_Re-Identification_CVPR_2026_paper.pdf,,https://openaccess.thecvf.com/content/CVPR2026/html/Yu_Spatial-Frequency_Collaborative_Learning_for_Occluded_Visible-Infrared_Person_Re-Identification_CVPR_2026_paper.html,"Occluded visible-infrared person re-identification (Occluded VI-ReID) remains difficult due to modality heterogeneity and occlusions, both of which break structural consistency and weaken cross-modality feature alignment. Existing methods rely mainly on spatial-domain cues (such as local body parts and salient patches), but their discriminability degrades severely under varying imaging conditions or partial visibility. To address these issues, we introduce a spatial-frequency collaborative perspective that offers global perception and cross-location consistency. Specifically, we propose a Spatial-Frequency Collaborative Learning (SFCL) framework that uses frequency information to complement spatial representations. SFCL comprises a Cross-Modality Frequency Alignment Module (CFAM), a Spatial-Frequency Interaction Module (SFIM), and a Frequency-Aware Discriminative (FAD) loss. The CFAM models the spectral features of visible/infrared images in the frequency domain, establishing modality-consistent spectral priors. The SFIM injects these priors into spatial features, promoting dual-domain interaction and complementary representations of spatial and frequency semantics. In addition, the FAD loss jointly enforces cross-modality frequency alignment and semantic consistency, thus enhancing robustness and discriminability under occlusions. For real-occlusion evaluation, we construct two occluded datasets, Occ-SYSU-MM01 and Occ-RegDB, on which SFCL outperforms the state-of-the-art.","@InProceedings{Yu_2026_CVPR, author = {Yu, Jian and Feng, Yujian and You, Shuai and Zhou, Zhongkai and Wu, Fei and Jing, Zhengjun and Ji, Yimu}, title = {Spatial-Frequency Collaborative Learning for Occluded Visible-Infrared Person Re-Identification}, booktitle = {Proceedings of the IEEE/CVF Conference on Computer Vision and Pattern Recognition (CVPR)}, month = {June}, year = {2026}, pages = {4343-4352} }"
Lu_Spatio-Temporal_Conditional_Denoising_Transformer_for_Modality-Missing_RGBT_Tracking_CVPR_2026_paper,2026,0,Restoration_Enhancement,Restoration_Enhancement|Tracking_MOT|Video_Action_Recognition,12.0,0.167,Spatio-Temporal Conditional Denoising Transformer for Modality-Missing RGBT Tracking,Andong Lu; Ziyi Zha; Jiandong Jin; Shihao Li; Chenglong Li; Jin Tang; Bin Luo,7,13584-13593,True,https://openaccess.thecvf.com/content/CVPR2026/papers/Lu_Spatio-Temporal_Conditional_Denoising_Transformer_for_Modality-Missing_RGBT_Tracking_CVPR_2026_paper.pdf,,https://openaccess.thecvf.com/content/CVPR2026/html/Lu_Spatio-Temporal_Conditional_Denoising_Transformer_for_Modality-Missing_RGBT_Tracking_CVPR_2026_paper.html,"Missing modalities in RGBT tracking often lead to incomplete and unstable multimodal feature representations that greatly degrade the performance. Existing methods typically attempt to recover missing modalities from available ones, but the quality of data generated in challenging scenarios might be unsatisfactory. In addition, current approaches exhibit limited flexibility in processing both missing and complete data. To overcome these limitations, we propose a Spatio-temporal Conditional Denoising Transformer (SCDT), which integrates the spatial cues and the temporal context to adaptively perform information reconstruction of missing modalities and feature enhancement of weak modalities in a unified framework, for robust modality-missing RGBT tracking. In particular, SCDT leverages the short-term temporal cues from recent historical frames to capture the fine-grained temporal correlations and the long-term temporal cues encoding modality evolution to capture the global context. By jointly exploiting long short-term temporal contexts as the conditions, SCDT progressively guides noisy features of available modalities to learn reliable and temporally consistent multimodal representations. Furthermore, SCDT introduces a noise-modulated adaptation mechanism that dynamically adjusts its behavior according to the modal availability, enabling a single framework to unify feature learning under both modality-missing and complete scenarios without changing the architecture or parameters. Extensive experiments on three public benchmark datasets demonstrate that our method consistently outperforms state-of-the-art methods.","@InProceedings{Lu_2026_CVPR, author = {Lu, Andong and Zha, Ziyi and Jin, Jiandong and Li, Shihao and Li, Chenglong and Tang, Jin and Luo, Bin}, title = {Spatio-Temporal Conditional Denoising Transformer for Modality-Missing RGBT Tracking}, booktitle = {Proceedings of the IEEE/CVF Conference on Computer Vision and Pattern Recognition (CVPR)}, month = {June}, year = {2026}, pages = {13584-13593} }"
Sun_COPE_Consistent_Occlusion_and_Prompt_Enhancement_Network_for_Occluded_Person_CVPR_2026_paper,2026,0,LLM_Reasoning_Agent,LLM_Reasoning_Agent|Tracking_MOT,12.0,0.0,COPE: Consistent Occlusion and Prompt Enhancement Network for Occluded Person Re-identification,Siyi Sun; Jinliang Lin; Juanjuan Weng; Zhihui Liu; Shaozi Li; Zhiming Luo,6,11293-11302,True,https://openaccess.thecvf.com/content/CVPR2026/papers/Sun_COPE_Consistent_Occlusion_and_Prompt_Enhancement_Network_for_Occluded_Person_CVPR_2026_paper.pdf,,https://openaccess.thecvf.com/content/CVPR2026/html/Sun_COPE_Consistent_Occlusion_and_Prompt_Enhancement_Network_for_Occluded_Person_CVPR_2026_paper.html,"Occlusion presents two critical challenges for person re-identification (Re-ID): feature interference and information loss. While existing efforts have explored occlusion-aware data augmentation and feature reconstruction to mitigate these issues, the former often fails to address erroneous matches caused by similar occlusion patterns and background distractions, whereas the latter typically introduces significant computational overhead. To overcome these limitations, we propose a Consistent Occlusion and Prompt Enhancement (COPE) network. COPE incorporates a Cross-Identity Consistent Occlusion (CICO) module that applies identical occlusions across different identities and encourages feature similarity in the same occluded regions across different identities to reduce occlusion feature interference. A Prompt Background Filling (PBF) module leverages vision-language alignment to generate foreground heatmaps and performs random background filling, enhancing feature robustness under varying backgrounds. Additionally, a lightweight Prompt Similarity Scoring (PSS) module refines retrieval similarity by utilizing prompt-guided reliability scores. Extensive experiments on both occluded and holistic Re-ID benchmarks demonstrate that COPE consistently outperforms existing methods. Notably, it achieves 82.4% Rank-1 accuracy and 76.4% mAP on the challenging Occluded-Duke dataset. The code is available at https://github.com/Cecoming/COPE.","@InProceedings{Sun_2026_CVPR, author = {Sun, Siyi and Lin, Jinliang and Weng, Juanjuan and Liu, Zhihui and Li, Shaozi and Luo, Zhiming}, title = {COPE: Consistent Occlusion and Prompt Enhancement Network for Occluded Person Re-identification}, booktitle = {Proceedings of the IEEE/CVF Conference on Computer Vision and Pattern Recognition (CVPR)}, month = {June}, year = {2026}, pages = {11293-11302} }"
Huang_Interactive_Tracking_A_Human-in-the-Loop_Paradigm_with_Memory-Augmented_Adaptation_CVPR_2026_paper,2026,1,Tracking_MOT,Tracking_MOT,14.0,0.857,Interactive Tracking: A Human-in-the-Loop Paradigm with Memory-Augmented Adaptation,Yuqing Huang; Guotian Zeng; Zhenqiao Yuan; Zhenyu He; Xin Li; Yaowei Wang; Ming-Hsuan Yang,7,35166-35176,True,https://openaccess.thecvf.com/content/CVPR2026/papers/Huang_Interactive_Tracking_A_Human-in-the-Loop_Paradigm_with_Memory-Augmented_Adaptation_CVPR_2026_paper.pdf,https://openaccess.thecvf.com/content/CVPR2026/supplemental/Huang_Interactive_Tracking_A_CVPR_2026_supplemental.pdf,https://openaccess.thecvf.com/content/CVPR2026/html/Huang_Interactive_Tracking_A_Human-in-the-Loop_Paradigm_with_Memory-Augmented_Adaptation_CVPR_2026_paper.html,"Existing visual trackers mainly operate in a non-interactive, fire-and-forget manner, making them impractical for real-world scenarios that require human-in-the-loop adaptation. To overcome this limitation, we introduce Interactive Tracking, a new paradigm that allows users to guide the tracker at any time using natural language commands. To support research in this direction, we make three main contributions. First, we present InteractTrack, the first large-scale benchmark for interactive tracking, containing 150 videos with dense bounding box annotations and timestamped language instructions. Second, we propose a comprehensive evaluation protocol and evaluate 25 representative trackers, showing that state-of-the-art methods fail in interactive scenarios--strong performance on conventional benchmarks does not transfer. Third, we introduce Interactive Memory-Augmented Tracking (IMAT), a new baseline that employs a dynamic memory mechanism to learn from user feedback and update tracking behavior accordingly. Our benchmark, protocol, and baseline establish a foundation for developing more intelligent, adaptive, and collaborative tracking systems, bridging the gap between automated perception and human guidance. The full benchmark, tracking results, and analysis are available at \href https://github.com/NorahGreen/InteractTrack.git this URL .","@InProceedings{Huang_2026_CVPR, author = {Huang, Yuqing and Zeng, Guotian and Yuan, Zhenqiao and He, Zhenyu and Li, Xin and Wang, Yaowei and Yang, Ming-Hsuan}, title = {Interactive Tracking: A Human-in-the-Loop Paradigm with Memory-Augmented Adaptation}, booktitle = {Proceedings of the IEEE/CVF Conference on Computer Vision and Pattern Recognition (CVPR)}, month = {June}, year = {2026}, pages = {35166-35176} }"
Wu_UTPTrack_Towards_Simple_and_Unified_Token_Pruning_for_Visual_Tracking_CVPR_2026_paper,2026,0,Efficiency_Compression,Efficiency_Compression|Tracking_MOT,27.0,0.444,UTPTrack: Towards Simple and Unified Token Pruning for Visual Tracking,Hao Wu; Xudong Wang; Jialiang Zhang; Junlong Tong; Xinghao Chen; Junyan Lin; Yunpu Ma; Xiaoyu Shen,8,20963-20972,True,https://openaccess.thecvf.com/content/CVPR2026/papers/Wu_UTPTrack_Towards_Simple_and_Unified_Token_Pruning_for_Visual_Tracking_CVPR_2026_paper.pdf,https://openaccess.thecvf.com/content/CVPR2026/supplemental/Wu_UTPTrack_Towards_Simple_CVPR_2026_supplemental.pdf,https://openaccess.thecvf.com/content/CVPR2026/html/Wu_UTPTrack_Towards_Simple_and_Unified_Token_Pruning_for_Visual_Tracking_CVPR_2026_paper.html,"One-stream Transformer-based trackers achieve advanced performance in visual object tracking suffer from significant computational overhead that hinders real-time deployment. While token pruning offers a path to efficiency, a critical limitation persists: no existing work performs pruning jointly across all three critical components--the search region, dynamic template, and static template. This isolation overlooks interdependencies, yielding suboptimal pruning and degraded accuracy. To address this, we introduce UTPTrack, a simple and Unified Token Pruning framework that, for the first time, jointly compresses all three components. UTPTrack employs an attention-guided, token type-aware strategy to holistically model redundancy, a design that seamlessly supports unified tracking across multi-modal and language-guided tasks within a single model. Comprehensive evaluations on 10 benchmarks demonstrate that UTPTrack achieves a new state-of-the-art in the accuracy-efficiency trade-off for pruning-based trackers, pruning 65.4% of vision tokens in RGB-based tracking and 67.5% in unified tracking while preserving 99.7% and 100.5% of baseline performance, respectively. This strong performance across both RGB and multimodal scenarios underlines its potential as a robust foundation for future research in efficient visual tracking.","@InProceedings{Wu_2026_CVPR, author = {Wu, Hao and Wang, Xudong and Zhang, Jialiang and Tong, Junlong and Chen, Xinghao and Lin, Junyan and Ma, Yunpu and Shen, Xiaoyu}, title = {UTPTrack: Towards Simple and Unified Token Pruning for Visual Tracking}, booktitle = {Proceedings of the IEEE/CVF Conference on Computer Vision and Pattern Recognition (CVPR)}, month = {June}, year = {2026}, pages = {20963-20972} }"
Lu_Generative_Point_Tracking_and_Forecasting_CVPR_2026_paper,2026,1,Tracking_MOT,Tracking_MOT,10.0,0.7,Generative Point Tracking and Forecasting,Xuanchen Lu; Ang Cao; Chao Feng; Andrew Owens,4,28167-28178,True,https://openaccess.thecvf.com/content/CVPR2026/papers/Lu_Generative_Point_Tracking_and_Forecasting_CVPR_2026_paper.pdf,,https://openaccess.thecvf.com/content/CVPR2026/html/Lu_Generative_Point_Tracking_and_Forecasting_CVPR_2026_paper.html,"Motion forecasting predicts where points will move in the future, while motion tracking predicts where they are in the present. Despite these similarities, existing approaches to the two problems are quite different. In this paper, we propose a unified model that can address both tasks. We train a causal, video-conditioned flow matching model to predict point positions. The resulting model can easily toggle between point tracking to forecasting by changing its visual signal. Despite our model's simplicity, we find that it outperforms prior work in point forecasting and obtains performance that is competitive with the state-of-the-art on the TAP-Vid benchmark.","@InProceedings{Lu_2026_CVPR, author = {Lu, Xuanchen and Cao, Ang and Feng, Chao and Owens, Andrew}, title = {Generative Point Tracking and Forecasting}, booktitle = {Proceedings of the IEEE/CVF Conference on Computer Vision and Pattern Recognition (CVPR)}, month = {June}, year = {2026}, pages = {28167-28178} }"
Yang_Dual-branch_Distilled_Transformer_for_Efficient_Asymmetric_UAV_Tracking_CVPR_2026_paper,2026,0,Embodied_AI_Robotics,Embodied_AI_Robotics|Tracking_MOT,12.0,0.167,Dual-branch Distilled Transformer for Efficient Asymmetric UAV Tracking,Hongtao Yang; Bineng Zhong; Qihua Liang; Yaozong Zheng; Xiantao Hu; Yuanliang Xue; Shuxiang Song,7,13615-13625,True,https://openaccess.thecvf.com/content/CVPR2026/papers/Yang_Dual-branch_Distilled_Transformer_for_Efficient_Asymmetric_UAV_Tracking_CVPR_2026_paper.pdf,,https://openaccess.thecvf.com/content/CVPR2026/html/Yang_Dual-branch_Distilled_Transformer_for_Efficient_Asymmetric_UAV_Tracking_CVPR_2026_paper.html,"Given the real-time demands of UAV tracking, many methods simplify the backbone to reduce computation, but this often weakens feature representation and degrades performance in complex scenarios. To alleviate this issue, we propose EATrack, an efficient and asymmetric UAV tracking framework centered around a teacher-guided dual-branch distillation strategy that enhances the feature expressiveness of the lightweight student model. Specifically, EATrack investigates two complementary perspectives of knowledge transfer: a spatially focused feature-level distillation that compensates for weakened representations by guiding the student to learn strong target representations, and a prediction-level distillation that enhances spatial localization by learning the teacher's capability of accurate target localization. Furthermore, to enhance robustness against appearance variations, we introduce a fine-grained target-aware distillation strategy that selectively transfers the teacher's target modeling capacity to the student. A temporal adaptation module is incorporated at inference to enhance robustness over time. Experiments on five UAV benchmarks demonstrate that EATrack achieves a favorable balance between accuracy and speed, with EATrack-DeiT improving average success rate by 1.2% over the previous SOTA while running at 241.9 FPS on GPU.","@InProceedings{Yang_2026_CVPR, author = {Yang, Hongtao and Zhong, Bineng and Liang, Qihua and Zheng, Yaozong and Hu, Xiantao and Xue, Yuanliang and Song, Shuxiang}, title = {Dual-branch Distilled Transformer for Efficient Asymmetric UAV Tracking}, booktitle = {Proceedings of the IEEE/CVF Conference on Computer Vision and Pattern Recognition (CVPR)}, month = {June}, year = {2026}, pages = {13615-13625} }"
Yang_LAMP_Localization_Aware_Multi-camera_People_Tracking_in_Metric_3D_World_CVPR_2026_paper,2026,0,Human_Pose_Body,Human_Pose_Body|Video_Action_Recognition|Tracking_MOT,14.0,0.143,LAMP: Localization Aware Multi-camera People Tracking in Metric 3D World,Nan Yang; Julian Straub; Fan Zhang; Richard Newcombe; Jakob Engel; Lingni Ma,6,21208-21220,True,https://openaccess.thecvf.com/content/CVPR2026/papers/Yang_LAMP_Localization_Aware_Multi-camera_People_Tracking_in_Metric_3D_World_CVPR_2026_paper.pdf,https://openaccess.thecvf.com/content/CVPR2026/supplemental/Yang_LAMP_Localization_Aware_CVPR_2026_supplemental.zip,https://openaccess.thecvf.com/content/CVPR2026/html/Yang_LAMP_Localization_Aware_Multi-camera_People_Tracking_in_Metric_3D_World_CVPR_2026_paper.html,"Tracking 3D human motion from egocentric, multi-camera devices is challenged by severe egomotion and partial visibility or occlusions. Existing methods are designed for monocular video often recorded from static or slowly-moving cameras and cannot easily leverage multi-view, calibrated and localized input. This makes them brittle and prone to fail on dynamic egocentric captures. We propose LAMP (Localization Aware Multi-camera People Tracking): a novel, simple framework to solve this via early disentanglement of observer and target motion. LAMP introduces a two-step process: First, we leverage the device's known 6-DoF pose and calibration to convert detected 2D body keypoints from all cameras over a temporal window into a unified 3D world reference frame. Second, an end-to-end-trained Transformer model fits 3D human motion directly to this spatio-temporal ray cloud in world coordinates. This ""lift-then-fit"" approach allows to learn and leverage a natural prior over world-space human motion, as well as providing an elegant framework to flexibly incorporate information from multiple, temporally asynchronous, partially observing, and moving cameras. LAMP achieves state-of-the-art results on monocular benchmarks, while significantly outperforming baselines for our targeted egocentric multi-camera setting.","@InProceedings{Yang_2026_CVPR, author = {Yang, Nan and Straub, Julian and Zhang, Fan and Newcombe, Richard and Engel, Jakob and Ma, Lingni}, title = {LAMP: Localization Aware Multi-camera People Tracking in Metric 3D World}, booktitle = {Proceedings of the IEEE/CVF Conference on Computer Vision and Pattern Recognition (CVPR)}, month = {June}, year = {2026}, pages = {21208-21220} }"
Shan_SDTrack_A_Baseline_for_Event-based_Tracking_via_Spiking_Neural_Networks_CVPR_2026_paper,2026,1,Tracking_MOT,Tracking_MOT,16.0,0.875,SDTrack: A Baseline for Event-based Tracking via Spiking Neural Networks,Yimeng Shan; Zhenbang Ren; Haodi Wu; Wenjie Wei; Rui-Jie Zhu; Shuai Wang; Dehao Zhang; Yichen Xiao; Jieyuan Zhang; Kexin Shi; Jingzhinan Wang; Jason K. Eshraghian; Haicheng Qu; Malu Zhang,14,36245-36254,True,https://openaccess.thecvf.com/content/CVPR2026/papers/Shan_SDTrack_A_Baseline_for_Event-based_Tracking_via_Spiking_Neural_Networks_CVPR_2026_paper.pdf,,https://openaccess.thecvf.com/content/CVPR2026/html/Shan_SDTrack_A_Baseline_for_Event-based_Tracking_via_Spiking_Neural_Networks_CVPR_2026_paper.html,"Event cameras provide superior temporal resolution, dynamic range, energy efficiency, and pixel bandwidth. Spiking Neural Networks (SNNs) naturally complement event data through discrete spike signals, making them ideal for event-based tracking. However, current approaches combining Artificial Neural Networks (ANNs) and SNNs suffer from suboptimal architectures that compromise energy efficiency and limit tracking performance. To address these limitations, we propose the first Transformer-based Spike-Driven Tracking (SDTrack) pipeline. It incorporates a novel event frame aggregation method called Global Trajectory Prompt (GTP) and a Transformer-based tracker. The GTP method effectively captures global trajectory information and aggregates it with event streams into event frames to enhance spatiotemporal representation. The Transformer-based tracker comprises a fully spike-driven SNN backbone and a simple tracking head. The SDTrack pipeline operates end-to-end without data augmentation or post-processing. Extensive experiments demonstrate that our SDTrack-Tiny pipeline achieves competitive accuracy with only 19.61M parameters and 8.16mJ energy consumption, while our Base version achieves state-of-the-art accuracy across three datasets. Our work establishes a solid foundation for future neuromorphic vision research.","@InProceedings{Shan_2026_CVPR, author = {Shan, Yimeng and Ren, Zhenbang and Wu, Haodi and Wei, Wenjie and Zhu, Rui-Jie and Wang, Shuai and Zhang, Dehao and Xiao, Yichen and Zhang, Jieyuan and Shi, Kexin and Wang, Jingzhinan and Eshraghian, Jason K. and Qu, Haicheng and Zhang, Malu}, title = {SDTrack: A Baseline for Event-based Tracking via Spiking Neural Networks}, booktitle = {Proceedings of the IEEE/CVF Conference on Computer Vision and Pattern Recognition (CVPR)}, month = {June}, year = {2026}, pages = {36245-36254} }"
Guo_Dual-level_Adaptation_for_Multi-Object_Tracking_Building_Test-Time_Calibration_from_Experience_CVPR_2026_paper,2026,1,Tracking_MOT,Tracking_MOT,26.0,0.692,Dual-level Adaptation for Multi-Object Tracking: Building Test-Time Calibration from Experience and Intuition,Wen Guo; Pengfei Zhao; Zongmeng Wang; Yufan Hu; Junyu Gao,5,28190-28200,True,https://openaccess.thecvf.com/content/CVPR2026/papers/Guo_Dual-level_Adaptation_for_Multi-Object_Tracking_Building_Test-Time_Calibration_from_Experience_CVPR_2026_paper.pdf,,https://openaccess.thecvf.com/content/CVPR2026/html/Guo_Dual-level_Adaptation_for_Multi-Object_Tracking_Building_Test-Time_Calibration_from_Experience_CVPR_2026_paper.html,"Multiple Object Tracking (MOT) has long been a fundamental task in computer vision, with broad applications in various real-world scenarios. However, due to distribution shifts in appearance, motion pattern, and catagory between the training and testing data, model performance degrades considerably during online inference in MOT. Test-Time Adaptation (TTA) has emerged as a promising paradigm to alleviate such distribution shifts. However, existing TTA methods often fail to deliver satisfactory results in MOT, as they primarily focus solely on frame-level adaptation while neglecting temporal consistency and identity association across frames and videos. Inspired by human decisionmaking process, this paper propose a Test-time Calibration from Experience and Intuition (TCEI) framework. In this framework, the Intuitive system utilizes transient memory to recall recently observed objects for rapid predictions, while the Experiential system leverages the accumulated experience from prior test videos to reassess and calibrate these intuitive predictions. Furthermore, both confident and uncertain objects during online testing are exploited as historical priors and reflective cases, respectively, enabling the model to adapt to the testing environment and alleviate performance degradation. Extensive experiments demonstrate that the proposed TCEI framework consistently achieves superior performance across multiple benchmark datasets and significantly enhances the model's adaptability under distribution shifts. The code will be released at https://github.com/1941Zpf/TCEI.","@InProceedings{Guo_2026_CVPR, author = {Guo, Wen and Zhao, Pengfei and Wang, Zongmeng and Hu, Yufan and Gao, Junyu}, title = {Dual-level Adaptation for Multi-Object Tracking: Building Test-Time Calibration from Experience and Intuition}, booktitle = {Proceedings of the IEEE/CVF Conference on Computer Vision and Pattern Recognition (CVPR)}, month = {June}, year = {2026}, pages = {28190-28200} }"
Tian_FSLoRA_Harmonizing_Detection_and_Re-Identification_via_Freq-Spatial_Low-Rank_Adapter_for_CVPR_2026_paper,2026,1,Tracking_MOT,Tracking_MOT|Efficiency_Compression,12.0,0.333,FSLoRA: Harmonizing Detection and Re-Identification via Freq-Spatial Low-Rank Adapter for One-Stage Person Search,Yanling Tian; Shanshan Zhang; Di Chen; Jian Yang,4,40428-40437,True,https://openaccess.thecvf.com/content/CVPR2026/papers/Tian_FSLoRA_Harmonizing_Detection_and_Re-Identification_via_Freq-Spatial_Low-Rank_Adapter_for_CVPR_2026_paper.pdf,https://openaccess.thecvf.com/content/CVPR2026/supplemental/Tian_FSLoRA_Harmonizing_Detection_CVPR_2026_supplemental.pdf,https://openaccess.thecvf.com/content/CVPR2026/html/Tian_FSLoRA_Harmonizing_Detection_and_Re-Identification_via_Freq-Spatial_Low-Rank_Adapter_for_CVPR_2026_paper.html,"Person search, which aims to detect and re-identify individuals in unconstrained scenes, faces an inherent conflict in one-stage models: pedestrian detection focuses on shared human features, while person re-identification requires identity-specific representations. Existing approaches, such as feature decoupling and loss re-weighting, primarily address this issue in later network stages but fail to resolve early-stage feature entanglement. To overcome this limitation, we propose FSLoRA, a Freq-Spatial Low-Rank Adapter that progressively decouples task-specific features at the backbone level. FSLoRA consists of a Spatial-Level Module (SLM), which employs LoRA and a mixture-of-experts to dynamically activate task-relevant spatial features, and a Frequency-Level Module (FLM), which transforms features into the frequency domain to selectively enhance task-relevant frequency components while suppressing task-irrelevant noise. By integrating both spatial and frequency-based adaptations, FSLoRA reduces feature interference, enabling more effective joint optimization. Extensive experiments on CUHK-SYSU, PRW, and Posetrack21 demonstrate that FSLoRA not only achieves state-of-the-art performance but also serves as a plug-and-play module adaptable to various person search frameworks, offering a unified and generalizable solution for one-stage person search.","@InProceedings{Tian_2026_CVPR, author = {Tian, Yanling and Zhang, Shanshan and Chen, Di and Yang, Jian}, title = {FSLoRA: Harmonizing Detection and Re-Identification via Freq-Spatial Low-Rank Adapter for One-Stage Person Search}, booktitle = {Proceedings of the IEEE/CVF Conference on Computer Vision and Pattern Recognition (CVPR)}, month = {June}, year = {2026}, pages = {40428-40437} }"
Zheng_Learning_to_Track_Instance_from_Single_Nature_Language_Description_CVPR_2026_paper,2026,1,Tracking_MOT,Tracking_MOT|SelfSupervised_Representation,12.0,0.25,Learning to Track Instance from Single Nature Language Description,Yaozong Zheng; Bineng Zhong; Qihua Liang; Shuimu Zeng; Haiying Xia; Shuxiang Song,6,20922-20931,True,https://openaccess.thecvf.com/content/CVPR2026/papers/Zheng_Learning_to_Track_Instance_from_Single_Nature_Language_Description_CVPR_2026_paper.pdf,,https://openaccess.thecvf.com/content/CVPR2026/html/Zheng_Learning_to_Track_Instance_from_Single_Nature_Language_Description_CVPR_2026_paper.html,"How to achieve vision-language (VL) tracking using natural language descriptions from a video sequence without relying on any bounding-box ground truth? In this work, we achieve this goal by tackling self-supervised VL tracking, which aims to evaluate tracking capabilities guided by natural language descriptions. We introduce \tracker, a novel self-supervised VL tracker that is capable of tracking any referred object by a language description. Unlike traditional methods that equally fuse all language and visual tokens, we propose an efficient Dynamic Token Aggregation Module, which treats each visual token unequally. The module consists of three main steps: i) Based on an anchor token, it selects multiple important target tokens from the template frame. ii) The selected target tokens are merged according to their attention scores and aggregated into the language tokens, thereby eliminating redundant visual token noise and enhancing semantic alignment. iii) Finally, the fused language tokens serve as guiding signals to extract potential target tokens from the search frame and propagate them to subsequent frames, enhancing temporal prompts and encouraging the tracker to autonomously learn instance tracking from unlabeled videos. This new modeling approach enables the effective self-supervised learning of language-guided tracking representations without the need for large-scale bounding box annotations. Extensive experiments on VL tracking benchmarks show that \tracker surpasses SOTA self-supervised methods.","@InProceedings{Zheng_2026_CVPR, author = {Zheng, Yaozong and Zhong, Bineng and Liang, Qihua and Zeng, Shuimu and Xia, Haiying and Song, Shuxiang}, title = {Learning to Track Instance from Single Nature Language Description}, booktitle = {Proceedings of the IEEE/CVF Conference on Computer Vision and Pattern Recognition (CVPR)}, month = {June}, year = {2026}, pages = {20922-20931} }"
Huang_Fast_Spatial_Tracking_with_Visual_Geometry_Transformer_CVPR_2026_paper,2026,1,Tracking_MOT,Tracking_MOT,14.0,0.786,Fast Spatial Tracking with Visual Geometry Transformer,Chengjie Huang; Guile Wu; Dongfeng Bai; Bingbing Liu,4,374-383,True,https://openaccess.thecvf.com/content/CVPR2026/papers/Huang_Fast_Spatial_Tracking_with_Visual_Geometry_Transformer_CVPR_2026_paper.pdf,https://openaccess.thecvf.com/content/CVPR2026/supplemental/Huang_Fast_Spatial_Tracking_CVPR_2026_supplemental.pdf,https://openaccess.thecvf.com/content/CVPR2026/html/Huang_Fast_Spatial_Tracking_with_Visual_Geometry_Transformer_CVPR_2026_paper.html,"Existing 3D point tracking methods mostly rely on heuristic designs or scene reconstruction, which incurs significant computational overhead and makes it difficult to meet the demands of real-time applications. To address this problem, in this work, we present a novel spatial tracker that leverages a feed-forward visual geometry transformer to predict the trajectories of arbitrary query points from monocular videos in real time. Specifically, we employ a query initialization mechanism to maintain and update a global feature vector and a set of frame-level feature vectors for each query point. Then, we propose a new spatial tracking framework, which consists of a visual geometry transformer backbone, a global embedding branch, a frame-level embedding branch, and a tracking head. The key innovation lies in the dual-branch embedding design, where the global embedding branch integrates geometry-grounded features of the entire video into global query features to optimize track information across the entire sequence and the frame-level branch combines geometry-grounded features of each respective frame into frame-level query features to refine fine-grained track coordinate predictions. Furthermore, to facilitate collaboration between the global branch and the frame-level branch, we introduce an interaction module which enables unidirectional or bidirectional information exchange between the global query features and frame-level query features. Extensive experiments on various point tracking benchmark datasets show that our approach achieves significantly fast spatial tracking speed compared with state-of-the-art methods, while maintaining comparable tracking accuracy.","@InProceedings{Huang_2026_CVPR, author = {Huang, Chengjie and Wu, Guile and Bai, Dongfeng and Liu, Bingbing}, title = {Fast Spatial Tracking with Visual Geometry Transformer}, booktitle = {Proceedings of the IEEE/CVF Conference on Computer Vision and Pattern Recognition (CVPR)}, month = {June}, year = {2026}, pages = {374-383} }"
Xu_BIT_Matching-based_Bi-directional_Interaction_Transformation_Network_for_Visible-Infrared_Person_Re-Identification_CVPR_2026_paper,2026,1,Tracking_MOT,Tracking_MOT,12.0,0.75,BIT: Matching-based Bi-directional Interaction Transformation Network for Visible-Infrared Person Re-Identification,Haoxuan Xu; Guanglin Niu,2,40386-40396,True,https://openaccess.thecvf.com/content/CVPR2026/papers/Xu_BIT_Matching-based_Bi-directional_Interaction_Transformation_Network_for_Visible-Infrared_Person_Re-Identification_CVPR_2026_paper.pdf,https://openaccess.thecvf.com/content/CVPR2026/supplemental/Xu_BIT_Matching-based_Bi-directional_CVPR_2026_supplemental.pdf,https://openaccess.thecvf.com/content/CVPR2026/html/Xu_BIT_Matching-based_Bi-directional_Interaction_Transformation_Network_for_Visible-Infrared_Person_Re-Identification_CVPR_2026_paper.html,"Visible-Infrared Person Re-Identification (VI-ReID) is a challenging retrieval task due to the substantial modality gap between visible and infrared images. While existing methods attempt to bridge this gap by learning modality-invariant features within a shared embedding space, they often overlook the complex and implicit correlations between modalities. This limitation becomes more severe under distribution shifts, where infrared samples are often far fewer than visible ones. To address these challenges, we propose a novel network termed Bi-directional Interaction Transformation (BIT). Instead of relying on rigid feature alignment, BIT adopts a matching-based strategy that explicitly models the interaction between visible and infrared image pairs. Specifically, BIT employs an encoder-decoder architecture where the encoder extracts preliminary feature representations, and the decoder performs bi-directional feature integration and query aware scoring to enhance cross-modality correspondence. To our best knowledge, BIT is the first to introduce such pairwise matching-driven interaction in VI-ReID. Extensive experiments on several benchmarks demonstrate that our BIT achieves state-of-the-art performance, highlighting its effectiveness in the VI-ReID task.","@InProceedings{Xu_2026_CVPR, author = {Xu, Haoxuan and Niu, Guanglin}, title = {BIT: Matching-based Bi-directional Interaction Transformation Network for Visible-Infrared Person Re-Identification}, booktitle = {Proceedings of the IEEE/CVF Conference on Computer Vision and Pattern Recognition (CVPR)}, month = {June}, year = {2026}, pages = {40386-40396} }"
Adalibieke_AdaDexTrack_Dynamic_Modulation_for_Adaptive_and_Generalizable_Dexterous_Manipulation_Tracking_CVPR_2026_paper,2026,0,Embodied_AI_Robotics,Embodied_AI_Robotics|Tracking_MOT,24.0,0.25,AdaDexTrack: Dynamic Modulation for Adaptive and Generalizable Dexterous Manipulation Tracking,Jianibieke Adalibieke; Qianwei Han; Xueyi Liu; Yuzhe Qin; Li Yi,5,28021-28031,True,https://openaccess.thecvf.com/content/CVPR2026/papers/Adalibieke_AdaDexTrack_Dynamic_Modulation_for_Adaptive_and_Generalizable_Dexterous_Manipulation_Tracking_CVPR_2026_paper.pdf,https://openaccess.thecvf.com/content/CVPR2026/supplemental/Adalibieke_AdaDexTrack_Dynamic_Modulation_CVPR_2026_supplemental.zip,https://openaccess.thecvf.com/content/CVPR2026/html/Adalibieke_AdaDexTrack_Dynamic_Modulation_for_Adaptive_and_Generalizable_Dexterous_Manipulation_Tracking_CVPR_2026_paper.html,"Language is a natural way to command robots, but converting a single instruction into a long-horizon, contact-rich hand-object interaction remains challenging: synthesized references are noisy, human-to-robot retargeting introduces embodiment bias, and fixed-reference tracking lets small errors snowball. We address this with AdaDexTrack, a modulator-in-the-loop framework for language-conditioned manipulation tracking. A distilled generalist tracker serves as the skill carrier, while a tightly aligned modulator performs three feedback corrections: reference modulation (continual adjustment of what to track), object-latent modulation (online adaptation of the object representation to recruit suitable skills), and positional-target modulation (small state-dependent refinements for execution). The tracker is learned via large-scale specialist to generalist distillation on a corpus of language-conditioned hand-object trajectories; the modulator is trained with RL under the same task objective, ensuring tight coupling. Across large-scale evaluations, AdaDexTrack consistently outperforms prior SOTA on unseen-trajectory and unseen-object sets in both average tracking error and success rate, demonstrating robustness and generalization. We further show zero-shot sim-to-real transfer on real hardware, where adding the modulator yields substantial gains over a tracker-only variant. AdaDexTrack reframes language-conditioned dexterous manipulation as modulated tracking, replacing the open-loop, fixed-reference tracking with in-loop modulation that adjusts the reference, object latent, and positional target, yielding drift-resistant execution from noisy text references.","@InProceedings{Adalibieke_2026_CVPR, author = {Adalibieke, Jianibieke and Han, Qianwei and Liu, Xueyi and Qin, Yuzhe and Yi, Li}, title = {AdaDexTrack: Dynamic Modulation for Adaptive and Generalizable Dexterous Manipulation Tracking}, booktitle = {Proceedings of the IEEE/CVF Conference on Computer Vision and Pattern Recognition (CVPR)}, month = {June}, year = {2026}, pages = {28021-28031} }"
Shao_From_Detection_to_Association_Learning_Discriminative_Object_Embeddings_for_Multi-Object_CVPR_2026_paper,2026,1,Tracking_MOT,Tracking_MOT,28.0,0.714,From Detection to Association: Learning Discriminative Object Embeddings for Multi-Object Tracking,Yuqing Shao; Yuchen Yang; Rui Yu; Weilong Li; Xu Guo; Huaicheng Yan; Wei Wang; Xiao Sun,8,6878-6888,True,https://openaccess.thecvf.com/content/CVPR2026/papers/Shao_From_Detection_to_Association_Learning_Discriminative_Object_Embeddings_for_Multi-Object_CVPR_2026_paper.pdf,https://openaccess.thecvf.com/content/CVPR2026/supplemental/Shao_From_Detection_to_CVPR_2026_supplemental.pdf,https://openaccess.thecvf.com/content/CVPR2026/html/Shao_From_Detection_to_Association_Learning_Discriminative_Object_Embeddings_for_Multi-Object_CVPR_2026_paper.html,"End-to-end multi-object tracking (MOT) methods have recently achieved remarkable progress by unifying detection and association within a single framework. Despite their strong detection performance, these methods suffer from relatively low association accuracy. Through detailed analysis, we observe that object embeddings produced by the shared DETR architecture display excessively high inter-object similarity, as it emphasizes only category-level discrimination within single frames. In contrast, tracking requires instance-level distinction across frames with spatial and temporal continuity, for which current end-to-end approaches insufficiently optimize object embeddings. To address this, we introduce FDTA (From Detection to Association), an explicit feature refinement framework that enhances object discriminativeness across three complementary perspectives. Specifically, we introduce a Spatial Adapter (SA) to integrate depth-aware cues for spatial continuity, a Temporal Adapter (TA) to aggregate historical information for temporal dependencies, and an Identity Adapter (IA) to leverage quality-aware contrastive learning for instance-level separability. Extensive experiments demonstrate that FDTA achieves state-of-the-art performance on multiple challenging MOT benchmarks including DanceTrack, SportsMOT, and BFT, highlighting the effectiveness of our proposed discriminative embedding enhancement strategy. The code is available at https://github.com/Spongebobbbbbbbbbb/FDTA.","@InProceedings{Shao_2026_CVPR, author = {Shao, Yuqing and Yang, Yuchen and Yu, Rui and Li, Weilong and Guo, Xu and Yan, Huaicheng and Wang, Wei and Sun, Xiao}, title = {From Detection to Association: Learning Discriminative Object Embeddings for Multi-Object Tracking}, booktitle = {Proceedings of the IEEE/CVF Conference on Computer Vision and Pattern Recognition (CVPR)}, month = {June}, year = {2026}, pages = {6878-6888} }"
Lan_Beyond_Explicit_Language_Plug-and-Play_Visual-to-Linguistic_Modeling_Toward_General_Object_Tracking_CVPR_2026_paper,2026,1,Tracking_MOT,Tracking_MOT|Vision_Language_Multimodal,15.0,0.333,Beyond Explicit Language: Plug-and-Play Visual-to-Linguistic Modeling Toward General Object Tracking,Kaiyang Lan; Ying Cui; Chenchen Jing; Jianwei Zheng; Dongyan Guo,5,42604-42614,True,https://openaccess.thecvf.com/content/CVPR2026/papers/Lan_Beyond_Explicit_Language_Plug-and-Play_Visual-to-Linguistic_Modeling_Toward_General_Object_Tracking_CVPR_2026_paper.pdf,https://openaccess.thecvf.com/content/CVPR2026/supplemental/Lan_Beyond_Explicit_Language_CVPR_2026_supplemental.zip,https://openaccess.thecvf.com/content/CVPR2026/html/Lan_Beyond_Explicit_Language_Plug-and-Play_Visual-to-Linguistic_Modeling_Toward_General_Object_Tracking_CVPR_2026_paper.html,"Natural language provides valuable auxiliary information for enhancing visual object tracking. While existing vision-language tracking methods explicitly leverage linguistic descriptions to aid tracking, they suffer from two critical limitations: the inability to dynamically adapt descriptions to the moving target and changing context; and the strong dependency on language input may causes failure when text is unavailable. To address the issues, we design a simple yet effective plug-and-play module that leverages linguistic assistance implicitly, without requiring explicit language input. The proposed textual inversion module converts visual features from template and search regions into text tokens in the CLIP text embedding space. It effectively inverts visual representations into linguistic forms, integrating contextual information from the both template and search region. The linguistic cues are then injected into the visual feature space via a multi-layer semantic injection mechanism. The design enhances the completeness of cross-modal feature representations and the accuracy of inter-modal semantic alignment, thus enabling dynamically updated linguistic information guidance for general object tracking. Extensive experiments demonstrate the effectiveness of our proposed method. We integrate the proposed module into several advanced trackers and evaluate on both visual and vision-language tracking datasets, including MCITrack, DUTrack, and SeqTrack. By training only the newly introduced module and the corresponding decoder, the proposed approach achieves significant performance gains with minimal computational overhead. Code will be made publicly available.","@InProceedings{Lan_2026_CVPR, author = {Lan, Kaiyang and Cui, Ying and Jing, Chenchen and Zheng, Jianwei and Guo, Dongyan}, title = {Beyond Explicit Language: Plug-and-Play Visual-to-Linguistic Modeling Toward General Object Tracking}, booktitle = {Proceedings of the IEEE/CVF Conference on Computer Vision and Pattern Recognition (CVPR)}, month = {June}, year = {2026}, pages = {42604-42614} }"
Sun_Instance-level_Visual_Active_Tracking_with_Occlusion-Aware_Planning_CVPR_2026_paper,2026,1,Tracking_MOT,Tracking_MOT|Embodied_AI_Robotics,12.0,0.5,Instance-level Visual Active Tracking with Occlusion-Aware Planning,Haowei Sun; Kai Zhou; Hao Gao; Shiteng Zhang; Jinwu Hu; Xutao Wen; Qixiang Ye; Mingkui Tan,8,42494-42504,True,https://openaccess.thecvf.com/content/CVPR2026/papers/Sun_Instance-level_Visual_Active_Tracking_with_Occlusion-Aware_Planning_CVPR_2026_paper.pdf,https://openaccess.thecvf.com/content/CVPR2026/supplemental/Sun_Instance-level_Visual_Active_CVPR_2026_supplemental.pdf,https://openaccess.thecvf.com/content/CVPR2026/html/Sun_Instance-level_Visual_Active_Tracking_with_Occlusion-Aware_Planning_CVPR_2026_paper.html,"Visual Active Tracking (VAT) aims to control cameras to follow a target in 3D space, which is critical for applications like drone navigation and security surveillance. However, it faces two key bottlenecks in real-world deployment: confusion from visually similar distractors caused by insufficient instance-level discrimination and severe failure under occlusions due to the absence of active planning. To address these, we propose OA-VAT, a unified pipeline with three complementary modules. First, a training-free Instance-Aware Offline Prototype Initialization aggregates multi-view augmented features via DINOv3 to construct discriminative instance prototypes, mitigating distractor confusion. Second, an Online Prototype Enhancement Tracker enhances prototypes online and integrates a confidence-aware Kalman filter for stable tracking under appearance and motion changes. Third, an Occlusion-Aware Trajectory Planner, trained on our new Planning-20k dataset, uses conditional diffusion to generate obstacle-avoiding paths for occlusion recovery. Experiments demonstrate OA-VAT achieves 0.93 average SR on UnrealCV (+2.2% vs. SOTA TrackVLA), 90.8% average CAR on real-world datasets (+12.1% vs. SOTA GC-VAT), and 81.6% TSR on a DJI Tello drone. Running at 35 FPS on an RTX 3090, it delivers robust, real-time performance for practical deployment. The code is available at https://github.com/SHWplus/OA-VAT.","@InProceedings{Sun_2026_CVPR, author = {Sun, Haowei and Zhou, Kai and Gao, Hao and Zhang, Shiteng and Hu, Jinwu and Wen, Xutao and Ye, Qixiang and Tan, Mingkui}, title = {Instance-level Visual Active Tracking with Occlusion-Aware Planning}, booktitle = {Proceedings of the IEEE/CVF Conference on Computer Vision and Pattern Recognition (CVPR)}, month = {June}, year = {2026}, pages = {42494-42504} }"
Xu_Iterative_Closed-Loop_Motion_Synthesis_for_Scaling_the_Capabilities_of_Humanoid_CVPR_2026_paper,2026,1,Tracking_MOT,Tracking_MOT,4.0,1.0,Iterative Closed-Loop Motion Synthesis for Scaling the Capabilities of Humanoid Control,Weisheng Xu; Qiwei Wu; Jiaxi Zhang; Jing Tan; Yangfan Li; Yuetong Fang; Jiaqi Xiong; Kai Wu; Rong Ou; Renjing Xu,10,16398-16407,True,https://openaccess.thecvf.com/content/CVPR2026/papers/Xu_Iterative_Closed-Loop_Motion_Synthesis_for_Scaling_the_Capabilities_of_Humanoid_CVPR_2026_paper.pdf,https://openaccess.thecvf.com/content/CVPR2026/supplemental/Xu_Iterative_Closed-Loop_Motion_CVPR_2026_supplemental.zip,https://openaccess.thecvf.com/content/CVPR2026/html/Xu_Iterative_Closed-Loop_Motion_Synthesis_for_Scaling_the_Capabilities_of_Humanoid_CVPR_2026_paper.html,"Physics-based humanoid control relies on training with motion datasets that have diverse data distributions. However, the fixed difficulty distribution of datasets limits the performance ceiling of the trained control policies. Additionally, the method of acquiring high-quality data through professional motion capture systems is constrained by costs, making it difficult to achieve large-scale scalability. To address these issues, we propose a closed-loop automated motion data generation and iterative framework. It can generate high-quality motion data with rich action semantics, including martial arts, dance, combat, sports, gymnastics, and more. Furthermore, our framework enables difficulty iteration of policies and data through physical metrics and objective evaluations, allowing the trained tracker to break through its original difficulty limits. On the PHC single-primitive tracker, using only approximately 1/10 of the AMASS dataset size, the average failure rate on the test set (2201 clips) is reduced by 45% compared to the baseline. Finally, we conduct comprehensive ablation and comparative experiments to highlight the rationality and advantages of our framework.","@InProceedings{Xu_2026_CVPR, author = {Xu, Weisheng and Wu, Qiwei and Zhang, Jiaxi and Tan, Jing and Li, Yangfan and Fang, Yuetong and Xiong, Jiaqi and Wu, Kai and Ou, Rong and Xu, Renjing}, title = {Iterative Closed-Loop Motion Synthesis for Scaling the Capabilities of Humanoid Control}, booktitle = {Proceedings of the IEEE/CVF Conference on Computer Vision and Pattern Recognition (CVPR)}, month = {June}, year = {2026}, pages = {16398-16407} }"
Zhang_View-Aware_Semantic_Alignment_for_Aerial-Ground_Person_Re-Identification_CVPR_2026_paper,2026,1,Tracking_MOT,Tracking_MOT,12.0,0.833,View-Aware Semantic Alignment for Aerial-Ground Person Re-Identification,Quan Zhang; Zeqiang Cai; Peiming Zhao; Jingze Wu; Cailun Wu; Hongbo Chen; Jianhuang Lai,7,4383-4392,True,https://openaccess.thecvf.com/content/CVPR2026/papers/Zhang_View-Aware_Semantic_Alignment_for_Aerial-Ground_Person_Re-Identification_CVPR_2026_paper.pdf,https://openaccess.thecvf.com/content/CVPR2026/supplemental/Zhang_View-Aware_Semantic_Alignment_CVPR_2026_supplemental.pdf,https://openaccess.thecvf.com/content/CVPR2026/html/Zhang_View-Aware_Semantic_Alignment_for_Aerial-Ground_Person_Re-Identification_CVPR_2026_paper.html,"Aerial-Ground Person Re-Identification (AGPReID) remains highly challenging due to drastic viewpoint variations between drones and fixed cameras. Existing methods typically follow a view-invariant paradigm, aligning shared features across views to achieve robustness. However, view-invariant inherently enforces part-level alignment, which ignores view-specific cues and discriminative identity information. To this end, this work proposes ViSA (View-aware Semantic Alignment), a view-aware framework that achieves cross-view semantic consistency containing an Expert-driven Token Generation Module (ETGM) and a Dual-branch Local Fusion Module (DLFM). Technically, the former constructs a set of view-aware experts to generate adaptive semantic queries that perceive viewpoint-specific patterns, while the latter leverages graph reasoning to extract and align local regions responsive to different experts under varying viewpoints. Extensive experiments on three large-scale AGPReID benchmarks including AG-ReID.v2, CARGO and LAGPeR demonstrate that ViSA consistently achieves superior performance, with a notable 10.06% mAP improvement on the challenging CARGO cross-view protocol. The code will be available.","@InProceedings{Zhang_2026_CVPR, author = {Zhang, Quan and Cai, Zeqiang and Zhao, Peiming and Wu, Jingze and Wu, Cailun and Chen, Hongbo and Lai, Jianhuang}, title = {View-Aware Semantic Alignment for Aerial-Ground Person Re-Identification}, booktitle = {Proceedings of the IEEE/CVF Conference on Computer Vision and Pattern Recognition (CVPR)}, month = {June}, year = {2026}, pages = {4383-4392} }"
Chen_Prospective_Dynamic_3D_MRI_Reconstruction_via_Latent-Space_Motion_Tracking_from_CVPR_2026_paper,2026,0,Medical_Bio_RemoteSensing,Medical_Bio_RemoteSensing|Tracking_MOT,16.0,0.5,Prospective Dynamic 3D MRI Reconstruction via Latent-Space Motion Tracking from Single Measurement,Lixuan Chen; Zhongnan Liu; Jesse Hamilton; James M. Balter; Jeong Joon Park; Liyue Shen,6,5627-5636,True,https://openaccess.thecvf.com/content/CVPR2026/papers/Chen_Prospective_Dynamic_3D_MRI_Reconstruction_via_Latent-Space_Motion_Tracking_from_CVPR_2026_paper.pdf,https://openaccess.thecvf.com/content/CVPR2026/supplemental/Chen_Prospective_Dynamic_3D_CVPR_2026_supplemental.zip,https://openaccess.thecvf.com/content/CVPR2026/html/Chen_Prospective_Dynamic_3D_MRI_Reconstruction_via_Latent-Space_Motion_Tracking_from_CVPR_2026_paper.html,"Prospective reconstruction is crucial in many clinical applications such as MRI-guided radiotherapy, which demands accurate image reconstruction and fast motion estimation from currently acquired measurements. However, prospective reconstruction remains challenging due to ultra-sparse sampling and stringent latency requirements. In this work, we propose PDMR, an Prospective Dynamic 3D MRI Reconstruction framework with latent-space motion tracking. Our core idea is to learn an efficient and generalizable latent manifold of motion fields offline, enabling rapid online adaptation for prospective reconstruction. Specifically, we parameterize the deformation vector fields (DVFs) on a low-dimensional manifold, effectively reducing the search space for fast online adaptation, and employ a tri-plane representation to achieve geometry-aware and memory-efficient encoding of 3D motion. Experiments on both XCAT digital phantoms and in-house abdominal MRI datasets demonstrate that PDMR achieves high-fidelity and temporally consistent reconstruction across multiple prospective scenarios (Immediate and After-2min), outperforming state-of-the-art retrospective and online methods. Our results suggest a promising pathway toward ultra-fast, motion-aware prospective MRI reconstruction in clinical practice.","@InProceedings{Chen_2026_CVPR, author = {Chen, Lixuan and Liu, Zhongnan and Hamilton, Jesse and Balter, James M. and Park, Jeong Joon and Shen, Liyue}, title = {Prospective Dynamic 3D MRI Reconstruction via Latent-Space Motion Tracking from Single Measurement}, booktitle = {Proceedings of the IEEE/CVF Conference on Computer Vision and Pattern Recognition (CVPR)}, month = {June}, year = {2026}, pages = {5627-5636} }"
Xu_Vision-Language_Attribute_Disentanglement_and_Reinforcement_for_Lifelong_Person_Re-Identification_CVPR_2026_paper,2026,0,Vision_Language_Multimodal,Vision_Language_Multimodal|Tracking_MOT,28.0,0.571,Vision-Language Attribute Disentanglement and Reinforcement for Lifelong Person Re-Identification,Kunlun Xu; Haotong Cheng; Jiangmeng Li; Xu Zou; Jiahuan Zhou,5,40397-40406,True,https://openaccess.thecvf.com/content/CVPR2026/papers/Xu_Vision-Language_Attribute_Disentanglement_and_Reinforcement_for_Lifelong_Person_Re-Identification_CVPR_2026_paper.pdf,https://openaccess.thecvf.com/content/CVPR2026/supplemental/Xu_Vision-Language_Attribute_Disentanglement_CVPR_2026_supplemental.pdf,https://openaccess.thecvf.com/content/CVPR2026/html/Xu_Vision-Language_Attribute_Disentanglement_and_Reinforcement_for_Lifelong_Person_Re-Identification_CVPR_2026_paper.html,"Lifelong person re-identification (LReID) aims to learn from varying domains to obtain a unified person retrieval model. Existing LReID approaches typically focus on learning from scratch or a visual classification-pretrained model, while the Vision-Language Model (VLM) has shown generalizable knowledge in a variety of tasks. Although existing methods can be directly adapted to the VLM, since they only consider global-aware learning, the fine-grained attribute knowledge is underleveraged, leading to limited acquisition and anti-forgetting capacity. To address this problem, we introduce a novel VLM-driven LReID approach named Vision-Language Attribute Disentanglement and Reinforcement (VLADR). Our key idea is to explicitly model the universally shared human attributes to improve inter-domain knowledge transfer, thereby effectively utilizing historical knowledge to reinforce new knowledge learning and alleviate forgetting. Specifically, VLADR includes a Multi-grain Text Attribute Disentanglement mechanism that mines the global and diverse local text attributes of an image. Then, an Inter-domain Cross-modal Attribute Reinforcement scheme is developed, which introduces cross-modal attribute alignment to guide visual attribute extraction and adopts inter-domain attribute alignment to achieve fine-grained knowledge transfer. Experimental results demonstrate that our VLADR outperforms the state-of-the-art methods by 1.9%-2.2% and 2.1%-2.5% on anti-forgetting and generalization capacity. Our source code is available at https://github.com/zhoujiahuan1991/CVPR2026-VLADR","@InProceedings{Xu_2026_CVPR, author = {Xu, Kunlun and Cheng, Haotong and Li, Jiangmeng and Zou, Xu and Zhou, Jiahuan}, title = {Vision-Language Attribute Disentanglement and Reinforcement for Lifelong Person Re-Identification}, booktitle = {Proceedings of the IEEE/CVF Conference on Computer Vision and Pattern Recognition (CVPR)}, month = {June}, year = {2026}, pages = {40397-40406} }"
Li_MFEN_Multi-Frequency_Expert_Network_for_Visible-Infrared_Person_Re-ID_CVPR_2026_paper,2026,1,Tracking_MOT,Tracking_MOT,3.0,0.333,MFEN: Multi-Frequency Expert Network for Visible-Infrared Person Re-ID,Xulin Li; Yan Lu; Bin Liu; Qinhong Yang; Qi Chu; Tao Gong; Nenghai Yu,7,18471-18480,True,https://openaccess.thecvf.com/content/CVPR2026/papers/Li_MFEN_Multi-Frequency_Expert_Network_for_Visible-Infrared_Person_Re-ID_CVPR_2026_paper.pdf,https://openaccess.thecvf.com/content/CVPR2026/supplemental/Li_MFEN_Multi-Frequency_Expert_CVPR_2026_supplemental.pdf,https://openaccess.thecvf.com/content/CVPR2026/html/Li_MFEN_Multi-Frequency_Expert_Network_for_Visible-Infrared_Person_Re-ID_CVPR_2026_paper.html,"Visible-infrared person re-identification (VI-ReID) is challenging due to the large modality discrepancy between visible and infrared images. We contend that this discrepancy is largely related to differing lighting conditions, including differences in light wavelength and light source type. Recently, frequency-based VI-ReID approaches have achieved notable success because frequency information can better extract identity-relevant contours and details while excluding irrelevant lighting and color. However, existing methods either do not distinguish different frequency bands or focus on only one band, which is insufficient under diverse lighting conditions. To perform comprehensive frequency-domain learning, we propose a Multi-Frequency Expert Network (MFEN) that enables multi-frequency modulation and adaptively combines different bands through a mixture-of-experts design. We further introduce Random Frequency Augmentation (RFA) and Frequency Auxiliary Optimization (FAO) to better train MFEN. The three modules are complementary and jointly capture critical frequency-domain details for robust representation learning. Extensive experiments on three VI-ReID datasets demonstrate the effectiveness of our approach.","@InProceedings{Li_2026_CVPR, author = {Li, Xulin and Lu, Yan and Liu, Bin and Yang, Qinhong and Chu, Qi and Gong, Tao and Yu, Nenghai}, title = {MFEN: Multi-Frequency Expert Network for Visible-Infrared Person Re-ID}, booktitle = {Proceedings of the IEEE/CVF Conference on Computer Vision and Pattern Recognition (CVPR)}, month = {June}, year = {2026}, pages = {18471-18480} }"
