paper_id,year,is_primary,primary_topic,all_topics,topic_score,confidence,title,authors,n_authors,pages,has_abstract,pdf_url,supp_url,detail_url,abstract,bibtex
Shekhar_GT-SVJ_Generative-Transformer-Based_Self-Supervised_Video_Judge_For_Efficient_Video_Reward_Modeling_CVPR_2026_paper,2026,1,SelfSupervised_Representation,SelfSupervised_Representation|Video_Action_Recognition|Vision_Language_Multimodal|Diffusion_Generative,12.0,0.083,GT-SVJ: Generative-Transformer-Based Self-Supervised Video Judge For Efficient Video Reward Modeling,Shivanshu Shekhar; Uttaran Bhattacharya; Raghavendra Addanki; Mehrab Tanjim; Somdeb Sarkhel; Tong Zhang,6,9847-9858,True,https://openaccess.thecvf.com/content/CVPR2026/papers/Shekhar_GT-SVJ_Generative-Transformer-Based_Self-Supervised_Video_Judge_For_Efficient_Video_Reward_Modeling_CVPR_2026_paper.pdf,https://openaccess.thecvf.com/content/CVPR2026/supplemental/Shekhar_GT-SVJ_Generative-Transformer-Based_Self-Supervised_CVPR_2026_supplemental.zip,https://openaccess.thecvf.com/content/CVPR2026/html/Shekhar_GT-SVJ_Generative-Transformer-Based_Self-Supervised_Video_Judge_For_Efficient_Video_Reward_Modeling_CVPR_2026_paper.html,"Aligning video generative models with human preferences remains challenging: current approaches rely on Vision-Language Models (VLMs) for reward modeling, but these models struggle to capture subtle temporal dynamics. We propose a fundamentally different approach: repurposing video generative models, which are inherently designed to model temporal structure, as reward models. We present the Generative-Transformer-based Self-Supervised Video Judge (\modelname), a novel evaluation model that transforms state-of-the-art video generation models into powerful temporally-aware reward models. Our key insight is that generative models can be reformulated as energy-based models (EBMs) that assign low energy to high-quality videos and high energy to degraded ones, enabling them to discriminate video quality with remarkable precision when trained via contrastive objectives. To prevent the model from exploiting superficial differences between real and generated videos, we design challenging synthetic negative videos through controlled latent-space perturbations: temporal slicing, feature swapping, and frame shuffling, which simulate realistic but subtle visual degradations. This forces the model to learn meaningful spatiotemporal features rather than trivial artifacts. \modelname achieves state-of-the-art performance on GenAI-Bench and MonteBench using only 30K human-annotations: 6xto 65xfewer than existing VLM-based approaches.","@InProceedings{Shekhar_2026_CVPR, author = {Shekhar, Shivanshu and Bhattacharya, Uttaran and Addanki, Raghavendra and Tanjim, Mehrab and Sarkhel, Somdeb and Zhang, Tong}, title = {GT-SVJ: Generative-Transformer-Based Self-Supervised Video Judge For Efficient Video Reward Modeling}, booktitle = {Proceedings of the IEEE/CVF Conference on Computer Vision and Pattern Recognition (CVPR)}, month = {June}, year = {2026}, pages = {9847-9858} }"
Han_Unique_Lives_Shared_World_Learning_from_Single-Life_Videos_CVPR_2026_paper,2026,1,SelfSupervised_Representation,SelfSupervised_Representation,7.0,0.571,"Unique Lives, Shared World: Learning from Single-Life Videos",Tengda Han; Sayna Ebrahimi; Dilara Gokay; Li Yang Ku; Maks Ovsjanikov; Iva Babukova; Daniel Zoran; Viorica Patraucean; Joao Carreira; Andrew Zisserman; Dima Damen,11,24021-24030,True,https://openaccess.thecvf.com/content/CVPR2026/papers/Han_Unique_Lives_Shared_World_Learning_from_Single-Life_Videos_CVPR_2026_paper.pdf,https://openaccess.thecvf.com/content/CVPR2026/supplemental/Han_Unique_Lives_Shared_CVPR_2026_supplemental.pdf,https://openaccess.thecvf.com/content/CVPR2026/html/Han_Unique_Lives_Shared_World_Learning_from_Single-Life_Videos_CVPR_2026_paper.html,"We introduce the ""single-life"" learning paradigm, where we train a distinct vision model exclusively on egocentric videos captured by one individual. We leverage the multiple viewpoints naturally captured within a single life to learn a visual encoder in a self-supervised manner. Our experiments demonstrate three key findings. First, models trained independently on different lives develop a highly aligned geometric understanding. We demonstrate this by training visual encoders on distinct datasets each capturing a different life, both indoors and outdoors, as well as introducing a novel cross-attention-based metric to quantify the functional alignment of the internal representations developed by different models. Second, we show that single-life models learn generalizable geometric representations that effectively transfer to downstream tasks, such as depth estimation, in unseen environments. Third, we demonstrate that training on up to 30 hours from one week of the same person's life leads to comparable performance to training on 30 hours of diverse web data, highlighting the strength of single-life representation learning. Overall, our results establish that the shared structure of the world, both leads to consistency in models trained on individual lives, and provides a powerful signal for visual representation learning.","@InProceedings{Han_2026_CVPR, author = {Han, Tengda and Ebrahimi, Sayna and Gokay, Dilara and Ku, Li Yang and Ovsjanikov, Maks and Babukova, Iva and Zoran, Daniel and Patraucean, Viorica and Carreira, Joao and Zisserman, Andrew and Damen, Dima}, title = {Unique Lives, Shared World: Learning from Single-Life Videos}, booktitle = {Proceedings of the IEEE/CVF Conference on Computer Vision and Pattern Recognition (CVPR)}, month = {June}, year = {2026}, pages = {24021-24030} }"
Xie_SynCLIP_Synonym-Coherent_Language-Image_Pretraining_for_Robust_Open-Vocabulary_Dense_Perception_CVPR_2026_paper,2026,1,SelfSupervised_Representation,SelfSupervised_Representation,10.0,0.6,SynCLIP: Synonym-Coherent Language-Image Pretraining for Robust Open-Vocabulary Dense Perception,Mingjie Xie; Guangjun He; Dongli Xu; Youtian Lin; Hongjue Li; Pengming Feng; Jian Guan; Yue Deng,8,31524-31533,True,https://openaccess.thecvf.com/content/CVPR2026/papers/Xie_SynCLIP_Synonym-Coherent_Language-Image_Pretraining_for_Robust_Open-Vocabulary_Dense_Perception_CVPR_2026_paper.pdf,https://openaccess.thecvf.com/content/CVPR2026/supplemental/Xie_SynCLIP_Synonym-Coherent_Language-Image_CVPR_2026_supplemental.pdf,https://openaccess.thecvf.com/content/CVPR2026/html/Xie_SynCLIP_Synonym-Coherent_Language-Image_Pretraining_for_Robust_Open-Vocabulary_Dense_Perception_CVPR_2026_paper.html,"Open-vocabulary dense perception (OVDP) aims to localize objects unseen during training by leveraging textual knowledge. Despite the remarkable progress of recent CLIP-based approaches, we identify a critical limitation: synonym-induced grounding inconsistency, where semantically equivalent expressions yield disparate spatial attention patterns. This inconsistency undermines the robustness and performance of existing methods in real-world OVDP applications. To address this issue, we propose SynCLIP, a Synonym-Coherent Language-Image Pretraining framework that enhances synonym-robust grounding for OVDP. SynCLIP introduces a Semantic-consistent Spatial Attention alignment (SSA) module to enhance spatial attention consistency by minimizing discrepancies between attention maps of original and synonymous expressions. Furthermore, a Spatial Attention Refinement (SAR) module selectively strengthens the most semantically relevant spatial regions within aligned maps for more precise and stable grounding. To support synonym-coherent pretraining, we also construct a Synonym-Enriched Visual Corpus (SEViC), which augments each category with multiple synonyms and textual definitions. Extensive experiments on multiple benchmarks demonstrate that SynCLIP substantially improves grounding consistency under diverse linguistic variants and achieves state-of-the-art performance among CLIP-based OVDP methods. Code is available at https://github.com/Justlovesmile/SynCLIP.","@InProceedings{Xie_2026_CVPR, author = {Xie, Mingjie and He, Guangjun and Xu, Dongli and Lin, Youtian and Li, Hongjue and Feng, Pengming and Guan, Jian and Deng, Yue}, title = {SynCLIP: Synonym-Coherent Language-Image Pretraining for Robust Open-Vocabulary Dense Perception}, booktitle = {Proceedings of the IEEE/CVF Conference on Computer Vision and Pattern Recognition (CVPR)}, month = {June}, year = {2026}, pages = {31524-31533} }"
Jia_VITAL_Vision-Encoder-centered_Pre-training_for_LMMs_in_Visual_Quality_Assessment_CVPR_2026_paper,2026,1,SelfSupervised_Representation,SelfSupervised_Representation,10.0,0.5,VITAL: Vision-Encoder-centered Pre-training for LMMs in Visual Quality Assessment,Ziheng Jia; Linhan Cao; Jinliang Han; Zicheng Zhang; Jiaying Qian; Jiarui Wang; Zijian Chen; Guangtao Zhai; Xiongkuo Min,9,41245-41255,True,https://openaccess.thecvf.com/content/CVPR2026/papers/Jia_VITAL_Vision-Encoder-centered_Pre-training_for_LMMs_in_Visual_Quality_Assessment_CVPR_2026_paper.pdf,https://openaccess.thecvf.com/content/CVPR2026/supplemental/Jia_VITAL_Vision-Encoder-centered_Pre-training_CVPR_2026_supplemental.zip,https://openaccess.thecvf.com/content/CVPR2026/html/Jia_VITAL_Vision-Encoder-centered_Pre-training_for_LMMs_in_Visual_Quality_Assessment_CVPR_2026_paper.html,"Developing a robust visual quality assessment (VQualA) large multi-modal model (LMM) requires achieving versatility, powerfulness, and transferability. However, existing VQualA LMMs typically focus on a single task and rely on full-parameter fine-tuning, which makes them prone to overfitting on specific modalities or task types, thereby limiting their generalization capacity and transferability. To address this, we propose a vision-encoder-centered generative pre-training pipeline and develop the VITAL-Series LMMs. (1) We adopt a machine-executed annotation-scrutiny paradigm, constructing over 4.5M vision-language (VL) pairs-the largest VQualA training dataset to date. (2) We employ a multi-task training workflow that simultaneously enhances the model's quantitative scoring precision and strengthens its capability for quality interpretation across both image and video modalities. (3) Building upon the vision encoder, we realize an efficient model zoo extension: the model zoo exhibits strong zero-shot performance, and each paired decoder requires only a swift warm-up using less than 1/1000 of the pre-training data to achieve performance comparable to the fully trained counterpart. Overall, our work lays a cornerstone for advancing toward the foundation LMM for VQualA. The project is at https://github.com/jzhws/VITAL-Series.","@InProceedings{Jia_2026_CVPR, author = {Jia, Ziheng and Cao, Linhan and Han, Jinliang and Zhang, Zicheng and Qian, Jiaying and Wang, Jiarui and Chen, Zijian and Zhai, Guangtao and Min, Xiongkuo}, title = {VITAL: Vision-Encoder-centered Pre-training for LMMs in Visual Quality Assessment}, booktitle = {Proceedings of the IEEE/CVF Conference on Computer Vision and Pattern Recognition (CVPR)}, month = {June}, year = {2026}, pages = {41245-41255} }"
Li_Transform_to_Transfer_Boosting_Adversarial_Attack_Transferability_on_Vision-Language_Pre-training_CVPR_2026_paper,2026,0,Vision_Language_Multimodal,Vision_Language_Multimodal|Trustworthy_Security_Privacy|SelfSupervised_Representation,16.0,0.062,Transform to Transfer: Boosting Adversarial Attack Transferability on Vision-Language Pre-training Models,Yang Li; Jia-Li Yin; Luojun Lin; Wei Lin,4,30141-30150,True,https://openaccess.thecvf.com/content/CVPR2026/papers/Li_Transform_to_Transfer_Boosting_Adversarial_Attack_Transferability_on_Vision-Language_Pre-training_CVPR_2026_paper.pdf,https://openaccess.thecvf.com/content/CVPR2026/supplemental/Li_Transform_to_Transfer_CVPR_2026_supplemental.pdf,https://openaccess.thecvf.com/content/CVPR2026/html/Li_Transform_to_Transfer_Boosting_Adversarial_Attack_Transferability_on_Vision-Language_Pre-training_CVPR_2026_paper.html,"Vision-Language Pre-training (VLP) models, while achieving state-of-the-art performance on various multimodal tasks, exhibit significant vulnerability to multimodal adversarial examples. In black-box attack scenarios of VLP models, a key challenge lies in the limited transferability of these adversarial examples. Existing methods to enhance transferability often suffer from an excessive dependence on the source model and a reliance on limited and fixed transformation techniques. To overcome these limitations, we propose a novel Transform to Transfer Attack (TTA) method. Our approach introduces a learnable transformation mechanism that adaptively selects optimal combinations of transformations to maximize input diversity, and incorporates integrated gradients to mitigate over-reliance on the source model, thereby refining the attack optimization process. Extensive experiments demonstrate that TTA achieves outstanding attack performance in downstream tasks, outperforming current state-of-the-art attack methods across different VLP architectures.","@InProceedings{Li_2026_CVPR, author = {Li, Yang and Yin, Jia-Li and Lin, Luojun and Lin, Wei}, title = {Transform to Transfer: Boosting Adversarial Attack Transferability on Vision-Language Pre-training Models}, booktitle = {Proceedings of the IEEE/CVF Conference on Computer Vision and Pattern Recognition (CVPR)}, month = {June}, year = {2026}, pages = {30141-30150} }"
Vyas_The_Surprising_Effectiveness_of_Noise_Pretraining_for_Implicit_Neural_Representations_CVPR_2026_paper,2026,1,SelfSupervised_Representation,SelfSupervised_Representation|Neural_Rendering_NeRF_3DGS|Restoration_Enhancement,12.0,0.333,The Surprising Effectiveness of Noise Pretraining for Implicit Neural Representations,Kushal Vyas; Alper Kayabasi; Daniel Kim; Vishwanath Saragadam; Ashok Veeraraghavan; Guha Balakrishnan,6,6116-6125,True,https://openaccess.thecvf.com/content/CVPR2026/papers/Vyas_The_Surprising_Effectiveness_of_Noise_Pretraining_for_Implicit_Neural_Representations_CVPR_2026_paper.pdf,https://openaccess.thecvf.com/content/CVPR2026/supplemental/Vyas_The_Surprising_Effectiveness_CVPR_2026_supplemental.pdf,https://openaccess.thecvf.com/content/CVPR2026/html/Vyas_The_Surprising_Effectiveness_of_Noise_Pretraining_for_Implicit_Neural_Representations_CVPR_2026_paper.html,"The approximation and convergence properties of implicit neural representations (INRs) are known to be highly sensitive to parameter initialization strategies. While several data-driven initialization methods demonstrate significant improvements over standard random sampling, the reasons for their success -- specifically, whether they encode classical statistical signal priors or more complex features -- remain poorly understood. In this study, we explore this phenomenon through a series of experimental analyses leveraging noise pretraining. We pretrain INRs on diverse noise classes (e.g., Gaussian, Dead Leaves, Spectral) and measure their ability to both fit unseen signals and encode priors for an inverse imaging task (denoising). Our analyses on image and video data reveal a surprising finding: simply pretraining on unstructured noise (Uniform, Gaussian) dramatically improves signal fitting capacity compared to all other baselines. However, unstructured noise also yields poor deep image priors for denoising. In contrast, we also find that noise with the classic 1/|f^\alpha| spectral structure of natural images achieves an excellent balance of signal fitting and inverse imaging capabilities, performing on par with the best data-driven initialization methods. This finding enables more efficient INR training in applications lacking sufficient prior domain-specific data.","@InProceedings{Vyas_2026_CVPR, author = {Vyas, Kushal and Kayabasi, Alper and Kim, Daniel and Saragadam, Vishwanath and Veeraraghavan, Ashok and Balakrishnan, Guha}, title = {The Surprising Effectiveness of Noise Pretraining for Implicit Neural Representations}, booktitle = {Proceedings of the IEEE/CVF Conference on Computer Vision and Pattern Recognition (CVPR)}, month = {June}, year = {2026}, pages = {6116-6125} }"
Estepa_Learning_from_Semantic_Dictionaries_Discriminative_Codebook_Contrastive_Learning_for_Unified_CVPR_2026_paper,2026,1,SelfSupervised_Representation,SelfSupervised_Representation|Diffusion_Generative,14.0,0.571,Learning from Semantic Dictionaries: Discriminative Codebook Contrastive Learning for Unified Visual Representation and Generation,Imanol G. Estepa; Jesús M. Rodríguez-de-Vera; Bhalaji Nagarajan; Petia Radeva,4,22456-22466,True,https://openaccess.thecvf.com/content/CVPR2026/papers/Estepa_Learning_from_Semantic_Dictionaries_Discriminative_Codebook_Contrastive_Learning_for_Unified_CVPR_2026_paper.pdf,https://openaccess.thecvf.com/content/CVPR2026/supplemental/Estepa_Learning_from_Semantic_CVPR_2026_supplemental.pdf,https://openaccess.thecvf.com/content/CVPR2026/html/Estepa_Learning_from_Semantic_Dictionaries_Discriminative_Codebook_Contrastive_Learning_for_Unified_CVPR_2026_paper.html,"Discriminative and generative vision models excel in their respective domains but remain semantically misaligned, hindering progress toward unified visual learning. We introduce LEASE (LEArning from SEmantic Dictionaries), a self-supervised framework that bridges this gap using a paired generative-discriminative codebook design. LEASE operates entirely in a discrete token space produced through a one-time precomputation step, enabling efficient training without data augmentations, teacher models, or online tokenizers. LEASE integrates two complementary objectives: a masked token reconstruction loss that captures fine-grained generative detail, and a codebook contrast loss that aligns encoder features with discriminative semantics via adaptive centroid weighting. This dual supervision yields a unified latent space that supports both high-quality generation and strong representation learning.On ImageNet-1K, LEASE achieves state-of-the-art unified performance, outperforming prior VQGAN-based methods such as MAGE and Sorcen across linear probing, unconditional generation, few-shot learning, transfer, and robustness benchmarks. It also competes favorably with domain-specialized contrastive and generative models while surpassing previous MIM methods. The unsupervised LEASE model can also be extended to conditional generation by building upon its learned representations, proving competitive with specialized baselines.Overall, LEASE provides an efficient and effective step toward general-purpose vision models that jointly understand and generate visual content. Code will be released upon acceptance.","@InProceedings{Estepa_2026_CVPR, author = {Estepa, Imanol G. and Rodr{\'\i}guez-de-Vera, Jes\'us M. and Nagarajan, Bhalaji and Radeva, Petia}, title = {Learning from Semantic Dictionaries: Discriminative Codebook Contrastive Learning for Unified Visual Representation and Generation}, booktitle = {Proceedings of the IEEE/CVF Conference on Computer Vision and Pattern Recognition (CVPR)}, month = {June}, year = {2026}, pages = {22456-22466} }"
Zhang_From_Observation_to_Action_Latent_Action-based_Primitive_Segmentation_for_VLA_CVPR_2026_paper,2026,0,Embodied_AI_Robotics,Embodied_AI_Robotics|SelfSupervised_Representation,24.0,0.5,From Observation to Action: Latent Action-based Primitive Segmentation for VLA Pre-training in Industrial Settings,Jiajie Zhang; Sören Schwertfeger; Alexander Kleiner,3,6750-6759,True,https://openaccess.thecvf.com/content/CVPR2026/papers/Zhang_From_Observation_to_Action_Latent_Action-based_Primitive_Segmentation_for_VLA_CVPR_2026_paper.pdf,https://openaccess.thecvf.com/content/CVPR2026/supplemental/Zhang_From_Observation_to_CVPR_2026_supplemental.pdf,https://openaccess.thecvf.com/content/CVPR2026/html/Zhang_From_Observation_to_Action_Latent_Action-based_Primitive_Segmentation_for_VLA_CVPR_2026_paper.html,"We present a novel unsupervised framework to unlock vast unlabeled human demonstration data from continuous industrial video streams for Vision-Language-Action (VLA) model pre-training. Our method first trains a lightweight motion tokenizer to encode motion dynamics, then employs an unsupervised action segmenter leveraging a novel ""Latent Action Energy"" metric to discover and segment semantically coherent action primitives. The pipeline outputs both segmented video clips and their corresponding latent action sequences, providing structured data directly suitable for VLA pre-training. Evaluations on public benchmarks and a proprietary electric motor assembly dataset demonstrate effective segmentation of key tasks performed by humans at workstations. Further clustering and quantitative assessment via a Vision-Language Model confirm the semantic coherence of the discovered action primitives. To our knowledge, this is the first fully automated end-to-end system for extracting and organizing VLA pre-training data from unstructured industrial videos, offering a scalable solution for embodied AI integration in manufacturing.","@InProceedings{Zhang_2026_CVPR, author = {Zhang, Jiajie and Schwertfeger, S\""oren and Kleiner, Alexander}, title = {From Observation to Action: Latent Action-based Primitive Segmentation for VLA Pre-training in Industrial Settings}, booktitle = {Proceedings of the IEEE/CVF Conference on Computer Vision and Pattern Recognition (CVPR)}, month = {June}, year = {2026}, pages = {6750-6759} }"
Chen_Balanced_Hierarchical_Contrastive_Learning_with_Decoupled_Queries_for_Fine-grained_Object_CVPR_2026_paper,2026,0,Object_Detection,Object_Detection|Recognition_Classification|SelfSupervised_Representation|Medical_Bio_RemoteSensing,18.0,0.0,Balanced Hierarchical Contrastive Learning with Decoupled Queries for Fine-grained Object Detection in Remote Sensing Images,Jingzhou Chen; Dexin Chen; Fengchao Xiong; Yuntao Qian; Liang Xiao,5,20619-20628,True,https://openaccess.thecvf.com/content/CVPR2026/papers/Chen_Balanced_Hierarchical_Contrastive_Learning_with_Decoupled_Queries_for_Fine-grained_Object_CVPR_2026_paper.pdf,https://openaccess.thecvf.com/content/CVPR2026/supplemental/Chen_Balanced_Hierarchical_Contrastive_CVPR_2026_supplemental.pdf,https://openaccess.thecvf.com/content/CVPR2026/html/Chen_Balanced_Hierarchical_Contrastive_Learning_with_Decoupled_Queries_for_Fine-grained_Object_CVPR_2026_paper.html,"Fine-grained remote sensing datasets often use hierarchical label structures to differentiate objects in a coarse-to-fine manner, with each object annotated across multiple levels. However, embedding this semantic hierarchy into the representation learning space to improve fine-grained detection performance remains challenging. Previous studies have applied supervised contrastive learning at different hierarchical levels to group objects under the same parent class while distinguishing sibling subcategories. Nevertheless, they overlook two critical issues: (1) imbalanced data distribution across the label hierarchy causes high-frequency classes to dominate the learning process, and (2) learning semantic relationships among categories interferes with class-agnostic localization. To address these issues, we propose a balanced hierarchical contrastive loss combined with a decoupled learning strategy within the detection transformer (DETR) framework. The proposed loss introduces learnable class prototypes and equilibrates gradients contributed by different classes at each hierarchical level, ensuring that each hierarchical class contributes equally to the loss computation in every mini-batch. The decoupled strategy separates DETR's object queries into classification and localization sets, enabling task-specific feature extraction and optimization. Experiments on three fine-grained datasets with hierarchical annotations demonstrate that our method outperforms state-of-the-art approaches.","@InProceedings{Chen_2026_CVPR, author = {Chen, Jingzhou and Chen, Dexin and Xiong, Fengchao and Qian, Yuntao and Xiao, Liang}, title = {Balanced Hierarchical Contrastive Learning with Decoupled Queries for Fine-grained Object Detection in Remote Sensing Images}, booktitle = {Proceedings of the IEEE/CVF Conference on Computer Vision and Pattern Recognition (CVPR)}, month = {June}, year = {2026}, pages = {20619-20628} }"
Li_Delving_Aleatoric_Uncertainty_in_Medical_Image_Segmentation_via_Vision_Foundation_CVPR_2026_paper,2026,0,Medical_Bio_RemoteSensing,Medical_Bio_RemoteSensing|Segmentation|SelfSupervised_Representation,30.0,0.6,Delving Aleatoric Uncertainty in Medical Image Segmentation via Vision Foundation Models,Ruiyang Li; Fang Liu; Licheng Jiao; Xinglin Xie; Jiayao Hao; Shuo Li; Xu Liu; Jingyi Yang; Lingling Li; Puhua Chen; Wenping Ma,11,30011-30020,True,https://openaccess.thecvf.com/content/CVPR2026/papers/Li_Delving_Aleatoric_Uncertainty_in_Medical_Image_Segmentation_via_Vision_Foundation_CVPR_2026_paper.pdf,https://openaccess.thecvf.com/content/CVPR2026/supplemental/Li_Delving_Aleatoric_Uncertainty_CVPR_2026_supplemental.pdf,https://openaccess.thecvf.com/content/CVPR2026/html/Li_Delving_Aleatoric_Uncertainty_in_Medical_Image_Segmentation_via_Vision_Foundation_CVPR_2026_paper.html,"Medical image segmentation supports clinical workflows by precisely delineating anatomical structures and lesions. However, medical image datasets medical image datasets suffer from acquisition noise and annotation ambiguity, causing pervasive data uncertainty that substantially undermines model robustness. Existing research focuses primarily on model architectural improvements and predictive reliability estimation, while systematic exploration of the intrinsic data uncertainty remains insufficient. To address this gap, this work proposes leveraging the universal representation capabilities of visual foundation models to estimate inherent data uncertainty. Specifically, we analyze the feature diversity of the model's decoded representations and quantify their singular value energy to define the semantic perception scale for each class, thereby measuring sample difficulty and aleatoric uncertainty. Based on this foundation, we design two uncertainty-driven application strategies: (1) the aleatoric uncertainty-aware data filtering mechanism to eliminate potentially noisy samples and enhance model learning quality; (2) the dynamic uncertainty-aware optimization strategy that adaptively adjusts class-specific loss weights during training based on the semantic perception scale, combined with a label denoising mechanism to improve training stability. Experimental results on five public datasets encompassing CT and MRI modalities and involving multi-organ and tumor segmentation tasks demonstrate that our method achieves significant and robust performance improvements across various mainstream network architectures, revealing the broad application potential of aleatoric uncertainty in medical image understanding and segmentation tasks. The code is available.","@InProceedings{Li_2026_CVPR, author = {Li, Ruiyang and Liu, Fang and Jiao, Licheng and Xie, Xinglin and Hao, Jiayao and Li, Shuo and Liu, Xu and Yang, Jingyi and Li, Lingling and Chen, Puhua and Ma, Wenping}, title = {Delving Aleatoric Uncertainty in Medical Image Segmentation via Vision Foundation Models}, booktitle = {Proceedings of the IEEE/CVF Conference on Computer Vision and Pattern Recognition (CVPR)}, month = {June}, year = {2026}, pages = {30011-30020} }"
Shah_GraPHFormer_A_Multimodal_Graph_Persistent_Homology_Transformer_for_the_Analysis_CVPR_2026_paper,2026,0,Vision_Language_Multimodal,Vision_Language_Multimodal|SelfSupervised_Representation,10.0,0.4,GraPHFormer: A Multimodal Graph Persistent Homology Transformer for the Analysis of Neuroscience Morphologies,Uzair Shah; Marco Agus; Mahmoud Gamal; Mahmood Alzubaidi; Corrado Cali; Pierre J. Magistretti; Abdesselam Bouzerdoum; Mowafa Househ,8,28224-28233,True,https://openaccess.thecvf.com/content/CVPR2026/papers/Shah_GraPHFormer_A_Multimodal_Graph_Persistent_Homology_Transformer_for_the_Analysis_CVPR_2026_paper.pdf,https://openaccess.thecvf.com/content/CVPR2026/supplemental/Shah_GraPHFormer_A_Multimodal_CVPR_2026_supplemental.pdf,https://openaccess.thecvf.com/content/CVPR2026/html/Shah_GraPHFormer_A_Multimodal_Graph_Persistent_Homology_Transformer_for_the_Analysis_CVPR_2026_paper.html,"Neuronal morphology encodes critical information about circuit function, development, and disease, yet current methods analyze topology or graph structure in isolation. We introduce GraPHFormer, a multimodal architecture that unifies these complementary views through CLIP-style contrastive learning. Our vision branch processes a novel three-channel persistence image encoding unweighted, persistence-weighted, and radius-weighted topological densities via DINOv2-ViT-S. In parallel, a TreeLSTM encoder captures geometric and radial attributes from skeleton graphs. Both project to a shared embedding space trained with symmetric InfoNCE loss, augmented by persistence-space transformations that preserve topological semantics. Evaluated on six benchmarks (BIL-6, ACT-4, JML-4, N7, M1-Cell, M1-REG) spanning self-supervised and supervised settings, GraPHFormer achieves state-of-the-art performance on five benchmarks, significantly outperforming topology-only, graph-only, and morphometrics baselines. We demonstrate practical utility by discriminating glial morphologies across cortical regions and species, and detecting signatures of developmental and degenerative processes. Code: https://github.com/Uzshah/GraPHFormer","@InProceedings{Shah_2026_CVPR, author = {Shah, Uzair and Agus, Marco and Gamal, Mahmoud and Alzubaidi, Mahmood and Cali, Corrado and Magistretti, Pierre J. and Bouzerdoum, Abdesselam and Househ, Mowafa}, title = {GraPHFormer: A Multimodal Graph Persistent Homology Transformer for the Analysis of Neuroscience Morphologies}, booktitle = {Proceedings of the IEEE/CVF Conference on Computer Vision and Pattern Recognition (CVPR)}, month = {June}, year = {2026}, pages = {28224-28233} }"
Cai_Scaling_Spatial_Intelligence_with_Multimodal_Foundation_Models_CVPR_2026_paper,2026,1,SelfSupervised_Representation,SelfSupervised_Representation|Vision_Language_Multimodal,18.0,0.167,Scaling Spatial Intelligence with Multimodal Foundation Models,Zhongang Cai; Ruisi Wang; Chenyang Gu; Fanyi Pu; Junxiang Xu; Yubo Wang; Wanqi Yin; Zhitao Yang; Chen Wei; Tongxi Zhou; Qingping Sun; Hui En Pang; Jiaqi Li; Oscar Qian; Zhiqian Lin; Xuanke Shi; Kewang Deng; Xiaoyang Han; Zukai Chen; Xiangyu Fan; Hanming Deng; Lewei Lu; Liang Pan; Bo Li; Ziwei Liu; Quan Wang; Dahua Lin; Lei Yang,28,7879-7890,True,https://openaccess.thecvf.com/content/CVPR2026/papers/Cai_Scaling_Spatial_Intelligence_with_Multimodal_Foundation_Models_CVPR_2026_paper.pdf,https://openaccess.thecvf.com/content/CVPR2026/supplemental/Cai_Scaling_Spatial_Intelligence_CVPR_2026_supplemental.pdf,https://openaccess.thecvf.com/content/CVPR2026/html/Cai_Scaling_Spatial_Intelligence_with_Multimodal_Foundation_Models_CVPR_2026_paper.html,"Despite remarkable progress, multimodal foundation models still exhibit surprising deficiencies in spatial intelligence. In this work, we explore scaling up multimodal foundation models to cultivate spatial intelligence within the SenseNova-SI family, built upon established multimodal foundations including visual understanding models (i.e., Qwen3-VL and InternVL3) and unified understanding and generation models (i.e., Bagel). We take a principled approach to constructing high-performing and robust spatial intelligence by systematically curating SenseNova-SI-8M: eight million diverse data samples under a rigorous taxonomy of spatial capabilities. SenseNova-SI demonstrates unprecedented performance across a broad range of spatial intelligence benchmarks: 68.8% on VSI-Bench, 43.3% on MMSI, 85.7% on MindCube, 54.7% on ViewSpatial, 47.7% on SITE, 63.9% on BLINK, 55.5% on 3DSR, and 72.0% on EmbSpatial, while maintaining strong general multimodal understanding (e.g., 84.9% on MMBench-En). More importantly, we analyze the impact of data scaling, discuss early signs of emergent generalization capabilities enabled by diverse data training, analyze the risk of overfitting and language shortcuts, present a preliminary study on spatial chain-of-thought reasoning, and validate the potential downstream application. All newly trained multimodal foundation models are publicly released.","@InProceedings{Cai_2026_CVPR, author = {Cai, Zhongang and Wang, Ruisi and Gu, Chenyang and Pu, Fanyi and Xu, Junxiang and Wang, Yubo and Yin, Wanqi and Yang, Zhitao and Wei, Chen and Zhou, Tongxi and Sun, Qingping and Pang, Hui En and Li, Jiaqi and Qian, Oscar and Lin, Zhiqian and Shi, Xuanke and Deng, Kewang and Han, Xiaoyang and Chen, Zukai and Fan, Xiangyu and Deng, Hanming and Lu, Lewei and Pan, Liang and Li, Bo and Liu, Ziwei and Wang, Quan and Lin, Dahua and Yang, Lei}, title = {Scaling Spatial Intelligence with Multimodal Foundation Models}, booktitle = {Proceedings of the IEEE/CVF Conference on Computer Vision and Pattern Recognition (CVPR)}, month = {June}, year = {2026}, pages = {7879-7890} }"
Wang_ArtHOI_Taming_Foundation_Models_for_Monocular_4D_Reconstruction_of_Hand-Articulated-Object_CVPR_2026_paper,2026,1,SelfSupervised_Representation,SelfSupervised_Representation|Neural_Rendering_NeRF_3DGS|LLM_Reasoning_Agent,15.0,0.2,ArtHOI: Taming Foundation Models for Monocular 4D Reconstruction of Hand-Articulated-Object Interactions,Zikai Wang; Zhilu Zhang; Yiqing Wang; Hui Li; Wangmeng Zuo,5,15998-16009,True,https://openaccess.thecvf.com/content/CVPR2026/papers/Wang_ArtHOI_Taming_Foundation_Models_for_Monocular_4D_Reconstruction_of_Hand-Articulated-Object_CVPR_2026_paper.pdf,https://openaccess.thecvf.com/content/CVPR2026/supplemental/Wang_ArtHOI_Taming_Foundation_CVPR_2026_supplemental.pdf,https://openaccess.thecvf.com/content/CVPR2026/html/Wang_ArtHOI_Taming_Foundation_Models_for_Monocular_4D_Reconstruction_of_Hand-Articulated-Object_CVPR_2026_paper.html,"Existing hand-object interactions (HOI) methods are largely limited to rigid objects, while 4D reconstruction methods of articulated objects generally require pre-scanning the object or even multi-view videos. It remains an unexplored but significant challenge to reconstruct 4D human-articulated-object interactions from a single monocular RGB video. Fortunately, recent advancements in foundation models present a new opportunity to address this highly ill-posed problem. To this end, we introduce ArtHOI, an optimization-based framework that integrates and refines priors from multiple foundation models. Our key contribution is a suite of novel methodologies designed to resolve the inherent inaccuracies and physical unreality of these priors. In particular, we introduce an Adaptive Sampling Refinement (ASR) method to optimize object's metric scale and pose for grounding its normalized mesh in world space. Furthermore, we propose a Multimodal Large Language Model (MLLM) guided hand-object alignment method, utilizing contact reasoning information as constraints of hand-object mesh composition optimization. To facilitate a comprehensive evaluation, we also contribute two new datasets, ArtHOI-RGBD and ArtHOI-Wild. Extensive experiments validate the robustness and effectiveness of our ArtHOI across diverse objects and interactions. Project: https://arthoi-reconstruction.github.io.","@InProceedings{Wang_2026_CVPR, author = {Wang, Zikai and Zhang, Zhilu and Wang, Yiqing and Li, Hui and Zuo, Wangmeng}, title = {ArtHOI: Taming Foundation Models for Monocular 4D Reconstruction of Hand-Articulated-Object Interactions}, booktitle = {Proceedings of the IEEE/CVF Conference on Computer Vision and Pattern Recognition (CVPR)}, month = {June}, year = {2026}, pages = {15998-16009} }"
Boldisor_Investigating_Self-Supervised_Representations_for_Audio-Visual_Deepfake_Detection_CVPR_2026_paper,2026,0,Audio_Visual,Audio_Visual|Trustworthy_Security_Privacy|SelfSupervised_Representation,24.0,0.292,Investigating Self-Supervised Representations for Audio-Visual Deepfake Detection,Dragos-Alexandru Boldisor; Stefan Smeu; Dan Oneata; Elisabeta Oneata,4,43018-43029,True,https://openaccess.thecvf.com/content/CVPR2026/papers/Boldisor_Investigating_Self-Supervised_Representations_for_Audio-Visual_Deepfake_Detection_CVPR_2026_paper.pdf,https://openaccess.thecvf.com/content/CVPR2026/supplemental/Boldisor_Investigating_Self-Supervised_Representations_CVPR_2026_supplemental.pdf,https://openaccess.thecvf.com/content/CVPR2026/html/Boldisor_Investigating_Self-Supervised_Representations_for_Audio-Visual_Deepfake_Detection_CVPR_2026_paper.html,"Self-supervised representations excel at many vision and speech tasks, but their potential for audio-visual deepfake detection remains underexplored. Unlike prior work that uses these features in isolation or buried within complex architectures, we systematically evaluate them across modalities (audio, video, multimodal) and domains (lip movements, generic visual content). We assess three key dimensions: detection effectiveness, interpretability of encoded information, and cross-modal complementarity. We find that most self-supervised features capture deepfake-relevant information, and that this information is complementary. Moreover, models primarily attend to semantically meaningful regions rather than spurious artifacts (such as the leading silence). Among the investigated features, audio-informed representations generalize best and achieve state-of-the-art results. However, generalization to realistic in-the-wild data remains challenging. Our analysis indicates this gap stems from intrinsic dataset difficulty rather than from features latching onto superficial patterns.","@InProceedings{Boldisor_2026_CVPR, author = {Boldisor, Dragos-Alexandru and Smeu, Stefan and Oneata, Dan and Oneata, Elisabeta}, title = {Investigating Self-Supervised Representations for Audio-Visual Deepfake Detection}, booktitle = {Proceedings of the IEEE/CVF Conference on Computer Vision and Pattern Recognition (CVPR)}, month = {June}, year = {2026}, pages = {43018-43029} }"
He_TF-SSD_A_Strong_Pipeline_via_Synergic_Mask_Filter_for_Training-free_CVPR_2026_paper,2026,0,Segmentation,Segmentation|Object_Detection|SelfSupervised_Representation,18.0,0.111,TF-SSD: A Strong Pipeline via Synergic Mask Filter for Training-free Co-salient Object Detection,Zhijin He; Shuo Jin; Siyue Yu; Shuwei Wu; Bingfeng Zhang; Li Yu; Jimin Xiao,7,32216-32225,True,https://openaccess.thecvf.com/content/CVPR2026/papers/He_TF-SSD_A_Strong_Pipeline_via_Synergic_Mask_Filter_for_Training-free_CVPR_2026_paper.pdf,https://openaccess.thecvf.com/content/CVPR2026/supplemental/He_TF-SSD_A_Strong_CVPR_2026_supplemental.pdf,https://openaccess.thecvf.com/content/CVPR2026/html/He_TF-SSD_A_Strong_Pipeline_via_Synergic_Mask_Filter_for_Training-free_CVPR_2026_paper.html,"Co-salient Object Detection (CoSOD) aims to segment salient objects that consistently appear across a group of related images. Despite the notable progress achieved by recent training-based approaches, they still remain constrained by the closed-set datasets and exhibit limited generalization. However, few studies explore the potential of Vision Foundation Models (VFMs) to address CoSOD, which demonstrate a strong generalized ability and robust saliency understanding. In this paper, we investigate and leverage VFMs for CoSOD, and further propose a novel training-free method, TF-SSD, through the synergy between SAM and DINO. Specifically, we first utilize SAM to generate comprehensive raw proposals, which serve as a candidate mask pool. Then, we introduce a quality mask generator to filter out redundant masks, thereby acquiring a refined mask set. Since this generator is built upon SAM, it inherently lacks semantic understanding of saliency. To this end, we adopt an intra-image saliency filter that employs DINO's attention maps to identify visually salient masks within individual images. Moreover, to extend saliency understanding across group images, we propose an inter-image prototype selector, which computes similarity scores among cross-image prototypes to select masks with the highest score. These selected masks serve as final predictions for CoSOD. Extensive experiments show that our TF-SSD outperforms existing methods (e.g., 13.7% gains over the recent training-free method). Codes are available at https://github.com/hzz-yy/TF-SSD.","@InProceedings{He_2026_CVPR, author = {He, Zhijin and Jin, Shuo and Yu, Siyue and Wu, Shuwei and Zhang, Bingfeng and Yu, Li and Xiao, Jimin}, title = {TF-SSD: A Strong Pipeline via Synergic Mask Filter for Training-free Co-salient Object Detection}, booktitle = {Proceedings of the IEEE/CVF Conference on Computer Vision and Pattern Recognition (CVPR)}, month = {June}, year = {2026}, pages = {32216-32225} }"
Lilja_QueryOcc_Query-based_Self-Supervision_for_3D_Semantic_Occupancy_CVPR_2026_paper,2026,1,SelfSupervised_Representation,SelfSupervised_Representation|Autonomous_Driving|3D_Reconstruction,12.0,0.25,QueryOcc: Query-based Self-Supervision for 3D Semantic Occupancy,Adam Lilja; Ji Lan; Junsheng Fu; Lars Hammarstrand,4,21399-21408,True,https://openaccess.thecvf.com/content/CVPR2026/papers/Lilja_QueryOcc_Query-based_Self-Supervision_for_3D_Semantic_Occupancy_CVPR_2026_paper.pdf,https://openaccess.thecvf.com/content/CVPR2026/supplemental/Lilja_QueryOcc_Query-based_Self-Supervision_CVPR_2026_supplemental.zip,https://openaccess.thecvf.com/content/CVPR2026/html/Lilja_QueryOcc_Query-based_Self-Supervision_for_3D_Semantic_Occupancy_CVPR_2026_paper.html,"Learning 3D scene geometry and semantics from images is a core challenge in computer vision and a key capability for autonomous driving. Since large-scale 3D annotation is prohibitively expensive, recent work explores self-supervised learning directly from sensor data without manual labels. Existing approaches either rely on 2D rendering consistency, where 3D structure emerges only implicitly, or on discretized voxel grids from accumulated lidar point clouds, limiting spatial precision and scalability. We introduce QueryOcc, a query-based self-supervised framework that learns continuous 3D semantic occupancy directly through independent 4D spatio-temporal queries sampled across adjacent frames. The framework supports supervision from either pseudo-point clouds derived from vision foundation models or raw lidar data. To enable long-range supervision and reasoning under constant memory, we introduce a contractive scene representation that preserves near-field detail while smoothly compressing distant regions.QueryOcc surpasses previous camera-based methods by 26% in semantic RayIoU on the self-supervised Occ3D-nuScenes benchmark while running at 11.6 FPS, demonstrating that direct 4D query supervision enables strong self-supervised occupancy learning.","@InProceedings{Lilja_2026_CVPR, author = {Lilja, Adam and Lan, Ji and Fu, Junsheng and Hammarstrand, Lars}, title = {QueryOcc: Query-based Self-Supervision for 3D Semantic Occupancy}, booktitle = {Proceedings of the IEEE/CVF Conference on Computer Vision and Pattern Recognition (CVPR)}, month = {June}, year = {2026}, pages = {21399-21408} }"
Kumar_InstAP_Instance-Aware_Vision-Language_Pre-Train_for_Spatial-Temporal_Understanding_CVPR_2026_paper,2026,1,SelfSupervised_Representation,SelfSupervised_Representation|Vision_Language_Multimodal,12.0,0.0,InstAP: Instance-Aware Vision-Language Pre-Train for Spatial-Temporal Understanding,Ashutosh Kumar; Rajat Saini; Jingjing Pan; Mustafa Erdogan; Mingfang Zhang; Betty Le Dem; Norimasa Kobori; Quan Kong,8,3079-3090,True,https://openaccess.thecvf.com/content/CVPR2026/papers/Kumar_InstAP_Instance-Aware_Vision-Language_Pre-Train_for_Spatial-Temporal_Understanding_CVPR_2026_paper.pdf,https://openaccess.thecvf.com/content/CVPR2026/supplemental/Kumar_InstAP_Instance-Aware_Vision-Language_CVPR_2026_supplemental.pdf,https://openaccess.thecvf.com/content/CVPR2026/html/Kumar_InstAP_Instance-Aware_Vision-Language_Pre-Train_for_Spatial-Temporal_Understanding_CVPR_2026_paper.html,"Current vision-language pre-training (VLP) paradigms excel at global scene understanding but struggle with instance-level reasoning due to global-only supervision. We introduce InstAP, an Instance-Aware Pre-training framework that jointly optimizes global vision-text alignment and fine-grained, instance-level contrastive alignment by grounding textual mentions to specific spatial-temporal regions. To support this, we present InstVL, a large-scale dataset (2 million images, 50,000 videos) with dual-granularity annotations: holistic scene captions and dense, grounded instance descriptions. On the InstVL benchmark, InstAP substantially outperforms existing VLP models on instance-level retrieval, and also surpasses a strong VLP baseline trained on the exact same data corpus, isolating the benefit of our instance-aware objective. Moreover, instance-centric pre-training improves global understanding: InstAP achieves competitive zero-shot performance on multiple video benchmarks, including MSR-VTT and DiDeMo. Qualitative visualizations further show that InstAP localizes textual mentions to the correct instances, while global-only models exhibit more diffuse, scene-level attention.","@InProceedings{Kumar_2026_CVPR, author = {Kumar, Ashutosh and Saini, Rajat and Pan, Jingjing and Erdogan, Mustafa and Zhang, Mingfang and Le Dem, Betty and Kobori, Norimasa and Kong, Quan}, title = {InstAP: Instance-Aware Vision-Language Pre-Train for Spatial-Temporal Understanding}, booktitle = {Proceedings of the IEEE/CVF Conference on Computer Vision and Pattern Recognition (CVPR)}, month = {June}, year = {2026}, pages = {3079-3090} }"
Fang_VIAFormer_Voxel-Image_Alignment_Transformer_for_High-Fidelity_Voxel_Refinement_CVPR_2026_paper,2026,1,SelfSupervised_Representation,SelfSupervised_Representation,3.0,0.333,VIAFormer: Voxel-Image Alignment Transformer for High-Fidelity Voxel Refinement,Tiancheng Fang; Bowen Pan; Lingxi Chen; Jiangjing Lyu; Chengfei Lv; Chaoyue Niu; Fan Wu,7,29060-29070,True,https://openaccess.thecvf.com/content/CVPR2026/papers/Fang_VIAFormer_Voxel-Image_Alignment_Transformer_for_High-Fidelity_Voxel_Refinement_CVPR_2026_paper.pdf,https://openaccess.thecvf.com/content/CVPR2026/supplemental/Fang_VIAFormer_Voxel-Image_Alignment_CVPR_2026_supplemental.pdf,https://openaccess.thecvf.com/content/CVPR2026/html/Fang_VIAFormer_Voxel-Image_Alignment_Transformer_for_High-Fidelity_Voxel_Refinement_CVPR_2026_paper.html,"We propose VIAFormer, a Voxel-Image Alignment transFormer model designed for Multi-view Conditioned Voxel Refinement--the task of repairing incomplete noisy voxels using calibrated multi-view images as guidance. Its effectiveness stems from a synergistic design: an Image Index that provides explicit 3D spatial grounding for 2D image tokens, a Correctional Flow objective that learns a direct voxel-refinement trajectory, and a Hybrid Stream Transformer that enables robust cross-modal fusion. Experiments show that VIAFormer establishes a new state of the art in correcting both severe synthetic corruptions and realistic artifacts on the voxel shape obtained from powerful Vision Foundation Models. Beyond benchmarking, we demonstrate VIAFormer as a practical and reliable bridge in real-world 3D creation pipelines, paving the way for voxel-based methods to thrive in large-model, big-data wave.","@InProceedings{Fang_2026_CVPR, author = {Fang, Tiancheng and Pan, Bowen and Chen, Lingxi and Lyu, Jiangjing and Lv, Chengfei and Niu, Chaoyue and Wu, Fan}, title = {VIAFormer: Voxel-Image Alignment Transformer for High-Fidelity Voxel Refinement}, booktitle = {Proceedings of the IEEE/CVF Conference on Computer Vision and Pattern Recognition (CVPR)}, month = {June}, year = {2026}, pages = {29060-29070} }"
Gao_Learning_Generalizable_3D_Medical_Image_Representations_from_Mask-Guided_Self-Supervision_CVPR_2026_paper,2026,0,Medical_Bio_RemoteSensing,Medical_Bio_RemoteSensing|SelfSupervised_Representation,28.0,0.25,Learning Generalizable 3D Medical Image Representations from Mask-Guided Self-Supervision,Yunhe Gao; Yabin Zhang; Chong Wang; Jiaming Liu; Maya Varma; Jean-Benoit Delbrouck; Akshay Chaudhari; Curtis Langlotz,8,13744-13754,True,https://openaccess.thecvf.com/content/CVPR2026/papers/Gao_Learning_Generalizable_3D_Medical_Image_Representations_from_Mask-Guided_Self-Supervision_CVPR_2026_paper.pdf,https://openaccess.thecvf.com/content/CVPR2026/supplemental/Gao_Learning_Generalizable_3D_CVPR_2026_supplemental.pdf,https://openaccess.thecvf.com/content/CVPR2026/html/Gao_Learning_Generalizable_3D_Medical_Image_Representations_from_Mask-Guided_Self-Supervision_CVPR_2026_paper.html,"Foundation models have transformed vision and language by learning general-purpose representations from large-scale unlabeled data, yet 3D medical imaging lacks analogous approaches. Existing self-supervised methods rely on low-level reconstruction or contrastive objectives that fail to capture the anatomical semantics critical for medical image analysis, limiting transfer to downstream tasks. We present MASS (MAsk-guided Self-Supervised learning), which treats in-context segmentation as the pretext task for learning general-purpose medical imaging representations. MASS's key insight is that automatically generated class-agnostic masks provide sufficient structural supervision for learning semantically rich representations. By training on thousands of diverse mask proposals spanning anatomical structures and pathological findings, MASS learns what semantically defines medical structures: the holistic combination of appearance, shape, spatial context, and anatomical relationships. We demonstrate effectiveness across data regimes: from small-scale pretraining on individual datasets (20-200 scans) to large-scale multi-modal pretraining on 5K CT, MRI, and PET volumes, all without annotations. MASS demonstrates: (i) few-shot segmentation on novel structures, (ii) matching full supervision with only 20-40% labeled data while outperforming self-supervised baselines by over 20 in Dice score in low-data regimes, and (iii) frozen-encoder classification on unseen pathologies that matches full supervised training with thousands of samples. Mask-guided self-supervised pretraining captures broadly generalizable knowledge, opening a path toward 3D medical imaging foundation models without expert annotations. Code is available \href https://github.com/Stanford-AIMI/MASS here .","@InProceedings{Gao_2026_CVPR, author = {Gao, Yunhe and Zhang, Yabin and Wang, Chong and Liu, Jiaming and Varma, Maya and Delbrouck, Jean-Benoit and Chaudhari, Akshay and Langlotz, Curtis}, title = {Learning Generalizable 3D Medical Image Representations from Mask-Guided Self-Supervision}, booktitle = {Proceedings of the IEEE/CVF Conference on Computer Vision and Pattern Recognition (CVPR)}, month = {June}, year = {2026}, pages = {13744-13754} }"
Hjelkrem-Tan_Suppressing_Non-Semantic_Noise_in_Masked_Image_Modeling_Representations_CVPR_2026_paper,2026,1,SelfSupervised_Representation,SelfSupervised_Representation,15.0,1.0,Suppressing Non-Semantic Noise in Masked Image Modeling Representations,Martine Hjelkrem-Tan; Marius Aasan; Rwiddhi Chakraborty; Gabriel Y. Arteaga; Changkyu Choi; Adín Ramírez Rivera,6,19319-19329,True,https://openaccess.thecvf.com/content/CVPR2026/papers/Hjelkrem-Tan_Suppressing_Non-Semantic_Noise_in_Masked_Image_Modeling_Representations_CVPR_2026_paper.pdf,https://openaccess.thecvf.com/content/CVPR2026/supplemental/Hjelkrem-Tan_Suppressing_Non-Semantic_Noise_CVPR_2026_supplemental.pdf,https://openaccess.thecvf.com/content/CVPR2026/html/Hjelkrem-Tan_Suppressing_Non-Semantic_Noise_in_Masked_Image_Modeling_Representations_CVPR_2026_paper.html,"Masked Image Modeling (MIM) has become a ubiquitous self-supervised vision paradigm. In this work, we show that MIM objectives cause the learned representations to retain non-semantic information, which ultimately hurts performance during inference. We introduce a model-agnostic score for semantic invariance using Principal Component Analysis (PCA) on real and synthetic non-semantic images. Based on this score, we propose a simple method, Semantically Orthogonal Artifact Projection (SOAP), to directly suppress non-semantic information in patch representations, leading to consistent improvements in zero-shot performance across various MIM-based models. SOAP is a post-hoc suppression method, requires zero training, and can be attached to any model as a single linear head.","@InProceedings{Hjelkrem-Tan_2026_CVPR, author = {Hjelkrem-Tan, Martine and Aasan, Marius and Chakraborty, Rwiddhi and Arteaga, Gabriel Y. and Choi, Changkyu and Rivera, Ad{\'\i}n Ram{\'\i}rez}, title = {Suppressing Non-Semantic Noise in Masked Image Modeling Representations}, booktitle = {Proceedings of the IEEE/CVF Conference on Computer Vision and Pattern Recognition (CVPR)}, month = {June}, year = {2026}, pages = {19319-19329} }"
Yadid_Make_it_SING_Analyzing_Semantic_Invariants_in_Classifiers_CVPR_2026_paper,2026,1,SelfSupervised_Representation,SelfSupervised_Representation,9.0,0.444,Make it SING: Analyzing Semantic Invariants in Classifiers,Harel Yadid; Meir Yossef Levi; Roy Betser; Guy Gilboa,4,9911-9920,True,https://openaccess.thecvf.com/content/CVPR2026/papers/Yadid_Make_it_SING_Analyzing_Semantic_Invariants_in_Classifiers_CVPR_2026_paper.pdf,https://openaccess.thecvf.com/content/CVPR2026/supplemental/Yadid_Make_it_SING_CVPR_2026_supplemental.pdf,https://openaccess.thecvf.com/content/CVPR2026/html/Yadid_Make_it_SING_Analyzing_Semantic_Invariants_in_Classifiers_CVPR_2026_paper.html,"All classifiers, including state-of-the-art vision models, possess invariants, partially rooted in the geometry of their linear mappings. These invariants, which reside in the null-space of the classifier, induce equivalent sets of inputs that map to identical outputs. The semantic content of these invariants remains vague, as existing approaches struggle to provide human-interpretable information. To address this gap, we present Semantic Interpretation of the Null-space Geometry (SING), a method that constructs equivalent images, with respect to the network, and assigns semantic interpretations to the available variations. We use a mapping from network features to multi-modal vision language models. This allows us to obtain natural language descriptions and visual examples of the induced semantic shifts. SING can be applied to a single image, uncovering local invariants, or to sets of images, allowing a breadth of statistical analysis at the class and model levels. For example, our method reveals that ResNet50 leaks relevant semantic attributes to the null space, whereas DINO-ViT, a ViT pretrained with self-supervised DINO, is superior in maintaining class semantics across the invariant space. Code is available at https://tinyurl.com/github-SING.","@InProceedings{Yadid_2026_CVPR, author = {Yadid, Harel and Levi, Meir Yossef and Betser, Roy and Gilboa, Guy}, title = {Make it SING: Analyzing Semantic Invariants in Classifiers}, booktitle = {Proceedings of the IEEE/CVF Conference on Computer Vision and Pattern Recognition (CVPR)}, month = {June}, year = {2026}, pages = {9911-9920} }"
Mai_AVA-Bench_Atomic_Visual_Ability_Benchmark_for_Vision_Foundation_Models_CVPR_2026_paper,2026,0,LLM_Reasoning_Agent,LLM_Reasoning_Agent|SelfSupervised_Representation|Vision_Language_Multimodal,18.0,0.333,AVA-Bench: Atomic Visual Ability Benchmark for Vision Foundation Models,Zheda Mai; Arpita Chowdhury; Zihe Wang; Sooyoung Jeon; Lemeng Wang; Jiacheng Hou; Jihyung Kil; Wei-Lun Chao,8,25925-25937,True,https://openaccess.thecvf.com/content/CVPR2026/papers/Mai_AVA-Bench_Atomic_Visual_Ability_Benchmark_for_Vision_Foundation_Models_CVPR_2026_paper.pdf,https://openaccess.thecvf.com/content/CVPR2026/supplemental/Mai_AVA-Bench_Atomic_Visual_CVPR_2026_supplemental.pdf,https://openaccess.thecvf.com/content/CVPR2026/html/Mai_AVA-Bench_Atomic_Visual_Ability_Benchmark_for_Vision_Foundation_Models_CVPR_2026_paper.html,"The rise of vision foundation models (VFMs) calls for systematic evaluation. A common approach pairs VFMs with large language models (LLMs) as general-purpose heads, followed by evaluation on broad Visual Question Answering (VQA) benchmarks. However, this protocol has two key blind spots: (i) Instruction tuning data may not align with VQA test distributions, meaning a wrong prediction can stem from such data mismatch rather than VFMs' visual shortcomings; (ii) VQA benchmarks often require multiple visual abilities in a single question, making it difficult to determine whether errors arise from the lack of all required abilities or just one key ability. To address these gaps, we introduce AVA-Bench, the first benchmark that explicitly disentangles 14 Atomic Visual Abilities (AVAs), foundational skills such as localization, depth estimation, and spatial understanding, which collectively support complex visual reasoning tasks. By decoupling AVAs and matching training and test distributions within each, AVA-Bench pinpoints exactly where a VFM excels or falters. Applying AVA-Bench to leading VFMs thus reveals distinctive ""ability fingerprints,"" turning VFM selection from educated guesswork into principled engineering. Notably, we find that a 0.5B LLM yields similar VFM rankings as a 7B LLM while cutting GPU hours by 8x, enabling more efficient evaluation. By offering a comprehensive and transparent benchmark, we hope AVA-Bench lays the foundation for the next generation of VFMs.","@InProceedings{Mai_2026_CVPR, author = {Mai, Zheda and Chowdhury, Arpita and Wang, Zihe and Jeon, Sooyoung and Wang, Lemeng and Hou, Jiacheng and Kil, Jihyung and Chao, Wei-Lun}, title = {AVA-Bench: Atomic Visual Ability Benchmark for Vision Foundation Models}, booktitle = {Proceedings of the IEEE/CVF Conference on Computer Vision and Pattern Recognition (CVPR)}, month = {June}, year = {2026}, pages = {25925-25937} }"
Purohit_MOMO_Mars_Orbital_MOdel_Foundation_Model_for_Mars_Orbital_Applications_CVPR_2026_paper,2026,1,SelfSupervised_Representation,SelfSupervised_Representation,24.0,0.875,MOMO: Mars Orbital MOdel Foundation Model for Mars Orbital Applications,Mirali Purohit; Bimal Gajera; Irish Mehta; Bhanu Tokas; Jacob Adler; Steven Lu; Scott Dickenshied; Serina Diniega; Brian Bue; Umaa Rebbapragada; Hannah Kerner,11,27772-27782,True,https://openaccess.thecvf.com/content/CVPR2026/papers/Purohit_MOMO_Mars_Orbital_MOdel_Foundation_Model_for_Mars_Orbital_Applications_CVPR_2026_paper.pdf,https://openaccess.thecvf.com/content/CVPR2026/supplemental/Purohit_MOMO_Mars_Orbital_CVPR_2026_supplemental.pdf,https://openaccess.thecvf.com/content/CVPR2026/html/Purohit_MOMO_Mars_Orbital_MOdel_Foundation_Model_for_Mars_Orbital_Applications_CVPR_2026_paper.html,"We introduce MOMO, the first multi-sensor foundation model for Mars remote sensing. MOMO uses model merge to integrate representations learned independently from three key Martian sensors (HiRISE, CTX, and THEMIS), spanning resolutions from 0.25 m/pixel to 100 m/pixel. Central to our method is our novel Equal Validation Loss (EVL) strategy, which aligns checkpoints across sensors based on validation loss similarity before fusion via task arithmetic. This ensures models are merged at compatible convergence stages, leading to improved stability and generalization. We train MOMO on a large-scale, high-quality corpus of 12 million samples curated from Mars orbital data and evaluate it on 9 downstream tasks from Mars-Bench. MOMO achieves better overall performance compared to ImageNet pre-trained, earth observation foundation model, sensor-specific pre-training, and fully-supervised baselines. Particularly on segmentation tasks, MOMO shows consistent and significant performance improvement. Our results demonstrate that model merging through an optimal checkpoint selection strategy provides an effective approach for building foundation models for multi-resolution data. The model weights, pretraining code, pretraining data, and evaluation code are available at: github.com/kerner-lab/MOMO.","@InProceedings{Purohit_2026_CVPR, author = {Purohit, Mirali and Gajera, Bimal and Mehta, Irish and Tokas, Bhanu and Adler, Jacob and Lu, Steven and Dickenshied, Scott and Diniega, Serina and Bue, Brian and Rebbapragada, Umaa and Kerner, Hannah}, title = {MOMO: Mars Orbital MOdel Foundation Model for Mars Orbital Applications}, booktitle = {Proceedings of the IEEE/CVF Conference on Computer Vision and Pattern Recognition (CVPR)}, month = {June}, year = {2026}, pages = {27772-27782} }"
Jiang_CICA_Coupling_Confidence-Aware_Pretraining_with_Confidence-Informed_Attention_for_Robust_Multimodal_CVPR_2026_paper,2026,1,SelfSupervised_Representation,SelfSupervised_Representation|Vision_Language_Multimodal|Trustworthy_Security_Privacy,10.0,0.2,CICA: Coupling Confidence-Aware Pretraining with Confidence-Informed Attention for Robust Multimodal Sentiment Analysis,Haoyu Jiang; Xiaoliang Chen; Duoqian Miao; Xiaolin Qin; Xianyong Li; Yajun Du,6,37842-37851,True,https://openaccess.thecvf.com/content/CVPR2026/papers/Jiang_CICA_Coupling_Confidence-Aware_Pretraining_with_Confidence-Informed_Attention_for_Robust_Multimodal_CVPR_2026_paper.pdf,https://openaccess.thecvf.com/content/CVPR2026/supplemental/Jiang_CICA_Coupling_Confidence-Aware_CVPR_2026_supplemental.pdf,https://openaccess.thecvf.com/content/CVPR2026/html/Jiang_CICA_Coupling_Confidence-Aware_Pretraining_with_Confidence-Informed_Attention_for_Robust_Multimodal_CVPR_2026_paper.html,"Multimodal sentiment analysis requires integrating language, visual, and acoustic cues, yet these modalities are often noisy, incomplete, or contradictory, making fusion unreliable. Most existing methods assume uniformly trustworthy modalities and thus degrade when signals conflict. To address this, we propose CICA, a framework that couples Confidence-Aware Pretraining with Confidence-Informed Attention. In pretraining, each modality encoder learns to estimate the reliability of its own representation, producing both embeddings and confidence scores. These scores then guide a confidence-informed attention mechanism, which strengthens contributions from reliable modalities while suppressing noisy or conflicting ones, enabling adaptive fusion under varying signal conditions. CICA achieves state-of-the-art performance across four major benchmarks on MOSI, MOSEI, CH-SIMS, and CH-SIMSv2. It achieves MAE 0.630 and Corr 0.855 on MOSI, and MAE 0.489 and Corr 0.856 on MOSEI, significantly surpassing prior methods. Consistent improvements are also observed across Acc-7, Acc-2, and F1 metrics. Under noisy and missing-modality conditions, CICA maintains significantly more stable performance, indicating improved robustness and interpretability.","@InProceedings{Jiang_2026_CVPR, author = {Jiang, Haoyu and Chen, Xiaoliang and Miao, Duoqian and Qin, Xiaolin and Li, Xianyong and Du, Yajun}, title = {CICA: Coupling Confidence-Aware Pretraining with Confidence-Informed Attention for Robust Multimodal Sentiment Analysis}, booktitle = {Proceedings of the IEEE/CVF Conference on Computer Vision and Pattern Recognition (CVPR)}, month = {June}, year = {2026}, pages = {37842-37851} }"
Xue_Seeing_without_Pixels_Perception_from_Camera_Trajectories_CVPR_2026_paper,2026,0,LowLevel_Flow_Depth_Matching,LowLevel_Flow_Depth_Matching|SelfSupervised_Representation|Video_Action_Recognition,6.0,0.0,Seeing without Pixels: Perception from Camera Trajectories,Zihui Xue; Kristen Grauman; Dima Damen; Andrew Zisserman; Tengda Han,5,38836-38847,True,https://openaccess.thecvf.com/content/CVPR2026/papers/Xue_Seeing_without_Pixels_Perception_from_Camera_Trajectories_CVPR_2026_paper.pdf,https://openaccess.thecvf.com/content/CVPR2026/supplemental/Xue_Seeing_without_Pixels_CVPR_2026_supplemental.pdf,https://openaccess.thecvf.com/content/CVPR2026/html/Xue_Seeing_without_Pixels_Perception_from_Camera_Trajectories_CVPR_2026_paper.html,"Can one perceive a video's content without seeing its pixels, just from the camera trajectory--the path it carves through space? This paper is the first to systematically investigate this seemingly implausible question. Towards this end, we propose a contrastive learning framework to train CamFormer, a dedicated encoder that projects camera pose trajectories into a joint embedding space, aligning them with natural language. We find that, contrary to its apparent simplicity, the camera trajectory is a remarkably informative signal to uncover video content. In other words, ""how you move"" can indeed provide valuable cues about ""what you are doing"" (egocentric) or ""observing"" (exocentric). We demonstrate the versatility of our learned CamFormer embeddings on a diverse suite of downstream tasks, ranging from cross-modal alignment to classification and temporal analysis. Importantly, our representations are robust across diverse camera pose estimation methods, including both high-fidelity multi-sensored and standard RGB-only estimators. Our findings establish camera trajectory as a lightweight, robust, and versatile modality for perceiving video content.","@InProceedings{Xue_2026_CVPR, author = {Xue, Zihui and Grauman, Kristen and Damen, Dima and Zisserman, Andrew and Han, Tengda}, title = {Seeing without Pixels: Perception from Camera Trajectories}, booktitle = {Proceedings of the IEEE/CVF Conference on Computer Vision and Pattern Recognition (CVPR)}, month = {June}, year = {2026}, pages = {38836-38847} }"
Qi_Humanoid_Generative_Pre-Training_for_Zero-Shot_Motion_Tracking_CVPR_2026_paper,2026,0,Tracking_MOT,Tracking_MOT|LLM_Reasoning_Agent|SelfSupervised_Representation,8.0,0.25,Humanoid Generative Pre-Training for Zero-Shot Motion Tracking,Zekun Qi; Xuchuan Chen; Jilong Wang; Chenghuai Lin; Yunrui Lian; Wenyao Zhang; Xinqiang Yu; He Wang; Li Yi,9,20834-20844,True,https://openaccess.thecvf.com/content/CVPR2026/papers/Qi_Humanoid_Generative_Pre-Training_for_Zero-Shot_Motion_Tracking_CVPR_2026_paper.pdf,https://openaccess.thecvf.com/content/CVPR2026/supplemental/Qi_Humanoid_Generative_Pre-Training_CVPR_2026_supplemental.pdf,https://openaccess.thecvf.com/content/CVPR2026/html/Qi_Humanoid_Generative_Pre-Training_for_Zero-Shot_Motion_Tracking_CVPR_2026_paper.html,"We introduce Humanoid-GPT, a GPT-style Transformer with causal attention trained on a billion-scale motion corpus for whole-body control. Unlike prior shallow MLP trackers constrained by scarce data and an agility-generalization trade-off, Humanoid-GPT is pre-trained on a 2B-frame retargeted corpus that unifies all major mocap datasets with large-scale in-house recordings. Scaling both data and model capacity yields a single generative Transformer that tracks highly dynamic behaviors while achieving unprecedented zero-shot generalization to unseen motions and control tasks. Extensive experiments and scaling analyses show that our model establishes a new performance frontier, demonstrating robust zero-shot generalization to unseen tasks while simultaneously tracking highly dynamic and complex motions.","@InProceedings{Qi_2026_CVPR, author = {Qi, Zekun and Chen, Xuchuan and Wang, Jilong and Lin, Chenghuai and Lian, Yunrui and Zhang, Wenyao and Yu, Xinqiang and Wang, He and Yi, Li}, title = {Humanoid Generative Pre-Training for Zero-Shot Motion Tracking}, booktitle = {Proceedings of the IEEE/CVF Conference on Computer Vision and Pattern Recognition (CVPR)}, month = {June}, year = {2026}, pages = {20834-20844} }"
Sanyal_NanoSD_Edge_Efficient_Foundation_Model_for_Real_Time_Image_Restoration_CVPR_2026_paper,2026,0,Restoration_Enhancement,Restoration_Enhancement|Efficiency_Compression|Diffusion_Generative|SelfSupervised_Representation,24.0,0.292,NanoSD: Edge Efficient Foundation Model for Real Time Image Restoration,Subhajit Sanyal; Srinivas Soumitri Miriyala; Akshay Janardan Bankar; Manjunath Arveti; Sowmya Vajrala; Shreyas Pandith; Sravanth Kodavanti; Abhishek Ameta; Harshit Harshit; Amit Satish Unde,10,8449-8459,True,https://openaccess.thecvf.com/content/CVPR2026/papers/Sanyal_NanoSD_Edge_Efficient_Foundation_Model_for_Real_Time_Image_Restoration_CVPR_2026_paper.pdf,https://openaccess.thecvf.com/content/CVPR2026/supplemental/Sanyal_NanoSD_Edge_Efficient_CVPR_2026_supplemental.pdf,https://openaccess.thecvf.com/content/CVPR2026/html/Sanyal_NanoSD_Edge_Efficient_Foundation_Model_for_Real_Time_Image_Restoration_CVPR_2026_paper.html,"Latent diffusion models such as Stable Diffusion 1.5 offer strong generative priors that are highly valuable for image restoration, yet their full pipelines remain too computationally heavy for deployment on edge devices. Existing lightweight variants predominantly compress the denoising U-Net or reduce the diffusion trajectory, which disrupts the underlying latent manifold and limits generalization beyond a single task. We introduce NanoSD, a family of Pareto-optimal diffusion foundation models distilled from Stable Diffusion 1.5 through network surgery, feature-wise generative distillation, and structured architectural scaling jointly applied to the U-Net and the VAE encoder-decoder. This full-pipeline co-design preserves the generative prior while producing models that occupy distinct operating points along the accuracy-latency-size frontier (e.g., 130M-315M parameters, achieving real-time inference down to 20ms on mobile-class NPUs). We show that parameter reduction alone does not correlate with hardware efficiency, and we provide an analysis revealing how architectural balance, feature routing, and latent-space preservation jointly shape true on-device latency. When used as a drop-in backbone, NanoSD enables state-of-the-art performance across image super-resolution, image deblurring, face restoration, and monocular depth estimation, outperforming prior lightweight diffusion models in both perceptual quality and practical deployability. NanoSD establishes a general-purpose diffusion foundation model family suitable for real-time visual generation and restoration on edge devices.","@InProceedings{Sanyal_2026_CVPR, author = {Sanyal, Subhajit and Miriyala, Srinivas Soumitri and Bankar, Akshay Janardan and Arveti, Manjunath and Vajrala, Sowmya and Pandith, Shreyas and Kodavanti, Sravanth and Ameta, Abhishek and Harshit, Harshit and Unde, Amit Satish}, title = {NanoSD: Edge Efficient Foundation Model for Real Time Image Restoration}, booktitle = {Proceedings of the IEEE/CVF Conference on Computer Vision and Pattern Recognition (CVPR)}, month = {June}, year = {2026}, pages = {8449-8459} }"
Fucka_AnomalyVFM_--_Transforming_Vision_Foundation_Models_into_Zero-Shot_Anomaly_Detectors_CVPR_2026_paper,2026,1,SelfSupervised_Representation,SelfSupervised_Representation|Object_Detection|Vision_Language_Multimodal,12.0,0.167,AnomalyVFM -- Transforming Vision Foundation Models into Zero-Shot Anomaly Detectors,Matic Fučka; Vitjan Zavrtanik; Danijel Skočaj,3,35555-35566,True,https://openaccess.thecvf.com/content/CVPR2026/papers/Fucka_AnomalyVFM_--_Transforming_Vision_Foundation_Models_into_Zero-Shot_Anomaly_Detectors_CVPR_2026_paper.pdf,https://openaccess.thecvf.com/content/CVPR2026/supplemental/Fucka_AnomalyVFM_--_Transforming_CVPR_2026_supplemental.pdf,https://openaccess.thecvf.com/content/CVPR2026/html/Fucka_AnomalyVFM_--_Transforming_Vision_Foundation_Models_into_Zero-Shot_Anomaly_Detectors_CVPR_2026_paper.html,"Zero-shot anomaly detection aims to detect and localise abnormal regions in the image without access to any in-domain training images. While recent approaches leverage vision-language models (VLMs), such as CLIP, to transfer high-level concept knowledge, methods based on purely vision foundation models (VFMs), like DINOv2, have lagged behind in performance. We argue that this gap stems from two practical issues: (i) limited diversity in existing auxiliary anomaly detection datasets and (ii) overly shallow VFM adaptation strategies. To address both challenges, we propose AnomalyVFM, a general and effective framework that turns any pretrained VFM into a strong zero-shot anomaly detector. Our approach combines a robust three-stage synthetic dataset generation scheme with a parameter-efficient adaptation mechanism, utilising low-rank feature adapters and a confidence-weighted pixel loss. Together, these components enable modern VFMs to substantially outperform current state-of-the-art methods. More specifically, with RADIO as a backbone, AnomalyVFM achieves an average image-level AUROC of 94.1% across 9 diverse datasets, surpassing previous methods by significant 3.3 percentage points. Code: \href https://maticfuc.github.io/anomaly_vfm/ Project Page","@InProceedings{Fucka_2026_CVPR, author = {Fu\v{c}ka, Matic and Zavrtanik, Vitjan and Sko\v{c}aj, Danijel}, title = {AnomalyVFM -- Transforming Vision Foundation Models into Zero-Shot Anomaly Detectors}, booktitle = {Proceedings of the IEEE/CVF Conference on Computer Vision and Pattern Recognition (CVPR)}, month = {June}, year = {2026}, pages = {35555-35566} }"
Huang_From_None_to_All_Self-Supervised_3D_Reconstruction_via_Novel_View_CVPR_2026_paper,2026,1,SelfSupervised_Representation,SelfSupervised_Representation|3D_Reconstruction|Neural_Rendering_NeRF_3DGS,18.0,0.167,From None to All: Self-Supervised 3D Reconstruction via Novel View Synthesis,Ranran Huang; Weixun Luo; Ye Mao; Krystian Mikolajczyk,4,37358-37369,True,https://openaccess.thecvf.com/content/CVPR2026/papers/Huang_From_None_to_All_Self-Supervised_3D_Reconstruction_via_Novel_View_CVPR_2026_paper.pdf,https://openaccess.thecvf.com/content/CVPR2026/supplemental/Huang_From_None_to_CVPR_2026_supplemental.pdf,https://openaccess.thecvf.com/content/CVPR2026/html/Huang_From_None_to_All_Self-Supervised_3D_Reconstruction_via_Novel_View_CVPR_2026_paper.html,"In this paper, we introduce NAS3R, a self-supervised feed-forward framework that jointly learns explicit 3D geometry and camera parameters with no ground-truth annotations and no pretrained priors. During training, NAS3R reconstructs 3D Gaussians from uncalibrated and unposed context views and renders target views using its self-predicted camera parameters, enabling self-supervised training from 2D photometric supervision. To ensure stable convergence, NAS3R integrates reconstruction and camera prediction within a shared transformer backbone regulated by masked attention, and adopts a depth-based Gaussian formulation that facilitates well-conditioned optimization. The framework is compatible with state-of-the-art supervised 3D reconstruction architectures and can incorporate pretrained priors or intrinsic information when available. Extensive experiments show that NAS3R achieves superior results to other self-supervised methods, establishing a scalable and geometry-aware paradigm for 3D reconstruction from unconstrained data. Code and models are publicly available at https://ranrhuang.github.io/nas3r/.","@InProceedings{Huang_2026_CVPR, author = {Huang, Ranran and Luo, Weixun and Mao, Ye and Mikolajczyk, Krystian}, title = {From None to All: Self-Supervised 3D Reconstruction via Novel View Synthesis}, booktitle = {Proceedings of the IEEE/CVF Conference on Computer Vision and Pattern Recognition (CVPR)}, month = {June}, year = {2026}, pages = {37358-37369} }"
Li_Chorus_Multi-Teacher_Pretraining_for_Holistic_3D_Gaussian_Scene_Encoding_CVPR_2026_paper,2026,1,SelfSupervised_Representation,SelfSupervised_Representation|Neural_Rendering_NeRF_3DGS|3D_Reconstruction,13.0,0.308,Chorus: Multi-Teacher Pretraining for Holistic 3D Gaussian Scene Encoding,Yue Li; Qi Ma; Runyi Yang; Mengjiao Ma; Bin Ren; Nikola Popovic; Nicu Sebe; Theo Gevers; Luc Van Gool; Danda Pani Paudel; Martin R. Oswald,11,21431-21442,True,https://openaccess.thecvf.com/content/CVPR2026/papers/Li_Chorus_Multi-Teacher_Pretraining_for_Holistic_3D_Gaussian_Scene_Encoding_CVPR_2026_paper.pdf,https://openaccess.thecvf.com/content/CVPR2026/supplemental/Li_Chorus_Multi-Teacher_Pretraining_CVPR_2026_supplemental.zip,https://openaccess.thecvf.com/content/CVPR2026/html/Li_Chorus_Multi-Teacher_Pretraining_for_Holistic_3D_Gaussian_Scene_Encoding_CVPR_2026_paper.html,"While 3DGS has emerged as a high-fidelity scene representation, encoding rich, general-purpose features directly from its primitives remains under-explored. We address this gap by introducing Chorus, a multi-teacher pretraining framework that learns a holistic feed-forward 3D Gaussian Splatting (3DGS) scene encoder by distilling complementary signals from 2D foundation models. Chorus employs a shared 3D encoder and teacher-specific projectors to learn from language-aligned, generalist, and object-aware teachers, encouraging a shared embedding space that captures signals from high-level semantics to fine-grained structure. We evaluate Chorus on a wide range of tasks: open-vocabulary semantic and instance segmentation, linear and decoder probing, data-efficient supervision, as well as LLM-based Q&A. Besides 3DGS, we also test Chorus on several benchmarks that only support point clouds by pretraining a variant using only Gaussians' centers, colors, estimated normals. Interestingly, this encoder shows strong transfer and outperforms the point clouds baseline while using 39.9xfewer training scenes. Finally, we propose a render-and-distill adaptation that facilitates out-of-domain finetuning. Our code and model is released at this codebase.","@InProceedings{Li_2026_CVPR, author = {Li, Yue and Ma, Qi and Yang, Runyi and Ma, Mengjiao and Ren, Bin and Popovic, Nikola and Sebe, Nicu and Gevers, Theo and Van Gool, Luc and Paudel, Danda Pani and Oswald, Martin R.}, title = {Chorus: Multi-Teacher Pretraining for Holistic 3D Gaussian Scene Encoding}, booktitle = {Proceedings of the IEEE/CVF Conference on Computer Vision and Pattern Recognition (CVPR)}, month = {June}, year = {2026}, pages = {21431-21442} }"
Shi_Tell2Adapt_A_Unified_Framework_for_Source_Free_Unsupervised_Domain_Adaptation_CVPR_2026_paper,2026,0,Transfer_FewShot_DomainAdaptation,Transfer_FewShot_DomainAdaptation|SelfSupervised_Representation,27.0,0.556,Tell2Adapt: A Unified Framework for Source Free Unsupervised Domain Adaptation via Vision Foundation Model,Yulong Shi; Shijie Li; Ziyi Li; Lin Qi,4,6941-6950,True,https://openaccess.thecvf.com/content/CVPR2026/papers/Shi_Tell2Adapt_A_Unified_Framework_for_Source_Free_Unsupervised_Domain_Adaptation_CVPR_2026_paper.pdf,https://openaccess.thecvf.com/content/CVPR2026/supplemental/Shi_Tell2Adapt_A_Unified_CVPR_2026_supplemental.pdf,https://openaccess.thecvf.com/content/CVPR2026/html/Shi_Tell2Adapt_A_Unified_Framework_for_Source_Free_Unsupervised_Domain_Adaptation_CVPR_2026_paper.html,"Source Free Unsupervised Domain Adaptation (SFUDA) is critical for deploying deep learning models across diverse clinical settings. However, existing methods are typically designed for low-gap, specific domain shifts and cannot generalize into a unified, multi-modalities, and multi-target framework, which presents a major barrier to real-world application. To overcome this issue, we introduce Tell2Adapt, a novel SFUDA framework that harnesses the vast, generalizable knowledge of the Vision Foundation Model (VFM). Our approach ensures high-fidelity VFM prompts through Context-Aware Prompts Regularization (CAPR), which robustly translates varied text prompts into canonical instructions. This enables the generation of high-quality pseudo-labels for efficiently adapting the lightweight student model to target domain. To guarantee clinical reliability, the framework incorporates Visual Plausibility Refinement (VPR), which leverages the VFM's anatomical knowledge to re-ground the adapted model's predictions in target image's low-level visual features, effectively removing noise and false positives. We conduct one of the most extensive SFUDA evaluations to date, validating our framework across 10 domain adaptation directions and 22 anatomical targets, including brain, cardiac, polyp, and abdominal targets. Our results demonstrate that Tell2Adapt consistently outperforms existing approaches, achieving SOTA for a unified SFUDA framework in medical image segmentation. Code are avaliable at GitHub.","@InProceedings{Shi_2026_CVPR, author = {Shi, Yulong and Li, Shijie and Li, Ziyi and Qi, Lin}, title = {Tell2Adapt: A Unified Framework for Source Free Unsupervised Domain Adaptation via Vision Foundation Model}, booktitle = {Proceedings of the IEEE/CVF Conference on Computer Vision and Pattern Recognition (CVPR)}, month = {June}, year = {2026}, pages = {6941-6950} }"
Zhang_Probing_and_Bridging_Geometry-Interaction_Cues_for_Affordance_Reasoning_in_Vision_CVPR_2026_paper,2026,1,SelfSupervised_Representation,SelfSupervised_Representation,18.0,0.722,Probing and Bridging Geometry-Interaction Cues for Affordance Reasoning in Vision Foundation Models,Qing Zhang; Xuesong Li; Jing Zhang,3,2526-2536,True,https://openaccess.thecvf.com/content/CVPR2026/papers/Zhang_Probing_and_Bridging_Geometry-Interaction_Cues_for_Affordance_Reasoning_in_Vision_CVPR_2026_paper.pdf,https://openaccess.thecvf.com/content/CVPR2026/supplemental/Zhang_Probing_and_Bridging_CVPR_2026_supplemental.pdf,https://openaccess.thecvf.com/content/CVPR2026/html/Zhang_Probing_and_Bridging_Geometry-Interaction_Cues_for_Affordance_Reasoning_in_Vision_CVPR_2026_paper.html,"What does it mean for a visual system to truly understand affordance? We argue that this understanding hinges on two complementary capacities: geometric perception, which identifies the structural parts of objects that enable interaction, and interaction perception, which models how an agent's actions engage with those parts. To test this hypothesis, we conduct a systematic probing of Visual Foundation Models (VFMs). We find that models like DINO inherently encode part-level geometric structures, while generative models like Flux contain rich, verb-conditioned spatial attention maps that serve as implicit interaction priors. Crucially, we demonstrate that these two dimensions are not merely correlated but are composable elements of affordance. By simply fusing DINO's geometric prototypes with Flux's interaction maps in a training-free, zero-shot manner, we achieve affordance estimation competitive with weakly-supervised methods. This final fusion experiment confirms that geometric and interaction perception are the fundamental building blocks of affordance understanding in VFMs, providing a mechanistic account of how perception grounds action.","@InProceedings{Zhang_2026_CVPR, author = {Zhang, Qing and Li, Xuesong and Zhang, Jing}, title = {Probing and Bridging Geometry-Interaction Cues for Affordance Reasoning in Vision Foundation Models}, booktitle = {Proceedings of the IEEE/CVF Conference on Computer Vision and Pattern Recognition (CVPR)}, month = {June}, year = {2026}, pages = {2526-2536} }"
Lin_Harnessing_the_Power_of_Foundation_Models_for_Accurate_Material_Classification_CVPR_2026_paper,2026,1,SelfSupervised_Representation,SelfSupervised_Representation|Vision_Language_Multimodal,18.0,0.167,Harnessing the Power of Foundation Models for Accurate Material Classification,Qingran Lin; Fengwei Yang; Chaolun Zhu,3,3636-3645,True,https://openaccess.thecvf.com/content/CVPR2026/papers/Lin_Harnessing_the_Power_of_Foundation_Models_for_Accurate_Material_Classification_CVPR_2026_paper.pdf,https://openaccess.thecvf.com/content/CVPR2026/supplemental/Lin_Harnessing_the_Power_CVPR_2026_supplemental.pdf,https://openaccess.thecvf.com/content/CVPR2026/html/Lin_Harnessing_the_Power_of_Foundation_Models_for_Accurate_Material_Classification_CVPR_2026_paper.html,"Material classification has emerged as a critical task in computer vision and graphics, supporting the assignment of accurate material properties to a wide range of digital and real-world applications. While traditionally framed as an image classification task, this domain faces significant challenges due to the scarcity of annotated data, limiting the accuracy and generalizability of trained models. Recent advances in vision-language foundation models (VLMs) offer promising avenues to address these issues, yet existing solutions leveraging these models still exhibit unsatisfying results in material recognition tasks. In this work, we propose a novel framework that effectively harnesses foundation models to overcome data limitations and enhance classification accuracy. Our method integrates two key innovations:(a) a robust image generation and auto-labeling pipeline that creates a diverse and high-quality training dataset with material-centric images, and automatically assigns labels by fusing object semantics and material attributes in text prompts; (b) a prior incorporation strategy to distill information from VLMs, combined with a joint fine-tuning method that optimizes a pre-trained vision foundation model alongside VLM-derived priors, preserving broad generalizability while adapting to material-specific features.Extensive experiments demonstrate significant improvements on multiple datasets. We show that our synthetic dataset effectively captures the characteristics of real world materials, and the integration of priors from vision-language models significantly enhances the final performance.","@InProceedings{Lin_2026_CVPR, author = {Lin, Qingran and Yang, Fengwei and Zhu, Chaolun}, title = {Harnessing the Power of Foundation Models for Accurate Material Classification}, booktitle = {Proceedings of the IEEE/CVF Conference on Computer Vision and Pattern Recognition (CVPR)}, month = {June}, year = {2026}, pages = {3636-3645} }"
Kinoshita_Action_Motifs_Self-Supervised_Hierarchical_Representation_of_Human_Body_Movements_CVPR_2026_paper,2026,1,SelfSupervised_Representation,SelfSupervised_Representation|Human_Pose_Body,14.0,0.571,Action Motifs: Self-Supervised Hierarchical Representation of Human Body Movements,Genki Kinoshita; Shu Nakamura; Ryo Kawahara; Shohei Nobuhara; Yasutomo Kawanishi; Ko Nishino,6,20139-20148,True,https://openaccess.thecvf.com/content/CVPR2026/papers/Kinoshita_Action_Motifs_Self-Supervised_Hierarchical_Representation_of_Human_Body_Movements_CVPR_2026_paper.pdf,https://openaccess.thecvf.com/content/CVPR2026/supplemental/Kinoshita_Action_Motifs_Self-Supervised_CVPR_2026_supplemental.pdf,https://openaccess.thecvf.com/content/CVPR2026/html/Kinoshita_Action_Motifs_Self-Supervised_Hierarchical_Representation_of_Human_Body_Movements_CVPR_2026_paper.html,"Effective human behavior modeling requires a representation of the human body movement that capitalizes on its compositionality. We propose a hierarchical representation consisting of Action Atoms that capture the atomic joint movements and Action Motifs that are formed by their temporal compositions and encode similar body movements found across different overall human actions. We derive A4Mer, a nested latent Transformer to learn this hierarchical representation from human pose data in a fully self-supervised manner. A4Mer splits a 3D pose sequence into variable-length segments and represents each segment as a single latent token (Action Atoms). Through bottom-up representation learning, temporal patterns composed of these Action Atoms, which capture meaningful temporal spans of reusable, semantic segments of body movements, naturally emerge (Action Motifs). A4Mer achieves this with a unified pretext task of masked token prediction in their respective latent spaces. We also introduce Action Motif Dataset (AMD), a large-scale dataset of multi-view human behavior videos with full SMPL annotations. We introduce a novel use of cameras by mounting them on the feet to achieve their frame-wise annotations despite frequent and heavy body occlusions. Experimental results demonstrate the effectiveness of A4Mer for extracting meaningful Action Motifs, which significantly benefit human behavior modeling tasks including action recognition, motion prediction, and motion interpolation.","@InProceedings{Kinoshita_2026_CVPR, author = {Kinoshita, Genki and Nakamura, Shu and Kawahara, Ryo and Nobuhara, Shohei and Kawanishi, Yasutomo and Nishino, Ko}, title = {Action Motifs: Self-Supervised Hierarchical Representation of Human Body Movements}, booktitle = {Proceedings of the IEEE/CVF Conference on Computer Vision and Pattern Recognition (CVPR)}, month = {June}, year = {2026}, pages = {20139-20148} }"
Ghosh_Concept-Aware_Batch_Sampling_Improves_Language-Image_Pretraining_CVPR_2026_paper,2026,1,SelfSupervised_Representation,SelfSupervised_Representation,8.0,0.375,Concept-Aware Batch Sampling Improves Language-Image Pretraining,Adhiraj Ghosh; Vishaal Udandarao; Thao Nguyen; Matteo Farina; Mehdi Cherti; Jenia Jitsev; Sewoong Oh; Elisa Ricci; Ludwig Schmidt; Matthias Bethge,10,3056-3068,True,https://openaccess.thecvf.com/content/CVPR2026/papers/Ghosh_Concept-Aware_Batch_Sampling_Improves_Language-Image_Pretraining_CVPR_2026_paper.pdf,https://openaccess.thecvf.com/content/CVPR2026/supplemental/Ghosh_Concept-Aware_Batch_Sampling_CVPR_2026_supplemental.pdf,https://openaccess.thecvf.com/content/CVPR2026/html/Ghosh_Concept-Aware_Batch_Sampling_Improves_Language-Image_Pretraining_CVPR_2026_paper.html,"What data should a vision-language model be trained on? To answer this question, many data curation efforts center on the quality of a dataset. However, most of these existing methods are (i) offline, i.e. they produce a static dataset from a set of predetermined filtering criteria, and (ii) concept-agnostic, i.e. they use model-based filters which induce additional dataset bias. In this work, we go beyond such offline, concept-agnostic methods and advocate for more flexible, task-adaptive online concept-based curation. Our first contribution is DataConcept, a collection of 128M web-crawled image-text pairs annotated with fine-grained details about their concept composition. Building on DataConcept, we introduce CABS (Concept-Aware Batch Sampling), a simple yet effective batch-sampling framework that flexibly constructs batches on-the-fly based on specific target distributions. We propose two variants: (i) Diversity Maximization, to curate batches with the broadest coverage of available concepts, and (ii) CABS-FM (Frequency Maximization), to curate batches with maximal object multiplicity. Through extensive evaluations with four visual backbones and a suite of 28 benchmarks, we demonstrate that CABS significantly benefits Language-Image Pretraining (LIP) and yields highly performant models on long-tailed evaluations. Overall, CABS represents a strong open-source alternative to proprietary online curation algorithms, enabling practitioners to define custom concept distributions that optimize for specific downstream tasks. Both DataConcept and the source code for CABS will be made public.","@InProceedings{Ghosh_2026_CVPR, author = {Ghosh, Adhiraj and Udandarao, Vishaal and Nguyen, Thao and Farina, Matteo and Cherti, Mehdi and Jitsev, Jenia and Oh, Sewoong and Ricci, Elisa and Schmidt, Ludwig and Bethge, Matthias}, title = {Concept-Aware Batch Sampling Improves Language-Image Pretraining}, booktitle = {Proceedings of the IEEE/CVF Conference on Computer Vision and Pattern Recognition (CVPR)}, month = {June}, year = {2026}, pages = {3056-3068} }"
Jin_Ultrasound-CLIP_Semantic-Aware_Contrastive_Pre-training_for_Ultrasound_Image-Text_Understanding_CVPR_2026_paper,2026,0,Medical_Bio_RemoteSensing,Medical_Bio_RemoteSensing|Vision_Language_Multimodal|SelfSupervised_Representation,23.0,0.087,Ultrasound-CLIP: Semantic-Aware Contrastive Pre-training for Ultrasound Image-Text Understanding,Jiayun Jin; Haolong Chai; Xueying Huang; Xiaoqing Guo; Zengwei Zheng; Zhan Zhou; Junmei Wang; Xinyu Wang; Jie Liu; Binbin Zhou,10,6962-6971,True,https://openaccess.thecvf.com/content/CVPR2026/papers/Jin_Ultrasound-CLIP_Semantic-Aware_Contrastive_Pre-training_for_Ultrasound_Image-Text_Understanding_CVPR_2026_paper.pdf,https://openaccess.thecvf.com/content/CVPR2026/supplemental/Jin_Ultrasound-CLIP_Semantic-Aware_Contrastive_CVPR_2026_supplemental.pdf,https://openaccess.thecvf.com/content/CVPR2026/html/Jin_Ultrasound-CLIP_Semantic-Aware_Contrastive_Pre-training_for_Ultrasound_Image-Text_Understanding_CVPR_2026_paper.html,"Ultrasound imaging is widely used in clinical diagnostics due to its real-time capability and radiation-free nature. However, existing vision-language pre-training models, such as CLIP, are primarily designed for other modalities, and are difficult to directly apply to ultrasound data, which exhibit heterogeneous anatomical structures and diverse diagnostic attributes. To bridge this gap, we construct US-365K, a large-scale ultrasound image-text dataset containing 365k paired samples across 52 anatomical categories. We establish Ultrasonographic Diagnostic Taxonomy (UDT) containing two hierarchical knowledge frameworks. Ultrasonographic Hierarchical Anatomical Taxonomy standardizes anatomical organization, and Ultrasonographic Diagnostic Attribute Framework formalizes nine diagnostic dimensions, including body system, organ, diagnosis, shape, margins, echogenicity, internal characteristics, posterior acoustic phenomena, and vascularity. Building upon these foundations, we propose Ultrasound-CLIP, a semantic-aware contrastive learning framework that introduces semantic soft labels and semantic loss to refine sample discrimination. Moreover, we construct a heterogeneous graph modality derived from UDAF's textual representations, enabling structured reasoning over lesion-attribute relations. Extensive experiments with patient-level data splitting demonstrate that our approach achieves state-of-the-art performance on classification and retrieval benchmarks, while also delivering strong generalization to zero-shot, linear probing, and fine-tuning tasks.","@InProceedings{Jin_2026_CVPR, author = {Jin, Jiayun and Chai, Haolong and Huang, Xueying and Guo, Xiaoqing and Zheng, Zengwei and Zhou, Zhan and Wang, Junmei and Wang, Xinyu and Liu, Jie and Zhou, Binbin}, title = {Ultrasound-CLIP: Semantic-Aware Contrastive Pre-training for Ultrasound Image-Text Understanding}, booktitle = {Proceedings of the IEEE/CVF Conference on Computer Vision and Pattern Recognition (CVPR)}, month = {June}, year = {2026}, pages = {6962-6971} }"
Jang_Improving_Calibration_in_Test-Time_Prompt_Tuning_for_Vision-Language_Models_via_CVPR_2026_paper,2026,0,LLM_Reasoning_Agent,LLM_Reasoning_Agent|Trustworthy_Security_Privacy|Vision_Language_Multimodal|SelfSupervised_Representation,18.0,0.333,Improving Calibration in Test-Time Prompt Tuning for Vision-Language Models via Data-Free Flatness-Aware Prompt Pretraining,Hyeonseo Jang; Jaebyeong Jeon; Joong-Won Hwang; Kibok Lee,4,24300-24309,True,https://openaccess.thecvf.com/content/CVPR2026/papers/Jang_Improving_Calibration_in_Test-Time_Prompt_Tuning_for_Vision-Language_Models_via_CVPR_2026_paper.pdf,https://openaccess.thecvf.com/content/CVPR2026/supplemental/Jang_Improving_Calibration_in_CVPR_2026_supplemental.pdf,https://openaccess.thecvf.com/content/CVPR2026/html/Jang_Improving_Calibration_in_Test-Time_Prompt_Tuning_for_Vision-Language_Models_via_CVPR_2026_paper.html,"Test-time prompt tuning (TPT) has emerged as a promising technique for enhancing the adaptability of vision-language models by optimizing textual prompts using unlabeled test data. However, prior studies have observed that TPT often produces poorly calibrated models, raising concerns about the reliability of their predictions. Recent works address this issue by incorporating additional regularization terms that constrain model outputs, which improve calibration but often degrade performance. In this work, we reveal that these regularization strategies implicitly encourage optimization toward flatter minima, and that the sharpness of the loss landscape around adapted prompts is a key factor governing calibration quality. Motivated by this observation, we introduce Flatness-aware Prompt Pretraining (FPP), a simple yet effective pretraining framework for TPT that initializes prompts within flatter regions of the loss landscape prior to adaptation. We show that simply replacing the initialization in existing TPT pipelines--without modifying any other components--is sufficient to improve both calibration and performance. Notably, FPP requires no labeled data and incurs no additional computational costs during test-time tuning, making it highly practical for real-world deployment. The code is available at: https://github.com/YonseiML/fpp.","@InProceedings{Jang_2026_CVPR, author = {Jang, Hyeonseo and Jeon, Jaebyeong and Hwang, Joong-Won and Lee, Kibok}, title = {Improving Calibration in Test-Time Prompt Tuning for Vision-Language Models via Data-Free Flatness-Aware Prompt Pretraining}, booktitle = {Proceedings of the IEEE/CVF Conference on Computer Vision and Pattern Recognition (CVPR)}, month = {June}, year = {2026}, pages = {24300-24309} }"
Li_Long-Tail_Internet_Photo_Reconstruction_CVPR_2026_paper,2026,0,Transfer_FewShot_DomainAdaptation,Transfer_FewShot_DomainAdaptation|SelfSupervised_Representation,12.0,0.5,Long-Tail Internet Photo Reconstruction,Yuan Li; Yuanbo Xiangli; Hadar Averbuch-Elor; Noah Snavely; Ruojin Cai,5,417-426,True,https://openaccess.thecvf.com/content/CVPR2026/papers/Li_Long-Tail_Internet_Photo_Reconstruction_CVPR_2026_paper.pdf,https://openaccess.thecvf.com/content/CVPR2026/supplemental/Li_Long-Tail_Internet_Photo_CVPR_2026_supplemental.pdf,https://openaccess.thecvf.com/content/CVPR2026/html/Li_Long-Tail_Internet_Photo_Reconstruction_CVPR_2026_paper.html,"Internet photo collections exhibit an extremely long-tailed distribution: a few famous landmarks are densely photographed and easily reconstructed in 3D, while most real-world sites are represented with sparse, noisy, uneven imagery beyond the capabilities of both classical and learned 3D methods. We believe that tackling this long-tail regime represents one of the next frontiers for 3D foundation models. Although reliable ground-truth 3D supervision from sparse scenes is challenging to acquire, we observe that it can be effectively simulated by sampling sparse subsets from well-reconstructed Internet landmarks. To this end, we introduce MegaDepth-X, a large dataset of 3D reconstructions with clean, dense depth, together with a strategy for sampling sets of training images that mimic camera distributions in long-tail scenes. Finetuning 3D foundation models with these components yields robust reconstructions under extreme sparsity, and also enables more reliable reconstruction in symmetric and repetitive scenes, while preserving generalization to standard, dense 3D benchmark datasets.","@InProceedings{Li_2026_CVPR, author = {Li, Yuan and Xiangli, Yuanbo and Averbuch-Elor, Hadar and Snavely, Noah and Cai, Ruojin}, title = {Long-Tail Internet Photo Reconstruction}, booktitle = {Proceedings of the IEEE/CVF Conference on Computer Vision and Pattern Recognition (CVPR)}, month = {June}, year = {2026}, pages = {417-426} }"
Wei_UniVBench_Towards_Unified_Evaluation_for_Video_Foundation_Models_CVPR_2026_paper,2026,1,SelfSupervised_Representation,SelfSupervised_Representation|Video_Action_Recognition,18.0,0.111,UniVBench: Towards Unified Evaluation for Video Foundation Models,Jianhui Wei; Xiaotian Zhang; Yichen Li; Yuan Wang; Yan Zhang; Ziyi Chen; Zhihang Tang; Wei Xu; Zuozhu Liu,9,25654-25666,True,https://openaccess.thecvf.com/content/CVPR2026/papers/Wei_UniVBench_Towards_Unified_Evaluation_for_Video_Foundation_Models_CVPR_2026_paper.pdf,https://openaccess.thecvf.com/content/CVPR2026/supplemental/Wei_UniVBench_Towards_Unified_CVPR_2026_supplemental.pdf,https://openaccess.thecvf.com/content/CVPR2026/html/Wei_UniVBench_Towards_Unified_Evaluation_for_Video_Foundation_Models_CVPR_2026_paper.html,"Video foundation models aim to integrate video understanding, generation, editing, and instruction following within a single framework, making them a central direction for next-generation multimodal systems. However, existing evaluation benchmarks remain fragmented and limited in scope, as they each target a single task, rely on task-specific metrics, and typically use short or simple video clips. As a result, they do not capture the unified capabilities that these models are designed to deliver. To address this gap, we introduce UniVBench, a benchmark purpose-built for evaluating video foundation models across four core abilities: video understanding, video generation, video editing, and a newly proposed task, video reconstruction, which assesses how faithfully a model can reproduce video content it has encountered. Our benchmark substantially expands the complexity of evaluation by incorporating 200 high-quality, diverse and multi-shot videos, each paired with detailed captions, multi-format editing instructions, and reference images. All videos are entirely human-created and carefully validated, offering richer cinematic information than prior benchmarks. In addition, we develop a unified agentic evaluation system (UniV-Eval) that standardizes prompting, instruction parsing, and scoring across all tasks, enabling fair, scalable, and reproducible comparisons of unified video models. By grounding evaluation in instruction-based multi-shot video tasks, UniVBench provides the first framework for measuring the integrated capabilities that video foundation models aim to achieve. Extensive human annotations ensure our evaluation aligns with human judgment, enabling rigorous assessment and accelerating progress toward robust video intelligence.","@InProceedings{Wei_2026_CVPR, author = {Wei, Jianhui and Zhang, Xiaotian and Li, Yichen and Wang, Yuan and Zhang, Yan and Chen, Ziyi and Tang, Zhihang and Xu, Wei and Liu, Zuozhu}, title = {UniVBench: Towards Unified Evaluation for Video Foundation Models}, booktitle = {Proceedings of the IEEE/CVF Conference on Computer Vision and Pattern Recognition (CVPR)}, month = {June}, year = {2026}, pages = {25654-25666} }"
Liu_Revisiting_2D_Foundation_Models_for_Scalable_3D_Medical_Image_Classification_CVPR_2026_paper,2026,0,Medical_Bio_RemoteSensing,Medical_Bio_RemoteSensing|Recognition_Classification|SelfSupervised_Representation,17.0,0.294,Revisiting 2D Foundation Models for Scalable 3D Medical Image Classification,Han Liu; Bogdan Georgescu; Yanbo Zhang; Youngjin Yoo; Michael Baumgartner; Riqiang Gao; Jianing Wang; Gengyan Zhao; Eli Gibson; Dorin Comaniciu; Sasa Grbic,11,30021-30031,True,https://openaccess.thecvf.com/content/CVPR2026/papers/Liu_Revisiting_2D_Foundation_Models_for_Scalable_3D_Medical_Image_Classification_CVPR_2026_paper.pdf,https://openaccess.thecvf.com/content/CVPR2026/supplemental/Liu_Revisiting_2D_Foundation_CVPR_2026_supplemental.pdf,https://openaccess.thecvf.com/content/CVPR2026/html/Liu_Revisiting_2D_Foundation_Models_for_Scalable_3D_Medical_Image_Classification_CVPR_2026_paper.html,"3D medical image classification is essential to modern clinical workflows. Medical foundation models (FMs) have emerged as a promising approach for scaling to new tasks, yet current research suffers from three critical pitfalls: data-regime bias, suboptimal adaptation, and insufficient task coverage. In this paper, we address these pitfalls and introduce AnyMC3D, a scalable 3D classifier adapted from 2D FMs. It allows efficient scaling to new tasks by adding only lightweight plugins ( 1M parameters per task) to a single frozen backbone. Besides, this versatile framework also supports multi-view inputs, auxiliary pixel-level supervision, and interpretable heatmap generation. We establish a comprehensive benchmark of 12 tasks covering diverse pathologies, anatomies, and modalities and systematically evaluate state-of-the-art 3D classification techniques. Our analysis reveals several key insights: (1) effective adaptation is critical to unlock FM potential, (2) general-purpose FMs can match medical-specific FMs if properly adapted, and (3) 2D-based methods surpass 3D architectures for 3D classification. For the first time, we demonstrate the feasibility of achieving state-of-the-art performance across diverse applications using a single scalable framework (e.g., 1st place in the *** challenge), eliminating the need for separate task-specific 3D models.","@InProceedings{Liu_2026_CVPR, author = {Liu, Han and Georgescu, Bogdan and Zhang, Yanbo and Yoo, Youngjin and Baumgartner, Michael and Gao, Riqiang and Wang, Jianing and Zhao, Gengyan and Gibson, Eli and Comaniciu, Dorin and Grbic, Sasa}, title = {Revisiting 2D Foundation Models for Scalable 3D Medical Image Classification}, booktitle = {Proceedings of the IEEE/CVF Conference on Computer Vision and Pattern Recognition (CVPR)}, month = {June}, year = {2026}, pages = {30021-30031} }"
Lei_PhysSkin_Real-Time_and_Generalizable_Physics-Based_Animation_via_Self-Supervised_Neural_Skinning_CVPR_2026_paper,2026,1,SelfSupervised_Representation,SelfSupervised_Representation,12.0,1.0,PhysSkin: Real-Time and Generalizable Physics-Based Animation via Self-Supervised Neural Skinning,Yuanhang Lei; Tao Cheng; Xingxuan Li; Boming Zhao; Siyuan Huang; Ruizhen Hu; Peter Yichen Chen; Hujun Bao; Zhaopeng Cui,9,32357-32366,True,https://openaccess.thecvf.com/content/CVPR2026/papers/Lei_PhysSkin_Real-Time_and_Generalizable_Physics-Based_Animation_via_Self-Supervised_Neural_Skinning_CVPR_2026_paper.pdf,https://openaccess.thecvf.com/content/CVPR2026/supplemental/Lei_PhysSkin_Real-Time_and_CVPR_2026_supplemental.zip,https://openaccess.thecvf.com/content/CVPR2026/html/Lei_PhysSkin_Real-Time_and_Generalizable_Physics-Based_Animation_via_Self-Supervised_Neural_Skinning_CVPR_2026_paper.html,"Achieving real-time physics-based animation that generalizes across diverse 3D shapes and discretizations remains a fundamental challenge. We introduce PhysSkin, a physics-informed framework that addresses this challenge. In the spirit of Linear Blend Skinning, we learn continuous skinning fields as basis functions lifting motion subspace coordinates to full-space deformation, with subspace defined by handle transformations. To generate mesh-free, discretization-agnostic, and physically consistent skinning fields that generalize well across diverse 3D shapes, PhysSkin employs a new neural skinning fields autoencoder which consists of a transformer-based encoder and a cross-attention decoder.Furthermore, we also develop a novel physics-informed self-supervised learning strategy that incorporates on-the-fly skinning-field normalization and conflict-aware gradient correction, enabling effective balancing of energy minimization, spatial smoothness, and orthogonality constraints.PhysSkin shows outstanding performance on generalizable neural skinning and enables real-time physics-based animation.","@InProceedings{Lei_2026_CVPR, author = {Lei, Yuanhang and Cheng, Tao and Li, Xingxuan and Zhao, Boming and Huang, Siyuan and Hu, Ruizhen and Chen, Peter Yichen and Bao, Hujun and Cui, Zhaopeng}, title = {PhysSkin: Real-Time and Generalizable Physics-Based Animation via Self-Supervised Neural Skinning}, booktitle = {Proceedings of the IEEE/CVF Conference on Computer Vision and Pattern Recognition (CVPR)}, month = {June}, year = {2026}, pages = {32357-32366} }"
Dong_FBTA_Enabling_Single-GPU_End-to-End_Gigapixel_WSI_Classification_with_Feature_Bridging_CVPR_2026_paper,2026,1,SelfSupervised_Representation,SelfSupervised_Representation,5.0,0.4,FBTA: Enabling Single-GPU End-to-End Gigapixel WSI Classification with Feature Bridging and Translation Alignment,Jiuyang Dong; Jiahan Li; Junjun Jiang; Yongbing Zhang,4,7026-7035,True,https://openaccess.thecvf.com/content/CVPR2026/papers/Dong_FBTA_Enabling_Single-GPU_End-to-End_Gigapixel_WSI_Classification_with_Feature_Bridging_CVPR_2026_paper.pdf,https://openaccess.thecvf.com/content/CVPR2026/supplemental/Dong_FBTA_Enabling_Single-GPU_CVPR_2026_supplemental.pdf,https://openaccess.thecvf.com/content/CVPR2026/html/Dong_FBTA_Enabling_Single-GPU_End-to-End_Gigapixel_WSI_Classification_with_Feature_Bridging_CVPR_2026_paper.html,"Whole-slide images (WSIs) in computational pathology contain billions of pixels, making end-to-end training of feature extractors and multi-instance learning (MIL) networks infeasible on a single commodity GPU.Existing methods often freeze the feature extractor and train MIL networks on the resulting frozen features, which introduces a semantic gap that limits downstream performance. To address this issue, we propose FBTA, a Feature Bridging and Translation Alignment framework for WSI classification. FBTA is the first end-to-end MIL framework trainable on a single 24\,GB GPU, leveraging three complementary feature-bag views: end-to-end features enable joint optimization, frozen features stabilize training, and translated features support practical inference.Experiments on diverse datasets, including TCGA-NSCLC (Shot20/50/100) and TCGA-STAD, demonstrate the effectiveness and generality of FBTA, which consistently improves performance across three MIL architectures and two extractors. For example, with ResNet-50 as the extractor, FBTA improves the accuracy of the classic ABMIL by 13.1% and 15.8% on the NSCLC-Shot50 and TCGA-STAD datasets, respectively, and further enhances the state-of-the-art MambaMIL by 4.1% and 9.2% on the same datasets. Moreover, FBTA yields additional gains for MIL models that incorporate self-supervised pretraining strategies and data augmentation techniques.These results suggest FBTA is a feasible and scalable framework for end-to-end MIL on gigapixel WSIs. The code will be available.","@InProceedings{Dong_2026_CVPR, author = {Dong, Jiuyang and Li, Jiahan and Jiang, Junjun and Zhang, Yongbing}, title = {FBTA: Enabling Single-GPU End-to-End Gigapixel WSI Classification with Feature Bridging and Translation Alignment}, booktitle = {Proceedings of the IEEE/CVF Conference on Computer Vision and Pattern Recognition (CVPR)}, month = {June}, year = {2026}, pages = {7026-7035} }"
Gong_Cross-modal_Representation_Learning_for_Diffusion-generated_Image_Detection_CVPR_2026_paper,2026,1,SelfSupervised_Representation,SelfSupervised_Representation|Vision_Language_Multimodal,15.0,0.2,Cross-modal Representation Learning for Diffusion-generated Image Detection,Tao Gong; Dayong Wang; Qi Chu; Bin Liu; Nenghai Yu,5,36092-36102,True,https://openaccess.thecvf.com/content/CVPR2026/papers/Gong_Cross-modal_Representation_Learning_for_Diffusion-generated_Image_Detection_CVPR_2026_paper.pdf,,https://openaccess.thecvf.com/content/CVPR2026/html/Gong_Cross-modal_Representation_Learning_for_Diffusion-generated_Image_Detection_CVPR_2026_paper.html,"The astonishing proficiency and unprecedented level of realism of diffusion models in creating and manipulating images have undoubtedly drawn concerns.Many methods have been proposed to detect generated images. Typically, they usually take RGB images as input, and use backbones like ResNet, CLIP visual encoder to extract features. Even though these backbones are capable to detect fake images, they are mainly designed to extract the high-level semantic information, rather than inherently designed for fake image detection. To this end, in this paper, we want to optimize the embedding space tailored for detecting fake images via representation learning. We notice that Neighboring Pixel Relationships (NPR) is capable to capture the intrinsic forgery clues, which means that NPR may be a good input to perform representation learning that aims at learning the embedding space tailored for detecting fake images.Therefore, we leverage features from both RGB modality and NPR modality to perform two proposed representation learning methods, Cross-Modal Contrastive Learning (CMCL) and Cross-Modal Mutual Distillation (CMMD), in order to learn the forgery-aware embedding space. The CMCL boosts the discrimination of features between real and fake images, while the CMMD simultaneously transfers the learned knowledge between two modalities, being able to learn compact features within the intra-class. CMCL and CMMD work collaboratively so that each modality learns a more comprehensive forgery-aware representation to distinguish real and fake images.Extensive experiments on GenImage, DRCT-2M, and Co-Spy-Bench datasets show that our method achieves state-of-the-art results.","@InProceedings{Gong_2026_CVPR, author = {Gong, Tao and Wang, Dayong and Chu, Qi and Liu, Bin and Yu, Nenghai}, title = {Cross-modal Representation Learning for Diffusion-generated Image Detection}, booktitle = {Proceedings of the IEEE/CVF Conference on Computer Vision and Pattern Recognition (CVPR)}, month = {June}, year = {2026}, pages = {36092-36102} }"
Lentsch_TerraSeg_Self-Supervised_Ground_Segmentation_for_Any_LiDAR_CVPR_2026_paper,2026,0,Autonomous_Driving,Autonomous_Driving|SelfSupervised_Representation|Segmentation,18.0,0.167,TerraSeg: Self-Supervised Ground Segmentation for Any LiDAR,Ted Lentsch; Santiago Montiel-Marín; Holger Caesar; Dariu M. Gavrila,4,10040-10050,True,https://openaccess.thecvf.com/content/CVPR2026/papers/Lentsch_TerraSeg_Self-Supervised_Ground_Segmentation_for_Any_LiDAR_CVPR_2026_paper.pdf,https://openaccess.thecvf.com/content/CVPR2026/supplemental/Lentsch_TerraSeg_Self-Supervised_Ground_CVPR_2026_supplemental.pdf,https://openaccess.thecvf.com/content/CVPR2026/html/Lentsch_TerraSeg_Self-Supervised_Ground_Segmentation_for_Any_LiDAR_CVPR_2026_paper.html,"LiDAR perception is fundamental to robotics, enabling machines to understand their environment in 3D. A crucial task for LiDAR-based scene understanding and navigation is ground segmentation. However, existing methods are either handcrafted for specific sensor configurations or rely on costly per-point manual labels, severely limiting their generalization and scalability. To overcome this, we introduce TerraSeg, the first self-supervised, domain-agnostic model for LiDAR ground segmentation. We train TerraSeg on OmniLiDAR, a unified large-scale dataset that aggregates and standardizes data from 12 major public benchmarks. Spanning almost 22 million raw scans across 15 distinct sensor models, OmniLiDAR provides unprecedented diversity for learning a highly generalizable ground model. To supervise training without human annotations, we propose PseudoLabeler, a novel module that generates high-quality ground and non-ground labels through self-supervised per-scan runtime optimization. Extensive evaluations demonstrate that, despite using no manual labels, TerraSeg achieves state-of-the-art results on nuScenes, SemanticKITTI, and Waymo Perception while delivering real-time performance. Our code and model weights are publicly available.","@InProceedings{Lentsch_2026_CVPR, author = {Lentsch, Ted and Montiel-Mar{\'\i}n, Santiago and Caesar, Holger and Gavrila, Dariu M.}, title = {TerraSeg: Self-Supervised Ground Segmentation for Any LiDAR}, booktitle = {Proceedings of the IEEE/CVF Conference on Computer Vision and Pattern Recognition (CVPR)}, month = {June}, year = {2026}, pages = {10040-10050} }"
Jiang_Mining_Attribute_Subspaces_for_Efficient_Fine-tuning_of_3D_Foundation_Models_CVPR_2026_paper,2026,1,SelfSupervised_Representation,SelfSupervised_Representation,12.0,1.0,Mining Attribute Subspaces for Efficient Fine-tuning of 3D Foundation Models,Yu Jiang; Hanwen Jiang; Ahmed Abdelkader; Wen-Sheng Chu; Brandon Feng; Zhangyang Wang; Qixing Huang,7,29071-29080,True,https://openaccess.thecvf.com/content/CVPR2026/papers/Jiang_Mining_Attribute_Subspaces_for_Efficient_Fine-tuning_of_3D_Foundation_Models_CVPR_2026_paper.pdf,https://openaccess.thecvf.com/content/CVPR2026/supplemental/Jiang_Mining_Attribute_Subspaces_CVPR_2026_supplemental.pdf,https://openaccess.thecvf.com/content/CVPR2026/html/Jiang_Mining_Attribute_Subspaces_for_Efficient_Fine-tuning_of_3D_Foundation_Models_CVPR_2026_paper.html,"With the emergence of 3D foundation models, there is growing interest in fine-tuning them for downstream tasks, where LoRA is the dominant fine-tuning paradigm. As 3D datasets exhibit distinct variations in texture, geometry, camera motion, and lighting, there are interesting fundamental questions: 1) Are there LoRA subspaces associated with each type of variation? 2) Are these subspaces disentangled (i.e., orthogonal to each other)? 3) How do we compute them effectively? This paper provides answers to all these questions. We introduce a robust approach that generates synthetic datasets with controlled variations, fine-tunes a LoRA adapter on each dataset, and extracts a LoRA subspace associated with each type of variation. We show that these subspaces are approximately disentangled. Integrating them leads to a reduced LoRA subspace that enables efficient LoRA fine-tuning with improved prediction accuracy for downstream tasks. In particular, we show that such a reduced LoRA subspace, despite being derived entirely from synthetic data, generalizes to real datasets. An ablation study validates the effectiveness of the choices in our approach.","@InProceedings{Jiang_2026_CVPR, author = {Jiang, Yu and Jiang, Hanwen and Abdelkader, Ahmed and Chu, Wen-Sheng and Feng, Brandon and Wang, Zhangyang and Huang, Qixing}, title = {Mining Attribute Subspaces for Efficient Fine-tuning of 3D Foundation Models}, booktitle = {Proceedings of the IEEE/CVF Conference on Computer Vision and Pattern Recognition (CVPR)}, month = {June}, year = {2026}, pages = {29071-29080} }"
Qi_Black-box_Membership_Inference_Attacks_on_the_Pre-training_Data_of_Image-generation_CVPR_2026_paper,2026,0,Trustworthy_Security_Privacy,Trustworthy_Security_Privacy|SelfSupervised_Representation|Diffusion_Generative,18.0,0.333,Black-box Membership Inference Attacks on the Pre-training Data of Image-generation Models,Tao Qi; Huili Wang; Yuanhong Huang; Wendan Wang; Lianchao Zhao; Jinrui Wang; Zichen Qin; Shangguang Wang; Yongfeng Huang,9,62-71,True,https://openaccess.thecvf.com/content/CVPR2026/papers/Qi_Black-box_Membership_Inference_Attacks_on_the_Pre-training_Data_of_Image-generation_CVPR_2026_paper.pdf,https://openaccess.thecvf.com/content/CVPR2026/supplemental/Qi_Black-box_Membership_Inference_CVPR_2026_supplemental.pdf,https://openaccess.thecvf.com/content/CVPR2026/html/Qi_Black-box_Membership_Inference_Attacks_on_the_Pre-training_Data_of_Image-generation_CVPR_2026_paper.html,"The rapid advancement of diffusion-based image generation models has raised serious concerns regarding potential copyright and privacy infringements involving human-created data. Membership inference attacks (MIAs) have emerged as a promising tool for identifying unauthorized data usage during model training. Existing methods typically assess the ability of model to denoise perturbed suspect images as an indicator of membership status. However, the discriminative power of such features is highly dependent on the degree of model memorization and deteriorates significantly when applied to less exposed data (e.g., pre-training data). Although several methods attempt to enhance detection by leveraging internal model features, these features are generally inaccessible in mainstream closed-source image generation platforms, limiting their practicality. In this paper, we demonstrate that analyzing how a black-box diffusion model denoises a target image and corresponding perturbed textual instructions can reveal more distinctive membership cues. Based on this insight, we propose a black-box membership inference attack framework (named SD-MIA) that leverages a cross-modal data perturbation mechanism to detect pre-training data in diffusion models. We conduct extensive experiments on both a public benchmark dataset and a newly constructed dataset, each comprising pre-training membership and non-membership samples with identical distributions. Experimental results demonstrate that SD-MIA achieves superior performance compared to existing baselines, including those with the unfair advantage of accessing internal model features.","@InProceedings{Qi_2026_CVPR, author = {Qi, Tao and Wang, Huili and Huang, Yuanhong and Wang, Wendan and Zhao, Lianchao and Wang, Jinrui and Qin, Zichen and Wang, Shangguang and Huang, Yongfeng}, title = {Black-box Membership Inference Attacks on the Pre-training Data of Image-generation Models}, booktitle = {Proceedings of the IEEE/CVF Conference on Computer Vision and Pattern Recognition (CVPR)}, month = {June}, year = {2026}, pages = {62-71} }"
Yao_HCL-FF_Hierarchical_and_Contrastive_Learning_for_Forward-Forward_Algorithm_CVPR_2026_paper,2026,1,SelfSupervised_Representation,SelfSupervised_Representation,12.0,1.0,HCL-FF: Hierarchical and Contrastive Learning for Forward-Forward Algorithm,Jie-En Yao; Hong-En Chen; C.-C. Jay Kuo,3,27429-27438,True,https://openaccess.thecvf.com/content/CVPR2026/papers/Yao_HCL-FF_Hierarchical_and_Contrastive_Learning_for_Forward-Forward_Algorithm_CVPR_2026_paper.pdf,https://openaccess.thecvf.com/content/CVPR2026/supplemental/Yao_HCL-FF_Hierarchical_and_CVPR_2026_supplemental.pdf,https://openaccess.thecvf.com/content/CVPR2026/html/Yao_HCL-FF_Hierarchical_and_Contrastive_Learning_for_Forward-Forward_Algorithm_CVPR_2026_paper.html,"Deep neural networks trained with backpropagation have achieved outstanding performance in vision tasks but remain biologically implausible, computationally demanding, and difficult to interpret. The Forward-Forward (FF) algorithm offers a promising alternative by training each layer independently through local goodness objectives. However, its purely local optimization lacks hierarchical coordination across layers, and the decoupling of goodness from features leaves the representations unconstrained and semantically ambiguous. We propose a Hierarchical and Contrastive Learning FF framework (HCL-FF) to address these limitations. HCL-FF introduces (1) a coarse-to-fine hierarchical learning strategy that guides representations from low-level cues to high-level semantics, and (2) a supervised contrastive objective that enforces class-discriminative alignment after goodness decoupling. Experiments on CIFAR-10, CIFAR-100, and Tiny-ImageNet demonstrate that HCL-FF achieves new state-of-the-art performance among FF-based methods, with notable accuracy gains of +5.46%, +17.00%, and +12.51%, respectively.","@InProceedings{Yao_2026_CVPR, author = {Yao, Jie-En and Chen, Hong-En and Kuo, C.-C. Jay}, title = {HCL-FF: Hierarchical and Contrastive Learning for Forward-Forward Algorithm}, booktitle = {Proceedings of the IEEE/CVF Conference on Computer Vision and Pattern Recognition (CVPR)}, month = {June}, year = {2026}, pages = {27429-27438} }"
Claessens_Scaling_Self-Supervised_and_Cross-Modal_Pretraining_for_Volumetric_CT_Transformers_CVPR_2026_paper,2026,1,SelfSupervised_Representation,SelfSupervised_Representation|Medical_Bio_RemoteSensing,42.0,0.548,Scaling Self-Supervised and Cross-Modal Pretraining for Volumetric CT Transformers,Cris Claessens; Christiaan Viviers; Giacomo D'Amicantonio; Egor Bondarev; Fons van der Sommen,5,13636-13647,True,https://openaccess.thecvf.com/content/CVPR2026/papers/Claessens_Scaling_Self-Supervised_and_Cross-Modal_Pretraining_for_Volumetric_CT_Transformers_CVPR_2026_paper.pdf,https://openaccess.thecvf.com/content/CVPR2026/supplemental/Claessens_Scaling_Self-Supervised_and_CVPR_2026_supplemental.pdf,https://openaccess.thecvf.com/content/CVPR2026/html/Claessens_Scaling_Self-Supervised_and_Cross-Modal_Pretraining_for_Volumetric_CT_Transformers_CVPR_2026_paper.html,"We introduce SPECTRE, a fully transformer-based foundation model for volumetric computed tomography (CT). Our Self-Supervised & Cross-Modal Pretraining for CT Representation Extraction (SPECTRE) approach utilizes scalable 3D Vision Transformer architectures and modern self-supervised and vision-language pretraining strategies to learn general-purpose CT representations. Volumetric CT poses unique challenges, such as extreme token scaling, geometric anisotropy, and weak or noisy clinical supervision, that make standard transformer and contrastive learning recipes ineffective out of the box. The framework jointly optimizes a local transformer for high-resolution volumetric feature extraction and a global transformer for whole-scan context modeling, making large-scale 3D attention computationally tractable. Notably, SPECTRE is trained exclusively on openly available CT datasets, demonstrating that high-performing, generalizable representations can be achieved without relying on private data. Pretraining combines DINO-style self-distillation with SigLIP-based vision-language alignment using paired radiology reports, yielding features that are both geometrically consistent and clinically meaningful. Across multiple CT benchmarks, SPECTRE consistently outperforms prior CT foundation models in both zero-shot and fine-tuned settings, establishing SPECTRE as a scalable, open, and fully transformer-based foundation model for 3D medical imaging.","@InProceedings{Claessens_2026_CVPR, author = {Claessens, Cris and Viviers, Christiaan and D'Amicantonio, Giacomo and Bondarev, Egor and van der Sommen, Fons}, title = {Scaling Self-Supervised and Cross-Modal Pretraining for Volumetric CT Transformers}, booktitle = {Proceedings of the IEEE/CVF Conference on Computer Vision and Pattern Recognition (CVPR)}, month = {June}, year = {2026}, pages = {13636-13647} }"
Zoran_Recurrent_Video_Masked_Autoencoders_CVPR_2026_paper,2026,1,SelfSupervised_Representation,SelfSupervised_Representation|Video_Action_Recognition,14.0,0.214,Recurrent Video Masked Autoencoders,Daniel Zoran; Nikhil Parthasarathy; Yi Yang; Drew A Hudson; João Carreira; Andrew Zisserman,6,17744-17755,True,https://openaccess.thecvf.com/content/CVPR2026/papers/Zoran_Recurrent_Video_Masked_Autoencoders_CVPR_2026_paper.pdf,https://openaccess.thecvf.com/content/CVPR2026/supplemental/Zoran_Recurrent_Video_Masked_CVPR_2026_supplemental.zip,https://openaccess.thecvf.com/content/CVPR2026/html/Zoran_Recurrent_Video_Masked_Autoencoders_CVPR_2026_paper.html,"We present Recurrent Video Masked-Autoencoders (RVM): a novel approach to video representation learning that leverages recurrent computation to model the temporal structure of video data. RVM couples an asymmetric masking objective with a transformer-based recurrent neural network to aggregate information over time, training solely on a simple pixel reconstruction loss. This design yields a highly efficient ""generalist"" encoder: RVM achieves competitive performance with state-of-the-art video models (e.g. VideoMAE, V-JEPA) on video-level tasks like action classification, and point and object tracking, while matching or exceeding the performance of image models (e.g. DINOv2) on tasks that require strong geometric and dense spatial features. Notably, RVM achieves strong performance in the small-model regime without requiring knowledge distillation, exhibiting up to 30xgreater parameter efficiency than competing video masked autoencoders. Finally, we demonstrate that \model's recurrent nature allows for stable feature propagation over long temporal horizons with linear computational cost, overcoming some of the limitations of standard spatio-temporal attention-based video models. Ablation studies further highlight the factors driving the model's success, with qualitative results showing that RVM learns rich representations of scene semantics, structure, and motion.","@InProceedings{Zoran_2026_CVPR, author = {Zoran, Daniel and Parthasarathy, Nikhil and Yang, Yi and A Hudson, Drew and Carreira, Jo\~ao and Zisserman, Andrew}, title = {Recurrent Video Masked Autoencoders}, booktitle = {Proceedings of the IEEE/CVF Conference on Computer Vision and Pattern Recognition (CVPR)}, month = {June}, year = {2026}, pages = {17744-17755} }"
Jia_CLEP_Contrastive_Language-Pose_Pretraining_CVPR_2026_paper,2026,1,SelfSupervised_Representation,SelfSupervised_Representation|Human_Pose_Body,11.0,0.455,CLEP: Contrastive Language-Pose Pretraining,Sen Jia; Huayu Wang; Hsiang-Wei Huang; Zhaochong An; Jenq-Neng Hwang; Huaping Zhang; Lei Li,7,30696-30706,True,https://openaccess.thecvf.com/content/CVPR2026/papers/Jia_CLEP_Contrastive_Language-Pose_Pretraining_CVPR_2026_paper.pdf,,https://openaccess.thecvf.com/content/CVPR2026/html/Jia_CLEP_Contrastive_Language-Pose_Pretraining_CVPR_2026_paper.html,"Aligning natural language descriptions with precise 3D human poses remains a big challenge due to the scarcity of effective pose representation mechanisms and large-scale, semantically rich datasets. To overcome these limitations, we first introduce **CLEP-2M**, the largest 3D pose-language dataset to date, comprising two million high-quality 3D pose-language pairs. This dataset provides a **20-fold** increase in scale and far richer semantic diversity than existing benchmarks. Second, we propose **CLEP**, a novel contrastive pretraining framework. The core of CLEP is HierFormer, a hierarchical pose encoder specifically designed for language alignment. Its key innovation is a Cross-Scale Attention Fusion (CSAF) mechanism that dynamically integrates features from the joint, limb, and body levels. This enables CLEP to precisely align complex, multi-scale text descriptions with the pose representation. Extensive experimental evaluations on CLEP-2M and PoseScript demonstrate that our method consistently outperforms existing approaches across a range of downstream tasks. CLEP shows exceptional zero-shot generalization, achieving a 34.8 mRecall on the human-annotated PoseScript-H benchmark--a nearly **6-fold** improvement from the baseline. Furthermore, CLEP demonstrates superior performance on pose generation and fine-grained pose editing. These results establish CLEP as a strong multimodal foundation model for human-centric understanding and generation tasks.","@InProceedings{Jia_2026_CVPR, author = {Jia, Sen and Wang, Huayu and Huang, Hsiang-Wei and An, Zhaochong and Hwang, Jenq-Neng and Zhang, Huaping and Li, Lei}, title = {CLEP: Contrastive Language-Pose Pretraining}, booktitle = {Proceedings of the IEEE/CVF Conference on Computer Vision and Pattern Recognition (CVPR)}, month = {June}, year = {2026}, pages = {30696-30706} }"
Sarker_Immunizing_Models_Against_Harmful_Long-Horizon_Fine-Tuning_via_Contractive_Optimization_Dynamics_CVPR_2026_paper,2026,1,SelfSupervised_Representation,SelfSupervised_Representation,3.0,1.0,Immunizing Models Against Harmful Long-Horizon Fine-Tuning via Contractive Optimization Dynamics,Najibul Haque Sarker; Zaber Ibn Abdul Hakim; Ali Asgarov; Chia-Wei Tang; Alvi Md Ishmam; Chris Thomas,6,34940-34949,True,https://openaccess.thecvf.com/content/CVPR2026/papers/Sarker_Immunizing_Models_Against_Harmful_Long-Horizon_Fine-Tuning_via_Contractive_Optimization_Dynamics_CVPR_2026_paper.pdf,https://openaccess.thecvf.com/content/CVPR2026/supplemental/Sarker_Immunizing_Models_Against_CVPR_2026_supplemental.pdf,https://openaccess.thecvf.com/content/CVPR2026/html/Sarker_Immunizing_Models_Against_Harmful_Long-Horizon_Fine-Tuning_via_Contractive_Optimization_Dynamics_CVPR_2026_paper.html,"Fine-tuning has become the default way to adapt powerful foundation models, but this also enables low-cost repurposing for harmful objectives. Existing immunization methods try to optimize local geometry or simulate short attacker horizons, and penalize observed loss drops. However, in practice, downstream tuners run thousands of updates and overcome these short-horizon defenses.In this paper, we propose CLAMP (Contractive Long-horizon Attacker Mitigation via Progress-bounding), an immunization method that traps harmful fine-tuning by shaping the attacker's optimization dynamics rather than only the initial landscape. Our key idea is to make harmful training locally contractive, making each update smaller than the last. This yields a closed-form bound on the attacker's training beyond the attacker's simulated training steps. We also introduce a Hessian-free directional curvature penalty, to create adversarial landscapes along harmful descent directions. Our bi-level objective minimizes the attacker's predicted improvement from train step zero to infinity. Experiments show our method withstands long-horizon fine-tuning across classification, generative, and autoregressive settings, substantially reduces harmful task adaptation, while preserving benign utility and fine-tuneability.","@InProceedings{Sarker_2026_CVPR, author = {Sarker, Najibul Haque and Ibn Abdul Hakim, Zaber and Asgarov, Ali and Tang, Chia-Wei and Ishmam, Alvi Md and Thomas, Chris}, title = {Immunizing Models Against Harmful Long-Horizon Fine-Tuning via Contractive Optimization Dynamics}, booktitle = {Proceedings of the IEEE/CVF Conference on Computer Vision and Pattern Recognition (CVPR)}, month = {June}, year = {2026}, pages = {34940-34949} }"
Abousamra_TopoSlide_Topologically-Informed_Histopathology_Whole_Slide_Image_Representation_Learning_CVPR_2026_paper,2026,0,Medical_Bio_RemoteSensing,Medical_Bio_RemoteSensing|SelfSupervised_Representation,20.0,0.05,TopoSlide: Topologically-Informed Histopathology Whole Slide Image Representation Learning,Shahira Abousamra; Asmita Sood; Sylvia Plevritis,3,13691-13701,True,https://openaccess.thecvf.com/content/CVPR2026/papers/Abousamra_TopoSlide_Topologically-Informed_Histopathology_Whole_Slide_Image_Representation_Learning_CVPR_2026_paper.pdf,https://openaccess.thecvf.com/content/CVPR2026/supplemental/Abousamra_TopoSlide_Topologically-Informed_Histopathology_CVPR_2026_supplemental.pdf,https://openaccess.thecvf.com/content/CVPR2026/html/Abousamra_TopoSlide_Topologically-Informed_Histopathology_Whole_Slide_Image_Representation_Learning_CVPR_2026_paper.html,"Histopathology whole slide images (WSIs) are gigapixel images that present significant challenges in generating effective representations that capture both local histological features and their global spatial organization. Current pathology foundation models focus primarily on local patch-level features while neglecting the complex spatial relationships that pathologists rely on for diagnosis and prognosis. We introduce TopoSlide, a novel self-supervised representation learning framework that leverages persistent homology from topological data analysis to capture the global spatial organization of tissue architecture in WSIs. Our method decomposes slides into histologically meaningful clusters using patch-level embeddings, then characterizes their spatial arrangement through topological descriptors. We train a vision transformer to predict cluster topology from slide-level embeddings using a conditional multi-task objective that integrates local patch features with their topological attributes. Evaluated across lung adenocarcinoma and breast cancer cohorts, TopoSlide achieves superior performance improving histologic pattern retrieval by up to 15% in majority voting macro F1 score, and competitive survival and gene mutation predictions, while training on only hundreds of slides compared to hundreds of thousands for foundation models. Our results demonstrate that topology-aware learning provides a powerful inductive bias for pathology representation learning, enabling both improved performance and novel topology-based conditional retrieval capabilities for clinical applications. Our code and models are publicly available.","@InProceedings{Abousamra_2026_CVPR, author = {Abousamra, Shahira and Sood, Asmita and Plevritis, Sylvia}, title = {TopoSlide: Topologically-Informed Histopathology Whole Slide Image Representation Learning}, booktitle = {Proceedings of the IEEE/CVF Conference on Computer Vision and Pattern Recognition (CVPR)}, month = {June}, year = {2026}, pages = {13691-13701} }"
Baranwal_Tracking_by_Predicting_3-D_Gaussians_Over_Time_CVPR_2026_paper,2026,1,SelfSupervised_Representation,SelfSupervised_Representation|Tracking_MOT,13.0,0.231,Tracking by Predicting 3-D Gaussians Over Time,Tanish Baranwal; Himanshu Gaurav Singh; Jathushan Rajasegaran; Jitendra Malik,4,42527-42537,True,https://openaccess.thecvf.com/content/CVPR2026/papers/Baranwal_Tracking_by_Predicting_3-D_Gaussians_Over_Time_CVPR_2026_paper.pdf,https://openaccess.thecvf.com/content/CVPR2026/supplemental/Baranwal_Tracking_by_Predicting_CVPR_2026_supplemental.zip,https://openaccess.thecvf.com/content/CVPR2026/html/Baranwal_Tracking_by_Predicting_3-D_Gaussians_Over_Time_CVPR_2026_paper.html,"We propose Video Gaussian Masked Autoencoders (Video-GMAE), a self-supervised approach for representation learning that encodes a sequence of images into a set of Gaussian splats moving over time. Representing a video as a set of Gaussians enforces a reasonable inductive bias: that 2-D videos are often consistent projections of a dynamic 3-D scene. We find that tracking emerges when pre-training a network with this architecture. Mapping the trajectory of the learnt Gaussians onto the image plane gives zero-shot tracking performance comparable to state-of-the-art. With small-scale finetuning, our models achieve 34.6% improvement on Kinetics, and 13.1% on Kubric datasets, surpassing existing self-supervised video approaches.","@InProceedings{Baranwal_2026_CVPR, author = {Baranwal, Tanish and Singh, Himanshu Gaurav and Rajasegaran, Jathushan and Malik, Jitendra}, title = {Tracking by Predicting 3-D Gaussians Over Time}, booktitle = {Proceedings of the IEEE/CVF Conference on Computer Vision and Pattern Recognition (CVPR)}, month = {June}, year = {2026}, pages = {42527-42537} }"
Huang_Reading_Your_Actions_Learning_Generalizable_Action_Representations_via_Pre-training_AEMG_CVPR_2026_paper,2026,1,SelfSupervised_Representation,SelfSupervised_Representation,14.0,0.786,Reading Your Actions: Learning Generalizable Action Representations via Pre-training AEMG,Zhenghao Huang; Huilin Yao; Kaikai Wang; Lin Shu,4,20108-20117,True,https://openaccess.thecvf.com/content/CVPR2026/papers/Huang_Reading_Your_Actions_Learning_Generalizable_Action_Representations_via_Pre-training_AEMG_CVPR_2026_paper.pdf,https://openaccess.thecvf.com/content/CVPR2026/supplemental/Huang_Reading_Your_Actions_CVPR_2026_supplemental.pdf,https://openaccess.thecvf.com/content/CVPR2026/html/Huang_Reading_Your_Actions_Learning_Generalizable_Action_Representations_via_Pre-training_AEMG_CVPR_2026_paper.html,"A fundamental role in decoding human motor intent and enabling intuitive human-computer interaction is played by electromyography (EMG). However, its generalization capability across subjects, devices, and tasks remains substantially limited by data heterogeneity, label scarcity, and the lack of a unified representational framework. To bridge this gap, we propose Any Electromyography (AEMG), the first large-scale, self-supervised representation learning framework for EMG. AEMG reconceptualizes neuromuscular dynamics linguistically, utilizing a novel Neuromuscular Contraction Tokenizer (NCT) to translate discrete muscle contractions into structural words and temporal activation patterns into coherent sentences. Furthermore, we compile the largest cross-device EMG signal vocabulary to date, enabling seamless transfer across arbitrary channel topologies and sampling rates. Experiments demonstrate that AEMG improves the zero-shot leave-one-subject-out (LOSO) accuracy by 5.79--9.25% compared to six state-of-the-art baselines, and achieves more than 90% few-shot adaptation performance with only 5% of target user data. Our work has proposed the concept of EMG signals as a cross-device physiological language, learned their grammar from massive amounts of data, and laid the groundwork for a single-training, universally applicable EMG foundation model. Our code, demos, and more resources are available at https://github.com/AEMG-series/AEMG.","@InProceedings{Huang_2026_CVPR, author = {Huang, Zhenghao and Yao, Huilin and Wang, Kaikai and Shu, Lin}, title = {Reading Your Actions: Learning Generalizable Action Representations via Pre-training AEMG}, booktitle = {Proceedings of the IEEE/CVF Conference on Computer Vision and Pattern Recognition (CVPR)}, month = {June}, year = {2026}, pages = {20108-20117} }"
Ling_I-Scene_3D_Instance_Models_are_Implicit_Generalizable_Spatial_Learners_CVPR_2026_paper,2026,1,SelfSupervised_Representation,SelfSupervised_Representation,3.0,0.333,I-Scene: 3D Instance Models are Implicit Generalizable Spatial Learners,Lu Ling; Yunhao Ge; Yichen Sheng; Aniket Bera,4,26974-26983,True,https://openaccess.thecvf.com/content/CVPR2026/papers/Ling_I-Scene_3D_Instance_Models_are_Implicit_Generalizable_Spatial_Learners_CVPR_2026_paper.pdf,https://openaccess.thecvf.com/content/CVPR2026/supplemental/Ling_I-Scene_3D_Instance_CVPR_2026_supplemental.pdf,https://openaccess.thecvf.com/content/CVPR2026/html/Ling_I-Scene_3D_Instance_Models_are_Implicit_Generalizable_Spatial_Learners_CVPR_2026_paper.html,"Generalization remains the central challenge for interactive 3D scene generation. Existing learning-based approaches ground spatial understanding in limited scene dataset, restricting generalization to new layouts. We instead reprogram a pre-trained 3D instance generator to act as a scene-level learner via, replacing dataset-bounded supervision with model-centric spatial supervision. This reprogramming unlocks the generator's transferable spatial knowledge, enabling generalization to unseen layouts and novel object compositions. Remarkably, spatial reasoning still emerges even when the training scenes are randomly composed objects. This demonstrates that the generator's transferable scene prior provides a rich learning signal for inferring proximity, support, and symmetry from purely geometric cues. Replacing widely used canonical space, we instantiate this insight with a view-centric formulation of the scene space, yielding a fully feed-forward, generalizable scene generator that learns spatial relations directly from the instance model. Quantitative and qualitative results show that a 3D instance generator is an implicit spatial learner and reasoner, pointing toward foundation models for interactive 3D scene understanding and generation. The code is accessible at \href https://luling06.github.io/I-Scene-project/ the project page .","@InProceedings{Ling_2026_CVPR, author = {Ling, Lu and Ge, Yunhao and Sheng, Yichen and Bera, Aniket}, title = {I-Scene: 3D Instance Models are Implicit Generalizable Spatial Learners}, booktitle = {Proceedings of the IEEE/CVF Conference on Computer Vision and Pattern Recognition (CVPR)}, month = {June}, year = {2026}, pages = {26974-26983} }"
Huseljic_Cleaning_the_Pool_Progressive_Filtering_of_Unlabeled_Pools_in_Deep_CVPR_2026_paper,2026,1,SelfSupervised_Representation,SelfSupervised_Representation,3.0,0.333,Cleaning the Pool: Progressive Filtering of Unlabeled Pools in Deep Active Learning,Denis Huseljic; Marek Herde; Lukas Rauch; Paul Hahn; Bernhard Sick,5,22238-22247,True,https://openaccess.thecvf.com/content/CVPR2026/papers/Huseljic_Cleaning_the_Pool_Progressive_Filtering_of_Unlabeled_Pools_in_Deep_CVPR_2026_paper.pdf,https://openaccess.thecvf.com/content/CVPR2026/supplemental/Huseljic_Cleaning_the_Pool_CVPR_2026_supplemental.pdf,https://openaccess.thecvf.com/content/CVPR2026/html/Huseljic_Cleaning_the_Pool_Progressive_Filtering_of_Unlabeled_Pools_in_Deep_CVPR_2026_paper.html,"Existing active learning (AL) strategies capture fundamentally different notions of data value, e.g., uncertainty or representativeness. Consequently, the effectiveness of strategies can vary substantially across datasets, models, and even AL cycles. Committing to a single strategy risks suboptimal performance, as no single strategy dominates throughout the entire AL process. We introduce REFINE, an ensemble AL method that combines multiple strategies without knowing in advance which will perform best. In each AL cycle, REFINE operates in two stages: (1) Progressive filtering iteratively refines the unlabeled pool by considering an ensemble of AL strategies, retaining promising candidates capturing different notions of value. (2) Coverage-based selection then chooses a final batch from this refined pool, ensuring all previously identified notions of value are accounted for. Extensive experiments across 6 classification datasets and 3 foundation models show that REFINE consistently outperforms individual strategies and existing ensemble methods. Notably, progressive filtering serves as a powerful preprocessing step that improves the performance of any individual AL strategy applied to the refined pool, which we demonstrate on an audio spectrogram classification use case. Finally, the ensemble of REFINE can be easily extended with upcoming state-of-the-art AL strategies.","@InProceedings{Huseljic_2026_CVPR, author = {Huseljic, Denis and Herde, Marek and Rauch, Lukas and Hahn, Paul and Sick, Bernhard}, title = {Cleaning the Pool: Progressive Filtering of Unlabeled Pools in Deep Active Learning}, booktitle = {Proceedings of the IEEE/CVF Conference on Computer Vision and Pattern Recognition (CVPR)}, month = {June}, year = {2026}, pages = {22238-22247} }"
Tan_Towards_Stable_Self-Supervised_Object_Representations_in_Unconstrained_Egocentric_Video_CVPR_2026_paper,2026,0,Video_Action_Recognition,Video_Action_Recognition|SelfSupervised_Representation,22.0,0.455,Towards Stable Self-Supervised Object Representations in Unconstrained Egocentric Video,Yuting Tan; Xilong Cheng; Yunxiao Qin; Zhengnan Li; Jingjing Zhang,5,10545-10555,True,https://openaccess.thecvf.com/content/CVPR2026/papers/Tan_Towards_Stable_Self-Supervised_Object_Representations_in_Unconstrained_Egocentric_Video_CVPR_2026_paper.pdf,https://openaccess.thecvf.com/content/CVPR2026/supplemental/Tan_Towards_Stable_Self-Supervised_CVPR_2026_supplemental.pdf,https://openaccess.thecvf.com/content/CVPR2026/html/Tan_Towards_Stable_Self-Supervised_Object_Representations_in_Unconstrained_Egocentric_Video_CVPR_2026_paper.html,"Humans develop visual intelligence through perceiving and interacting with their environment--a self-supervised learning process grounded in egocentric experience. Inspired by this, we ask how can artificial systems learn stable object representations from continuous, uncurated first-person videos without relying on manual annotations. This setting poses challenges of separating, recognizing, and persistently tracking objects amid clutter, occlusion, and ego-motion. We propose EgoViT, a unified vision Transformer framework designed to learn stable object representations from unlabeled egocentric video. EgoViT bootstraps this learning process by jointly discovering and stabilizing ""proto-objects"" through three synergistic mechanisms: (1) Proto-object Learning, which uses intra-frame distillation to form discriminative representations; (2) Depth Regularization, which grounds these representations in geometric structure; and (3) Teacher-Filtered Temporal Consistency, which enforces identity over time. This creates a virtuous cycle where initial object hypotheses are progressively refined into stable, persistent representations. The framework is trained end-to-end on unlabeled first-person videos and exhibits robustness to geometric priors of varied origin and quality. On standard benchmarks, EgoViT achieves +8.0% CorLoc improvement in unsupervised object discovery and +4.8% mIoU improvement in semantic segmentation, demonstrating its potential to lay a foundation for robust visual abstraction in embodied intelligence.","@InProceedings{Tan_2026_CVPR, author = {Tan, Yuting and Cheng, Xilong and Qin, Yunxiao and Li, Zhengnan and Zhang, Jingjing}, title = {Towards Stable Self-Supervised Object Representations in Unconstrained Egocentric Video}, booktitle = {Proceedings of the IEEE/CVF Conference on Computer Vision and Pattern Recognition (CVPR)}, month = {June}, year = {2026}, pages = {10545-10555} }"
Tang_Coordinate_Denoising_for_Non-Equilibrium_Molecular_Representation_Learning_CVPR_2026_paper,2026,0,Restoration_Enhancement,Restoration_Enhancement|SelfSupervised_Representation,18.0,0.444,Coordinate Denoising for Non-Equilibrium Molecular Representation Learning,Qianwei Tang; Baile Xu; Jian Zhao; Furao Shen,4,3584-3593,True,https://openaccess.thecvf.com/content/CVPR2026/papers/Tang_Coordinate_Denoising_for_Non-Equilibrium_Molecular_Representation_Learning_CVPR_2026_paper.pdf,https://openaccess.thecvf.com/content/CVPR2026/supplemental/Tang_Coordinate_Denoising_for_CVPR_2026_supplemental.pdf,https://openaccess.thecvf.com/content/CVPR2026/html/Tang_Coordinate_Denoising_for_Non-Equilibrium_Molecular_Representation_Learning_CVPR_2026_paper.html,"Three-dimensional molecular representation learning has shown great promise in modeling chemical structures and their properties. However, most existing approaches implicitly assume molecules are at or near equilibrium states. This assumption breaks down for non-equilibrium structures--ubiquitous in molecular dynamics (MD) trajectories--where standard coordinate denoising techniques fail because the direct equivalence between denoising scores and atomic forces no longer holds. To bridge this gap, we propose Node Denoising on non-Equilibrium Molecules (NDeM), a novel auxiliary task grounded in a second-order finite difference approximation of the potential energy surface. By explicitly accounting for the non-zero inherent forces in non-equilibrium states, NDeM provides a theoretically sound denoising objective applicable to arbitrary molecular conformations. Crucially, our method is designed as a lightweight, architecture-agnostic plugin that requires no pre-training and can be seamlessly integrated into various supervised learning pipelines. Extensive experiments across diverse benchmarks, including MD17, QM9, and the large-scale OC20 dataset, demonstrate that NDeM consistently improves baseline models, yielding highly competitive performance and validating its robustness across both equilibrium and non-equilibrium regimes.","@InProceedings{Tang_2026_CVPR, author = {Tang, Qianwei and Xu, Baile and Zhao, Jian and Shen, Furao}, title = {Coordinate Denoising for Non-Equilibrium Molecular Representation Learning}, booktitle = {Proceedings of the IEEE/CVF Conference on Computer Vision and Pattern Recognition (CVPR)}, month = {June}, year = {2026}, pages = {3584-3593} }"
Chen_Local_Precise_Refinement_A_Dual-Gated_Mixture-of-Experts_for_Enhancing_Foundation_Model_CVPR_2026_paper,2026,1,SelfSupervised_Representation,SelfSupervised_Representation|Medical_Bio_RemoteSensing,18.0,0.333,Local Precise Refinement: A Dual-Gated Mixture-of-Experts for Enhancing Foundation Model Generalization against Spectral Shifts,Xi Chen; Maojun Zhang; Yu Liu; Shen Yan,4,20521-20531,True,https://openaccess.thecvf.com/content/CVPR2026/papers/Chen_Local_Precise_Refinement_A_Dual-Gated_Mixture-of-Experts_for_Enhancing_Foundation_Model_CVPR_2026_paper.pdf,https://openaccess.thecvf.com/content/CVPR2026/supplemental/Chen_Local_Precise_Refinement_CVPR_2026_supplemental.pdf,https://openaccess.thecvf.com/content/CVPR2026/html/Chen_Local_Precise_Refinement_A_Dual-Gated_Mixture-of-Experts_for_Enhancing_Foundation_Model_CVPR_2026_paper.html,"Domain Generalization Semantic Segmentation (DGSS) in spectral remote sensing is severely challenged by spectral shifts across diverse acquisition conditions, which cause significant performance degradation for models deployed in unseen domains. While fine-tuning foundation models is a promising direction, existing methods employ global, homogeneous adjustments. This ""one-size-fits-all"" tuning struggles with the spatial heterogeneity of land cover, causing semantic confusion. We argue that the key to robust DGSS lies not in a single global adaptation, but in performing fine-grained, spatially-adaptive refinement of a foundation model's features. To achieve this, we propose SpectralMoE, a novel fine-tuning framework for DGSS. It operationalizes this principle by utilizing a Mixture-of-Experts (MoE) architecture to perform local precise refinement on the foundation model's features, incorporating depth features estimated from selected RGB bands of the spectral remote sensing imagery to guide the fine-tuning process. Specifically, SpectralMoE employs a dual-gated MoE architecture that independently routes visual and depth features to top-k selected experts for specialized refinement, enabling modality-specific adjustments. A subsequent cross-attention mechanism then judiciously fuses the refined structural cues into the visual stream, mitigating semantic ambiguities caused by spectral variations. Extensive experiments show that SpectralMoE sets a new state-of-the-art on multiple DGSS benchmarks across hyperspectral, multispectral, and RGB remote sensing imagery.","@InProceedings{Chen_2026_CVPR, author = {Chen, Xi and Zhang, Maojun and Liu, Yu and Yan, Shen}, title = {Local Precise Refinement: A Dual-Gated Mixture-of-Experts for Enhancing Foundation Model Generalization against Spectral Shifts}, booktitle = {Proceedings of the IEEE/CVF Conference on Computer Vision and Pattern Recognition (CVPR)}, month = {June}, year = {2026}, pages = {20521-20531} }"
Wang_TimeBridge_Self-Supervised_Video_Representation_Learning_via_Start-End_Joint_Embedding_and_CVPR_2026_paper,2026,1,SelfSupervised_Representation,SelfSupervised_Representation|Video_Action_Recognition,35.0,0.343,TimeBridge: Self-Supervised Video Representation Learning via Start-End Joint Embedding and In-Between Frame Prediction,Qin Wang; Abigail Morrison; Hanno Scharr; Kai Krajsek,4,39647-39658,True,https://openaccess.thecvf.com/content/CVPR2026/papers/Wang_TimeBridge_Self-Supervised_Video_Representation_Learning_via_Start-End_Joint_Embedding_and_CVPR_2026_paper.pdf,https://openaccess.thecvf.com/content/CVPR2026/supplemental/Wang_TimeBridge_Self-Supervised_Video_CVPR_2026_supplemental.zip,https://openaccess.thecvf.com/content/CVPR2026/html/Wang_TimeBridge_Self-Supervised_Video_Representation_Learning_via_Start-End_Joint_Embedding_and_CVPR_2026_paper.html,"Learning temporal transformations, that is, how visual objects evolve across frames, is a fundamental challenge in video representation learning. Frame-to-frame dynamics involve complex, non-linear, and non-local changes that go far beyond conventional spatial augmentations. We propose TimeBridge, a self-supervised method that combines the joint embedding for video representation with learning temporal transformations by reconstructing in-between frames from only the start and end frames. This formulation encourages the model to infer the temporal evolution bridging the two endpoints, rather than merely encoding static frame representations. Unlike joint-embedding methods that lack explicit transformation modelling or future-prediction objectives that rely on unconstrained extrapolation, TimeBridge learns concrete frame-to-frame dynamics by promoting temporal consistency. We realise this through cross-concatenated class tokens and lightweight decoders, which recombine features from the start and end frames to reconstruct intermediates. TimeBridge achieves new state-of-the-art performance on multiple dense video prediction benchmarks, including 73.5 J&F on DAVIS 2017 video object segmentation, 47.5 mIoU on VIP semantic part propagation.","@InProceedings{Wang_2026_CVPR, author = {Wang, Qin and Morrison, Abigail and Scharr, Hanno and Krajsek, Kai}, title = {TimeBridge: Self-Supervised Video Representation Learning via Start-End Joint Embedding and In-Between Frame Prediction}, booktitle = {Proceedings of the IEEE/CVF Conference on Computer Vision and Pattern Recognition (CVPR)}, month = {June}, year = {2026}, pages = {39647-39658} }"
Mao_The_Image_as_Its_Own_Reward_Reinforcement_Learning_with_Adversarial_CVPR_2026_paper,2026,0,Diffusion_Generative,Diffusion_Generative|Embodied_AI_Robotics|SelfSupervised_Representation,8.0,0.0,The Image as Its Own Reward: Reinforcement Learning with Adversarial Reward for Image Generation,Weijia Mao; Hao Chen; Zhenheng Yang; Mike Zheng Shou,4,5999-6009,True,https://openaccess.thecvf.com/content/CVPR2026/papers/Mao_The_Image_as_Its_Own_Reward_Reinforcement_Learning_with_Adversarial_CVPR_2026_paper.pdf,https://openaccess.thecvf.com/content/CVPR2026/supplemental/Mao_The_Image_as_CVPR_2026_supplemental.pdf,https://openaccess.thecvf.com/content/CVPR2026/html/Mao_The_Image_as_Its_Own_Reward_Reinforcement_Learning_with_Adversarial_CVPR_2026_paper.html,"A reliable reward function is essential for reinforcement learning (RL) in image generation. Most current RL approaches depend on pre-trained preference models that output scalar rewards to approximate human preferences. However, these rewards often fail to capture human perception and are vulnerable to reward hacking, where higher scores do not correspond to better images. To address this, we introduce Adv-GRPO, an RL framework with an adversarial reward that iteratively updates both the reward model and the generator. The reward model is supervised using reference images as positive samples and can largely avoid being hacked. Unlike KL regularization that constrains parameter updates, our learned reward directly guides the generator through its visual outputs, leading to higher-quality images. Moreover, while optimizing existing reward functions can alleviate reward hacking, their inherent biases remain. For instance, PickScore may degrade image quality, whereas OCR-based rewards often reduce aesthetic fidelity. To address this, we take the image itself as a reward, using reference images and vision foundation models (e.g., DINO) to provide rich visual rewards. These dense visual signals, instead of a single scalar, lead to consistent gains across image quality, aesthetics, and task-specific metrics. Finally, we show that combining reference samples with foundation-model rewards enables distribution transfer and flexible style customization. In human evaluation, our method outperforms Flow-GRPO and SD3, achieving 70.0% and 72.4% win rates in image quality and aesthetics, respectively. Code and models has been released in https://github.com/showlab/Adv-GRPO.","@InProceedings{Mao_2026_CVPR, author = {Mao, Weijia and Chen, Hao and Yang, Zhenheng and Shou, Mike Zheng}, title = {The Image as Its Own Reward: Reinforcement Learning with Adversarial Reward for Image Generation}, booktitle = {Proceedings of the IEEE/CVF Conference on Computer Vision and Pattern Recognition (CVPR)}, month = {June}, year = {2026}, pages = {5999-6009} }"
Luo_InvCoSS_Inversion-driven_Continual_Self-supervised_Learning_in_Medical_Multi-modal_Image_Pre-training_CVPR_2026_paper,2026,1,SelfSupervised_Representation,SelfSupervised_Representation,29.0,0.655,InvCoSS: Inversion-driven Continual Self-supervised Learning in Medical Multi-modal Image Pre-training,Zihao Luo; Shaohao Rui; Zhenyu Tang; Guotai Wang; Xiaosong Wang,5,42626-42636,True,https://openaccess.thecvf.com/content/CVPR2026/papers/Luo_InvCoSS_Inversion-driven_Continual_Self-supervised_Learning_in_Medical_Multi-modal_Image_Pre-training_CVPR_2026_paper.pdf,https://openaccess.thecvf.com/content/CVPR2026/supplemental/Luo_InvCoSS_Inversion-driven_Continual_CVPR_2026_supplemental.zip,https://openaccess.thecvf.com/content/CVPR2026/html/Luo_InvCoSS_Inversion-driven_Continual_Self-supervised_Learning_in_Medical_Multi-modal_Image_Pre-training_CVPR_2026_paper.html,"Continual self-supervised learning (CSSL) in medical imaging trains a foundation model sequentially, alleviating the need for collecting multi-modal images for joint training and offering promising improvements in downstream performance while preserving data privacy. However, most existing methods still rely on replaying data from previous stages to prevent catastrophic forgetting, which compromises privacy and limits their applicability in real-world scenarios where data transfer across sites is often restricted. In this work, we propose InvCoSS, an inversion-driven continual self-supervised learning framework for medical multi-modal image pre-training. Specifically, after training on a previous task, InvCoSS inverts the pre-trained self-supervised model to generate synthetic images that approximate the original training distribution. These synthetic images are then combined with data from the new task for joint optimization, which effectively mitigates catastrophic forgetting while strictly adhering to the constraint of no access to previous real data. Furthermore, to improve the fidelity of synthetic images, we introduce a novel InvUNet with a multi-scale fusion architecture to restore both high- and low-frequency components of the inverted images. To enhance diversity and prevent mode collapse, we design a repulsive representation-learning mechanism that encourages a diverse feature space for synthetic images without class guidance. Extensive experiments across nine downstream tasks validate the effectiveness of InvCoSS, achieving performance comparable to or even superior to prior data-replay methods while significantly reducing storage requirements and eliminating data privacy constraints.","@InProceedings{Luo_2026_CVPR, author = {Luo, Zihao and Rui, Shaohao and Tang, Zhenyu and Wang, Guotai and Wang, Xiaosong}, title = {InvCoSS: Inversion-driven Continual Self-supervised Learning in Medical Multi-modal Image Pre-training}, booktitle = {Proceedings of the IEEE/CVF Conference on Computer Vision and Pattern Recognition (CVPR)}, month = {June}, year = {2026}, pages = {42626-42636} }"
Mueller_PriVi_Towards_a_General-Purpose_Video_Model_for_Primate_Behavior_in_CVPR_2026_paper,2026,1,SelfSupervised_Representation,SelfSupervised_Representation|Video_Action_Recognition,6.0,0.0,PriVi: Towards a General-Purpose Video Model for Primate Behavior in the Wild,Felix B. Mueller; Jan F. Meier; Timo Lueddecke; Richard Vogg; Roger L. Freixanet; Valentin Hassler; Tiffany Bosshard; Elif Karakoc; William J. O'Hearn; Sofia M. Pereira; Sandro Sehner; Kaja Wierucka; Judith Burkart; Claudia Fichtel; Julia Fischer; Alexander Gail; Catherine Hobaiter; Julia Ostner; Liran Samuni; Oliver Schülke; Neda Shahidi; Erin G. Wessling; Alexander S. Ecker,23,38804-38815,True,https://openaccess.thecvf.com/content/CVPR2026/papers/Mueller_PriVi_Towards_a_General-Purpose_Video_Model_for_Primate_Behavior_in_CVPR_2026_paper.pdf,https://openaccess.thecvf.com/content/CVPR2026/supplemental/Mueller_PriVi_Towards_a_CVPR_2026_supplemental.pdf,https://openaccess.thecvf.com/content/CVPR2026/html/Mueller_PriVi_Towards_a_General-Purpose_Video_Model_for_Primate_Behavior_in_CVPR_2026_paper.html,"Non-human primates are our closest living relatives, and analyzing their behavior is central to research in cognition, evolution, and conservation. Computer vision could greatly aid this research, but existing methods often rely on human-centric pretrained models and focus on single datasets, which limits generalization. We address this limitation by shifting from a model-centric to a data-centric approach and introduce PriVi, a large-scale primate-centric video pretraining dataset. PriVi contains 424 hours of curated video, combining 174 hours from behavioral research across 11 settings with 250 hours of diverse web-sourced footage, assembled through a scalable data curation pipeline. We continue pretraining V-JEPA, a large-scale video model, on PriVi to learn primate-specific representations and evaluate it using a lightweight frozen classifier. Across four benchmark datasets - ChimpACT, PanAf500, BaboonLand, and ChimpBehave - our approach consistently outperforms prior work, including fully finetuned baselines, and scales favorably with fewer labels. These results demonstrate for the first time that domain-level pretraining, where pretraining is conducted on similar data but not the target dataset itself, works for video models. Our primate-centric pretraining substantially improves data efficiency and generalization, making it a promising approach for low-label applications. Dataset, code, and models are available at https://privi.eckerlab.org.","@InProceedings{Mueller_2026_CVPR, author = {Mueller, Felix B. and Meier, Jan F. and Lueddecke, Timo and Vogg, Richard and Freixanet, Roger L. and Hassler, Valentin and Bosshard, Tiffany and Karakoc, Elif and O'Hearn, William J. and Pereira, Sofia M. and Sehner, Sandro and Wierucka, Kaja and Burkart, Judith and Fichtel, Claudia and Fischer, Julia and Gail, Alexander and Hobaiter, Catherine and Ostner, Julia and Samuni, Liran and Sch\""ulke, Oliver and Shahidi, Neda and Wessling, Erin G. and Ecker, Alexander S.}, title = {PriVi: Towards a General-Purpose Video Model for Primate Behavior in the Wild}, booktitle = {Proceedings of the IEEE/CVF Conference on Computer Vision and Pattern Recognition (CVPR)}, month = {June}, year = {2026}, pages = {38804-38815} }"
Li_D2Dewarp_Dual_Dimensions_Geometric_Representation_Learning_Based_Document_Image_Dewarping_CVPR_2026_paper,2026,0,Document_OCR_Graphics,Document_OCR_Graphics|Recognition_Classification|SelfSupervised_Representation,12.0,0.5,D2Dewarp: Dual Dimensions Geometric Representation Learning Based Document Image Dewarping,Heng Li; Xiangping Wu; Qingcai Chen,3,34734-34744,True,https://openaccess.thecvf.com/content/CVPR2026/papers/Li_D2Dewarp_Dual_Dimensions_Geometric_Representation_Learning_Based_Document_Image_Dewarping_CVPR_2026_paper.pdf,,https://openaccess.thecvf.com/content/CVPR2026/html/Li_D2Dewarp_Dual_Dimensions_Geometric_Representation_Learning_Based_Document_Image_Dewarping_CVPR_2026_paper.html,"Document image dewarping remains a challenging task in the deep learning era. While existing methods have improved by leveraging text line awareness, they typically focus only on a single horizontal dimension. In this paper, we propose a fine-grained deformation perception model that focuses on Dual Dimensions of document horizontal-vertical-lines to improve document Dewarping called D2Dewarp. It can perceive distortion trends in different directions across document details. To combine the horizontal and vertical granularity features, an effective fusion module based on X and Y coordinate is designed to facilitate interaction and constraint between the two dimensions for feature complementarity. Due to the lack of annotated line features in current public dewarping datasets, we also propose an automatic fine-grained annotation method using public document texture images and automatic rendering engine to build a new large-scale distortion training dataset named DocDewarpHV. The code and dataset will be publicly released. On three public Chinese and English benchmarks, both quantitative and qualitative results show that our method achieves better rectification results compared with the state-of-the-art methods. The code and dataset are available at https://github.com/xiaomore/D2Dewarp.","@InProceedings{Li_2026_CVPR, author = {Li, Heng and Wu, Xiangping and Chen, Qingcai}, title = {D2Dewarp: Dual Dimensions Geometric Representation Learning Based Document Image Dewarping}, booktitle = {Proceedings of the IEEE/CVF Conference on Computer Vision and Pattern Recognition (CVPR)}, month = {June}, year = {2026}, pages = {34734-34744} }"
Herzog_OlmoEarth_Stable_Latent_Image_Modeling_for_Multimodal_Earth_Observation_CVPR_2026_paper,2026,1,SelfSupervised_Representation,SelfSupervised_Representation|Vision_Language_Multimodal,12.0,0.167,OlmoEarth: Stable Latent Image Modeling for Multimodal Earth Observation,Henry Herzog; Favyen Bastani; Yawen Zhang; Gabriel Tseng; Joseph Redmon; Hadrien Sablon; Ryan Park; Jacob Morrison; Alexandra Buraczynski; Karen Farley; Josh Hansen; Andrew Howe; Patrick Alan Johnson; Mark Otterlee; Ted Schmitt; Hunter Pitelka; Stephen Daspit; Rachel Ratner; Christopher Wilhelm; Sebastian Wood; Mike Jacobi; Hannah Kerner; Evan Shelhamer; Ali Farhadi; Ranjay Krishna; Patrick Beukema,26,34806-34817,True,https://openaccess.thecvf.com/content/CVPR2026/papers/Herzog_OlmoEarth_Stable_Latent_Image_Modeling_for_Multimodal_Earth_Observation_CVPR_2026_paper.pdf,https://openaccess.thecvf.com/content/CVPR2026/supplemental/Herzog_OlmoEarth_Stable_Latent_CVPR_2026_supplemental.pdf,https://openaccess.thecvf.com/content/CVPR2026/html/Herzog_OlmoEarth_Stable_Latent_Image_Modeling_for_Multimodal_Earth_Observation_CVPR_2026_paper.html,"Earth observation data presents a unique challenge: it is spatial like images, sequential like video or text, and highly multimodal. We present Helios: a multimodal, spatio-temporal foundation model that employs a novel self-supervised learning formulation, masking strategy, and loss all designed for the Earth observation domain. Helios achieves state-of-the-art performance compared to 12 other foundation models across a variety of research benchmarks and real-world tasks from external partners. When evaluating embeddings Helios achieves the best performance on 15 out of 24 tasks, and with full fine-tuning it is the best on 19 of 29 tasks. We deploy Helios as the backbone of an end-to-end platform for data collection, labeling, training, and inference of Earth observation models. The Helios platform puts frontier foundation models and powerful data management tools into the hands of non-profits and NGOs working to solve the world's biggest problems. Helios source code, training data, and pre-trained weights are available at REDACTED.","@InProceedings{Herzog_2026_CVPR, author = {Herzog, Henry and Bastani, Favyen and Zhang, Yawen and Tseng, Gabriel and Redmon, Joseph and Sablon, Hadrien and Park, Ryan and Morrison, Jacob and Buraczynski, Alexandra and Farley, Karen and Hansen, Josh and Howe, Andrew and Johnson, Patrick Alan and Otterlee, Mark and Schmitt, Ted and Pitelka, Hunter and Daspit, Stephen and Ratner, Rachel and Wilhelm, Christopher and Wood, Sebastian and Jacobi, Mike and Kerner, Hannah and Shelhamer, Evan and Farhadi, Ali and Krishna, Ranjay and Beukema, Patrick}, title = {OlmoEarth: Stable Latent Image Modeling for Multimodal Earth Observation}, booktitle = {Proceedings of the IEEE/CVF Conference on Computer Vision and Pattern Recognition (CVPR)}, month = {June}, year = {2026}, pages = {34806-34817} }"
Zhang_Markovian_Scale_Prediction_A_New_Era_of_Visual_Autoregressive_Generation_CVPR_2026_paper,2026,1,SelfSupervised_Representation,SelfSupervised_Representation,2.0,1.0,Markovian Scale Prediction: A New Era of Visual Autoregressive Generation,Yu Zhang; Jingyi Liu; Yiwei Shi; Qi Zhang; Duoqian Miao; Changwei Wang; Longbing Cao,7,41266-41277,True,https://openaccess.thecvf.com/content/CVPR2026/papers/Zhang_Markovian_Scale_Prediction_A_New_Era_of_Visual_Autoregressive_Generation_CVPR_2026_paper.pdf,https://openaccess.thecvf.com/content/CVPR2026/supplemental/Zhang_Markovian_Scale_Prediction_CVPR_2026_supplemental.pdf,https://openaccess.thecvf.com/content/CVPR2026/html/Zhang_Markovian_Scale_Prediction_A_New_Era_of_Visual_Autoregressive_Generation_CVPR_2026_paper.html,"Visual AutoRegressive modeling (VAR) based on next-scale prediction has revitalized autoregressive visual generation. Although its full-context dependency, i.e., modeling all previous scales for next-scale prediction, facilitates more stable and comprehensive representation learning by leveraging complete information flow, the resulting computational inefficiency and substantial overhead severely hinder VAR's practicality and scalability. This motivates us to develop a new VAR model with better performance and efficiency without full-context dependency. To address this, we reformulate VAR as a non-full-context Markov process, proposing Markov-VAR. It is achieved via Markovian Scale Prediction: we treat each scale as a Markov state and introduce a sliding window that compresses certain previous scales into a compact history vector to compensate for historical information loss owing to non-full-context dependency. Integrating the history vector with the Markov state yields a representative dynamic state that evolves under a Markov process. Extensive experiments demonstrate that Markov-VAR is extremely simple yet highly effective: Compared to VAR on ImageNet, Markov-VAR reduces FID by 10.5% (256x256) and decreases peak memory consumption by 83.8% (1024x1024). We believe Markov-VAR can serve as a foundation for future research on visual autoregressive generation and other downstream tasks. Project Page.","@InProceedings{Zhang_2026_CVPR, author = {Zhang, Yu and Liu, Jingyi and Shi, Yiwei and Zhang, Qi and Miao, Duoqian and Wang, Changwei and Cao, Longbing}, title = {Markovian Scale Prediction: A New Era of Visual Autoregressive Generation}, booktitle = {Proceedings of the IEEE/CVF Conference on Computer Vision and Pattern Recognition (CVPR)}, month = {June}, year = {2026}, pages = {41266-41277} }"
Wu_Progressive_Mask_Distillation_for_Self-supervised_Video_Representation_CVPR_2026_paper,2026,1,SelfSupervised_Representation,SelfSupervised_Representation|Video_Action_Recognition,12.0,0.0,Progressive Mask Distillation for Self-supervised Video Representation,Kewei Wu; Chong Liang; Zhao Xie; Dan Guo,4,41677-41687,True,https://openaccess.thecvf.com/content/CVPR2026/papers/Wu_Progressive_Mask_Distillation_for_Self-supervised_Video_Representation_CVPR_2026_paper.pdf,,https://openaccess.thecvf.com/content/CVPR2026/html/Wu_Progressive_Mask_Distillation_for_Self-supervised_Video_Representation_CVPR_2026_paper.html,"Masked visual modeling is a self-supervised learning task that does not use visual annotations. It aims to learn discriminative representations via a mask-reconstruction task. A single mask ratio in reconstruction may fail to capture complex semantics, which motivates dynamic masking strategies. In this work, we propose Progressive Mask Distillation (PMD), which utilizes dynamic mask ratios to facilitate progressive semantic learning from easy to hard. PMD integrates three key components: a progressive student distiller, a difficulty-aware region enhancer, and a cross-layer feature aligner. First, to capture dynamic visual semantics, we design a progressive student distiller that trains multiple student models with progressively increasing mask ratios. The early-phase student (with a low mask ratio) learns easy, low-level semantics from more visible tokens. This learned knowledge then guides the next-phase student (with a higher mask ratio) to capture hard, high-level semantics from fewer visible tokens. This progressive distillation mechanism enhances detail reconstruction at a high mask ratio. Second, to alleviate insufficient learning of semantic regions, we design a difficulty-aware region enhancer. We first smooth the region reconstruction loss to reduce large fluctuations across training epochs. The smoothed loss is then used to learn region-level weights, prioritizing accurate learning of regions with large reconstruction losses. Third, to further bridge the semantic gap across network layers, we design cross-layer feature alignment. This module aligns features across shallow, middle, and deep encoder layers, ensuring that shallow-layer features incorporate semantic information from deeper layers. Extensive experiments demonstrate that our method achieves state-of-the-art performance on the Something-Something V2, Kinetics-400, UCF-101, and HMDB-51 datasets.","@InProceedings{Wu_2026_CVPR, author = {Wu, Kewei and Liang, Chong and Xie, Zhao and Guo, Dan}, title = {Progressive Mask Distillation for Self-supervised Video Representation}, booktitle = {Proceedings of the IEEE/CVF Conference on Computer Vision and Pattern Recognition (CVPR)}, month = {June}, year = {2026}, pages = {41677-41687} }"
Zhang_DiffuView_Multi-View_Diffusion_Pretraining_for_3D_Aware_Robotic_Manipulation_CVPR_2026_paper,2026,0,Embodied_AI_Robotics,Embodied_AI_Robotics|SelfSupervised_Representation,27.0,0.593,DiffuView: Multi-View Diffusion Pretraining for 3D Aware Robotic Manipulation,Kaizhao Zhang; Tian Niu; Tianyu Liu; Chenen Guo; Zijun Xu; Qingda Hu; Wenchao Ding,7,23601-23611,True,https://openaccess.thecvf.com/content/CVPR2026/papers/Zhang_DiffuView_Multi-View_Diffusion_Pretraining_for_3D_Aware_Robotic_Manipulation_CVPR_2026_paper.pdf,https://openaccess.thecvf.com/content/CVPR2026/supplemental/Zhang_DiffuView_Multi-View_Diffusion_CVPR_2026_supplemental.pdf,https://openaccess.thecvf.com/content/CVPR2026/html/Zhang_DiffuView_Multi-View_Diffusion_Pretraining_for_3D_Aware_Robotic_Manipulation_CVPR_2026_paper.html,"Robotic manipulation from visual observations remains challenging due to the lack of 3D consistent representations that can generalize across diverse viewpoints and sensor configurations. Existing approaches often rely on masked autoencoders or neural scene representations, which fail to capture cross view correspondences. Crucially, while multi-view diffusion models have recently shown tremendous success in 3D aware generative synthesis, their powerful representations offer a promising direction for achieving viewpoint robust visuomotor control. In this paper, we introduce DiffuView, a novel framework that learns unified 3D aware representations through multi-view diffusion pretraining and deploys them for imitation learning. Specifically, DiffuView models the conditional generation of target views given source observations within a diffusion framework, enabling the network to implicitly recover scene geometry and enforce view consistency. The pretrained diffusion network is then utilized as a powerful visual backbone for an action policy, allowing robust control under varying viewpoints and visual conditions. We evaluate DiffuView on two challenging benchmarks, MetaWorld and Libero. Extensive experiments in both simulation and realworld scenarios demonstrate that DiffuView achieves superior generalization, improving success rates under viewpoint shifts by nearly 20% compared with existing methods.","@InProceedings{Zhang_2026_CVPR, author = {Zhang, Kaizhao and Niu, Tian and Liu, Tianyu and Guo, Chenen and Xu, Zijun and Hu, Qingda and Ding, Wenchao}, title = {DiffuView: Multi-View Diffusion Pretraining for 3D Aware Robotic Manipulation}, booktitle = {Proceedings of the IEEE/CVF Conference on Computer Vision and Pattern Recognition (CVPR)}, month = {June}, year = {2026}, pages = {23601-23611} }"
Xie_BD-Merging_Bias-Aware_Dynamic_Model_Merging_with_Evidence-Guided_Contrastive_Learning_CVPR_2026_paper,2026,1,SelfSupervised_Representation,SelfSupervised_Representation|Trustworthy_Security_Privacy,14.0,0.0,BD-Merging: Bias-Aware Dynamic Model Merging with Evidence-Guided Contrastive Learning,Yuhan Xie; Chen Lyu,2,12892-12901,True,https://openaccess.thecvf.com/content/CVPR2026/papers/Xie_BD-Merging_Bias-Aware_Dynamic_Model_Merging_with_Evidence-Guided_Contrastive_Learning_CVPR_2026_paper.pdf,,https://openaccess.thecvf.com/content/CVPR2026/html/Xie_BD-Merging_Bias-Aware_Dynamic_Model_Merging_with_Evidence-Guided_Contrastive_Learning_CVPR_2026_paper.html,"Model Merging (MM) has emerged as a scalable paradigm for multi-task learning (MTL), enabling multiple task-specific models to be integrated without revisiting the original training data. Despite recent progress, the reliability of MM under test-time distribution shift remains insufficiently understood. Most existing MM methods typically assume that test data are clean and distributionally aligned with both the training and auxiliary sources. However, this assumption rarely holds in practice, often resulting in biased predictions with degraded generalization. To address this issue, we present BD-Merging, a bias-aware unsupervised model merging framework that explicitly models uncertainty to achieve adaptive reliability under distribution shift. First, BD-Merging introduces a joint evidential head that learns uncertainty over a unified label space, capturing cross-task semantic dependencies in MM. Second, building upon this evidential foundation, we propose an Adjacency Discrepancy Score (ADS) that quantifies evidential alignment among neighboring samples. Third, guided by ADS, a discrepancy-aware contrastive learning mechanism refines the merged representation by aligning consistent samples and separating conflicting ones. Combined with general unsupervised learning, this process trains a debiased router that adaptively allocates task-specific or layer-specific weights on a per-sample basis, effectively mitigating the adverse effects of distribution shift. Extensive experiments across diverse tasks demonstrate that BD-Merging achieves superior effectiveness and robustness compared to state-of-the-art MM baselines.","@InProceedings{Xie_2026_CVPR, author = {Xie, Yuhan and Lyu, Chen}, title = {BD-Merging: Bias-Aware Dynamic Model Merging with Evidence-Guided Contrastive Learning}, booktitle = {Proceedings of the IEEE/CVF Conference on Computer Vision and Pattern Recognition (CVPR)}, month = {June}, year = {2026}, pages = {12892-12901} }"
Zhang_CARE_A_Molecular-Guided_Foundation_Model_with_Adaptive_Region_Modeling_for_CVPR_2026_paper,2026,1,SelfSupervised_Representation,SelfSupervised_Representation|Medical_Bio_RemoteSensing,27.0,0.593,CARE: A Molecular-Guided Foundation Model with Adaptive Region Modeling for Whole Slide Image Analysis,Di Zhang; Zhangpeng Gong; Xiaobo Pang; Jiashuai Liu; Junbo Lu; Hao Cui; Jiusong Ge; Zhi Zeng; Kai Yi; Yinghua Li; Si Liu; Tingsong Yu; Haoran Wang; Mireia Crispin-Ortuzar; Weimiao Yu; Chen Li; Zeyu Gao,17,21078-21088,True,https://openaccess.thecvf.com/content/CVPR2026/papers/Zhang_CARE_A_Molecular-Guided_Foundation_Model_with_Adaptive_Region_Modeling_for_CVPR_2026_paper.pdf,https://openaccess.thecvf.com/content/CVPR2026/supplemental/Zhang_CARE_A_Molecular-Guided_CVPR_2026_supplemental.pdf,https://openaccess.thecvf.com/content/CVPR2026/html/Zhang_CARE_A_Molecular-Guided_Foundation_Model_with_Adaptive_Region_Modeling_for_CVPR_2026_paper.html,"Foundation models have achieved success in computational pathology, demonstrating generalization across histopathology tasks. However, existing models overlook the heterogeneous and non-uniform organization of regions of interest (ROIs) because they rely on natural image backbones not tailored for tissue morphology. Consequently, they fail to capture the coherent tissue architecture beyond patches, limiting interpretability and clinical relevance. To address these challenges, we present Cross-modal Adaptive Region Encoder (CARE), a foundation model for pathology that partitions WSIs into several morphologically relevant regions. Specifically, CARE employs a two-stage pretraining strategy: (1) a self-supervised unimodal pretraining stage that learns morphological representations from 34,277 whole-slide images (WSIs) without segmentation annotations, and (2) a cross-modal alignment stage that leverages RNA and protein profiles to refine the construction and representation of adaptive regions. This molecular guidance enables CARE to identify biologically relevant patterns and generate irregular yet coherent tissue regions, selecting the representative area as ROI. CARE supports a broad range of pathology-related tasks, using either the ROI feature or the slide-level feature obtained by aggregating adaptive regions. Based on only one-tenth of the pretraining data typically used by mainstream foundation models, CARE achieves superior average performance across 33 downstream benchmarks, including morphological classification, molecular prediction, and survival analysis, and outperforms other foundation model baselines overall.","@InProceedings{Zhang_2026_CVPR, author = {Zhang, Di and Gong, Zhangpeng and Pang, Xiaobo and Liu, Jiashuai and Lu, Junbo and Cui, Hao and Ge, Jiusong and Zeng, Zhi and Yi, Kai and Li, Yinghua and Liu, Si and Yu, Tingsong and Wang, Haoran and Crispin-Ortuzar, Mireia and Yu, Weimiao and Li, Chen and Gao, Zeyu}, title = {CARE: A Molecular-Guided Foundation Model with Adaptive Region Modeling for Whole Slide Image Analysis}, booktitle = {Proceedings of the IEEE/CVF Conference on Computer Vision and Pattern Recognition (CVPR)}, month = {June}, year = {2026}, pages = {21078-21088} }"
Shen_R2-Seg_Training-Free_OOD_Medical_Tumor_Segmentation_via_Anatomical_Reasoning_and_CVPR_2026_paper,2026,0,Medical_Bio_RemoteSensing,Medical_Bio_RemoteSensing|Transfer_FewShot_DomainAdaptation|Segmentation|SelfSupervised_Representation,21.0,0.286,R2-Seg: Training-Free OOD Medical Tumor Segmentation via Anatomical Reasoning and Statistical Rejection,Shuaike Shen; Ke Liu; Jiaqing Xie; Shangde Gao; Chunhua Shen; Ge Liu; Mireia Crispin-Ortuzar; Shangqi Gao,8,21669-21678,True,https://openaccess.thecvf.com/content/CVPR2026/papers/Shen_R2-Seg_Training-Free_OOD_Medical_Tumor_Segmentation_via_Anatomical_Reasoning_and_CVPR_2026_paper.pdf,https://openaccess.thecvf.com/content/CVPR2026/supplemental/Shen_R2-Seg_Training-Free_OOD_CVPR_2026_supplemental.pdf,https://openaccess.thecvf.com/content/CVPR2026/html/Shen_R2-Seg_Training-Free_OOD_Medical_Tumor_Segmentation_via_Anatomical_Reasoning_and_CVPR_2026_paper.html,"Foundation models for medical image segmentation struggle under out-of-distribution (OOD) shifts, often producing fragmented false positives on OOD tumors. We introduce **R^2-Seg**, a **training-free** framework for robust OOD tumor segmentation that operates via a two-stage **Reason-and-Reject** process. First, the **Reason** step employs an LLM-guided anatomical reasoning planner to localize organ anchors and generate multi-scale ROIs. Second, the **Reject** step applies two-sample statistical testing to candidates generated by a frozen foundation model (BiomedParse) within these ROIs. This statistical rejection filter retains only candidates significantly different from normal tissue, effectively suppressing false positives. Our framework requires no parameter updates, making it compatible with zero-update test-time augmentation and avoiding catastrophic forgetting. On multi-center and multi-modal tumor segmentation benchmarks, **R^2-Seg** substantially improves Dice, specificity, and sensitivity over strong baselines and the original foundation models.","@InProceedings{Shen_2026_CVPR, author = {Shen, Shuaike and Liu, Ke and Xie, Jiaqing and Gao, Shangde and Shen, Chunhua and Liu, Ge and Crispin-Ortuzar, Mireia and Gao, Shangqi}, title = {R2-Seg: Training-Free OOD Medical Tumor Segmentation via Anatomical Reasoning and Statistical Rejection}, booktitle = {Proceedings of the IEEE/CVF Conference on Computer Vision and Pattern Recognition (CVPR)}, month = {June}, year = {2026}, pages = {21669-21678} }"
Li_Seeing_Depth_Through_Frequency_and_Motion_A_Progressive_Training_Paradigm_CVPR_2026_paper,2026,0,LowLevel_Flow_Depth_Matching,LowLevel_Flow_Depth_Matching|Recognition_Classification|SelfSupervised_Representation,12.0,0.5,Seeing Depth Through Frequency and Motion: A Progressive Training Paradigm for Monocular Depth Estimation,Ke Li; Bolin Song; Hongbo Liu,3,26845-26854,True,https://openaccess.thecvf.com/content/CVPR2026/papers/Li_Seeing_Depth_Through_Frequency_and_Motion_A_Progressive_Training_Paradigm_CVPR_2026_paper.pdf,https://openaccess.thecvf.com/content/CVPR2026/supplemental/Li_Seeing_Depth_Through_CVPR_2026_supplemental.pdf,https://openaccess.thecvf.com/content/CVPR2026/html/Li_Seeing_Depth_Through_Frequency_and_Motion_A_Progressive_Training_Paradigm_CVPR_2026_paper.html,"Self-supervised monocular depth estimation has achieved remarkable progress in recent years, yet frequency aliasing and the lack of fine-grained cross-frame motion modeling still lead to blurred depth boundaries and suboptimal camera motion estimation.To address these challenges, we propose a progressive self-supervised framework that integrates a Frequency-Guided Depth Network (FGDepth) and a PoseQuery Network (PQNet). FGDepth incorporates a plug-and-play Frequency-Guided Sampling module that explicitly enhances high-frequency details and suppresses aliasing artifacts, producing depth maps with sharper boundaries. PQNet employs channel-aligned attention to model fine-grained cross-frame motion features, enabling more accurate and robust camera motion estimation. Furthermore, we design a progressive three-stage decoupled training strategy that effectively leverages the complementarity between depth and pose estimation, further improving overall performance.Extensive experiments on the KITTI benchmark demonstrate state-of-the-art performance, achieving a 4.1% reduction in Sq Rel over strong baselines, and our method also exhibits excellent cross-dataset generalization on Make3D. Ablation studies further validate the effectiveness of each proposed component.","@InProceedings{Li_2026_CVPR, author = {Li, Ke and Song, Bolin and Liu, Hongbo}, title = {Seeing Depth Through Frequency and Motion: A Progressive Training Paradigm for Monocular Depth Estimation}, booktitle = {Proceedings of the IEEE/CVF Conference on Computer Vision and Pattern Recognition (CVPR)}, month = {June}, year = {2026}, pages = {26845-26854} }"
Wei_fMRI-LM_Towards_a_Universal_Foundation_Model_for_Language-Aligned_fMRI_Understanding_CVPR_2026_paper,2026,0,LLM_Reasoning_Agent,LLM_Reasoning_Agent|SelfSupervised_Representation,13.0,0.308,fMRI-LM: Towards a Universal Foundation Model for Language-Aligned fMRI Understanding,Yuxiang Wei; Yanteng Zhang; Xi Xiao; Chengxuan Qian; Tianyang Wang; Vince D. Calhoun,6,6931-6940,True,https://openaccess.thecvf.com/content/CVPR2026/papers/Wei_fMRI-LM_Towards_a_Universal_Foundation_Model_for_Language-Aligned_fMRI_Understanding_CVPR_2026_paper.pdf,https://openaccess.thecvf.com/content/CVPR2026/supplemental/Wei_fMRI-LM_Towards_a_CVPR_2026_supplemental.pdf,https://openaccess.thecvf.com/content/CVPR2026/html/Wei_fMRI-LM_Towards_a_Universal_Foundation_Model_for_Language-Aligned_fMRI_Understanding_CVPR_2026_paper.html,"Recent advances in multimodal large language models (LLMs) have enabled unified reasoning across images, audio, and video, but extending such capability to brain imaging remains largely unexplored. Bridging this gap is essential to link neural activity with semantic cognition and to develop cross-modal brain representations. To this end, we present fMRI-LM, a foundational model that bridges functional MRI (fMRI) and language through a three-stage framework. In Stage 1, we learn a neural tokenizer that maps fMRI into discrete tokens embedded in a language-consistent space. In Stage 2, a pretrained LLM is adapted to jointly model fMRI tokens and text, treating brain activity as a sequence that can be temporally predicted and linguistically described. To overcome the lack of natural fMRI-text pairs, we construct a large descriptive corpus that translates diverse imaging-based features into structured textual descriptors, capturing the low-level organization of fMRI signals. In Stage 3, we perform multi-task, multi-paradigm instruction tuning to endow fMRI-LM with high-level semantic understanding, supporting diverse downstream applications. Across various benchmarks, fMRI-LM achieves strong zero-shot and few-shot performance, and adapts efficiently with parameter-efficient tuning (LoRA), establishing a scalable pathway toward a language-aligned, universal model for structural and semantic understanding of fMRI.","@InProceedings{Wei_2026_CVPR, author = {Wei, Yuxiang and Zhang, Yanteng and Xiao, Xi and Qian, Chengxuan and Wang, Tianyang and Calhoun, Vince D.}, title = {fMRI-LM: Towards a Universal Foundation Model for Language-Aligned fMRI Understanding}, booktitle = {Proceedings of the IEEE/CVF Conference on Computer Vision and Pattern Recognition (CVPR)}, month = {June}, year = {2026}, pages = {6931-6940} }"
Wang_Mocap-2-to-3_Multi-view_Lifting_for_Monocular_Motion_Recovery_with_2D_Pretraining_CVPR_2026_paper,2026,0,Human_Pose_Body,Human_Pose_Body|SelfSupervised_Representation,7.0,0.143,Mocap-2-to-3: Multi-view Lifting for Monocular Motion Recovery with 2D Pretraining,Zhumei Wang; Zechen Hu; Ruoxi Guo; Huaijin Pi; Ziyong Feng; Liang Zhang; Mingtao Pei; Siyuan Huang,8,42869-42878,True,https://openaccess.thecvf.com/content/CVPR2026/papers/Wang_Mocap-2-to-3_Multi-view_Lifting_for_Monocular_Motion_Recovery_with_2D_Pretraining_CVPR_2026_paper.pdf,https://openaccess.thecvf.com/content/CVPR2026/supplemental/Wang_Mocap-2-to-3_Multi-view_Lifting_CVPR_2026_supplemental.pdf,https://openaccess.thecvf.com/content/CVPR2026/html/Wang_Mocap-2-to-3_Multi-view_Lifting_for_Monocular_Motion_Recovery_with_2D_Pretraining_CVPR_2026_paper.html,"Human motion recovery for real-world interaction demands both precise action details and metric-scale trajectories. Recovering absolute human pose from monocular input presents a viable solution, but faces two main challenges: (1) models' reliance on 3D training data from constrained environments limits their out-of-distribution generalization; and (2) the inherent difficulty of estimating metric-scale poses from monocular observations. This paper introduces Mocap-2-to-3, a novel framework that differs from prior HMR methods by recovering absolute poses from monocular input and leveraging abundant 2D data to enhance 3D motion recovery. To effectively utilize the action priors and diversity in large-scale 2D datasets, we reformulate 3D motion as a multi-view synthesis process and divide the training into two stages: a single-view diffusion model is first pre-trained on extensive 2D data, followed by multi-view fine-tuning on 3D data, thus achieving a combination of strong priors and geometric constraints. Furthermore, to recover absolute poses, we introduce a novel human motion representation that decouples the learning of local pose and global movements, while encoding ground geometric priors to accelerate convergence, thereby yielding more precise positioning in the physical world. Experiments on in-the-wild benchmarks show that our method outperforms state-of-the-art approaches in both camera-space motion realism and world-grounded human positioning, while exhibiting strong generalization capability.","@InProceedings{Wang_2026_CVPR, author = {Wang, Zhumei and Hu, Zechen and Guo, Ruoxi and Pi, Huaijin and Feng, Ziyong and Zhang, Liang and Pei, Mingtao and Huang, Siyuan}, title = {Mocap-2-to-3: Multi-view Lifting for Monocular Motion Recovery with 2D Pretraining}, booktitle = {Proceedings of the IEEE/CVF Conference on Computer Vision and Pattern Recognition (CVPR)}, month = {June}, year = {2026}, pages = {42869-42878} }"
Yamada_3D_sans_3D_Scans_Scalable_Pre-training_from_Video-Generated_Point_Clouds_CVPR_2026_paper,2026,0,3D_Reconstruction,3D_Reconstruction|SelfSupervised_Representation,19.0,0.105,3D sans 3D Scans: Scalable Pre-training from Video-Generated Point Clouds,Ryousuke Yamada; Kohsuke Ide; Yoshihiro Fukuhara; Hirokatsu Kataoka; Gilles Puy; Andrei Bursuc; Yuki M. Asano,7,39075-39085,True,https://openaccess.thecvf.com/content/CVPR2026/papers/Yamada_3D_sans_3D_Scans_Scalable_Pre-training_from_Video-Generated_Point_Clouds_CVPR_2026_paper.pdf,https://openaccess.thecvf.com/content/CVPR2026/supplemental/Yamada_3D_sans_3D_CVPR_2026_supplemental.pdf,https://openaccess.thecvf.com/content/CVPR2026/html/Yamada_3D_sans_3D_Scans_Scalable_Pre-training_from_Video-Generated_Point_Clouds_CVPR_2026_paper.html,"Despite recent progress in 3D self-supervised learning, collecting large-scale 3D scene scans remains expensive and labor-intensive. In this work, we investigate whether 3D representations can be learned from unlabeled videos recorded without any real 3D sensors. We present Laplacian-Aware Multi-level 3D Clustering with Sinkhorn-Knopp (LAM3C), a self-supervised framework that learns from video-generated point clouds reconstructed from unlabeled videos. We first introduce RoomTours, a video-generated point cloud dataset constructed by collecting room-walkthrough videos from the web (e.g., real-estate tours) and generating 49,219 scenes using an off-the-shelf feed-forward reconstruction model. We also propose a noise-regularized loss that stabilizes representation learning by enforcing local geometric smoothness and ensuring feature stability under noisy point clouds. Remarkably, without using any real 3D scans, LAM3C achieves better performance than previous self-supervised methods on indoor semantic and instance segmentation. These results suggest that unlabeled videos represent an abundant source of data for 3D self-supervised learning. Our source code is available at https://github.com/ryosuke-yamada/lam3c.","@InProceedings{Yamada_2026_CVPR, author = {Yamada, Ryousuke and Ide, Kohsuke and Fukuhara, Yoshihiro and Kataoka, Hirokatsu and Puy, Gilles and Bursuc, Andrei and Asano, Yuki M.}, title = {3D sans 3D Scans: Scalable Pre-training from Video-Generated Point Clouds}, booktitle = {Proceedings of the IEEE/CVF Conference on Computer Vision and Pattern Recognition (CVPR)}, month = {June}, year = {2026}, pages = {39075-39085} }"
Jun_FlowFixer_Towards_Detail-Preserving_Subject-Driven_Generation_CVPR_2026_paper,2026,1,SelfSupervised_Representation,SelfSupervised_Representation,6.0,0.5,FlowFixer: Towards Detail-Preserving Subject-Driven Generation,Jinyoung Jun; Won-Dong Jang; Wenbin Ouyang; Raghudeep Gadde; Jungbeom Lee,5,22049-22058,True,https://openaccess.thecvf.com/content/CVPR2026/papers/Jun_FlowFixer_Towards_Detail-Preserving_Subject-Driven_Generation_CVPR_2026_paper.pdf,https://openaccess.thecvf.com/content/CVPR2026/supplemental/Jun_FlowFixer_Towards_Detail-Preserving_CVPR_2026_supplemental.pdf,https://openaccess.thecvf.com/content/CVPR2026/html/Jun_FlowFixer_Towards_Detail-Preserving_Subject-Driven_Generation_CVPR_2026_paper.html,"We present FlowFixer, a refinement framework for subject-driven generation (SDG) that restores fine details lost during generation caused by changes in scale and perspective of a subject. FlowFixer proposes direct image-to-image translation from visual references, avoiding ambiguities in language prompts. To enable image-to-image training, we introduce a one-step denoising scheme to generate self-supervised training data, which automatically removes high-frequency details while preserving global structure, effectively simulating real-world SDG errors. We further propose a keypoint matching-based metric to properly assess fidelity in details beyond semantic similarities usually measured by CLIP or DINO. Experimental results demonstrate that FlowFixer outperforms state-of-the-art SDG methods in both qualitative and quantitative evaluations, setting a new benchmark for high-fidelity subject-driven generation.","@InProceedings{Jun_2026_CVPR, author = {Jun, Jinyoung and Jang, Won-Dong and Ouyang, Wenbin and Gadde, Raghudeep and Lee, Jungbeom}, title = {FlowFixer: Towards Detail-Preserving Subject-Driven Generation}, booktitle = {Proceedings of the IEEE/CVF Conference on Computer Vision and Pattern Recognition (CVPR)}, month = {June}, year = {2026}, pages = {22049-22058} }"
Chen_Scaling_Dense_Event-Stream_Pretraining_from_Visual_Foundation_Models_CVPR_2026_paper,2026,1,SelfSupervised_Representation,SelfSupervised_Representation,25.0,0.88,Scaling Dense Event-Stream Pretraining from Visual Foundation Models,Zhiwen Chen; Junhui Hou; Zhiyu Zhu; Jinjian Wu; Guangming Shi,5,8011-8022,True,https://openaccess.thecvf.com/content/CVPR2026/papers/Chen_Scaling_Dense_Event-Stream_Pretraining_from_Visual_Foundation_Models_CVPR_2026_paper.pdf,https://openaccess.thecvf.com/content/CVPR2026/supplemental/Chen_Scaling_Dense_Event-Stream_CVPR_2026_supplemental.pdf,https://openaccess.thecvf.com/content/CVPR2026/html/Chen_Scaling_Dense_Event-Stream_Pretraining_from_Visual_Foundation_Models_CVPR_2026_paper.html,"Learning versatile, fine-grained representations from irregular event streams is pivotal yet nontrivial, primarily due to the heavy annotation that hinders scalability in dataset size, semantic richness, and application scope. To mitigate this dilemma, we launch a novel self-supervised pretraining method that distills visual foundation models (VFMs) to push the boundaries of event representation at scale. Specifically, we curate an extensive synchronized image-event collection to amplify cross-modal alignment. Nevertheless, due to inherent mismatches in sparsity and granularity between image-event domains, existing distillation paradigms are prone to semantic collapse in event representations, particularly at high resolutions. To bridge this gap, we propose to extend the alignment objective to semantic structures provided off-the-shelf by VFMs, indicating a broader receptive field and stronger supervision. The key ingredient of our method is a structure-aware distillation loss that grounds higher-quality image-event correspondences for alignment, optimizing dense event representations. Extensive experiments demonstrate that our approach takes a great leap in downstream benchmarks, significantly surpassing traditional methods and existing pretraining techniques. This breakthrough manifests in enhanced generalization, superior data efficiency and elevated transferability. The source code will be available.","@InProceedings{Chen_2026_CVPR, author = {Chen, Zhiwen and Hou, Junhui and Zhu, Zhiyu and Wu, Jinjian and Shi, Guangming}, title = {Scaling Dense Event-Stream Pretraining from Visual Foundation Models}, booktitle = {Proceedings of the IEEE/CVF Conference on Computer Vision and Pattern Recognition (CVPR)}, month = {June}, year = {2026}, pages = {8011-8022} }"
Liu_From_Static_to_Dynamic_Exploring_Self-supervised_Image-to-Video_Representation_Transfer_Learning_CVPR_2026_paper,2026,0,Video_Action_Recognition,Video_Action_Recognition|SelfSupervised_Representation|Transfer_FewShot_DomainAdaptation,18.0,0.222,From Static to Dynamic: Exploring Self-supervised Image-to-Video Representation Transfer Learning,Yang Liu; Qianqian Xu; Peisong Wen; Siran Dai; Xilin Zhao; Qingming Huang,6,31250-31261,True,https://openaccess.thecvf.com/content/CVPR2026/papers/Liu_From_Static_to_Dynamic_Exploring_Self-supervised_Image-to-Video_Representation_Transfer_Learning_CVPR_2026_paper.pdf,https://openaccess.thecvf.com/content/CVPR2026/supplemental/Liu_From_Static_to_CVPR_2026_supplemental.pdf,https://openaccess.thecvf.com/content/CVPR2026/html/Liu_From_Static_to_Dynamic_Exploring_Self-supervised_Image-to-Video_Representation_Transfer_Learning_CVPR_2026_paper.html,"Recent studies have made notable progress in video representation learning by transferring image-pretrained models to video tasks, typically with complex temporal modules and video fine-tuning. However, fine-tuning heavy modules may compromise inter-video semantic separability, i.e., the essential ability to distinguish objects across videos. While reducing the tunable parameters hinders their intra-video temporal consistency, which is required for stable representations of the same object within a video. This dilemma indicates a potential trade-off between the intra-video temporal consistency and inter-video semantic separability during image-to-video transfer. To this end, we propose the Consistency-Separability Trade-off Transfer Learning (Co-Settle) framework, which applies a lightweight projection layer on top of the frozen image-pretrained encoder to adjust representation space with a temporal cycle consistency objective and a semantic separability constraint. We further provide a theoretical support showing that the optimized projection yields a better trade-off between the two properties under appropriate conditions. Experiments on eight image-pretrained models demonstrate consistent improvements across multiple levels of video tasks with only five epochs of self-supervised training. The code is available at https://github.com/yafeng19/Co-Settle.","@InProceedings{Liu_2026_CVPR, author = {Liu, Yang and Xu, Qianqian and Wen, Peisong and Dai, Siran and Zhao, Xilin and Huang, Qingming}, title = {From Static to Dynamic: Exploring Self-supervised Image-to-Video Representation Transfer Learning}, booktitle = {Proceedings of the IEEE/CVF Conference on Computer Vision and Pattern Recognition (CVPR)}, month = {June}, year = {2026}, pages = {31250-31261} }"
Shao_Depth_Any_Endoscopy_Towards_Self-Supervised_Generalizable_Depth_Estimation_in_Monocular_CVPR_2026_paper,2026,0,LowLevel_Flow_Depth_Matching,LowLevel_Flow_Depth_Matching|SelfSupervised_Representation,18.0,0.167,Depth Any Endoscopy: Towards Self-Supervised Generalizable Depth Estimation in Monocular Endoscopy,Shuwei Shao; Kejin Zhu; Shixing Ma; Xinzhe Du; Baochang Zhang; Zhe Min,6,34126-34137,True,https://openaccess.thecvf.com/content/CVPR2026/papers/Shao_Depth_Any_Endoscopy_Towards_Self-Supervised_Generalizable_Depth_Estimation_in_Monocular_CVPR_2026_paper.pdf,https://openaccess.thecvf.com/content/CVPR2026/supplemental/Shao_Depth_Any_Endoscopy_CVPR_2026_supplemental.pdf,https://openaccess.thecvf.com/content/CVPR2026/html/Shao_Depth_Any_Endoscopy_Towards_Self-Supervised_Generalizable_Depth_Estimation_in_Monocular_CVPR_2026_paper.html,"Monocular depth estimation serves as a core technique in endoscopic applications such as 3D reconstruction and localization. However, most existing methods focus primarily on in-domain depth estimation, which limits their robustness and prevents them from delivering impressive cross-domain performance, due to variations in depth distributions, illumination conditions, and texture patterns. In this work, we propose Depth Any Endoscopy (DAE), a novel self-supervised framework for generalizable depth estimation in monocular endoscopy. To specify, we develop a dual-level Mixture-of-Experts (MoE) adaptation paradigm that effectively tailors Vision Foundation Models to diverse endoscopic procedures, such as laparoscopy and colonoscopy, accounting for the challenges posed by varying environments. Internally, we integrate LoRA and Adapter modules within the MoE architecture, allowing the model to flexibly adapt to the characteristics of input data. Externally, a mixture of domain-specific experts provides customized guidance to enhance the training stability. In addition, we introduce a learnable gradient harmonization mechanism to dynamically balance the optimization between the depth and pose networks, along with a semantic distribution calibration module that strengthens the semantic consistency of depth predictions. Extensive experiments demonstrate that the proposed DAE achieves state-of-the-art performance in both zero-shot and in-domain depth estimation scenarios. The source code is publicly available at https://github.com/ShuweiShao/DAE.","@InProceedings{Shao_2026_CVPR, author = {Shao, Shuwei and Zhu, Kejin and Ma, Shixing and Du, Xinzhe and Zhang, Baochang and Min, Zhe}, title = {Depth Any Endoscopy: Towards Self-Supervised Generalizable Depth Estimation in Monocular Endoscopy}, booktitle = {Proceedings of the IEEE/CVF Conference on Computer Vision and Pattern Recognition (CVPR)}, month = {June}, year = {2026}, pages = {34126-34137} }"
Shan_Next-Scale_Prediction_A_Self-Supervised_Approach_for_Real-World_Image_Denoising_CVPR_2026_paper,2026,0,Restoration_Enhancement,Restoration_Enhancement|SelfSupervised_Representation,18.0,0.0,Next-Scale Prediction: A Self-Supervised Approach for Real-World Image Denoising,Yiwen Shan; Haiyu Zhao; Peng Hu; Xi Peng; Yuanbiao Gou,5,22669-22678,True,https://openaccess.thecvf.com/content/CVPR2026/papers/Shan_Next-Scale_Prediction_A_Self-Supervised_Approach_for_Real-World_Image_Denoising_CVPR_2026_paper.pdf,,https://openaccess.thecvf.com/content/CVPR2026/html/Shan_Next-Scale_Prediction_A_Self-Supervised_Approach_for_Real-World_Image_Denoising_CVPR_2026_paper.html,"Self-supervised real-world image denoising remains a fundamental challenge, arising from the antagonistic trade-off between decorrelating spatially structured noise and preserving high-frequency details. Existing blind-spot network (BSN) methods rely on pixel-shuffle downsampling (PD) to decorrelate noise, but aggressive downsampling fragments fine structures, while milder downsampling fails to remove correlated noise. To address this, we introduce Next-Scale Prediction (NSP), a novel self-supervised paradigm that decouples noise decorrelation from detail preservation. NSP constructs cross-scale training pairs, where BSN takes low-resolution, fully decorrelated sub-images as input to predict high-resolution targets that retain fine details. As a by-product, NSP naturally supports super-resolution of noisy images without retraining or modification. Extensive experiments demonstrate that NSP achieves state-of-the-art self-supervised denoising performance on real-world benchmarks, significantly alleviating the long-standing conflict between noise decorrelation and detail preservation. The code is available at https://github.com/XLearning-SCU/2026-CVPR-NSP.","@InProceedings{Shan_2026_CVPR, author = {Shan, Yiwen and Zhao, Haiyu and Hu, Peng and Peng, Xi and Gou, Yuanbiao}, title = {Next-Scale Prediction: A Self-Supervised Approach for Real-World Image Denoising}, booktitle = {Proceedings of the IEEE/CVF Conference on Computer Vision and Pattern Recognition (CVPR)}, month = {June}, year = {2026}, pages = {22669-22678} }"
Wu_OmniGen2_Towards_Instruction-Aligned_Multimodal_Generation_CVPR_2026_paper,2026,0,Vision_Language_Multimodal,Vision_Language_Multimodal|SelfSupervised_Representation,12.0,0.5,OmniGen2: Towards Instruction-Aligned Multimodal Generation,Chenyuan Wu; Jiahao Wang; Pengfei Zheng; Ruiran Yan; Shitao Xiao; Xin Luo; Yueze Wang; Wanli Li; Xiyan Jiang; Yexin Liu; Junjie Zhou; Ziyi Xia; Ze Liu; Chaofan Li; Haoge Deng; Kun Luo; Bo Zhang; Jiajun Zhang; Dong Liu; Defu Lian; Xinlong Wang; Zhongyuan Wang; Tiejun Huang; Zheng Liu,24,21964-21975,True,https://openaccess.thecvf.com/content/CVPR2026/papers/Wu_OmniGen2_Towards_Instruction-Aligned_Multimodal_Generation_CVPR_2026_paper.pdf,https://openaccess.thecvf.com/content/CVPR2026/supplemental/Wu_OmniGen2_Towards_Instruction-Aligned_CVPR_2026_supplemental.pdf,https://openaccess.thecvf.com/content/CVPR2026/html/Wu_OmniGen2_Towards_Instruction-Aligned_Multimodal_Generation_CVPR_2026_paper.html,"Multimodal generative models can process instructions in various modalities and demonstrate outstanding performance across a wide range of image generation tasks. However, their robustness in complex real-world scenarios remains limited due to insufficient generalized instruction alignment. We introduce OmniGen2, a unified multimodal generator designed to follow complex, fine-grained instructions. Our core contribution is a two-stage design that first builds a strong, world-knowledge-grounded foundation model and then aligns it using a progressive, multi-task instruction tuning strategy. The foundation model features a streamlined architecture with decoupled decoding for versatile multimodal generation and a novel positional encoding scheme to improve learning efficiency. We ground this model in real-world knowledge using large-scale data construction pipelines. Building on this foundation, we propose a progressive, reinforcement-based alignment process. This phase carefully schedules training tasks and reward signals to foster cross-task knowledge transfer, significantly improving the model's instruction-following capabilities. Our models demonstrate competitive performance on standard benchmarks and our dedicated in-context generation benchmark, OmniContext. We have released our models, code, benchmark, and training datasets at https://github.com/VectorSpaceLab/OmniGen2.","@InProceedings{Wu_2026_CVPR, author = {Wu, Chenyuan and Wang, Jiahao and Zheng, Pengfei and Yan, Ruiran and Xiao, Shitao and Luo, Xin and Wang, Yueze and Li, Wanli and Jiang, Xiyan and Liu, Yexin and Zhou, Junjie and Xia, Ziyi and Liu, Ze and Li, Chaofan and Deng, Haoge and Luo, Kun and Zhang, Bo and Zhang, Jiajun and Liu, Dong and Lian, Defu and Wang, Xinlong and Wang, Zhongyuan and Huang, Tiejun and Liu, Zheng}, title = {OmniGen2: Towards Instruction-Aligned Multimodal Generation}, booktitle = {Proceedings of the IEEE/CVF Conference on Computer Vision and Pattern Recognition (CVPR)}, month = {June}, year = {2026}, pages = {21964-21975} }"
Yuan_From_Panel_to_Pixel_Zoom-In_Vision-Language_Pretraining_from_Biomedical_Scientific_CVPR_2026_paper,2026,1,SelfSupervised_Representation,SelfSupervised_Representation|Vision_Language_Multimodal,10.0,0.1,From Panel to Pixel: Zoom-In Vision-Language Pretraining from Biomedical Scientific Literature,Kun Yuan; Min Sun; Zhen Chen; Alejandro Lozano; Xiangteng He; Shi Li; Nassir Navab; Xiaoxiao Sun; Nicolas Padoy; Serena Yeung-Levy,10,42649-42658,True,https://openaccess.thecvf.com/content/CVPR2026/papers/Yuan_From_Panel_to_Pixel_Zoom-In_Vision-Language_Pretraining_from_Biomedical_Scientific_CVPR_2026_paper.pdf,https://openaccess.thecvf.com/content/CVPR2026/supplemental/Yuan_From_Panel_to_CVPR_2026_supplemental.pdf,https://openaccess.thecvf.com/content/CVPR2026/html/Yuan_From_Panel_to_Pixel_Zoom-In_Vision-Language_Pretraining_from_Biomedical_Scientific_CVPR_2026_paper.html,"There is growing interest in biomedical vision--language models trained on scientific literature. However, most pipelines compress rich multi-panel figures and long captions into coarse figure-level pairs, discarding the fine-grained correspondences clinicians rely on when zooming into local structures. We introduce Panel2Patch, a data pipeline that mines hierarchical structure from multi-panel, marker-heavy biomedical figures and their surrounding text, and converts them into multi-granular supervision. Given figures and captions, Panel2Patch parses layouts, panels, and visual markers, then constructs aligned image--text pairs at the figure, panel, and region levels, preserving local semantics instead of treating each figure as a single sample. Built on this corpus, we develop a granularity-aware pretraining strategy that unifies heterogeneous objectives from coarse didactic descriptions to fine region-focused phrases in a shared embedding space. Applying Panel2Patch to a small subset of literature figures yields substantially better performance than prior pipelines, demonstrating that exploiting hierarchical figure structure can provide more effective supervision with less pretraining data.","@InProceedings{Yuan_2026_CVPR, author = {Yuan, Kun and Sun, Min and Chen, Zhen and Lozano, Alejandro and He, Xiangteng and Li, Shi and Navab, Nassir and Sun, Xiaoxiao and Padoy, Nicolas and Yeung-Levy, Serena}, title = {From Panel to Pixel: Zoom-In Vision-Language Pretraining from Biomedical Scientific Literature}, booktitle = {Proceedings of the IEEE/CVF Conference on Computer Vision and Pattern Recognition (CVPR)}, month = {June}, year = {2026}, pages = {42649-42658} }"
Im_Shape-of-You_Fused_Gromov-Wasserstein_Optimal_Transport_for_Semantic_Correspondence_in-the-Wild_CVPR_2026_paper,2026,0,LowLevel_Flow_Depth_Matching,LowLevel_Flow_Depth_Matching|SelfSupervised_Representation,18.0,0.556,Shape-of-You: Fused Gromov-Wasserstein Optimal Transport for Semantic Correspondence in-the-Wild,Jiin Im; Sisung Liu; Je Hyeong Hong,3,27730-27739,True,https://openaccess.thecvf.com/content/CVPR2026/papers/Im_Shape-of-You_Fused_Gromov-Wasserstein_Optimal_Transport_for_Semantic_Correspondence_in-the-Wild_CVPR_2026_paper.pdf,https://openaccess.thecvf.com/content/CVPR2026/supplemental/Im_Shape-of-You_Fused_Gromov-Wasserstein_CVPR_2026_supplemental.pdf,https://openaccess.thecvf.com/content/CVPR2026/html/Im_Shape-of-You_Fused_Gromov-Wasserstein_Optimal_Transport_for_Semantic_Correspondence_in-the-Wild_CVPR_2026_paper.html,"Semantic correspondence is essential for handling diverse in-the-wild images lacking explicit correspondence annotations. While recent 2D foundation models offer powerful features, adapting them for unsupervised learning via nearest-neighbor pseudo-labels has key limitations: it operates locally, ignoring structural relationships, and consequently its reliance on 2D appearance fails to resolve geometric ambiguities arising from symmetries or repetitive features. In this work, we address this by reformulating pseudo-label generation as a Fused Gromov-Wasserstein (FGW) problem, which jointly optimizes inter-feature similarity and intra-structural consistency. Our framework, Shape-of-You (SoY), leverages a 3D foundation model to define this intra-structure in the geometric space, resolving abovementioned ambiguity. However, since FGW is a computationally prohibitive quadratic problem, we approximate it through anchor-based linearization. The resulting probabilistic transport plan provides a structurally consistent but noisy supervisory signal. Thus, we introduce a soft-target loss dynamically blending guidance from this plan with network predictions to build a learning framework robust to this noise. SoY achieves state-of-the-art performance on SPair-71k and AP-10k datasets, establishing a new benchmark in semantic correspondence without explicit geometric annotations. Code is available at Shape-of-You.","@InProceedings{Im_2026_CVPR, author = {Im, Jiin and Liu, Sisung and Hong, Je Hyeong}, title = {Shape-of-You: Fused Gromov-Wasserstein Optimal Transport for Semantic Correspondence in-the-Wild}, booktitle = {Proceedings of the IEEE/CVF Conference on Computer Vision and Pattern Recognition (CVPR)}, month = {June}, year = {2026}, pages = {27730-27739} }"
Fan_SMV-EAR_Bring_Spatiotemporal_Multi-View_Representation_Learning_into_Efficient_Event-Based_Action_CVPR_2026_paper,2026,0,Video_Action_Recognition,Video_Action_Recognition|SelfSupervised_Representation,12.0,0.333,SMV-EAR: Bring Spatiotemporal Multi-View Representation Learning into Efficient Event-Based Action Recognition,Rui Fan; Weidong Hao; Juntao Guan; Lai Rui; Tong Wu; Fanhong Zeng; Lin Gu,7,6043-6053,True,https://openaccess.thecvf.com/content/CVPR2026/papers/Fan_SMV-EAR_Bring_Spatiotemporal_Multi-View_Representation_Learning_into_Efficient_Event-Based_Action_CVPR_2026_paper.pdf,https://openaccess.thecvf.com/content/CVPR2026/supplemental/Fan_SMV-EAR_Bring_Spatiotemporal_CVPR_2026_supplemental.pdf,https://openaccess.thecvf.com/content/CVPR2026/html/Fan_SMV-EAR_Bring_Spatiotemporal_Multi-View_Representation_Learning_into_Efficient_Event-Based_Action_CVPR_2026_paper.html,"Event cameras action recognition (EAR) offers compelling privacy-protecting and efficiency advantages, where temporal motion dynamics is of great importance. Existing spatiotemporal multi-view representation learning (SMVRL) methods for event-based object recognition (EOR) offer promising solutions by projecting H-W-T events alone spatial axis H and W, yet are limited by its translation-variant spatial binning representation and naive early concatenation fusion architecture. This paper reexamines the key SMVRL design stages for EAR and propose: (i) a principled spatiotemporal multi-view representation through translation-invariant dense conversion of sparse events, (ii) a dual-branch, dynamic fusion architecture that models sample-wise complementarity between motion features from different views, and (iii) a bio-inspired temporal warping augmentation that mimics speed variability of real-world human actions. On three challenging EAR datasets of HARDVS, DailyDVS-200 and THU-EACT-50-CHL, we show +7.0%, +10.7%, and +10.2% Top-1 accuracy gains over existing SMVRL EOR method with surprising 30.1% reduced parameters and 35.7% lower computations, establishing our framework as a novel and powerful EAR paradigm. Code are avaliable in https://github.com/Fineshawray/SMV-EAR.","@InProceedings{Fan_2026_CVPR, author = {Fan, Rui and Hao, Weidong and Guan, Juntao and Rui, Lai and Wu, Tong and Zeng, Fanhong and Gu, Lin}, title = {SMV-EAR: Bring Spatiotemporal Multi-View Representation Learning into Efficient Event-Based Action Recognition}, booktitle = {Proceedings of the IEEE/CVF Conference on Computer Vision and Pattern Recognition (CVPR)}, month = {June}, year = {2026}, pages = {6043-6053} }"
Venkataramanan_Franca_Nested_Matryoshka_Clustering_for_Scalable_Visual_Representation_Learning_CVPR_2026_paper,2026,1,SelfSupervised_Representation,SelfSupervised_Representation,15.0,0.8,Franca: Nested Matryoshka Clustering for Scalable Visual Representation Learning,Shashanka Venkataramanan; Valentinos Pariza; Mohammadreza Salehi; Lukas Knobel; Elias Ramzi; Spyros Gidaris; Andrei Bursuc; Yuki M Asano,8,10533-10544,True,https://openaccess.thecvf.com/content/CVPR2026/papers/Venkataramanan_Franca_Nested_Matryoshka_Clustering_for_Scalable_Visual_Representation_Learning_CVPR_2026_paper.pdf,https://openaccess.thecvf.com/content/CVPR2026/supplemental/Venkataramanan_Franca_Nested_Matryoshka_CVPR_2026_supplemental.pdf,https://openaccess.thecvf.com/content/CVPR2026/html/Venkataramanan_Franca_Nested_Matryoshka_Clustering_for_Scalable_Visual_Representation_Learning_CVPR_2026_paper.html,"We present Franca (pronounced Fran-ka): free one; the first fully open-source (data, code, weights) vision foundation model that matches and in many cases surpasses the performance of state-of-the-art proprietary models, e.g., DINOv2, CLIP, SigLIPv2, etc. Our approach is grounded in a transparent training pipeline inspired by Web-SSL and uses publicly available data: ImageNet-21K and a subset of ReLAION-2B. Beyond model release, we tackle critical limitations in self-supervised learning clustering methods. Existing approaches assign image features to large codebooks via clustering algorithms such as Sinkhorn-Knopp, but they often overlook the inherent ambiguity in cluster semantics. To address this, we introduce a multi-head clustering projector based on nested Matryoshka representations. This design progressively refines features into increasingly fine-grained clusters without increasing the model size, producing higher-quality dense representations. Additionally, we propose a novel positional disentanglement strategy that explicitly removes positional biases from dense representations.This leads to consistent gains on several downstream benchmarks, demonstrating the utility of cleaner feature spaces. Our contributions establish a new standard for transparent, high-performance vision models and open a path toward more reproducible and generalizable foundation models for the broader AI community.","@InProceedings{Venkataramanan_2026_CVPR, author = {Venkataramanan, Shashanka and Pariza, Valentinos and Salehi, Mohammadreza and Knobel, Lukas and Ramzi, Elias and Gidaris, Spyros and Bursuc, Andrei and Asano, Yuki M}, title = {Franca: Nested Matryoshka Clustering for Scalable Visual Representation Learning}, booktitle = {Proceedings of the IEEE/CVF Conference on Computer Vision and Pattern Recognition (CVPR)}, month = {June}, year = {2026}, pages = {10533-10544} }"
Wang_Semantic_Noise_Reduction_via_Teacher-Guided_Dual-Path_Audio-Visual_Representation_Learning_CVPR_2026_paper,2026,0,Audio_Visual,Audio_Visual|SelfSupervised_Representation,27.0,0.444,Semantic Noise Reduction via Teacher-Guided Dual-Path Audio-Visual Representation Learning,Linge Wang; Yingying Chen; Bingke Zhu; Lu Zhou; Jinqiao Wang,5,32005-32014,True,https://openaccess.thecvf.com/content/CVPR2026/papers/Wang_Semantic_Noise_Reduction_via_Teacher-Guided_Dual-Path_Audio-Visual_Representation_Learning_CVPR_2026_paper.pdf,https://openaccess.thecvf.com/content/CVPR2026/supplemental/Wang_Semantic_Noise_Reduction_CVPR_2026_supplemental.pdf,https://openaccess.thecvf.com/content/CVPR2026/html/Wang_Semantic_Noise_Reduction_via_Teacher-Guided_Dual-Path_Audio-Visual_Representation_Learning_CVPR_2026_paper.html,"Recent advances in audio-visual representation learning have shown the value of combining contrastive alignment with masked reconstruction. However, jointly optimizing these objectives in a single forward pass forces the contrastive branch to rely on randomly visible patches designed for reconstruction rather than cross-modal alignment, introducing semantic noise and optimization interference. We propose TG-DP, a Teacher-Guided Dual-Path framework that decouples reconstruction and alignment into separate optimization paths. By disentangling the masking regimes of the two branches, TG-DP enables the contrastive pathway to use a visibility pattern better suited to cross-modal alignment. A teacher model further provides auxiliary guidance for organizing visible tokens in this branch, helping reduce interference and stabilize cross-modal representation learning. TG-DP achieves state-of-the-art performance in zero-shot retrieval. On AudioSet, it improves R@1 from 35.2% to 37.4% for video-to-audio retrieval and from 27.9% to 37.1% for audio-to-video retrieval. The learned representations also remain semantically robust, achieving state-of-the-art linear-probe performance on AS20K and VGGSound. Taken together, our results suggest that decoupling multimodal objectives and introducing teacher-guided structure into the contrastive pathway provide an effective framework for improving large-scale audio-visual pretraining.","@InProceedings{Wang_2026_CVPR, author = {Wang, Linge and Chen, Yingying and Zhu, Bingke and Zhou, Lu and Wang, Jinqiao}, title = {Semantic Noise Reduction via Teacher-Guided Dual-Path Audio-Visual Representation Learning}, booktitle = {Proceedings of the IEEE/CVF Conference on Computer Vision and Pattern Recognition (CVPR)}, month = {June}, year = {2026}, pages = {32005-32014} }"
Choi_Time_Without_Time_Pseudo-Temporal_Representation_for_Space-Time_Super-Resolution_CVPR_2026_paper,2026,0,Restoration_Enhancement,Restoration_Enhancement|SelfSupervised_Representation|Video_Action_Recognition,12.0,0.333,Time Without Time: Pseudo-Temporal Representation for Space-Time Super-Resolution,Hee Min Choi; Hyoa Kang; Suji Kim; Dokwan Oh; Nam Ik Cho,5,6812-6822,True,https://openaccess.thecvf.com/content/CVPR2026/papers/Choi_Time_Without_Time_Pseudo-Temporal_Representation_for_Space-Time_Super-Resolution_CVPR_2026_paper.pdf,https://openaccess.thecvf.com/content/CVPR2026/supplemental/Choi_Time_Without_Time_CVPR_2026_supplemental.pdf,https://openaccess.thecvf.com/content/CVPR2026/html/Choi_Time_Without_Time_Pseudo-Temporal_Representation_for_Space-Time_Super-Resolution_CVPR_2026_paper.html,"Space-time video super-resolution (STVSR) is a task aimed at simultaneously upsampling a video in both spatial and temporal dimensions. Previous studies on STVSR have primarily focused on task-specific architectures and modeling paradigms, while effective pretraining strategies remain underexplored. In this paper, we propose a pseudo-temporal space-time reconstruction pretraining framework for STVSR networks that enables effective use of image datasets, which naturally provide strong spatial cues. Each training sample is constructed by duplicating a single image into a pseudo-temporal video and independently zero-filling random pixel regions across its frames. Instead of designing a separate pretraining module, we pretrain the STVSR network on a task aligned with its core objectives of spatial restoration and cross-frame aggregation. The model learns to reconstruct clean, higher-spatio-temporal-resolution outputs from degraded, pseudo-temporal inputs, with a modulation factor encouraging greater focus on difficult regions. Extensive experiments show that our simple pretraining significantly improves STVSR performance and outperforms existing video representation learning approaches. We note our method is effective even when pretraining and finetuning with a limited quantity of data.","@InProceedings{Choi_2026_CVPR, author = {Choi, Hee Min and Kang, Hyoa and Kim, Suji and Oh, Dokwan and Cho, Nam Ik}, title = {Time Without Time: Pseudo-Temporal Representation for Space-Time Super-Resolution}, booktitle = {Proceedings of the IEEE/CVF Conference on Computer Vision and Pattern Recognition (CVPR)}, month = {June}, year = {2026}, pages = {6812-6822} }"
Zhou_Learning_3D_Reconstruction_with_Priors_in_Test_Time_CVPR_2026_paper,2026,0,3D_Reconstruction,3D_Reconstruction|LowLevel_Flow_Depth_Matching|SelfSupervised_Representation,9.0,0.333,Learning 3D Reconstruction with Priors in Test Time,Lei Zhou; Haoyu Wu; Akshat Dave; Dimitris Samaras,4,36550-36560,True,https://openaccess.thecvf.com/content/CVPR2026/papers/Zhou_Learning_3D_Reconstruction_with_Priors_in_Test_Time_CVPR_2026_paper.pdf,https://openaccess.thecvf.com/content/CVPR2026/supplemental/Zhou_Learning_3D_Reconstruction_CVPR_2026_supplemental.pdf,https://openaccess.thecvf.com/content/CVPR2026/html/Zhou_Learning_3D_Reconstruction_with_Priors_in_Test_Time_CVPR_2026_paper.html,"We introduce a test-time framework for multiview Transformers (MVTs) that incorporates priors (e.g., camera poses, intrinsics, and depth) to improve 3D tasks without retraining or modifying pre-trained image-only networks. Rather than feeding priors into the architecture, we cast them as constraints on the predictions and optimize the network at inference time. The optimization loss consists of a self-supervised objective and prior penalty terms. The self-supervised objective captures the compatibility among multi-view predictions and is implemented using photometric or geometric loss between renderings from other views and each view itself. Any available priors are converted into penalty terms on the corresponding output modalities. Across a series of 3D vision benchmarks, including point map estimation and camera pose estimation, our method consistently improves performance over base MVTs by a large margin. On the ETH3D, 7-Scenes, and NRGBD datasets, our method reduces the point-map distance error by more than half compared with the base image-only models. Our method also outperforms retrained prior-aware feed-forward methods, demonstrating the effectiveness of our test-time constrained optimization (TCO) framework for incorporating priors into 3D vision tasks. The code is available at https://github.com/cvlab-stonybrook/TCO.","@InProceedings{Zhou_2026_CVPR, author = {Zhou, Lei and Wu, Haoyu and Dave, Akshat and Samaras, Dimitris}, title = {Learning 3D Reconstruction with Priors in Test Time}, booktitle = {Proceedings of the IEEE/CVF Conference on Computer Vision and Pattern Recognition (CVPR)}, month = {June}, year = {2026}, pages = {36550-36560} }"
Sun_Exploring_Adaptive_Masked_Reconstruction_for_Self-Supervised_Skeleton-Based_Action_Recognition_CVPR_2026_paper,2026,1,SelfSupervised_Representation,SelfSupervised_Representation|Video_Action_Recognition|Human_Pose_Body,16.0,0.25,Exploring Adaptive Masked Reconstruction for Self-Supervised Skeleton-Based Action Recognition,Shengkai Sun; Zhiyong Cheng; Zefan Zhang; Jianfeng Dong; Zhihui Li; Meng Wang,6,13974-13983,True,https://openaccess.thecvf.com/content/CVPR2026/papers/Sun_Exploring_Adaptive_Masked_Reconstruction_for_Self-Supervised_Skeleton-Based_Action_Recognition_CVPR_2026_paper.pdf,,https://openaccess.thecvf.com/content/CVPR2026/html/Sun_Exploring_Adaptive_Masked_Reconstruction_for_Self-Supervised_Skeleton-Based_Action_Recognition_CVPR_2026_paper.html,"Recently, masked skeleton reconstruction models have emerged as strong action representation learners, driving significant progress in self-supervised skeleton-based action recognition. However, existing state-of-the-art methods must predict an exceedingly large number of spatiotemporal patches, significantly prolonging training time. Besides, by treating all spatiotemporal regions equally during reconstruction, these models are distracted from learning the critical motion patterns that underlie action semantics. To address these challenges, we propose Adaptive Masked Reconstruction (AMR), a faster and stronger pre-training framework. We first decouple the decoder from the encoder, enabling flexible prediction of larger spatiotemporal patches and dramatically reducing reconstruction complexity. Given that larger patches contain more complex information, which is challenging to predict and consequently degrades performance, we accordingly introduce an adaptive guidance module. This module identifies regions of high motion informativeness, guiding the model to focus on the most discriminative parts of each patch and alleviating reconstruction difficulty. Experiments on NTU RGB+D 60, NTU RGB+D 120, and PKU-MMD datasets demonstrate that AMR not only accelerates pre-training substantially but also improves downstream recognition accuracy, surpassing current state-of-the-art approaches.","@InProceedings{Sun_2026_CVPR, author = {Sun, Shengkai and Cheng, Zhiyong and Zhang, Zefan and Dong, Jianfeng and Li, Zhihui and Wang, Meng}, title = {Exploring Adaptive Masked Reconstruction for Self-Supervised Skeleton-Based Action Recognition}, booktitle = {Proceedings of the IEEE/CVF Conference on Computer Vision and Pattern Recognition (CVPR)}, month = {June}, year = {2026}, pages = {13974-13983} }"
Sun_Rethinking_UMM_Visual_Generation_Masked_Modeling_for_Efficient_Image-Only_Pre-training_CVPR_2026_paper,2026,1,SelfSupervised_Representation,SelfSupervised_Representation|Vision_Language_Multimodal,21.0,0.571,Rethinking UMM Visual Generation: Masked Modeling for Efficient Image-Only Pre-training,Peng Sun; Jun Xie; Tao Lin,3,2047-2057,True,https://openaccess.thecvf.com/content/CVPR2026/papers/Sun_Rethinking_UMM_Visual_Generation_Masked_Modeling_for_Efficient_Image-Only_Pre-training_CVPR_2026_paper.pdf,https://openaccess.thecvf.com/content/CVPR2026/supplemental/Sun_Rethinking_UMM_Visual_CVPR_2026_supplemental.pdf,https://openaccess.thecvf.com/content/CVPR2026/html/Sun_Rethinking_UMM_Visual_Generation_Masked_Modeling_for_Efficient_Image-Only_Pre-training_CVPR_2026_paper.html,"Unified Multimodal Models (UMMs) are often constrained by the pre-training of their visual generation components, which typically relies on inefficient paradigms and scarce, high-quality text-image paired data. In this paper, we systematically analyze pre-training recipes for UMM visual generation and identify these two issues as the major bottlenecks. To address them, we propose Image-Only Training for UMMs (IOMM), a data-efficient two-stage training framework. The first stage pre-trains the visual generative component exclusively using abundant unlabeled image-only data, thereby removing the dependency on paired data for this costly phase. The second stage fine-tunes the model using a mixture of unlabeled images and a small curated set of text-image pairs, leading to improved instruction alignment and generative quality. Extensive experiments show that IOMM not only improves training efficiency but also achieves state-of-the-art (SOTA) performance. For example, our IOMM-B (3.6B) model was trained from scratch using only about 1050 H800 GPU hours (with the vast majority, 1000 hours, dedicated to the efficient image-only pre-training stage). It achieves 0.89 on GenEval and 0.55 on WISE--surpassing strong baselines such as BAGEL-7B (0.82 and 0.55) and BLIP3-o-4B (0.84 and 0.50). Code is available at: https://github.com/LINs-lab/IOMM","@InProceedings{Sun_2026_CVPR, author = {Sun, Peng and Xie, Jun and Lin, Tao}, title = {Rethinking UMM Visual Generation: Masked Modeling for Efficient Image-Only Pre-training}, booktitle = {Proceedings of the IEEE/CVF Conference on Computer Vision and Pattern Recognition (CVPR)}, month = {June}, year = {2026}, pages = {2047-2057} }"
Lin_Depth_Any_Panoramas_A_Foundation_Model_for_Panoramic_Depth_Estimation_CVPR_2026_paper,2026,1,SelfSupervised_Representation,SelfSupervised_Representation|LowLevel_Flow_Depth_Matching,12.0,0.25,Depth Any Panoramas: A Foundation Model for Panoramic Depth Estimation,Xin Lin; Meixi Song; Dizhe Zhang; Wenxuan Lu; Haodong Li; Bo Du; Ming-Hsuan Yang; Truong Nguyen; Lu Qi,9,26835-26844,True,https://openaccess.thecvf.com/content/CVPR2026/papers/Lin_Depth_Any_Panoramas_A_Foundation_Model_for_Panoramic_Depth_Estimation_CVPR_2026_paper.pdf,https://openaccess.thecvf.com/content/CVPR2026/supplemental/Lin_Depth_Any_Panoramas_CVPR_2026_supplemental.pdf,https://openaccess.thecvf.com/content/CVPR2026/html/Lin_Depth_Any_Panoramas_A_Foundation_Model_for_Panoramic_Depth_Estimation_CVPR_2026_paper.html,"In this work, we present a panoramic metric depth foundation model that generalizes across diverse scene distances. We explore a data-in-the-loop paradigm from the view of both data construction and framework design. We collect a large-scale dataset by combining public datasets, high-quality synthetic data from our UE5 simulator and text-to-image models, and real panoramic images from the web. To reduce domain gaps between indoor/outdoor and synthetic/real data, we introduce a three-stage pseudo-label curation pipeline to generate reliable ground truth for unlabeled images. For the model, we adopt DINOv3-Large as the backbone for its strong pre-trained generalization, and introduce a plug-and-play range mask head, sharpness-centric optimization, and geometry-centric optimization to improve robustness to varying distances and enforce geometric consistency across views. Experiments on multiple benchmarks (e.g., Stanford2D3D, Matterport3D, and Deep360) demonstrate strong performance and zero-shot generalization, with particularly robust and stable metric predictions in diverse real-world scenes. The project page can be found at: https://insta360-research-team.github.io/DAP_website/","@InProceedings{Lin_2026_CVPR, author = {Lin, Xin and Song, Meixi and Zhang, Dizhe and Lu, Wenxuan and Li, Haodong and Du, Bo and Yang, Ming-Hsuan and Nguyen, Truong and Qi, Lu}, title = {Depth Any Panoramas: A Foundation Model for Panoramic Depth Estimation}, booktitle = {Proceedings of the IEEE/CVF Conference on Computer Vision and Pattern Recognition (CVPR)}, month = {June}, year = {2026}, pages = {26835-26844} }"
Jiang_Scaling_Parallel_Sequence_Models_to_Vision_Foundation_Models_CVPR_2026_paper,2026,1,SelfSupervised_Representation,SelfSupervised_Representation|Efficiency_Compression,16.0,0.5,Scaling Parallel Sequence Models to Vision Foundation Models,Yitong Jiang; Collin McCarthy; Hongjun Wang; Hanrong Ye; Qi Dou; Tianfan Xue; Jinwei Gu; Jan Kautz; Hongxu Yin; Pavlo Molchanov; Sifei Liu,11,41332-41341,True,https://openaccess.thecvf.com/content/CVPR2026/papers/Jiang_Scaling_Parallel_Sequence_Models_to_Vision_Foundation_Models_CVPR_2026_paper.pdf,https://openaccess.thecvf.com/content/CVPR2026/supplemental/Jiang_Scaling_Parallel_Sequence_CVPR_2026_supplemental.pdf,https://openaccess.thecvf.com/content/CVPR2026/html/Jiang_Scaling_Parallel_Sequence_Models_to_Vision_Foundation_Models_CVPR_2026_paper.html,"Scaling vision foundation models is constrained by the quadratic complexity of self-attention. Although subquadratic attention alternatives like linear attention variants and state-space models successfully reduce the model complexity, they typically serialize images into 1D token sequences, compromising spatial coherence and efficiency. Generalized Spatial Propagation Networks (GSPN) offer a linear-time alternative that propagates context directly on the 2D grid via line-scan propagation and removes positional embeddings, yet the original design hits GPU-scaling limits: growing batch/channels saturate SM concurrency, serializing scans, and spiking latency. We introduce Compact GSPN (C-GSPN), a ViT block that compresses the propagation space to preserve accuracy while cutting propagation latency by nearly 10x. We further improve efficiency with lightweight projections and fused CUDA kernels. To enable large-scale pretraining, we adopta two-stage cross-operator distillation strategy that combines layer-wise supervision with end-to-end alignment. In a representative 1K configuration (batch 32, C=1152), C-GSPN achieves up to 2x speedup, maintains competitive zero-shot accuracy, and improves segmentation by +2.1%. Extensive experiments and ablations show that the proposed compression and two-stage distillation are criticalfor strong transfer while substantially reducing compute, enabling the first extension of a subquadratic operator to foundation-scale (CLIP-style) vision pretraining.","@InProceedings{Jiang_2026_CVPR, author = {Jiang, Yitong and McCarthy, Collin and Wang, Hongjun and Ye, Hanrong and Dou, Qi and Xue, Tianfan and Gu, Jinwei and Kautz, Jan and Yin, Hongxu and Molchanov, Pavlo and Liu, Sifei}, title = {Scaling Parallel Sequence Models to Vision Foundation Models}, booktitle = {Proceedings of the IEEE/CVF Conference on Computer Vision and Pattern Recognition (CVPR)}, month = {June}, year = {2026}, pages = {41332-41341} }"
Wang_InternVideo-Next_Towards_World-Understanding_Video_Models_CVPR_2026_paper,2026,0,Video_Action_Recognition,Video_Action_Recognition|SelfSupervised_Representation,9.0,0.333,InternVideo-Next: Towards World-Understanding Video Models,Chenting Wang; Yuhan Zhu; Yicheng Xu; Jiange Yang; Ziang Yan; Yali Wang; Yi Wang; Limin Wang,8,16966-16976,True,https://openaccess.thecvf.com/content/CVPR2026/papers/Wang_InternVideo-Next_Towards_World-Understanding_Video_Models_CVPR_2026_paper.pdf,https://openaccess.thecvf.com/content/CVPR2026/supplemental/Wang_InternVideo-Next_Towards_World-Understanding_CVPR_2026_supplemental.pdf,https://openaccess.thecvf.com/content/CVPR2026/html/Wang_InternVideo-Next_Towards_World-Understanding_Video_Models_CVPR_2026_paper.html,"Large-scale video-text pretraining achieves strong performance but depends on noisy, synthetic captions with limited semantic coverage, often overlooking implicit world knowledge such as object motion, 3D geometry, and physical cues. In contrast, masked video modeling (MVM) directly exploits spatiotemporal structures but trails text-supervised methods on general tasks.We find this gap arises from overlooked architectural issues: pixel-level reconstruction struggles with convergence and its low-level requirement often conflicts with semantics, while latent prediction often encourages shortcut learning.To address these, we disentangle the traditional encoder-decoder design into an Encoder-Predictor-Decoder (EPD) framework, where the predictor acts as a latent world model, and propose InternVideo-Next, a two-stage pretraining scheme that builds a semantically consistent yet detail-preserving latent space for this world model.First, conventional linear decoder in pixel MVM enforces the predictor's output latent to be linearly projected to, thus separable in pixel space, causing the conflict with semantic abstraction.Our Stage 1 proposes a conditional diffusion decoder and injects clean image-level semantic priors to enhance semantics and convergence, thus bridging pixel-level fidelity with high-level semantic abstraction.Stage 2 further learns world knowledge by predicting frozen Stage 1 targets within this space, mitigating shortcut learning.Trained on public, unlabeled videos, InternVideo-Next achieves state-of-the-art results across benchmarks and provides a scalable path toward general video representation learning.","@InProceedings{Wang_2026_CVPR, author = {Wang, Chenting and Zhu, Yuhan and Xu, Yicheng and Yang, Jiange and Yan, Ziang and Wang, Yali and Wang, Yi and Wang, Limin}, title = {InternVideo-Next: Towards World-Understanding Video Models}, booktitle = {Proceedings of the IEEE/CVF Conference on Computer Vision and Pattern Recognition (CVPR)}, month = {June}, year = {2026}, pages = {16966-16976} }"
Deng_GS-CLIP_Zero-shot_3D_Anomaly_Detection_by_Geometry-Aware_Prompt_and_Synergistic_CVPR_2026_paper,2026,0,LLM_Reasoning_Agent,LLM_Reasoning_Agent|Vision_Language_Multimodal|SelfSupervised_Representation|Transfer_FewShot_DomainAdaptation,12.0,0.0,GS-CLIP: Zero-shot 3D Anomaly Detection by Geometry-Aware Prompt and Synergistic View Representation Learning,Zehao Deng; An Liu; Yan Wang,3,35587-35596,True,https://openaccess.thecvf.com/content/CVPR2026/papers/Deng_GS-CLIP_Zero-shot_3D_Anomaly_Detection_by_Geometry-Aware_Prompt_and_Synergistic_CVPR_2026_paper.pdf,https://openaccess.thecvf.com/content/CVPR2026/supplemental/Deng_GS-CLIP_Zero-shot_3D_CVPR_2026_supplemental.pdf,https://openaccess.thecvf.com/content/CVPR2026/html/Deng_GS-CLIP_Zero-shot_3D_Anomaly_Detection_by_Geometry-Aware_Prompt_and_Synergistic_CVPR_2026_paper.html,"Zero-shot 3D Anomaly Detection (ZS3DAD) is an emerging task that aims to detect anomalies in a target dataset without any target training data, which is particularly important in scenarios constrained by sample scarcity and data privacy concerns. While current methods adapt CLIP by projecting 3D point clouds into 2D representations, they face challenges. The projection inherently loses some geometric details, and the reliance on a single 2D modality provides an incomplete visual understanding, limiting their ability to detect diverse anomaly types. To address these limitations, we propose the Geometry-Aware Prompt and Synergistic View Representation Learning (GS-CLIP) framework, which enables the model to identify geometric anomalies through a two-stage learning process. In the stage 1, we dynamically generate text prompts embedded with 3D geometric priors. These prompts contain global shape context and local defect information distilled by our Geometric Defect Distillation Module (GDDM). In the stage 2, we introduce Synergistic View Representation Learning architecture that processes rendered and depth images in parallel. A Synergistic Refinement Module (SRM) subsequently fuses the features of both streams, capitalizing on their complementary strengths. Comprehensive experimental results on four large-scale public datasets show that GS-CLIP achieves superior performance in detection and segmentation. Code will be released upon acceptance.","@InProceedings{Deng_2026_CVPR, author = {Deng, Zehao and Liu, An and Wang, Yan}, title = {GS-CLIP: Zero-shot 3D Anomaly Detection by Geometry-Aware Prompt and Synergistic View Representation Learning}, booktitle = {Proceedings of the IEEE/CVF Conference on Computer Vision and Pattern Recognition (CVPR)}, month = {June}, year = {2026}, pages = {35587-35596} }"
Zhang_Emergent_Extreme-View_Geometry_in_3D_Foundation_Models_CVPR_2026_paper,2026,1,SelfSupervised_Representation,SelfSupervised_Representation,12.0,0.667,Emergent Extreme-View Geometry in 3D Foundation Models,Yiwen Zhang; Joseph Tung; Ruojin Cai; David Fouhey; Hadar Averbuch-Elor,5,36411-36421,True,https://openaccess.thecvf.com/content/CVPR2026/papers/Zhang_Emergent_Extreme-View_Geometry_in_3D_Foundation_Models_CVPR_2026_paper.pdf,https://openaccess.thecvf.com/content/CVPR2026/supplemental/Zhang_Emergent_Extreme-View_Geometry_CVPR_2026_supplemental.pdf,https://openaccess.thecvf.com/content/CVPR2026/html/Zhang_Emergent_Extreme-View_Geometry_in_3D_Foundation_Models_CVPR_2026_paper.html,"3D foundation models (3DFMs) have recently transformed 3D vision, enabling joint prediction of depths, poses, and point maps directly from images. Yet their ability to reason under extreme, non-overlapping views remains largely unexplored. In this work, we study their internal representations and find that 3DFMs exhibit an emergent understanding of extreme-view geometry, despite never being trained for such conditions. To further enhance these capabilities, we introduce a lightweight alignment scheme that refines their internal 3D representation by tuning only a small subset of backbone bias terms, leaving all decoder heads frozen. This targeted adaptation substantially improves relative pose estimation under extreme viewpoints without degrading per-image depth or point quality. Additionally, we contribute MegaUnScene, a new benchmark of Internet scenes unseen by existing 3DFMs, with dedicated test splits for both relative pose estimation and dense 3D reconstruction.","@InProceedings{Zhang_2026_CVPR, author = {Zhang, Yiwen and Tung, Joseph and Cai, Ruojin and Fouhey, David and Averbuch-Elor, Hadar}, title = {Emergent Extreme-View Geometry in 3D Foundation Models}, booktitle = {Proceedings of the IEEE/CVF Conference on Computer Vision and Pattern Recognition (CVPR)}, month = {June}, year = {2026}, pages = {36411-36421} }"
Gu_MuCo_Multi-turn_Contrastive_Learning_for_Multimodal_Embedding_Model_CVPR_2026_paper,2026,1,SelfSupervised_Representation,SelfSupervised_Representation|Vision_Language_Multimodal|LLM_Reasoning_Agent,15.0,0.067,MuCo: Multi-turn Contrastive Learning for Multimodal Embedding Model,Geonmo Gu; Byeongho Heo; Jaemyung Yu; Jaehui Hwang; Taekyung Kim; Sangmin Lee; HeeJae Jun; Yoohoon Kang; Sangdoo Yun; Dongyoon Han,10,1749-1758,True,https://openaccess.thecvf.com/content/CVPR2026/papers/Gu_MuCo_Multi-turn_Contrastive_Learning_for_Multimodal_Embedding_Model_CVPR_2026_paper.pdf,https://openaccess.thecvf.com/content/CVPR2026/supplemental/Gu_MuCo_Multi-turn_Contrastive_CVPR_2026_supplemental.pdf,https://openaccess.thecvf.com/content/CVPR2026/html/Gu_MuCo_Multi-turn_Contrastive_Learning_for_Multimodal_Embedding_Model_CVPR_2026_paper.html,"Universal Multimodal embedding models built on Multimodal Large Language Models (MLLMs) have traditionally employed contrastive learning, which aligns representations of query-target pairs across different modalities. Yet, despite its empirical success, they are primarily built on a ""single-turn"" formulation where each query-target pair is treated as an independent data point. This paradigm leads to computational inefficiency when scaling, as it requires a separate forward pass for each pair and overlooks potential contextual relationships between multiple queries that can relate to the same context. In this work, we introduce Multi-Turn Contrastive Learning (MuCo), a dialogue-inspired framework that revisits this process. MuCo leverages the conversational nature of MLLMs to process multiple, related query-target pairs associated with a single image within a single forward pass. This allows us to extract a set of multiple query and target embeddings simultaneously, conditioned on a shared context representation, amplifying the effective batch size and overall training efficiency. Experiments exhibit MuCo with a newly curated 5M multimodal multi-turn dataset (M3T), which yields state-of-the-art retrieval performance on MMEB and M-BEIR benchmarks, while markedly enhancing both training efficiency and representation coherence across modalities. Code and M3T are available at https://github.com/naver-ai/muco","@InProceedings{Gu_2026_CVPR, author = {Gu, Geonmo and Heo, Byeongho and Yu, Jaemyung and Hwang, Jaehui and Kim, Taekyung and Lee, Sangmin and Jun, HeeJae and Kang, Yoohoon and Yun, Sangdoo and Han, Dongyoon}, title = {MuCo: Multi-turn Contrastive Learning for Multimodal Embedding Model}, booktitle = {Proceedings of the IEEE/CVF Conference on Computer Vision and Pattern Recognition (CVPR)}, month = {June}, year = {2026}, pages = {1749-1758} }"
Han_UST-Hand_An_Uncertainty-aware_Spatiotemporal_Point_Cloud_Interaction_Network_for_3D_CVPR_2026_paper,2026,0,Human_Pose_Body,Human_Pose_Body|SelfSupervised_Representation|3D_Reconstruction,26.0,0.308,UST-Hand: An Uncertainty-aware Spatiotemporal Point Cloud Interaction Network for 3D Self-supervised Hand Pose Estimation,Tianhao Han; Haoyang Zhang; Liang Xie; Haochen Chang; Kun Gao; Yuan Cheng; Pengfei Ren; Erwei Yin,8,8857-8867,True,https://openaccess.thecvf.com/content/CVPR2026/papers/Han_UST-Hand_An_Uncertainty-aware_Spatiotemporal_Point_Cloud_Interaction_Network_for_3D_CVPR_2026_paper.pdf,https://openaccess.thecvf.com/content/CVPR2026/supplemental/Han_UST-Hand_An_Uncertainty-aware_CVPR_2026_supplemental.zip,https://openaccess.thecvf.com/content/CVPR2026/html/Han_UST-Hand_An_Uncertainty-aware_Spatiotemporal_Point_Cloud_Interaction_Network_for_3D_CVPR_2026_paper.html,"Manually annotating accurate 3D hand poses is extremely time-consuming and labor-intensive. Existing self-supervised hand pose estimation methods leverage the discrepancy between input images and rendered outputs, or multi-view consistency constraints, as the driving force to optimize networks and progressively refine pose accuracy. However, these methods are highly susceptible to noisy pseudo-labels and overlook the importance of fully exploiting fine-grained spatial correlations, which undermines the stability of model training. To address these issues, we propose UST-Hand, a self-supervised learning framework that estimates uncertainty distribution of hand pose and constructs a probabilistic point cloud feature space, which enables the complex spatiotemporal relationship modeling. UST-Hand employs a conditional normalizing flow model to capture hand pose distributions and samples diverse hypotheses, facilitating robust learning under noisy pseudo-labels supervision with enhanced stability. These multi-hypothesis are mapped to a unified probabilistic 3D point cloud space for multi-view and temporal feature interaction, comprehensively exploring hand motion patterns and fine-grained spatial correlations. Extensive experiments on three challenging datasets demonstrate that UST-Hand achieves state-of-the-art performance, outperforming existing self-supervised methods by up to 37.8% in Mean Per Vertex Position Error (MPVPE).","@InProceedings{Han_2026_CVPR, author = {Han, Tianhao and Zhang, Haoyang and Xie, Liang and Chang, Haochen and Gao, Kun and Cheng, Yuan and Ren, Pengfei and Yin, Erwei}, title = {UST-Hand: An Uncertainty-aware Spatiotemporal Point Cloud Interaction Network for 3D Self-supervised Hand Pose Estimation}, booktitle = {Proceedings of the IEEE/CVF Conference on Computer Vision and Pattern Recognition (CVPR)}, month = {June}, year = {2026}, pages = {8857-8867} }"
Xu_SMRABooth_Subject_and_Motion_Representation_Alignment_for_Customized_Video_Generation_CVPR_2026_paper,2026,0,Video_Action_Recognition,Video_Action_Recognition|LowLevel_Flow_Depth_Matching|SelfSupervised_Representation,15.0,0.6,SMRABooth: Subject and Motion Representation Alignment for Customized Video Generation,Xuancheng Xu; Yaning Li; Sisi You; Bing-Kun Bao,4,16130-16141,True,https://openaccess.thecvf.com/content/CVPR2026/papers/Xu_SMRABooth_Subject_and_Motion_Representation_Alignment_for_Customized_Video_Generation_CVPR_2026_paper.pdf,https://openaccess.thecvf.com/content/CVPR2026/supplemental/Xu_SMRABooth_Subject_and_CVPR_2026_supplemental.pdf,https://openaccess.thecvf.com/content/CVPR2026/html/Xu_SMRABooth_Subject_and_Motion_Representation_Alignment_for_Customized_Video_Generation_CVPR_2026_paper.html,"Customized video generation aims to produce videos that faithfully preserve the subject's appearance from reference images while maintaining temporally consistent motion from reference videos. Existing methods struggle to ensure both subject appearance similarity and motion pattern consistency due to the lack of object-level guidance for subject and motion. To address this, we propose SMRABooth, which leverages the self-supervised encoder and optical flow encoder to provide object-level subject appearance and motion representations. These representations are aligned with the model during the LoRA fine-tuning process. Our approach is structured in three core stages: (1) We exploit subject representations via a self-supervised encoder to guide subject alignment, enabling the model to capture overall structure of subject and enhance high-level semantic consistency. (2) We utilize motion representations from an optical flow encoder to capture structurally coherent and object-level motion trajectories independent of appearance. (3) We propose a subject-motion association decoupling strategy that applies sparse LoRAs injection across both locations and timing, effectively reducing interference between subject and motion LoRAs. Extensive experiments show that SMRABooth excels in subject and motion customization, maintaining consistent subject appearance and motion patterns, proving its effectiveness in controllable text-to-video generation.","@InProceedings{Xu_2026_CVPR, author = {Xu, Xuancheng and Li, Yaning and You, Sisi and Bao, Bing-Kun}, title = {SMRABooth: Subject and Motion Representation Alignment for Customized Video Generation}, booktitle = {Proceedings of the IEEE/CVF Conference on Computer Vision and Pattern Recognition (CVPR)}, month = {June}, year = {2026}, pages = {16130-16141} }"
Kawamura_PowerCLIP_Powerset_Alignment_for_Contrastive_Pre-Training_CVPR_2026_paper,2026,1,SelfSupervised_Representation,SelfSupervised_Representation,10.0,0.5,PowerCLIP: Powerset Alignment for Contrastive Pre-Training,Masaki Kawamura; Nakamasa Inoue; Rintaro Yanagi; Hirokatsu Kataoka; Rio Yokota,5,22111-22122,True,https://openaccess.thecvf.com/content/CVPR2026/papers/Kawamura_PowerCLIP_Powerset_Alignment_for_Contrastive_Pre-Training_CVPR_2026_paper.pdf,https://openaccess.thecvf.com/content/CVPR2026/supplemental/Kawamura_PowerCLIP_Powerset_Alignment_CVPR_2026_supplemental.pdf,https://openaccess.thecvf.com/content/CVPR2026/html/Kawamura_PowerCLIP_Powerset_Alignment_for_Contrastive_Pre-Training_CVPR_2026_paper.html,"Contrastive pre-training frameworks such as CLIP have demonstrated impressive zero-shot performance across a range of vision-language tasks. Recent studies have shown that aligning individual text tokens with specific image patches or regions enhances fine-grained compositional understanding. However, it remains challenging to capture compositional semantics spanning multiple image regions.To address this limitation, we propose PowerCLIP, a novelcontrastive pre-training framework enhanced by powerset alignment, which exhaustively optimizes region-to-phrase alignments by minimizing the loss defined between powersets of image regions and textual parse trees.As this approach increases computational complexity exponentially due to the combinatorial explosion in the number of region subsets, we introduce efficient non-linear aggregators (NLAs) that reduce complexity from \mathit \mathcal O (2^ M ) to \mathit \mathcal O (M) with respect to the number of regions M, provably approximating the exact loss value with arbitrary precision.Our extensive experiments demonstrate that PowerCLIPoutperforms state-of-the-art methodsin zero-shot classification and retrieval tasks, underscoring compositionality and robustness of our approach. Our code will be made publicly available.","@InProceedings{Kawamura_2026_CVPR, author = {Kawamura, Masaki and Inoue, Nakamasa and Yanagi, Rintaro and Kataoka, Hirokatsu and Yokota, Rio}, title = {PowerCLIP: Powerset Alignment for Contrastive Pre-Training}, booktitle = {Proceedings of the IEEE/CVF Conference on Computer Vision and Pattern Recognition (CVPR)}, month = {June}, year = {2026}, pages = {22111-22122} }"
Wang_Multi-Metric_Representation_Learning_Strategy_Based_on_Clustering_for_Fine-Grained_Multimodal_CVPR_2026_paper,2026,0,Recognition_Classification,Recognition_Classification|Vision_Language_Multimodal|SelfSupervised_Representation,15.0,0.0,Multi-Metric Representation Learning Strategy Based on Clustering for Fine-Grained Multimodal Sentiment Analysis,Yidan Wang; Zongheng Wang; Hongjie Xing; Chunguo Li; Xiaoxiao Liu,5,37864-37873,True,https://openaccess.thecvf.com/content/CVPR2026/papers/Wang_Multi-Metric_Representation_Learning_Strategy_Based_on_Clustering_for_Fine-Grained_Multimodal_CVPR_2026_paper.pdf,https://openaccess.thecvf.com/content/CVPR2026/supplemental/Wang_Multi-Metric_Representation_Learning_CVPR_2026_supplemental.pdf,https://openaccess.thecvf.com/content/CVPR2026/html/Wang_Multi-Metric_Representation_Learning_Strategy_Based_on_Clustering_for_Fine-Grained_Multimodal_CVPR_2026_paper.html,"Multimodal sentiment analysis (MSA) aims to identify human emotions through multimodal data. Despite considerable advances in MSA, we find that emotional class centers often overlap when integrating data from different modalities into the same representation space. In this paper, we propose a novel Multi-Metric Representation learning strategy based on clustering (MMRest) to alleviate this issue through flexible multi-metric representation learning, enabling the model to learn fine-grained sentiments. Specifically, we first design a module termed Multi-metric Multimodal learning on Clusters (MMC), which minimizes distances within similar sentiment pairs while maximizing dissimilar ones, aiming to learn a global metric and local metrics in each cluster from multimodal data. Afterwards, we develop a Projection and Decision-Level Fusion (PDLF) module, including two parts. One part utilizes the optimal global and local metrics to obtain a projection value. The other part combines the projection value with an intermediate score which is obtained through the fusion of unimodal and multimodal representations to obtain the final sentiment prediction score. Extensive experiments on the CMU-MOSI and CMU-MOSEI datasets demonstrate that our method is significantly superior to state-of-the-art methods on various evaluation indicators and parameter count, by effectively learning fine-grained emotional boundaries. The code will be made open-source if the paper is accepted.","@InProceedings{Wang_2026_CVPR, author = {Wang, Yidan and Wang, Zongheng and Xing, Hongjie and Li, Chunguo and Liu, Xiaoxiao}, title = {Multi-Metric Representation Learning Strategy Based on Clustering for Fine-Grained Multimodal Sentiment Analysis}, booktitle = {Proceedings of the IEEE/CVF Conference on Computer Vision and Pattern Recognition (CVPR)}, month = {June}, year = {2026}, pages = {37864-37873} }"
Zhao_SAVE_Speech-Aware_Video_Representation_Learning_for_Video-Text_Retrieval_CVPR_2026_paper,2026,0,Video_Action_Recognition,Video_Action_Recognition|Audio_Visual|SelfSupervised_Representation,20.0,0.25,SAVE: Speech-Aware Video Representation Learning for Video-Text Retrieval,Ruixiang Zhao; Zhihao Xu; Bangxiang Lan; Zijie Xin; Jingyu Liu; Xirong Li,6,31166-31175,True,https://openaccess.thecvf.com/content/CVPR2026/papers/Zhao_SAVE_Speech-Aware_Video_Representation_Learning_for_Video-Text_Retrieval_CVPR_2026_paper.pdf,https://openaccess.thecvf.com/content/CVPR2026/supplemental/Zhao_SAVE_Speech-Aware_Video_CVPR_2026_supplemental.pdf,https://openaccess.thecvf.com/content/CVPR2026/html/Zhao_SAVE_Speech-Aware_Video_Representation_Learning_for_Video-Text_Retrieval_CVPR_2026_paper.html,"For video-text retrieval, the use of CLIP has been a de facto standard. However, as CLIP provides only image and text encoders, this consensus has led to a biased paradigm that entirely ignores the sound track of videos. While several attempts have been made to reintroduce audio -- typically by incorporating an audio encoder and fusing its output with visual features -- these methods face two challenges: ineffective representation of speech content and suboptimal vision-audio fusion. To address these issues jointly, we propose SAVE, a Speech Aware Video rEpresentation learning method. SAVE improves upon AVIGATE, a SOTA audiovisual method, with a dedicated speech branch for more effective speech embedding. Furthermore, we introduce soft-ALBEF for early vision-audio alignment that facilitates fusion. Extensive experiments on five benchmarks show that SAVE compares favorably against the SOTA, outperforming AVIGATE by +4.1% on MSRVTT-1k, +1.9% on MSRVTT-3k, +2.5% on VATEX, +9.8% on Charades, and +2.1% on LSMDC, in light of the SumR metric.","@InProceedings{Zhao_2026_CVPR, author = {Zhao, Ruixiang and Xu, Zhihao and Lan, Bangxiang and Xin, Zijie and Liu, Jingyu and Li, Xirong}, title = {SAVE: Speech-Aware Video Representation Learning for Video-Text Retrieval}, booktitle = {Proceedings of the IEEE/CVF Conference on Computer Vision and Pattern Recognition (CVPR)}, month = {June}, year = {2026}, pages = {31166-31175} }"
Zhang_Focus-to-Perceive_Representation_Learning_A_Cognition-Inspired_Hierarchical_Framework_for_Endoscopic_Video_CVPR_2026_paper,2026,1,SelfSupervised_Representation,SelfSupervised_Representation|Video_Action_Recognition|Medical_Bio_RemoteSensing,15.0,0.267,Focus-to-Perceive Representation Learning: A Cognition-Inspired Hierarchical Framework for Endoscopic Video Analysis,Yuan Zhang; Sihao Dou; Kai Hu; Shuhua Deng; Chunhong Cao; Fen Xiao; Xieping Gao,7,28264-28274,True,https://openaccess.thecvf.com/content/CVPR2026/papers/Zhang_Focus-to-Perceive_Representation_Learning_A_Cognition-Inspired_Hierarchical_Framework_for_Endoscopic_Video_CVPR_2026_paper.pdf,https://openaccess.thecvf.com/content/CVPR2026/supplemental/Zhang_Focus-to-Perceive_Representation_Learning_CVPR_2026_supplemental.pdf,https://openaccess.thecvf.com/content/CVPR2026/html/Zhang_Focus-to-Perceive_Representation_Learning_A_Cognition-Inspired_Hierarchical_Framework_for_Endoscopic_Video_CVPR_2026_paper.html,"Endoscopic video analysis is essential for early gastrointestinal screening but remains hindered by limited high-quality annotations. While self-supervised video pre-training shows promise, existing methods developed for natural videos prioritize dense spatio-temporal modeling and exhibit motion bias, overlooking the static, structured semantics critical to clinical decision-making. To address this challenge, we propose Focus-to-Perceive Representation Learning (FPRL), a cognition-inspired hierarchical framework that emulates clinical examination. FPRL first focuses on intra-frame lesion-centric regions to learn static semantics, and then perceives their evolution across frames to model contextual semantics. To achieve this, FPRL employs a hierarchical semantic modeling mechanism that explicitly distinguishes and collaboratively learns both types of semantics. Specifically, it begins by capturing static semantics via teacher-prior adaptive masking (TPAM) combined with multi-view sparse sampling. This approach mitigates redundant temporal dependencies and enables the model to concentrate on lesion-related local semantics. Following this, contextual semantics are derived through cross-view masked feature completion (CVMFC) and attention-guided temporal prediction (AGTP). These processes establish cross-view correspondences and effectively model structured inter-frame evolution, thereby reinforcing temporal semantic continuity while preserving global contextual integrity. Extensive experiments on 11 endoscopic video datasets show that FPRL achieves superior performance across diverse downstream tasks, demonstrating its effectiveness in endoscopic video representation learning. The code is available at https://github.com/MLMIP/FPRL.","@InProceedings{Zhang_2026_CVPR, author = {Zhang, Yuan and Dou, Sihao and Hu, Kai and Deng, Shuhua and Cao, Chunhong and Xiao, Fen and Gao, Xieping}, title = {Focus-to-Perceive Representation Learning: A Cognition-Inspired Hierarchical Framework for Endoscopic Video Analysis}, booktitle = {Proceedings of the IEEE/CVF Conference on Computer Vision and Pattern Recognition (CVPR)}, month = {June}, year = {2026}, pages = {28264-28274} }"
Liang_Bootstrap_Dynamic-Aware_3D_Visual_Representation_for_Scalable_Robot_Learning_CVPR_2026_paper,2026,0,Embodied_AI_Robotics,Embodied_AI_Robotics|SelfSupervised_Representation,21.0,0.333,Bootstrap Dynamic-Aware 3D Visual Representation for Scalable Robot Learning,Qiwei Liang; Boyang Cai; Minghao Lai; Sitong Zhuang; Tao Lin; Yan Qin; Yixuan Ye; Jiaming Liang; Renjing Xu,9,13419-13429,True,https://openaccess.thecvf.com/content/CVPR2026/papers/Liang_Bootstrap_Dynamic-Aware_3D_Visual_Representation_for_Scalable_Robot_Learning_CVPR_2026_paper.pdf,https://openaccess.thecvf.com/content/CVPR2026/supplemental/Liang_Bootstrap_Dynamic-Aware_3D_CVPR_2026_supplemental.pdf,https://openaccess.thecvf.com/content/CVPR2026/html/Liang_Bootstrap_Dynamic-Aware_3D_Visual_Representation_for_Scalable_Robot_Learning_CVPR_2026_paper.html,"Despite strong results on recognition and segmentation, current 3D visual pre-training methods often underperform on robotic manipulation. We attribute this gap to two factors: the lack of state-action-state dynamics modeling and the unnecessary redundancy of explicit geometric reconstruction. We introduce AFRO, a self-supervised framework that learns dynamics-aware 3D representations without action or reconstruction supervision. AFRO casts state prediction as a generative diffusion process and jointly models forward and inverse dynamics in a shared latent space to capture causal transition structure. To prevent feature leakage in action learning, we employ feature differencing and inverse-consistency supervision, improving the quality and stability of visual features. When combined with Diffusion Policy, AFRO substantially increases manipulation success rates across 16 simulated and 4 real-world tasks, outperforming existing pre-training approaches. The framework also scales favorably with data volume and task complexity. Qualitative visualizations indicate that AFRO learns semantically rich, discriminative features, offering an effective pre-training solution for 3D representation learning in robotics. Project page: https://kolakivy.github.io/AFRO/","@InProceedings{Liang_2026_CVPR, author = {Liang, Qiwei and Cai, Boyang and Lai, Minghao and Zhuang, Sitong and Lin, Tao and Qin, Yan and Ye, Yixuan and Liang, Jiaming and Xu, Renjing}, title = {Bootstrap Dynamic-Aware 3D Visual Representation for Scalable Robot Learning}, booktitle = {Proceedings of the IEEE/CVF Conference on Computer Vision and Pattern Recognition (CVPR)}, month = {June}, year = {2026}, pages = {13419-13429} }"
Dabhi_2D-LFM_Lifting_Foundation_Model_without_3D_Supervision_CVPR_2026_paper,2026,1,SelfSupervised_Representation,SelfSupervised_Representation,18.0,0.667,2D-LFM: Lifting Foundation Model without 3D Supervision,Mosam Dabhi; Irhas Gill; László A. Jeni; Simon Lucey,4,34303-34311,True,https://openaccess.thecvf.com/content/CVPR2026/papers/Dabhi_2D-LFM_Lifting_Foundation_Model_without_3D_Supervision_CVPR_2026_paper.pdf,https://openaccess.thecvf.com/content/CVPR2026/supplemental/Dabhi_2D-LFM_Lifting_Foundation_CVPR_2026_supplemental.zip,https://openaccess.thecvf.com/content/CVPR2026/html/Dabhi_2D-LFM_Lifting_Foundation_Model_without_3D_Supervision_CVPR_2026_paper.html,"Recent vision foundation models give the impression that 3D reconstruction from RGB is largely solved. Yet these systems struggle with object-specific 3D structure: the fine-grained geometry implied by an object's landmarks or skeleton. In this paper, we show that when a model is given only 2D landmarks, it can recover more accurate 3D structure than state-of-the-art depth-from-RGB foundation models. Classical lifting approaches such as PAUL demonstrate this principle but do not scale beyond single categories, while methods like 3D-LFM scale but require extensive 3D supervision. We present the first lifting foundation model that learns object-specific 3D geometry using only 2D supervision. The key idea is to inject correspondence structure into the model via a positional encoding inspired by classical structure-from-motion. This simple inductive bias enables robust, object-agnostic 3D lifting that rivals or exceeds recent 3D-supervised approaches, revealing that landmark-based lifting remains a powerful and under-exploited paradigm for 3D understanding.","@InProceedings{Dabhi_2026_CVPR, author = {Dabhi, Mosam and Gill, Irhas and Jeni, L\'aszl\'o A. and Lucey, Simon}, title = {2D-LFM: Lifting Foundation Model without 3D Supervision}, booktitle = {Proceedings of the IEEE/CVF Conference on Computer Vision and Pattern Recognition (CVPR)}, month = {June}, year = {2026}, pages = {34303-34311} }"
Zhu_DLWM_Dual_Latent_World_Models_enable_Holistic_Gaussian-centric_Pre-training_in_CVPR_2026_paper,2026,0,Autonomous_Driving,Autonomous_Driving|SelfSupervised_Representation,21.0,0.476,DLWM: Dual Latent World Models enable Holistic Gaussian-centric Pre-training in Autonomous Driving,Yiyao Zhu; Ying Xue; Haiming Zhang; Guangfeng Jiang; Wending Zhou; Xu Yan; Jiantao Gao; Yingjie Cai; Bingbing Liu; Zhen Li; Shaojie Shen,11,39713-39723,True,https://openaccess.thecvf.com/content/CVPR2026/papers/Zhu_DLWM_Dual_Latent_World_Models_enable_Holistic_Gaussian-centric_Pre-training_in_CVPR_2026_paper.pdf,https://openaccess.thecvf.com/content/CVPR2026/supplemental/Zhu_DLWM_Dual_Latent_CVPR_2026_supplemental.pdf,https://openaccess.thecvf.com/content/CVPR2026/html/Zhu_DLWM_Dual_Latent_World_Models_enable_Holistic_Gaussian-centric_Pre-training_in_CVPR_2026_paper.html,"Vision-based autonomous driving has gained much attention due to its low costs and excellent performance. Compared with dense BEV (Bird's Eye View) or sparse query models, Gaussian-centric method is a comprehensive yet sparse representation by describing scene with 3D semantic Gaussians. In this paper, we introduce DLWM, a novel paradigm with Dual Latent World Models specifically designed to enable holistic gaussian-centric pre-training in autonomous driving using two stages. In the first stage, DLWM predicts 3D Gaussians from queries by self-supervised reconstructing multi-view semantic and depth images. Equipped with fine-grained contextual features, in the second stage, two latent world models are trained separately for temporal feature learning, including Gaussian-flow-guided latent prediction for downstream occupancy perception and forecasting tasks, and ego-planning-guided latent prediction for motion planning. Extensive experiments in SurroundOcc and nuScenes benchmarks demonstrate that DLWM shows significant performance gains across Gaussian-centric 3D occupancy perception, 4D occupancy forecasting and motion planning tasks.","@InProceedings{Zhu_2026_CVPR, author = {Zhu, Yiyao and Xue, Ying and Zhang, Haiming and Jiang, Guangfeng and Zhou, Wending and Yan, Xu and Gao, Jiantao and Cai, Yingjie and Liu, Bingbing and Li, Zhen and Shen, Shaojie}, title = {DLWM: Dual Latent World Models enable Holistic Gaussian-centric Pre-training in Autonomous Driving}, booktitle = {Proceedings of the IEEE/CVF Conference on Computer Vision and Pattern Recognition (CVPR)}, month = {June}, year = {2026}, pages = {39713-39723} }"
Zhang_Residual_Connections_Harm_Generative_Representation_Learning_CVPR_2026_paper,2026,1,SelfSupervised_Representation,SelfSupervised_Representation|Diffusion_Generative,11.0,0.455,Residual Connections Harm Generative Representation Learning,Xiao Zhang; Ruoxi Jiang; William Gao; Rebecca Willet; Michael Maire,5,39669-39679,True,https://openaccess.thecvf.com/content/CVPR2026/papers/Zhang_Residual_Connections_Harm_Generative_Representation_Learning_CVPR_2026_paper.pdf,https://openaccess.thecvf.com/content/CVPR2026/supplemental/Zhang_Residual_Connections_Harm_CVPR_2026_supplemental.pdf,https://openaccess.thecvf.com/content/CVPR2026/html/Zhang_Residual_Connections_Harm_Generative_Representation_Learning_CVPR_2026_paper.html,"We show that introducing a weighting factor to reduce the influence of identity shortcuts in residual networks significantly enhances semantic feature learning in generative representation learning frameworks, such as masked autoencoders (MAEs) and diffusion models. Our modification improves linear probing accuracy for both, notably increasing ImageNet accuracy from 67.8% to 72.7% for MAEs with a VIT-B/16 backbone, while also boosting generation quality for diffusion models. This significant gap suggests that, while residual connection structure serves an essential role in facilitating gradient propagation, it may have a harmful side effect of reducing capacity for abstract learning by virtue of injecting an echo of shallower representations into deeper layers. We ameliorate this downside via a fixed formula for monotonically decreasing the contribution of identity connections as layer depth increases. Our design promotes the gradual development of feature abstractions, without impacting network trainability. Analyzing the representations learned by our modified residual networks, we find correlation between low effective feature rank and downstream task performance.","@InProceedings{Zhang_2026_CVPR, author = {Zhang, Xiao and Jiang, Ruoxi and Gao, William and Willet, Rebecca and Maire, Michael}, title = {Residual Connections Harm Generative Representation Learning}, booktitle = {Proceedings of the IEEE/CVF Conference on Computer Vision and Pattern Recognition (CVPR)}, month = {June}, year = {2026}, pages = {39669-39679} }"
Chaybouti_SigLino_Efficient_Multi-Teacher_Distillation_for_Agglomerative_Vision_Foundation_Models_CVPR_2026_paper,2026,1,SelfSupervised_Representation,SelfSupervised_Representation,23.0,0.739,SigLino: Efficient Multi-Teacher Distillation for Agglomerative Vision Foundation Models,Sofian Chaybouti; Sanath Narayan; Yasser Dahou; Phúc H. Lê Khắc; Ankit Singh; Ngoc Huynh; Wamiq Reyaz Para; Hilde Kuehne; Hakim Hacid,9,10071-10081,True,https://openaccess.thecvf.com/content/CVPR2026/papers/Chaybouti_SigLino_Efficient_Multi-Teacher_Distillation_for_Agglomerative_Vision_Foundation_Models_CVPR_2026_paper.pdf,https://openaccess.thecvf.com/content/CVPR2026/supplemental/Chaybouti_SigLino_Efficient_Multi-Teacher_CVPR_2026_supplemental.pdf,https://openaccess.thecvf.com/content/CVPR2026/html/Chaybouti_SigLino_Efficient_Multi-Teacher_Distillation_for_Agglomerative_Vision_Foundation_Models_CVPR_2026_paper.html,"Vision foundation models trained via multi-teacher distillation offer a promising path toward unified visual representations, yet the learning dynamics and data efficiency of such approaches remain underexplored. In this paper, we systematically study multi-teacher distillation for vision foundation models and identify key factors that enable training at lower computational cost. We introduce SigLino, an efficient family of agglomerative vision foundation models that distill knowledge from SigLIP2 and DINOv3 simultaneously into Dense and Mixture-of-Experts students. We show that (1) our Asymmetric Relation-Knowledge Distillation loss preserves the geometric properties of each teacher while enabling effective knowledge transfer, (2) token-balanced batching that packs varying-resolution images into sequences with uniform token budgets stabilizes representation learning across resolutions without sacrificing performance, (3) hierarchical clustering and sampling of training data--typically reserved for self-supervised learning--substantially improves sample efficiency over random sampling for multi-teacher distillation, and (4) the resulting representations transfer effectively to early-fusion Grounding-VLMs, outperforming models trained from scratch. By combining these findings, we curate OpenLVD200M, a 200M-image corpus that demonstrates superior efficiency for multi-teacher distillation. Instantiated in a Mixture-of-Experts, our SigLino-MoE initializes an early-fusion Grounding-VLM that replaces the conventional ViT-LLM stack, demonstrating improved performance compared to a model trained from scratch. We release OpenLVD200M and distilled checkpoints.","@InProceedings{Chaybouti_2026_CVPR, author = {Chaybouti, Sofian and Narayan, Sanath and Dahou, Yasser and Khắc, Ph\'uc H. L\^e and Singh, Ankit and Huynh, Ngoc and Para, Wamiq Reyaz and Kuehne, Hilde and Hacid, Hakim}, title = {SigLino: Efficient Multi-Teacher Distillation for Agglomerative Vision Foundation Models}, booktitle = {Proceedings of the IEEE/CVF Conference on Computer Vision and Pattern Recognition (CVPR)}, month = {June}, year = {2026}, pages = {10071-10081} }"
Shinnick_Can_You_Learn_to_See_Without_Images_Procedural_Warm-Up_for_CVPR_2026_paper,2026,1,SelfSupervised_Representation,SelfSupervised_Representation,6.0,0.667,Can You Learn to See Without Images? Procedural Warm-Up for Vision Transformers,Zachary Shinnick; Liangze Jiang; Hemanth Saratchandran; Damien Teney; Anton van den Hengel,5,27439-27448,True,https://openaccess.thecvf.com/content/CVPR2026/papers/Shinnick_Can_You_Learn_to_See_Without_Images_Procedural_Warm-Up_for_CVPR_2026_paper.pdf,https://openaccess.thecvf.com/content/CVPR2026/supplemental/Shinnick_Can_You_Learn_CVPR_2026_supplemental.pdf,https://openaccess.thecvf.com/content/CVPR2026/html/Shinnick_Can_You_Learn_to_See_Without_Images_Procedural_Warm-Up_for_CVPR_2026_paper.html,"Transformers are remarkably versatile, suggesting the existence of generic inductive biases beneficial across modalities. In this work, we explore a new way to instil such biases in vision transformers (ViTs) through pretraining on procedurally generated data devoid of visual or semantic content. We generate this data with simple algorithms such as formal grammars, so the results bear no relationship to either natural or synthetic images. We use this procedurally generated data to pretrain ViTs in a warm-up phase that bypasses their visual patch embedding mechanisms, thus encouraging the models to internalise abstract computational priors. When followed by standard image-based training, this warm-up significantly improves data efficiency, convergence speed, and downstream performance. On ImageNet-1K, for example, allocating just 1% of the training budget to procedural data improves final accuracy by over 1.7%. In terms of its effect on performance, 1% procedurally generated data is thus equivalent to 28% of the ImageNet-1K data. These findings suggest a promising path toward new data-efficient and domain-agnostic pretraining strategies.","@InProceedings{Shinnick_2026_CVPR, author = {Shinnick, Zachary and Jiang, Liangze and Saratchandran, Hemanth and Teney, Damien and van den Hengel, Anton}, title = {Can You Learn to See Without Images? Procedural Warm-Up for Vision Transformers}, booktitle = {Proceedings of the IEEE/CVF Conference on Computer Vision and Pattern Recognition (CVPR)}, month = {June}, year = {2026}, pages = {27439-27448} }"
Vandeghen_TrackMAE_Video_Representation_Learning_via_Track_Mask_and_Predict_CVPR_2026_paper,2026,0,Video_Action_Recognition,Video_Action_Recognition|SelfSupervised_Representation,18.0,0.389,TrackMAE: Video Representation Learning via Track Mask and Predict,Renaud Vandeghen; Fida Mohammad Thoker; Marc Van Droogenbroeck; Bernard Ghanem,4,13604-13614,True,https://openaccess.thecvf.com/content/CVPR2026/papers/Vandeghen_TrackMAE_Video_Representation_Learning_via_Track_Mask_and_Predict_CVPR_2026_paper.pdf,https://openaccess.thecvf.com/content/CVPR2026/supplemental/Vandeghen_TrackMAE_Video_Representation_CVPR_2026_supplemental.pdf,https://openaccess.thecvf.com/content/CVPR2026/html/Vandeghen_TrackMAE_Video_Representation_Learning_via_Track_Mask_and_Predict_CVPR_2026_paper.html,"Masked video modeling (MVM) has emerged as a simple and scalable self-supervised pretraining paradigm, but only encodes motion information implicitly, limiting the encoding of temporal dynamics in the learned representations. As a result, such models struggle on motion-centric tasks that require fine-grained motion awareness. To address this, we propose TrackMAE, a simple masked video modeling paradigm that explicitly uses motion information as a reconstruction signal. In TrackMAE, we use an off-the-shelf point tracker to sparsely track points in the input videos generating motion trajectories. Furthermore, we exploit the extracted trajectories to improve the random tube masking with a motion-aware masking strategy. We enhance video representations learned in both pixel and feature semantic reconstruction space by providing a complementary supervision signal in the form of motion targets. We evaluate on six datasets across diverse downstream settings and find that TrackMAE consistently outperforms the state-of-the-art video SSL baselines, therefore learning more discriminative and generalizable representations Code available at https://github.com/rvandeghen/TrackMAE","@InProceedings{Vandeghen_2026_CVPR, author = {Vandeghen, Renaud and Thoker, Fida Mohammad and Van Droogenbroeck, Marc and Ghanem, Bernard}, title = {TrackMAE: Video Representation Learning via Track Mask and Predict}, booktitle = {Proceedings of the IEEE/CVF Conference on Computer Vision and Pattern Recognition (CVPR)}, month = {June}, year = {2026}, pages = {13604-13614} }"
Yang_Learning_Convex_Decomposition_via_Feature_Fields_CVPR_2026_paper,2026,1,SelfSupervised_Representation,SelfSupervised_Representation,6.0,0.333,Learning Convex Decomposition via Feature Fields,Yuezhi Yang; Qixing Huang; Mikaela Angelina Uy; Nicholas Sharp,4,36190-36200,True,https://openaccess.thecvf.com/content/CVPR2026/papers/Yang_Learning_Convex_Decomposition_via_Feature_Fields_CVPR_2026_paper.pdf,https://openaccess.thecvf.com/content/CVPR2026/supplemental/Yang_Learning_Convex_Decomposition_CVPR_2026_supplemental.pdf,https://openaccess.thecvf.com/content/CVPR2026/html/Yang_Learning_Convex_Decomposition_via_Feature_Fields_CVPR_2026_paper.html,"This work proposes a new formulation to the long-standing problem of convex decomposition through learning feature fields, enabling the first feed-forward model for open-world learning of convex decomposition. Our method produces high-quality decompositions of 3D shapes into a union of convex bodies, which are essential to accelerate collision detection in physical simulation, amongst many other applications.The key insight is to adopt a feature learning approach and learn a continuous feature field that can later be clustered to yield a good convex decomposition via our self-supervised, purely-geometric objective derived from the classical definition of convexity.Our formulation can be used for single shape optimization, but more importantly, feature prediction unlocks scalable, self-supervised learning on large datasets resulting in the first learned open-world for convex decomposition.Experiments show that our decompositions are higher-quality than alternatives and generalize across open-world objects as well as across representations to meshes, CAD models, and even Gaussian splats.","@InProceedings{Yang_2026_CVPR, author = {Yang, Yuezhi and Huang, Qixing and Uy, Mikaela Angelina and Sharp, Nicholas}, title = {Learning Convex Decomposition via Feature Fields}, booktitle = {Proceedings of the IEEE/CVF Conference on Computer Vision and Pattern Recognition (CVPR)}, month = {June}, year = {2026}, pages = {36190-36200} }"
Feng_Beyond_Binary_Contrast_Modeling_Continuous_Skeleton_Action_Spaces_with_Transitional_CVPR_2026_paper,2026,0,Human_Pose_Body,Human_Pose_Body|SelfSupervised_Representation,12.0,0.25,Beyond Binary Contrast: Modeling Continuous Skeleton Action Spaces with Transitional Anchors,Yingjie Feng; Yi Wang; Jiaze Wang; Anfeng Liu; Zhuotao Tian,5,6075-6084,True,https://openaccess.thecvf.com/content/CVPR2026/papers/Feng_Beyond_Binary_Contrast_Modeling_Continuous_Skeleton_Action_Spaces_with_Transitional_CVPR_2026_paper.pdf,https://openaccess.thecvf.com/content/CVPR2026/supplemental/Feng_Beyond_Binary_Contrast_CVPR_2026_supplemental.pdf,https://openaccess.thecvf.com/content/CVPR2026/html/Feng_Beyond_Binary_Contrast_Modeling_Continuous_Skeleton_Action_Spaces_with_Transitional_CVPR_2026_paper.html,"Self-supervised contrastive learning has emerged as a powerful paradigm for skeleton-based action recognition by enforcing consistency in the embedding space. However, existing methods rely on binary contrastive objectives that overlook the intrinsic continuity of human motion, resulting in fragmented feature clusters and rigid class boundaries. To address these limitations, we propose TranCLR, a Transitional anchor-based Contrastive Learning framework that captures the continuous geometry of the action space. Specifically, the proposed Action Transitional Anchor Construction (ATAC) explicitly models the geometric structure of transitional states to enhance the model's perception of motion continuity. Building upon these anchors, a Multi-Level Geometric Manifold Calibration (MGMC) mechanism is introduced to adaptively calibrate the action manifold across multiple levels of continuity, yielding a smoother and more discriminative representation space. Extensive experiments on the NTU RGB+D, NTU RGB+D 120 and PKU-MMD datasets demonstrate that TranCLR achieves superior accuracy and calibration performance, effectively learning continuous and uncertainty-aware skeleton representations. Code will be made publicly available.","@InProceedings{Feng_2026_CVPR, author = {Feng, Yingjie and Wang, Yi and Wang, Jiaze and Liu, Anfeng and Tian, Zhuotao}, title = {Beyond Binary Contrast: Modeling Continuous Skeleton Action Spaces with Transitional Anchors}, booktitle = {Proceedings of the IEEE/CVF Conference on Computer Vision and Pattern Recognition (CVPR)}, month = {June}, year = {2026}, pages = {6075-6084} }"
Song_GeoBridge_A_Semantic-Anchored_Multi-View_Foundation_Model_Bridging_Images_and_Text_CVPR_2026_paper,2026,1,SelfSupervised_Representation,SelfSupervised_Representation|Medical_Bio_RemoteSensing,11.0,0.455,GeoBridge: A Semantic-Anchored Multi-View Foundation Model Bridging Images and Text for Geo-Localization,Zixuan Song; Jing Zhang; Di Wang; Zidie Zhou; Wenbin Liu; Haonan Guo; En Wang; Bo Du,8,27793-27803,True,https://openaccess.thecvf.com/content/CVPR2026/papers/Song_GeoBridge_A_Semantic-Anchored_Multi-View_Foundation_Model_Bridging_Images_and_Text_CVPR_2026_paper.pdf,https://openaccess.thecvf.com/content/CVPR2026/supplemental/Song_GeoBridge_A_Semantic-Anchored_CVPR_2026_supplemental.pdf,https://openaccess.thecvf.com/content/CVPR2026/html/Song_GeoBridge_A_Semantic-Anchored_Multi-View_Foundation_Model_Bridging_Images_and_Text_CVPR_2026_paper.html,"Cross-view geo-localization infers a location by retrieving geo-tagged reference images that visually correspond to a query image. However, the traditional satellite-centric paradigm limits robustness when high-resolution or up-to-date satellite imagery is unavailable. It further underexploits complementary cues across views (e.g., drone, satellite, and street) and modalities (e.g., language and image). To address these challenges, we propose GeoBridge, a novel model that performs bidirectional matching across views and supports language-to-image retrieval. Going beyond traditional satellite-centric formulations, GeoBridge builds on a novel semantic-anchor mechanism that bridges multi-view features through textual descriptions for robust, flexible localization. In support of this task, we construct GeoLoc, the first large-scale, cross-modal, and multi-view aligned dataset comprising over 50,000 pairs of drone, street-view panorama, and satellite images as well as their textual descriptions, collected from 36 countries, ensuring both geographic and semantic alignment. We performed broad evaluations across multiple tasks. Experiments confirm that GeoLoc pre-training markedly improves geo-location accuracy for GeoBridge while promoting cross-domain generalization and cross-modal knowledge transfer. Code, dataset, and pretrained models will be released at https://github.com/MiliLab/GeoBridge.","@InProceedings{Song_2026_CVPR, author = {Song, Zixuan and Zhang, Jing and Wang, Di and Zhou, Zidie and Liu, Wenbin and Guo, Haonan and Wang, En and Du, Bo}, title = {GeoBridge: A Semantic-Anchored Multi-View Foundation Model Bridging Images and Text for Geo-Localization}, booktitle = {Proceedings of the IEEE/CVF Conference on Computer Vision and Pattern Recognition (CVPR)}, month = {June}, year = {2026}, pages = {27793-27803} }"
Fang_Adapting_a_Pre-trained_Single-Cell_Foundation_Model_to_Spatial_Gene_Expression_CVPR_2026_paper,2026,1,SelfSupervised_Representation,SelfSupervised_Representation,14.0,0.714,Adapting a Pre-trained Single-Cell Foundation Model to Spatial Gene Expression Generation from Histology Images,Donghai Fang; Yongheng Li; Zhen Wang; Yuansong Zeng; Wenwen Min,5,5720-5729,True,https://openaccess.thecvf.com/content/CVPR2026/papers/Fang_Adapting_a_Pre-trained_Single-Cell_Foundation_Model_to_Spatial_Gene_Expression_CVPR_2026_paper.pdf,https://openaccess.thecvf.com/content/CVPR2026/supplemental/Fang_Adapting_a_Pre-trained_CVPR_2026_supplemental.pdf,https://openaccess.thecvf.com/content/CVPR2026/html/Fang_Adapting_a_Pre-trained_Single-Cell_Foundation_Model_to_Spatial_Gene_Expression_CVPR_2026_paper.html,"Spatial transcriptomics (ST) enables spot-level in situ expression profiling, but its high cost and limited throughput motivate predicting expression directly from H&E-stained histology. Recent advances explore using score- or flow-based generative models to estimate the conditional distribution of gene expression from histology, offering a flexible alternative to deterministic regression approaches. However, most existing generative approaches omit explicit modeling of gene-gene dependencies, undermining biological coherence. Single-cell foundation models (sc-FMs), pre-trained across diverse cell populations, capture these critical gene relationships that histology alone cannot reveal. Yet, applying expression-only sc-FMs to histology-conditioned expression modeling is nontrivial due to the absence of a visual pathway, a mismatch between their pre-training and conditional ST objectives, and the scarcity of mixed-cell ST supervision. To address these challenges, we propose **HINGE** (**HI**stology-co**N**ditioned **GE**neration), which retrofits a pre-trained sc-FM into a conditional expression generator while mostly preserving its learned gene relationships. We achieve this by introducing **SoftAdaLN**, a lightweight, identity-initialized modulation that injects layer-wise visual context into the backbone, coupled with an expression-space **masked diffusion** objective and a warm-start curriculum to ensure objective alignment and training stability. Evaluated on three ST datasets, HINGE outperforms state-of-the-art baselines on mean Pearson correlation and yields more accurate spatial marker expression patterns and higher pairwise co-expression consistency, establishing a practical route to adapt pre-trained sc-FMs for histology-conditioned spatial expression generation.","@InProceedings{Fang_2026_CVPR, author = {Fang, Donghai and Li, Yongheng and Wang, Zhen and Zeng, Yuansong and Min, Wenwen}, title = {Adapting a Pre-trained Single-Cell Foundation Model to Spatial Gene Expression Generation from Histology Images}, booktitle = {Proceedings of the IEEE/CVF Conference on Computer Vision and Pattern Recognition (CVPR)}, month = {June}, year = {2026}, pages = {5720-5729} }"
Zheng_Boosting_Self-Supervised_Tracking_with_Contextual_Prompts_and_Noise_Learning_CVPR_2026_paper,2026,1,SelfSupervised_Representation,SelfSupervised_Representation|Tracking_MOT|LLM_Reasoning_Agent,18.0,0.111,Boosting Self-Supervised Tracking with Contextual Prompts and Noise Learning,Yaozong Zheng; Qihua Liang; Bineng Zhong; Shuimu Zeng; Yuanliang Xue; Ning Li; Shuxiang Song,7,35197-35206,True,https://openaccess.thecvf.com/content/CVPR2026/papers/Zheng_Boosting_Self-Supervised_Tracking_with_Contextual_Prompts_and_Noise_Learning_CVPR_2026_paper.pdf,,https://openaccess.thecvf.com/content/CVPR2026/html/Zheng_Boosting_Self-Supervised_Tracking_with_Contextual_Prompts_and_Noise_Learning_CVPR_2026_paper.html,"Learning robust contextual knowledge from unlabeled videos is essential for advancing self-supervised tracking. However, conventional self-supervised trackers lack effective context modeling, while existing context association methods based on non-semantic queries struggle to adapt to unlabeled tracking scenarios, making it difficult to learn reliable contextual cues. In this work, we propose a novel self-supervised tracking framework, named \tracker, which introduces a dual-modal context association mechanism that jointly leverages fine-grained semantic prompts and contextual noise to drive the model toward learning robust tracking representations. Adherent to the easy-to-hard learning principle, our contextual association mechanism operates based on two stages. During early training, instance patch tokens (prompts) are assigned to both forward and backward tracking branches to facilitate the acquisition of tracking knowledge. As training progresses, contextual noise is gradually injected into the model to perturb feature, encouraging the tracker to learn robust tracking representations in a more complex feature space. Thus, this novel contextual association mechanism enables our self-supervised model to learn high-quality tracking representations from unlabeled videos, while being applied exclusively during training to preserve efficient inference. Extensive experiments demonstrate the superiority of our method.","@InProceedings{Zheng_2026_CVPR, author = {Zheng, Yaozong and Liang, Qihua and Zhong, Bineng and Zeng, Shuimu and Xue, Yuanliang and Li, Ning and Song, Shuxiang}, title = {Boosting Self-Supervised Tracking with Contextual Prompts and Noise Learning}, booktitle = {Proceedings of the IEEE/CVF Conference on Computer Vision and Pattern Recognition (CVPR)}, month = {June}, year = {2026}, pages = {35197-35206} }"
Rawlekar_Finding_Distributed_Object-Centric_Properties_in_Self-Supervised_Transformers_CVPR_2026_paper,2026,1,SelfSupervised_Representation,SelfSupervised_Representation,21.0,0.762,Finding Distributed Object-Centric Properties in Self-Supervised Transformers,Samyak Rawlekar; Amitabh Swain; Yujun Cai; Yiwei Wang; Ming-Hsuan Yang; Narendra Ahuja,6,31326-31335,True,https://openaccess.thecvf.com/content/CVPR2026/papers/Rawlekar_Finding_Distributed_Object-Centric_Properties_in_Self-Supervised_Transformers_CVPR_2026_paper.pdf,https://openaccess.thecvf.com/content/CVPR2026/supplemental/Rawlekar_Finding_Distributed_Object-Centric_CVPR_2026_supplemental.pdf,https://openaccess.thecvf.com/content/CVPR2026/html/Rawlekar_Finding_Distributed_Object-Centric_Properties_in_Self-Supervised_Transformers_CVPR_2026_paper.html,"Self-supervised Vision Transformers (ViTs) like DINO show an emergent ability to discover objects, typically observed in \texttt [CLS] token attention maps of the final layer. However, these maps often contain spurious activations resulting in poor localization of objects. This is because the \texttt [CLS] token, trained on an image-level objective, summarizes the entire image instead of focusing on objects. This aggregation dilutes the object-centric information existing in the local, patch-level interactions. We analyze this by computing inter-patch similarity using patch-level attention components (query, key, and value) across all layers. We find that: (1) Object-centric properties are encoded in the similarity maps derived from all three components (q, k, v), unlike prior work that uses only key features or the \texttt [CLS] token. (2) This object-centric information is distributed across the network, not just confined to the final layer. Based on these insights, we introduce Object-DINO, a training-free method that extracts this distributed object-centric information. Object-DINO clusters attention heads across all layers based on the similarities of their patches and automatically identifies the object-centric cluster corresponding to all objects. We demonstrate Object-DINO's effectiveness on two applications: enhancing unsupervised object discovery (+3.6 to +12.4 CorLoc gains) and mitigating object hallucination in Multimodal Large Language Models by providing visual grounding. Our results demonstrate that using this distributed object-centric information improves downstream tasks without additional training.","@InProceedings{Rawlekar_2026_CVPR, author = {Rawlekar, Samyak and Swain, Amitabh and Cai, Yujun and Wang, Yiwei and Yang, Ming-Hsuan and Ahuja, Narendra}, title = {Finding Distributed Object-Centric Properties in Self-Supervised Transformers}, booktitle = {Proceedings of the IEEE/CVF Conference on Computer Vision and Pattern Recognition (CVPR)}, month = {June}, year = {2026}, pages = {31326-31335} }"
Shi_Cross-Slice_Knowledge_Transfer_via_Masked_Multi-Modal_Heterogeneous_Graph_Contrastive_Learning_CVPR_2026_paper,2026,1,SelfSupervised_Representation,SelfSupervised_Representation|Vision_Language_Multimodal|Medical_Bio_RemoteSensing,15.0,0.467,Cross-Slice Knowledge Transfer via Masked Multi-Modal Heterogeneous Graph Contrastive Learning for Spatial Gene Expression Inference,Zhiceng Shi; Changmiao Wang; Jun Wan; Wenwen Min,4,5710-5719,True,https://openaccess.thecvf.com/content/CVPR2026/papers/Shi_Cross-Slice_Knowledge_Transfer_via_Masked_Multi-Modal_Heterogeneous_Graph_Contrastive_Learning_CVPR_2026_paper.pdf,https://openaccess.thecvf.com/content/CVPR2026/supplemental/Shi_Cross-Slice_Knowledge_Transfer_CVPR_2026_supplemental.pdf,https://openaccess.thecvf.com/content/CVPR2026/html/Shi_Cross-Slice_Knowledge_Transfer_via_Masked_Multi-Modal_Heterogeneous_Graph_Contrastive_Learning_CVPR_2026_paper.html,"While spatial transcriptomics (ST) has advanced our understanding of gene expression in tissue context, its high experimental cost limits its large-scale application. Predicting ST from pathology images is a promising, cost-effective alternative, but existing methods struggle to capture complex cross-slide spatial relationships. To address the challenge, we propose SpaHGC, a multi-modal heterogeneous graph-based model that captures both intra-slice and inter-slice spot-spot relationships from histology images. It integrates local spatial context within the target slide and cross-slide similarities computed from image embeddings extracted by a pathology foundation model. These embeddings enable inter-slice knowledge transfer, and SpaHGC further incorporates Masked Graph Contrastive Learning to enhance feature representation and transfer spatial gene expression knowledge from reference to target slides, enabling it to model complex spatial dependencies and significantly improve prediction accuracy.We conducted comprehensive benchmarking on seven matched histology-ST datasets from different platforms, tissues, and cancer subtypes. The results demonstrate that SpaHGC significantly outperforms the existing nine state-of-the-art methods across all evaluation metrics. Additionally, the predictions are significantly enriched in multiple cancer-related pathways, thereby highlighting its strong biological relevance and application potential. Code and data are available at https://github.com/wenwenmin/SpaHGC.","@InProceedings{Shi_2026_CVPR, author = {Shi, Zhiceng and Wang, Changmiao and Wan, Jun and Min, Wenwen}, title = {Cross-Slice Knowledge Transfer via Masked Multi-Modal Heterogeneous Graph Contrastive Learning for Spatial Gene Expression Inference}, booktitle = {Proceedings of the IEEE/CVF Conference on Computer Vision and Pattern Recognition (CVPR)}, month = {June}, year = {2026}, pages = {5710-5719} }"
Chen_FoundIR-v2_Optimizing_Pre-Training_Data_Mixtures_for_Image_Restoration_Foundation_Model_CVPR_2026_paper,2026,1,SelfSupervised_Representation,SelfSupervised_Representation|Restoration_Enhancement,25.0,0.28,FoundIR-v2: Optimizing Pre-Training Data Mixtures for Image Restoration Foundation Model,Xiang Chen; Jinshan Pan; Jiangxin Dong; Jian Yang; Jinhui Tang,5,8471-8480,True,https://openaccess.thecvf.com/content/CVPR2026/papers/Chen_FoundIR-v2_Optimizing_Pre-Training_Data_Mixtures_for_Image_Restoration_Foundation_Model_CVPR_2026_paper.pdf,https://openaccess.thecvf.com/content/CVPR2026/supplemental/Chen_FoundIR-v2_Optimizing_Pre-Training_CVPR_2026_supplemental.pdf,https://openaccess.thecvf.com/content/CVPR2026/html/Chen_FoundIR-v2_Optimizing_Pre-Training_Data_Mixtures_for_Image_Restoration_Foundation_Model_CVPR_2026_paper.html,"Recent studies have witnessed significant advances in image restoration foundation models driven by improvements in the scale and quality of pre-training data. In this work, we find that the data mixture proportions from different restoration tasks are also a critical factor directly determining the overall performance of all-in-one image restoration models. To this end, we propose a high-capacity diffusion-based image restoration foundation model, FoundIR-v2, which adopts a data equilibrium scheduling paradigm to dynamically optimize the proportions of mixed training datasets from different tasks. By leveraging the data mixing law, our method ensures a balanced dataset composition, enabling the model to achieve consistent generalization and comprehensive performance across diverse tasks. Furthermore, we introduce an effective Mixture-of-Experts (MoE)-driven scheduler into generative pre-training to flexibly allocate task-adaptive diffusion priors for each restoration task, accounting for the distinct degradation forms and levels exhibited by different tasks. Extensive experiments demonstrate that our method can address over 50 sub-tasks across a broader scope of real-world scenarios and achieves favorable performance against state-of-the-art approaches.","@InProceedings{Chen_2026_CVPR, author = {Chen, Xiang and Pan, Jinshan and Dong, Jiangxin and Yang, Jian and Tang, Jinhui}, title = {FoundIR-v2: Optimizing Pre-Training Data Mixtures for Image Restoration Foundation Model}, booktitle = {Proceedings of the IEEE/CVF Conference on Computer Vision and Pattern Recognition (CVPR)}, month = {June}, year = {2026}, pages = {8471-8480} }"
Cao_TIPSv2_Advancing_Vision-Language_Pretraining_with_Enhanced_Patch-Text_Alignment_CVPR_2026_paper,2026,0,Vision_Language_Multimodal,Vision_Language_Multimodal|SelfSupervised_Representation,20.0,0.25,TIPSv2: Advancing Vision-Language Pretraining with Enhanced Patch-Text Alignment,Bingyi Cao; Koert Chen; Kevis-Kokitsi Maninis; Kaifeng Chen; Arjun Karpur; Ye Xia; Sahil Dua; Tanmaya Dabral; Guangxing Han; Bohyung Han; Joshua Ainslie; Alex Bewley; Mithun Jacob; René Wagner; Washington Ramos; Krzysztof Choromanski; Mojtaba Seyedhosseini; Howard Zhou; Andre Araujo,19,29325-29335,True,https://openaccess.thecvf.com/content/CVPR2026/papers/Cao_TIPSv2_Advancing_Vision-Language_Pretraining_with_Enhanced_Patch-Text_Alignment_CVPR_2026_paper.pdf,https://openaccess.thecvf.com/content/CVPR2026/supplemental/Cao_TIPSv2_Advancing_Vision-Language_CVPR_2026_supplemental.pdf,https://openaccess.thecvf.com/content/CVPR2026/html/Cao_TIPSv2_Advancing_Vision-Language_Pretraining_with_Enhanced_Patch-Text_Alignment_CVPR_2026_paper.html,"Recent progress in vision-language pretraining has enabled significant improvements to many downstream computer vision applications, such as classification, retrieval, segmentation and depth prediction. However, a fundamental capability that these models still struggle with is aligning dense patch representations with text embeddings of corresponding concepts. In this work, we investigate this critical issue and propose novel techniques to enhance this capability in foundational vision-language models. First, we reveal that a patch-level distillation procedure significantly boosts dense patch-text alignment -- surprisingly, the patch-text alignment of the distilled student model strongly surpasses that of the teacher model. This observation inspires us to consider modifications to pretraining recipes, leading us to propose iBOT++, an upgrade to the commonly-used iBOT masked image objective, where unmasked tokens also contribute directly to the loss. This dramatically enhances patch-text alignment of pretrained models. Additionally, to improve vision-language pretraining efficiency and effectiveness, we modify the exponential moving average setup in the learning recipe, and introduce a caption sampling strategy to benefit from synthetic captions at different granularities. Combining these components, we develop TIPSv2, a new family of image-text encoder models suitable for a wide range of downstream applications. Through comprehensive experiments on 9 tasks and 20 datasets, we demonstrate strong performance, generally on par with or better than recent vision encoder models. Code and models are released via our project page at https://gdm-tipsv2.github.io/.","@InProceedings{Cao_2026_CVPR, author = {Cao, Bingyi and Chen, Koert and Maninis, Kevis-Kokitsi and Chen, Kaifeng and Karpur, Arjun and Xia, Ye and Dua, Sahil and Dabral, Tanmaya and Han, Guangxing and Han, Bohyung and Ainslie, Joshua and Bewley, Alex and Jacob, Mithun and Wagner, Ren\'e and Ramos, Washington and Choromanski, Krzysztof and Seyedhosseini, Mojtaba and Zhou, Howard and Araujo, Andre}, title = {TIPSv2: Advancing Vision-Language Pretraining with Enhanced Patch-Text Alignment}, booktitle = {Proceedings of the IEEE/CVF Conference on Computer Vision and Pattern Recognition (CVPR)}, month = {June}, year = {2026}, pages = {29325-29335} }"
Yang_In_Pursuit_of_Pixel_Supervision_for_Visual_Pre-training_CVPR_2026_paper,2026,1,SelfSupervised_Representation,SelfSupervised_Representation,25.0,0.88,In Pursuit of Pixel Supervision for Visual Pre-training,Lihe Yang; Shang-Wen Li; Yang Li; Xinjie Lei; Dong Wang; Abdelrahman Mohamed; Saining Xie; Hengshuang Zhao; Kaiming He; Hu Xu,10,31974-31984,True,https://openaccess.thecvf.com/content/CVPR2026/papers/Yang_In_Pursuit_of_Pixel_Supervision_for_Visual_Pre-training_CVPR_2026_paper.pdf,https://openaccess.thecvf.com/content/CVPR2026/supplemental/Yang_In_Pursuit_of_CVPR_2026_supplemental.pdf,https://openaccess.thecvf.com/content/CVPR2026/html/Yang_In_Pursuit_of_Pixel_Supervision_for_Visual_Pre-training_CVPR_2026_paper.html,"Data matters. In computer vision, data (or pixels) are the primary source of information containing signals that span from low-level attributes to high-level concepts. At scale, the success of modern vision systems has been closely tied to how data is curated for semantic understanding (e.g., ImageNet). Recent trends in spatial intelligence and physical world understanding further highlight the importance of real-world signals that preserve spatial structure, beyond purely semantic signals. This motivates a shift toward curating data that better captures spatially grounded information across diverse environments. In this work, we demonstrate that training on 2B web-crawled images with a self-curation strategy on masked autoencoder (MAE) can learn strong representations for dense prediction tasks, while remaining simple, stable, and efficient. Our model, codenamed ""Pixio"", is an enhanced masked autoencoder (MAE) with more challenging pre-training tasks and more capable architectures. Pixio yields dense representations achieving promising results across a wide range of dense prediction tasks in the wild, including monocular depth estimation (e.g., Depth Anything), feed-forward 3D reconstruction (i.e., MapAnything), and visual segmentation (e.g., SAM). Our results suggest that data curation can significantly contribute to dense representation learning.","@InProceedings{Yang_2026_CVPR, author = {Yang, Lihe and Li, Shang-Wen and Li, Yang and Lei, Xinjie and Wang, Dong and Mohamed, Abdelrahman and Xie, Saining and Zhao, Hengshuang and He, Kaiming and Xu, Hu}, title = {In Pursuit of Pixel Supervision for Visual Pre-training}, booktitle = {Proceedings of the IEEE/CVF Conference on Computer Vision and Pattern Recognition (CVPR)}, month = {June}, year = {2026}, pages = {31974-31984} }"
Chen_WildRayZer_Self-supervised_Large_View_Synthesis_in_Dynamic_Environments_CVPR_2026_paper,2026,0,Neural_Rendering_NeRF_3DGS,Neural_Rendering_NeRF_3DGS|SelfSupervised_Representation,12.0,0.0,WildRayZer: Self-supervised Large View Synthesis in Dynamic Environments,Xuweiyi Chen; Wentao Zhou; Zezhou Cheng,3,1252-1264,True,https://openaccess.thecvf.com/content/CVPR2026/papers/Chen_WildRayZer_Self-supervised_Large_View_Synthesis_in_Dynamic_Environments_CVPR_2026_paper.pdf,https://openaccess.thecvf.com/content/CVPR2026/supplemental/Chen_WildRayZer_Self-supervised_Large_CVPR_2026_supplemental.pdf,https://openaccess.thecvf.com/content/CVPR2026/html/Chen_WildRayZer_Self-supervised_Large_View_Synthesis_in_Dynamic_Environments_CVPR_2026_paper.html,"We present WildRayZer, a self-supervised framework for novel view synthesis (NVS) in dynamic environments where both the camera and objects move. Dynamic content breaks the multi-view consistency that static NVS models rely on, leading to ghosting, hallucinated geometry, and unstable pose estimation. WildRayZer addresses this by performing an analysis-by-synthesis test: a camera-only static renderer explains rigid structure, and its residuals reveal transient regions. From these residuals, we construct pseudo motion masks, distill a motion estimator, and use it to mask input tokens and gate loss gradients so supervision focuses on cross-view background completion. To enable large-scale training and evaluation, we curate Dynamic RealEstate10K (D-RE10K), a real-world dataset of 15K casually captured dynamic sequences, and D-RE10K-iPhone, a paired transient and clean benchmark for sparse-view transient-aware NVS. Experiments show that WildRayZer consistently outperforms optimization-based and feed-forward baselines in both transient-region removal and full-frame NVS quality with a single feed-forward pass.","@InProceedings{Chen_2026_CVPR, author = {Chen, Xuweiyi and Zhou, Wentao and Cheng, Zezhou}, title = {WildRayZer: Self-supervised Large View Synthesis in Dynamic Environments}, booktitle = {Proceedings of the IEEE/CVF Conference on Computer Vision and Pattern Recognition (CVPR)}, month = {June}, year = {2026}, pages = {1252-1264} }"
Tu_Masked-Diffusion_Autoencoders_for_3D_Medical_Vision_Representation_Learning_CVPR_2026_paper,2026,0,Medical_Bio_RemoteSensing,Medical_Bio_RemoteSensing|SelfSupervised_Representation,17.0,0.118,Masked-Diffusion Autoencoders for 3D Medical Vision Representation Learning,Jiachen Tu; Guanghui Qin; Theodore Zhengde Zhao; Jeya Maria Jose Valanarasu; Sheng Zhang; Tristan Naumann; Fan Lam; Sheng Wang; Hoifung Poon,9,22804-22815,True,https://openaccess.thecvf.com/content/CVPR2026/papers/Tu_Masked-Diffusion_Autoencoders_for_3D_Medical_Vision_Representation_Learning_CVPR_2026_paper.pdf,https://openaccess.thecvf.com/content/CVPR2026/supplemental/Tu_Masked-Diffusion_Autoencoders_for_CVPR_2026_supplemental.pdf,https://openaccess.thecvf.com/content/CVPR2026/html/Tu_Masked-Diffusion_Autoencoders_for_3D_Medical_Vision_Representation_Learning_CVPR_2026_paper.html,"Effective medical image analysis requires representations that capture both global anatomical structure and fine-grained tissue texture. Current self-supervised approaches exhibit limited capacity to address both requirements simultaneously. Invariance-based methods learn through augmentation consistency but face challenges in medical imaging where common augmentations may discard diagnostically relevant intensity patterns. Masked image modeling approaches employ high masking ratios to enforce holistic reasoning, yet inherently limit exposure to fine-grained texture. Recent work in general-domain vision demonstrates that generative and semantic objectives can mutually benefit each other, yet this paradigm remains unexplored for 3D medical imaging. We introduce Masked-Diffusion Autoencoders (MDAE), a self-supervised framework that imposes concurrent spatial masking and diffusion corruption, encouraging the model to learn complementary objectives: masked region reconstruction for structural coherence and visible region denoising for textural characteristics. This dual corruption enables the network to learn structure-texture representations within a unified time-conditioned objective. Evaluated on brain MRI across tumor classification, molecular marker detection, and dense segmentation benchmarks, MDAE consistently outperforms state-of-the-art baselines, with improvements most pronounced in cross-modal generalization tasks.","@InProceedings{Tu_2026_CVPR, author = {Tu, Jiachen and Qin, Guanghui and Zhao, Theodore Zhengde and Valanarasu, Jeya Maria Jose and Zhang, Sheng and Naumann, Tristan and Lam, Fan and Wang, Sheng and Poon, Hoifung}, title = {Masked-Diffusion Autoencoders for 3D Medical Vision Representation Learning}, booktitle = {Proceedings of the IEEE/CVF Conference on Computer Vision and Pattern Recognition (CVPR)}, month = {June}, year = {2026}, pages = {22804-22815} }"
Zhuang_Cluster-Wise_Spatio-Temporal_Masking_for_Efficient_Video-Language_Pretraining_CVPR_2026_paper,2026,0,Video_Action_Recognition,Video_Action_Recognition|SelfSupervised_Representation|Vision_Language_Multimodal,16.0,0.375,Cluster-Wise Spatio-Temporal Masking for Efficient Video-Language Pretraining,Weijun Zhuang; Yuqing Huang; Weikang Meng; Xin Li; Ming Liu; Xiaopeng Hong; Yaowei Wang; Wangmeng Zuo,8,39197-39207,True,https://openaccess.thecvf.com/content/CVPR2026/papers/Zhuang_Cluster-Wise_Spatio-Temporal_Masking_for_Efficient_Video-Language_Pretraining_CVPR_2026_paper.pdf,https://openaccess.thecvf.com/content/CVPR2026/supplemental/Zhuang_Cluster-Wise_Spatio-Temporal_Masking_CVPR_2026_supplemental.pdf,https://openaccess.thecvf.com/content/CVPR2026/html/Zhuang_Cluster-Wise_Spatio-Temporal_Masking_for_Efficient_Video-Language_Pretraining_CVPR_2026_paper.html,"Large-scale video-language pretraining enables strong generalization across multimodal tasks but often incurs prohibitive computational costs. Although recent advances in masked visual modeling help mitigate this issue, they still suffer from two fundamental limitations: severe visual information loss under high masking ratios and temporal information leakage caused by inter-frame correlations. To address these challenges, we propose ClusterSTM, a Cluster-Wise Spatio-Temporal Masking strategy for efficient video-language pretraining. ClusterSTM first performs intra-frame clustering to partition visual tokens into multiple semantically independent clusters, then conducts cluster-wise masking by retaining the token with the highest temporal density within each cluster. Our masking strategy ensure that the retained tokens capture holistic video content while exhibit strong temporal correlation. Additionally, we introduce a video-text relevance reconstruction objective that aligns high-level multimodal semantics beyond conventional visual reconstruction. Extensive experiments across multiple benchmarks demonstrate that ClusterSTM achieves superior performance on video-text retrieval, video question answering, and video captioning tasks, establishing a new state-of-the-art among efficient video-language models.","@InProceedings{Zhuang_2026_CVPR, author = {Zhuang, Weijun and Huang, Yuqing and Meng, Weikang and Li, Xin and Liu, Ming and Hong, Xiaopeng and Wang, Yaowei and Zuo, Wangmeng}, title = {Cluster-Wise Spatio-Temporal Masking for Efficient Video-Language Pretraining}, booktitle = {Proceedings of the IEEE/CVF Conference on Computer Vision and Pattern Recognition (CVPR)}, month = {June}, year = {2026}, pages = {39197-39207} }"
Chen_Forging_a_Dynamic_Memory_Retrieval-Guided_Continual_Learning_for_Generalist_Medical_CVPR_2026_paper,2026,0,Transfer_FewShot_DomainAdaptation,Transfer_FewShot_DomainAdaptation|Vision_Language_Multimodal|SelfSupervised_Representation,15.0,0.2,Forging a Dynamic Memory: Retrieval-Guided Continual Learning for Generalist Medical Foundation Models,Zizhi Chen; Yizhen Gao; Minghao Han; Yizhou Liu; Zhaoyu Chen; Dingkang Yang; Lihua Zhang,7,32309-32321,True,https://openaccess.thecvf.com/content/CVPR2026/papers/Chen_Forging_a_Dynamic_Memory_Retrieval-Guided_Continual_Learning_for_Generalist_Medical_CVPR_2026_paper.pdf,https://openaccess.thecvf.com/content/CVPR2026/supplemental/Chen_Forging_a_Dynamic_CVPR_2026_supplemental.pdf,https://openaccess.thecvf.com/content/CVPR2026/html/Chen_Forging_a_Dynamic_Memory_Retrieval-Guided_Continual_Learning_for_Generalist_Medical_CVPR_2026_paper.html,"Multimodal biomedical Vision-Language Models (VLMs) exhibit immense potential in the field of Continual Learning (CL). However, they confront a core dilemma: how to preserve fine-grained intra-modality features while bridging the significant domain gap across different modalities. To address this challenge, we propose a comprehensive framework. Leveraging our 18-million multimodal and comprehensive medical retrieval database derived from PubMed scientific papers, we pioneer the integration of Retrieval-Augmented Generation (RAG) into CL. Specifically, we employ a multi-modal, multi-layer RAG system that provides real-time guidance for model fine-tuning through dynamic, on-demand knowledge retrieval. Building upon this, we introduce a dynamic knowledge distillation framework. This framework precisely resolves the aforementioned core dilemma by dynamically modulating the importance of the parameter space, the granularity of the distilled knowledge, and the data distribution of the reference dataset in accordance with the required level of detail. To thoroughly validate the clinical value of our strategy, we have designed a more rigorous Medical Generalist Task Incremental Learning (MGTIL) benchmark. This benchmark is engineered to simultaneously evaluate the model's capacity for adaptation to significant domain shifts, retention of subtle intra-domain features, and real-time learning of novel and complex medical tasks. Our method achieves stable SOTA results across all metrics, with https://github.com/CZZZZZZZZZZZZZZZZZ/PRIMED code available.","@InProceedings{Chen_2026_CVPR, author = {Chen, Zizhi and Gao, Yizhen and Han, Minghao and Liu, Yizhou and Chen, Zhaoyu and Yang, Dingkang and Zhang, Lihua}, title = {Forging a Dynamic Memory: Retrieval-Guided Continual Learning for Generalist Medical Foundation Models}, booktitle = {Proceedings of the IEEE/CVF Conference on Computer Vision and Pattern Recognition (CVPR)}, month = {June}, year = {2026}, pages = {32309-32321} }"
Tian_InternData-A1_Pioneering_High-Fidelity_Synthetic_Data_for_Pre-training_Generalist_Policy_CVPR_2026_paper,2026,0,Embodied_AI_Robotics,Embodied_AI_Robotics|SelfSupervised_Representation,24.0,0.5,InternData-A1: Pioneering High-Fidelity Synthetic Data for Pre-training Generalist Policy,Yang Tian; Yuyin Yang; Yiman Xie; Zetao Cai; Xu Shi; Ning Gao; Hangxu Liu; Xuekun Jiang; Zherui Qiu; Feng Yuan; Yaping Li; Ping Wang; Junhao Cai; Jia Zeng; Hao Dong; Jiangmiao Pang,16,976-985,True,https://openaccess.thecvf.com/content/CVPR2026/papers/Tian_InternData-A1_Pioneering_High-Fidelity_Synthetic_Data_for_Pre-training_Generalist_Policy_CVPR_2026_paper.pdf,https://openaccess.thecvf.com/content/CVPR2026/supplemental/Tian_InternData-A1_Pioneering_High-Fidelity_CVPR_2026_supplemental.zip,https://openaccess.thecvf.com/content/CVPR2026/html/Tian_InternData-A1_Pioneering_High-Fidelity_Synthetic_Data_for_Pre-training_Generalist_Policy_CVPR_2026_paper.html,"Recent work explores how real and synthetic data contribute to VLA model generalization. While the \pi-series model has shown the strong effectiveness of large-scale real-robot pre-training, synthetic data has not previously demonstrated comparable capability at scale.This paper provides the first evidence that synthetic data alone can match the performance of the strongest \pi-dataset in pre-training a VLA model, revealing the substantial value of large-scale simulation.The resulting model also exhibits surprisingly strong zero-shot sim-to-real transfer on several challenging tasks.Our synthetic dataset, InternData-A1, contains over 630k trajectories and 7,433 hours across 4 embodiments, 18 skills, 70 tasks, and 227 scenes, covering rigid, articulated, deformable, and fluid-object manipulation. It is generated through a highly autonomous, fully decoupled, and compositional simulation pipeline that enables flexible task assembly, long-horizon skill composition, and heterogeneous embodiments with minimal manual tuning.Using the same architecture as \pi_0, we pre-train a model entirely on InternData-A1 and find that it matches the official \pi_0 across 49 simulation tasks, 5 real-world tasks, and 4 long-horizon dexterous tasks.We will open-source both the dataset and the generation pipeline to broaden access to large-scale robotic data and to lower the barrier to scalable data creation for embodied AI research.","@InProceedings{Tian_2026_CVPR, author = {Tian, Yang and Yang, Yuyin and Xie, Yiman and Cai, Zetao and Shi, Xu and Gao, Ning and Liu, Hangxu and Jiang, Xuekun and Qiu, Zherui and Yuan, Feng and Li, Yaping and Wang, Ping and Cai, Junhao and Zeng, Jia and Dong, Hao and Pang, Jiangmiao}, title = {InternData-A1: Pioneering High-Fidelity Synthetic Data for Pre-training Generalist Policy}, booktitle = {Proceedings of the IEEE/CVF Conference on Computer Vision and Pattern Recognition (CVPR)}, month = {June}, year = {2026}, pages = {976-985} }"
Liu_Decoupled_and_Reusable_Adaptation_for_Efficient_Cross-Modal_Transfer_CVPR_2026_paper,2026,0,Vision_Language_Multimodal,Vision_Language_Multimodal|SelfSupervised_Representation,14.0,0.571,Decoupled and Reusable Adaptation for Efficient Cross-Modal Transfer,Yajing Liu; Yumeng Zhang; Yue Si; Baojie Fan; Jiandong Tian,5,812-822,True,https://openaccess.thecvf.com/content/CVPR2026/papers/Liu_Decoupled_and_Reusable_Adaptation_for_Efficient_Cross-Modal_Transfer_CVPR_2026_paper.pdf,https://openaccess.thecvf.com/content/CVPR2026/supplemental/Liu_Decoupled_and_Reusable_CVPR_2026_supplemental.pdf,https://openaccess.thecvf.com/content/CVPR2026/html/Liu_Decoupled_and_Reusable_Adaptation_for_Efficient_Cross-Modal_Transfer_CVPR_2026_paper.html,"Cross-modal transfer methods have achieved significant progress in extending RGB-based foundation models to non-RGB modalities. However, existing transfer paradigms are primarily task-oriented, meaning that changing tasks requires re-training and re-storing, leading to substantial redundancy in data, computation and storage. To address this limitation, we propose an efficient cross-modal transfer paradigm that decouples the process into a one-time general modality knowledge transfer and a flexible task knowledge transfer. In Stage 1, we propose a Progressive Self-Supervised Tuning strategy that integrates modality-aware structural reconstruction with semantic discriminative learning, which enables task-agnostic modality knowledge learning using only unlabeled data through a one-time training process, resulting in reusable target-modality LoRAs. In Stage 2, we incorporate the modality LoRAs and further propose a Task-Prompted Mixture-of-Modality Experts module. This design enables lightweight task knowledge injection while effectively balancing task-specific, modality-general and modality-specific knowledge in multimodal fusion process for diverse downstream tasks. Extensive experiments across six cross-modal transfer scenarios, along with analyses of data, computation, and storage efficiency, demonstrate the superiority of our method.","@InProceedings{Liu_2026_CVPR, author = {Liu, Yajing and Zhang, Yumeng and Si, Yue and Fan, Baojie and Tian, Jiandong}, title = {Decoupled and Reusable Adaptation for Efficient Cross-Modal Transfer}, booktitle = {Proceedings of the IEEE/CVF Conference on Computer Vision and Pattern Recognition (CVPR)}, month = {June}, year = {2026}, pages = {812-822} }"
Zou_RiskProp_Collision-Anchored_Self-Supervised_Risk_Propagation_For_Early_Accident_Anticipation_CVPR_2026_paper,2026,1,SelfSupervised_Representation,SelfSupervised_Representation,12.0,0.833,RiskProp: Collision-Anchored Self-Supervised Risk Propagation For Early Accident Anticipation,Yiyang Zou; Tianhao Zhao; Peilun Xiao; Hongyu Jin; Longyu Qi; Yuxuan Li; Liyin Liang; Yifeng Qian; Chunbo Lai; Yutian Lin; Zhihui Li; Yu Wu,12,2768-2777,True,https://openaccess.thecvf.com/content/CVPR2026/papers/Zou_RiskProp_Collision-Anchored_Self-Supervised_Risk_Propagation_For_Early_Accident_Anticipation_CVPR_2026_paper.pdf,,https://openaccess.thecvf.com/content/CVPR2026/html/Zou_RiskProp_Collision-Anchored_Self-Supervised_Risk_Propagation_For_Early_Accident_Anticipation_CVPR_2026_paper.html,"Accident anticipation aims to predict impending collisions from dashcam videos and trigger early alerts. Existing methods rely on binary supervision with manually annotated ""anomaly onset"" frames, which are subjective and inconsistent, leading to inaccurate risk estimation. In contrast, we propose RiskProp, a novel collision-anchored self-supervised risk propagation paradigm for early accident anticipation, which removes the need for anomaly onset annotations and leverages only the reliably annotated collision frame. RiskProp models temporal risk evolution through two observation-driven losses. First, since future frames contain more definitive evidence of an impending accident, we introduce a future-frame regularization loss that uses the model's next-frame prediction as a soft target to supervise the current frame, enabling backward propagation of risk signals. Second, inspired by the empirical trend of rising risk before accidents, we design an adaptive monotonic constraint to encourage a non-decreasing progression over time. Experiments on CAP-DATA and Nexar demonstrate that RiskProp achieves state-of-the-art performance and produces smoother, more discriminative risk curves, improving both early anticipation and interpretability.","@InProceedings{Zou_2026_CVPR, author = {Zou, Yiyang and Zhao, Tianhao and Xiao, Peilun and Jin, Hongyu and Qi, Longyu and Li, Yuxuan and Liang, Liyin and Qian, Yifeng and Lai, Chunbo and Lin, Yutian and Li, Zhihui and Wu, Yu}, title = {RiskProp: Collision-Anchored Self-Supervised Risk Propagation For Early Accident Anticipation}, booktitle = {Proceedings of the IEEE/CVF Conference on Computer Vision and Pattern Recognition (CVPR)}, month = {June}, year = {2026}, pages = {2768-2777} }"
Zhou_Unlocking_Strong_Supervision_A_Data-Centric_Study_of_General-Purpose_Audio_Pre-Training_CVPR_2026_paper,2026,0,Audio_Visual,Audio_Visual|SelfSupervised_Representation,14.0,0.143,Unlocking Strong Supervision: A Data-Centric Study of General-Purpose Audio Pre-Training Methods,Xuanru Zhou; Yiwen Shao; Wei-Cheng Tseng; Dong Yu,4,24780-24791,True,https://openaccess.thecvf.com/content/CVPR2026/papers/Zhou_Unlocking_Strong_Supervision_A_Data-Centric_Study_of_General-Purpose_Audio_Pre-Training_CVPR_2026_paper.pdf,https://openaccess.thecvf.com/content/CVPR2026/supplemental/Zhou_Unlocking_Strong_Supervision_CVPR_2026_supplemental.zip,https://openaccess.thecvf.com/content/CVPR2026/html/Zhou_Unlocking_Strong_Supervision_A_Data-Centric_Study_of_General-Purpose_Audio_Pre-Training_CVPR_2026_paper.html,"Current audio pre-training seeks to learn unified representations for broad audio understanding tasks, but it remains fragmented and is fundamentally bottlenecked by its reliance on weak, noisy, and scale-limited labels. Drawing lessons from vision's foundational pre-training blueprint, we argue that the audio field must first establish its own large-scale, strong supervision framework. We introduce a new data-centric pipeline that leverages a high-fidelity captioner to create SOTA-quality captions and the first Unified Tag System (UTS) that bridges speech, music, and environmental sounds. We then conduct a systematic comparative study of different pre-training objectives on these strong source data. Our experiments suggest that data quality and coverage are the primary drivers of performance, while the choice of objective dictates downstream task specialization.","@InProceedings{Zhou_2026_CVPR, author = {Zhou, Xuanru and Shao, Yiwen and Tseng, Wei-Cheng and Yu, Dong}, title = {Unlocking Strong Supervision: A Data-Centric Study of General-Purpose Audio Pre-Training Methods}, booktitle = {Proceedings of the IEEE/CVF Conference on Computer Vision and Pattern Recognition (CVPR)}, month = {June}, year = {2026}, pages = {24780-24791} }"
Wang_Local_Motion_Matters_A_Deconstruct-Recompose_Paradigm_for_Reinforcement_Learning_Pre-training_CVPR_2026_paper,2026,0,Embodied_AI_Robotics,Embodied_AI_Robotics|SelfSupervised_Representation,17.0,0.529,Local Motion Matters: A Deconstruct-Recompose Paradigm for Reinforcement Learning Pre-training from Videos,Jinwen Wang; Youfang Lin; Xiaobo Hu; Shuo Wang; Kai Lv,5,9859-9868,True,https://openaccess.thecvf.com/content/CVPR2026/papers/Wang_Local_Motion_Matters_A_Deconstruct-Recompose_Paradigm_for_Reinforcement_Learning_Pre-training_CVPR_2026_paper.pdf,https://openaccess.thecvf.com/content/CVPR2026/supplemental/Wang_Local_Motion_Matters_CVPR_2026_supplemental.pdf,https://openaccess.thecvf.com/content/CVPR2026/html/Wang_Local_Motion_Matters_A_Deconstruct-Recompose_Paradigm_for_Reinforcement_Learning_Pre-training_CVPR_2026_paper.html,"Pre-training on large-scale videos to improve reinforcement learning efficiency is promising yet remains challenging. Existing methods typically treat the agent as an indivisible entity, modeling motion patterns globally. Such global modeling is tightly coupled with the morphology, hindering transfer across domains. In contrast, despite the vast disparity in global motions, the local components exhibit similar motion patterns across different agents. Building on this insight, we propose a novel Deconstruct-Recompose Paradigm (DRP) for learning transferable local motion representations. Specifically, in the Deconstruct phase, we identify multiple local points and track their frame-wise motions, defining each as an Atomic Action. We introduce a Dual-Attention Encoder (DAE) to learn local motion representations from these Atomic Actions, capturing their spatiotemporal relationships. In the Recompose phase, we compose local motion representations with a learnable Motion Aggregation Token '[MAT]' via latent dynamics model learning. Additionally, an adapter bridges local motion and downstream action-specific dynamics to accelerate policy learning. Extensive experiments demonstrate that our method effectively transfers to diverse robotic control and manipulation tasks, significantly improving sample efficiency and performance.","@InProceedings{Wang_2026_CVPR, author = {Wang, Jinwen and Lin, Youfang and Hu, Xiaobo and Wang, Shuo and Lv, Kai}, title = {Local Motion Matters: A Deconstruct-Recompose Paradigm for Reinforcement Learning Pre-training from Videos}, booktitle = {Proceedings of the IEEE/CVF Conference on Computer Vision and Pattern Recognition (CVPR)}, month = {June}, year = {2026}, pages = {9859-9868} }"
Zohra_b-CLIP_Text-Conditioned_Contrastive_Learning_for_Multi-Granular_Vision-Language_Alignment_CVPR_2026_paper,2026,0,Vision_Language_Multimodal,Vision_Language_Multimodal|SelfSupervised_Representation,26.0,0.538,b-CLIP: Text-Conditioned Contrastive Learning for Multi-Granular Vision-Language Alignment,Fatimah Zohra; Chen Zhao; Hani Itani; Bernard Ghanem,4,680-689,True,https://openaccess.thecvf.com/content/CVPR2026/papers/Zohra_b-CLIP_Text-Conditioned_Contrastive_Learning_for_Multi-Granular_Vision-Language_Alignment_CVPR_2026_paper.pdf,https://openaccess.thecvf.com/content/CVPR2026/supplemental/Zohra_b-CLIP_Text-Conditioned_Contrastive_CVPR_2026_supplemental.pdf,https://openaccess.thecvf.com/content/CVPR2026/html/Zohra_b-CLIP_Text-Conditioned_Contrastive_Learning_for_Multi-Granular_Vision-Language_Alignment_CVPR_2026_paper.html,"CLIP achieves strong zero-shot image-text retrieval by aligning global vision and text representations, yet it falls behind on fine-grained tasks even when fine-tuned on long, detailed captions. In this work, we propose b-CLIP, a multi-granular text-conditioned contrastive learning framework designed to achieve hierarchical alignment between multiple textual granularities--from full captions to sentences and phrases--and their corresponding visual regions. For each level of granularity, b-CLIP uses cross-attention to dynamically pool image patches into contextualized visual embeddings. To address the semantic overlap inherent in this hierarchy, we introduce the b-Contextualized Contrastive Alignment Loss (b-CAL), which parameterizes the trade-off between query-specific matching and intra-image contextualization under both Cross-Entropy and Binary Cross-Entropy formulations. Through extensive experiments, we demonstrate that b-CLIP significantly improves dense alignment, achieving 91.8% T2I 92.3% I2T at R@1 on Urban1K and 30.9% on FG-OVD (Hard), setting state-of-the-art among methods trained without hard negatives. b-CLIP establishes a robust, adaptive baseline for dense vision-language correspondence. The code and models are released at \href https://github.com/fzohra/B-CLIP https://github.com/fzohra/B-CLIP .","@InProceedings{Zohra_2026_CVPR, author = {Zohra, Fatimah and Zhao, Chen and Itani, Hani and Ghanem, Bernard}, title = {b-CLIP: Text-Conditioned Contrastive Learning for Multi-Granular Vision-Language Alignment}, booktitle = {Proceedings of the IEEE/CVF Conference on Computer Vision and Pattern Recognition (CVPR)}, month = {June}, year = {2026}, pages = {680-689} }"
Hadgi_PatchAlign3D_Local_Feature_Alignment_for_Dense_3D_Shape_Understanding_CVPR_2026_paper,2026,0,3D_Reconstruction,3D_Reconstruction|Segmentation|SelfSupervised_Representation|LLM_Reasoning_Agent,12.0,0.167,PatchAlign3D: Local Feature Alignment for Dense 3D Shape Understanding,Souhail Hadgi; Bingchen Gong; Ramana Sundararaman; Emery Pierson; Lei Li; Peter Wonka; Maks Ovsjanikov,7,3014-3023,True,https://openaccess.thecvf.com/content/CVPR2026/papers/Hadgi_PatchAlign3D_Local_Feature_Alignment_for_Dense_3D_Shape_Understanding_CVPR_2026_paper.pdf,https://openaccess.thecvf.com/content/CVPR2026/supplemental/Hadgi_PatchAlign3D_Local_Feature_CVPR_2026_supplemental.pdf,https://openaccess.thecvf.com/content/CVPR2026/html/Hadgi_PatchAlign3D_Local_Feature_Alignment_for_Dense_3D_Shape_Understanding_CVPR_2026_paper.html,"Current foundation models for 3D shapes excel at global tasks (retrieval, classification) but transfer poorly to local part-level reasoning. Recent approaches leverage vision and language foundation models to directly solve dense tasks through multi-view renderings and text queries. While promising, these pipelines require expensive inference over multiple renderings, depend heavily on large language-model (LLM) prompt engineering for captions, and fail to exploit the inherent 3D geometry of shapes. We address this gap by introducing an encoder-only 3D model that produces language-aligned patch-level features directly from point clouds. Our pre-training approach builds on existing data engines that generate part-annotated 3D shapes by pairing multi-view SAM regions with VLM captioning. Using this data, we train a point cloud transformer encoder in two stages: (1) distillation of dense 2D features from visual encoders such as DINOv2 into 3D patches, and (2) alignment of these patch embeddings with part-level text embeddings through a multi-positive contrastive objective. Our 3D encoder achieves zero-shot 3D part segmentation with fast single-pass inference without any test-time multi-view rendering, while significantly outperforming previous rendering-based and feed-forward approaches across several 3D part segmentation benchmarks.","@InProceedings{Hadgi_2026_CVPR, author = {Hadgi, Souhail and Gong, Bingchen and Sundararaman, Ramana and Pierson, Emery and Li, Lei and Wonka, Peter and Ovsjanikov, Maks}, title = {PatchAlign3D: Local Feature Alignment for Dense 3D Shape Understanding}, booktitle = {Proceedings of the IEEE/CVF Conference on Computer Vision and Pattern Recognition (CVPR)}, month = {June}, year = {2026}, pages = {3014-3023} }"
Xing_TACO_Task-Aware_Contrastive_Learning_for_Joint_LiDAR_Localization_and_3D_CVPR_2026_paper,2026,0,Object_Detection,Object_Detection|Autonomous_Driving|SelfSupervised_Representation,29.0,0.379,TACO: Task-Aware Contrastive Learning for Joint LiDAR Localization and 3D Object Detection,Leyuan Xing; Huanjia Zhang; Dongyu Pan; Hai Wu; Qiming Xia; Kezheng Xiong; Wen Li; Chenglu Wen; Cheng Wang,9,9965-9975,True,https://openaccess.thecvf.com/content/CVPR2026/papers/Xing_TACO_Task-Aware_Contrastive_Learning_for_Joint_LiDAR_Localization_and_3D_CVPR_2026_paper.pdf,https://openaccess.thecvf.com/content/CVPR2026/supplemental/Xing_TACO_Task-Aware_Contrastive_CVPR_2026_supplemental.pdf,https://openaccess.thecvf.com/content/CVPR2026/html/Xing_TACO_Task-Aware_Contrastive_Learning_for_Joint_LiDAR_Localization_and_3D_CVPR_2026_paper.html,"Reliable navigation and decision-making of autonomous vehicles require both accurate localization and object detection. Traditionally, these two tasks are handled separately, leading to redundant computation and limited cross-task knowledge transfer. This paper proposes TACO, the first Task-Aware COntrastive learning framework, which performs joint LiDAR localization and 3D object detection within a single, unified network. TACO leverages contrastive learning to explicitly decouple and align static geographic features for localization and object-centric features for detection. This bidirectional mutual supervision not only enhances localization robustness in dynamic environments by filtering dynamic noise but also boosts detection accuracy via effective spatial context. Additionally, we propose OxfoLD, the first dataset that provides multi-traversal LiDAR localization ground truth with rich 3D object annotations, thereby supporting task validation across various times and weather conditions. Experimental results demonstrate that TACO achieves state-of-the-art localization accuracy while maintaining competitive detection performance. The code and dataset will be released.","@InProceedings{Xing_2026_CVPR, author = {Xing, Leyuan and Zhang, Huanjia and Pan, Dongyu and Wu, Hai and Xia, Qiming and Xiong, Kezheng and Li, Wen and Wen, Chenglu and Wang, Cheng}, title = {TACO: Task-Aware Contrastive Learning for Joint LiDAR Localization and 3D Object Detection}, booktitle = {Proceedings of the IEEE/CVF Conference on Computer Vision and Pattern Recognition (CVPR)}, month = {June}, year = {2026}, pages = {9965-9975} }"
Hou_Fine-Tuning_Impairs_the_Balancedness_of_Foundation_Models_in_Long-tailed_Personalized_CVPR_2026_paper,2026,0,Trustworthy_Security_Privacy,Trustworthy_Security_Privacy|SelfSupervised_Representation|Diffusion_Generative|Transfer_FewShot_DomainAdaptation,21.0,0.286,Fine-Tuning Impairs the Balancedness of Foundation Models in Long-tailed Personalized Federated Learning,Shihao Hou; Chikai Shang; Zhiheng Yang; Jiacheng Yang; Xinyi Shang; Junlong Gao; Yiqun Zhang; Yang Lu,8,17505-17514,True,https://openaccess.thecvf.com/content/CVPR2026/papers/Hou_Fine-Tuning_Impairs_the_Balancedness_of_Foundation_Models_in_Long-tailed_Personalized_CVPR_2026_paper.pdf,https://openaccess.thecvf.com/content/CVPR2026/supplemental/Hou_Fine-Tuning_Impairs_the_CVPR_2026_supplemental.pdf,https://openaccess.thecvf.com/content/CVPR2026/html/Hou_Fine-Tuning_Impairs_the_Balancedness_of_Foundation_Models_in_Long-tailed_Personalized_CVPR_2026_paper.html,"Personalized federated learning (PFL) with foundation models has emerged as a promising paradigm enabling clients to adapt to heterogeneous data distributions. However, real-world scenarios often face the co-occurrence of non-IID data and long-tailed class distributions, presenting unique challenges that remain underexplored in PFL. In this paper, we investigate this long-tailed personalized federated learning and observe that current methods suffer from two limitations: (i) Fine-tuning degrades performance below zero-shot baselines due to the erosion of inherent class balance in foundation models; (ii) Conventional personalization techniques further transfer this bias to local models through parameter or feature-level fusion. To address these challenges, we propose Federated Learning via Gradient Purification and Residual Learning (FedPuReL), which preserves balanced knowledge in the global model while enabling unbiased personalization. Specifically, we purify local gradients using zero-shot predictions to maintain a class-balanced global model, and model personalization as residual corrections atop the frozen global model. Extensive experiments demonstrate that FedPuReL consistently outperforms state-of-the-art methods, achieving superior performance on both global and personalized models across diverse long-tailed scenarios. The code is available at https://github.com/shihaohou/FedPuReL.","@InProceedings{Hou_2026_CVPR, author = {Hou, Shihao and Shang, Chikai and Yang, Zhiheng and Yang, Jiacheng and Shang, Xinyi and Gao, Junlong and Zhang, Yiqun and Lu, Yang}, title = {Fine-Tuning Impairs the Balancedness of Foundation Models in Long-tailed Personalized Federated Learning}, booktitle = {Proceedings of the IEEE/CVF Conference on Computer Vision and Pattern Recognition (CVPR)}, month = {June}, year = {2026}, pages = {17505-17514} }"
Li_Bridging_Domain_Expertise_and_Generalization_for_Performance_Estimation_CVPR_2026_paper,2026,1,SelfSupervised_Representation,SelfSupervised_Representation,9.0,0.556,Bridging Domain Expertise and Generalization for Performance Estimation,Shuxuan Li; Zhilin Zhao; Quyu Kong; Wei-Shi Zheng,4,7967-7977,True,https://openaccess.thecvf.com/content/CVPR2026/papers/Li_Bridging_Domain_Expertise_and_Generalization_for_Performance_Estimation_CVPR_2026_paper.pdf,https://openaccess.thecvf.com/content/CVPR2026/supplemental/Li_Bridging_Domain_Expertise_CVPR_2026_supplemental.pdf,https://openaccess.thecvf.com/content/CVPR2026/html/Li_Bridging_Domain_Expertise_and_Generalization_for_Performance_Estimation_CVPR_2026_paper.html,"Performance estimation under distribution shift aims to predict how a model behaves on an unlabeled test set whose distribution differs from the training data, a scenario that requires reliable indicators that can faithfully reflect model behavior without ground-truth labels. Existing approaches rely solely on the outputs of the given model whose biases are amplified once the distribution shifts, weakening the correlation with the true performance. Motivated by this limitation, we propose Fused Reference Alignment Prediction (FRAP), which leverages the complementary strengths of an external foundation model and the base model to construct a more reliable surrogate of the ground-truth labels. FRAP aligns the prediction distribution of the foundation model with that of the base model by applying temperature-scaled calibration that minimizes their divergence. The aligned predictions are fused through confidence-based weighting into a refined reference distribution that integrates robustness from the foundation model and domain-specific expertise from the base model, and performance estimation is obtained by measuring how closely the base model predictions agree with this reference. Extensive experiments across diverse datasets and architectures show that FRAP provides consistent and substantial improvements over representative performance-estimation methods under distribution shift.","@InProceedings{Li_2026_CVPR, author = {Li, Shuxuan and Zhao, Zhilin and Kong, Quyu and Zheng, Wei-Shi}, title = {Bridging Domain Expertise and Generalization for Performance Estimation}, booktitle = {Proceedings of the IEEE/CVF Conference on Computer Vision and Pattern Recognition (CVPR)}, month = {June}, year = {2026}, pages = {7967-7977} }"
Wang_LA-Pose_Latent_Action_Pretraining_Meets_Pose_Estimation_CVPR_2026_paper,2026,1,SelfSupervised_Representation,SelfSupervised_Representation|Human_Pose_Body,16.0,0.375,LA-Pose: Latent Action Pretraining Meets Pose Estimation,Zhengqing Wang; Saurabh Nair; Prajwal Chidananda; Pujith Kachana; Samuel Li; Matthew Brown; Yasutaka Furukawa,7,34460-34469,True,https://openaccess.thecvf.com/content/CVPR2026/papers/Wang_LA-Pose_Latent_Action_Pretraining_Meets_Pose_Estimation_CVPR_2026_paper.pdf,https://openaccess.thecvf.com/content/CVPR2026/supplemental/Wang_LA-Pose_Latent_Action_CVPR_2026_supplemental.zip,https://openaccess.thecvf.com/content/CVPR2026/html/Wang_LA-Pose_Latent_Action_Pretraining_Meets_Pose_Estimation_CVPR_2026_paper.html,"This paper revisits camera pose estimation through the lens of self-supervised pretraining, focusing on inverse-dynamics pretraining as a scalable alternative to the current trend of fully supervised training with 3D annotations. Concretely, we employ inverse- and forward-dynamics models to learn latent action representations, similar to Genie from large-scale driving videos.Our idea is simple yet effective. Existing methods use latent actions in their original capacity, that is, as action conditioning of world-models or as proxies of robot action parameters in policy networks.Our method, dubbed LA-Pose, repurposes the latent action features as inputs to a camera pose estimator, finetuned on a limited set of high-quality 3D annotations.This formulation enables accurate and generalizable pose prediction while maintaining feed-forward efficiency. Extensive experiments on driving benchmarks show that LA-Pose achieves competitive and even superior performance to state-of-the-art methods while using orders of magnitude less labeled data. Concretely, on the Waymo and PandaSet benchmarks, LA-Pose achieves over 10% higher pose accuracy than recent feed-forward methods.To our knowledge, this work is the first to demonstrate the power of inverse-dynamics self-supervised learning for pose estimation.","@InProceedings{Wang_2026_CVPR, author = {Wang, Zhengqing and Nair, Saurabh and Chidananda, Prajwal and Kachana, Pujith and Li, Samuel and Brown, Matthew and Furukawa, Yasutaka}, title = {LA-Pose: Latent Action Pretraining Meets Pose Estimation}, booktitle = {Proceedings of the IEEE/CVF Conference on Computer Vision and Pattern Recognition (CVPR)}, month = {June}, year = {2026}, pages = {34460-34469} }"
Cao_RDF-MIG_A_Robust_Diffusion_Framework_for_Masked_Image_Generation_to_CVPR_2026_paper,2026,0,Segmentation,Segmentation|Medical_Bio_RemoteSensing|Diffusion_Generative|SelfSupervised_Representation,27.0,0.407,RDF-MIG: A Robust Diffusion Framework for Masked Image Generation to Augment Semantic Segmentation and Change Detection,Zian Cao; Wei Wei; Qingshan Gao; Yuanyuan Fu,4,35758-35767,True,https://openaccess.thecvf.com/content/CVPR2026/papers/Cao_RDF-MIG_A_Robust_Diffusion_Framework_for_Masked_Image_Generation_to_CVPR_2026_paper.pdf,https://openaccess.thecvf.com/content/CVPR2026/supplemental/Cao_RDF-MIG_A_Robust_CVPR_2026_supplemental.pdf,https://openaccess.thecvf.com/content/CVPR2026/html/Cao_RDF-MIG_A_Robust_Diffusion_Framework_for_Masked_Image_Generation_to_CVPR_2026_paper.html,"Change detection and semantic segmentation are key techniques for satellite image analysis in remote sensing. However, acquiring high-quality labeled data is costly and time-consuming. Although recent studies have explored generative models to ease data scarcity, a unified framework supporting both tasks is still lacking, and most methods overlook noise accumulation and cannot generate multispectral images. To address this, we propose the robust diffusion framework for masked image generation (RDF-MIG). RDF-MIG generates bi-temporal change-labeled and single-temporal segmentation-labeled images to enhance downstream change detection and semantic segmentation tasks. Furthermore, to address noise accumulation and improve the quality of generated image-mask pairs, we reformulate the diffusion model training objective by proposing the Maximum Correntropy Robust Diffusion (MCRD) loss, and further design an MSE-consistency calibration that analytically aligns small-error gradients with the MSE objective while preserving robustness to outliers. Experiments indicate that the proposed RDF-MIG framework can generate multispectral image-mask pairs to improve downstream performance, while MCRD loss further enhances the quality of the synthesized data.","@InProceedings{Cao_2026_CVPR, author = {Cao, Zian and Wei, Wei and Gao, Qingshan and Fu, Yuanyuan}, title = {RDF-MIG: A Robust Diffusion Framework for Masked Image Generation to Augment Semantic Segmentation and Change Detection}, booktitle = {Proceedings of the IEEE/CVF Conference on Computer Vision and Pattern Recognition (CVPR)}, month = {June}, year = {2026}, pages = {35758-35767} }"
Zhang_Test-Time_3D_Occupancy_Prediction_CVPR_2026_paper,2026,0,Autonomous_Driving,Autonomous_Driving|SelfSupervised_Representation,16.0,0.438,Test-Time 3D Occupancy Prediction,Fengyi Zhang; Xiangyu Sun; Huitong Yang; Zheng Zhang; Zi Huang; Yadan Luo,6,35691-35701,True,https://openaccess.thecvf.com/content/CVPR2026/papers/Zhang_Test-Time_3D_Occupancy_Prediction_CVPR_2026_paper.pdf,https://openaccess.thecvf.com/content/CVPR2026/supplemental/Zhang_Test-Time_3D_Occupancy_CVPR_2026_supplemental.pdf,https://openaccess.thecvf.com/content/CVPR2026/html/Zhang_Test-Time_3D_Occupancy_Prediction_CVPR_2026_paper.html,"Self-supervised 3D occupancy prediction offers a promising solution for understanding complex driving scenes without requiring costly 3D annotations. However, training dense occupancy decoders to capture fine-grained geometry and semantics can demand hundreds of GPU hours, and once trained, such models struggle to adapt to varying voxel resolutions or novel object categories without extensive retraining. To overcome these limitations, we propose a practical and flexible test-time occupancy prediction framework termed TT-Occ. Our method incrementally constructs, optimizes, and voxelizes time-aware 3D Gaussians from raw sensor streams by integrating vision foundation models (VFMs) at runtime. The flexible representation of 3D Gaussians enables voxelization at arbitrary user-specified resolutions, while the strong generalization capability of VFMs supports accurate perception and open-vocabulary recognition without requiring any network training or fine-tuning. To validate the generality and effectiveness of our framework, we present two variants: a LiDAR-based version and a vision-centric version, and conduct extensive experiments on the Occ3D-nuScenes and nuCraft benchmarks under varying voxel resolutions. Experimental results show that TT-Occ significantly outperforms existing computationally expensive pretrained self-supervised counterparts. Code is available at https://github.com/Xian-Bei/TT-Occ.","@InProceedings{Zhang_2026_CVPR, author = {Zhang, Fengyi and Sun, Xiangyu and Yang, Huitong and Zhang, Zheng and Huang, Zi and Luo, Yadan}, title = {Test-Time 3D Occupancy Prediction}, booktitle = {Proceedings of the IEEE/CVF Conference on Computer Vision and Pattern Recognition (CVPR)}, month = {June}, year = {2026}, pages = {35691-35701} }"
Gu_PhaseWin_Search_Framework_Enable_Efficient_Object-Level_Interpretation_CVPR_2026_paper,2026,1,SelfSupervised_Representation,SelfSupervised_Representation,6.0,0.167,PhaseWin Search Framework Enable Efficient Object-Level Interpretation,Zihan Gu; Ruoyu Chen; Junchi Zhang; Yue Hu; Hua Zhang; Xiaochun Cao,6,2875-2884,True,https://openaccess.thecvf.com/content/CVPR2026/papers/Gu_PhaseWin_Search_Framework_Enable_Efficient_Object-Level_Interpretation_CVPR_2026_paper.pdf,https://openaccess.thecvf.com/content/CVPR2026/supplemental/Gu_PhaseWin_Search_Framework_CVPR_2026_supplemental.pdf,https://openaccess.thecvf.com/content/CVPR2026/html/Gu_PhaseWin_Search_Framework_Enable_Efficient_Object-Level_Interpretation_CVPR_2026_paper.html,"Attribution is essential for interpreting object-level foundation models. Recent methods based on submodular subset selection have achieved high faithfulness, but their efficiency limitations hinder practical deployment in real-world scenarios. To address this, we propose PhaseWin, a novel phase-window search algorithm that enables faithful region attribution with near-linear complexity. PhaseWin replaces traditional quadratic-cost greedy selection with a phased coarse-to-fine search, combining adaptive pruning, windowed fine-grained selection, and dynamic supervision mechanisms to closely approximate greedy behavior while dramatically reducing model evaluations. Theoretically, PhaseWin retains near-greedy approximation guarantees under mild monotone submodular assumptions. Empirically, PhaseWin achieves over 95% of greedy attribution faithfulness using only 20% of the computational budget, and consistently outperforms other attribution baselines across object detection and visual grounding tasks with Grounding DINO and Florence-2. PhaseWin establishes a new state of the art in scalable, high-faithfulness attribution for object-level multimodal models. Code is available at https://github.com/Qihuai27/phasewin-search.","@InProceedings{Gu_2026_CVPR, author = {Gu, Zihan and Chen, Ruoyu and Zhang, Junchi and Hu, Yue and Zhang, Hua and Cao, Xiaochun}, title = {PhaseWin Search Framework Enable Efficient Object-Level Interpretation}, booktitle = {Proceedings of the IEEE/CVF Conference on Computer Vision and Pattern Recognition (CVPR)}, month = {June}, year = {2026}, pages = {2875-2884} }"
He_Multi-Modal_Representation_Learning_via_Semi-Supervised_Rate_Reduction_for_Generalized_Category_CVPR_2026_paper,2026,0,Vision_Language_Multimodal,Vision_Language_Multimodal|SelfSupervised_Representation|Transfer_FewShot_DomainAdaptation,15.0,0.333,Multi-Modal Representation Learning via Semi-Supervised Rate Reduction for Generalized Category Discovery,Wei He; Xianghan Meng; Zhiyuan Huang; Xianbiao Qi; Rong Xiao; Chun-Guang Li,6,39637-39646,True,https://openaccess.thecvf.com/content/CVPR2026/papers/He_Multi-Modal_Representation_Learning_via_Semi-Supervised_Rate_Reduction_for_Generalized_Category_CVPR_2026_paper.pdf,https://openaccess.thecvf.com/content/CVPR2026/supplemental/He_Multi-Modal_Representation_Learning_CVPR_2026_supplemental.pdf,https://openaccess.thecvf.com/content/CVPR2026/html/He_Multi-Modal_Representation_Learning_via_Semi-Supervised_Rate_Reduction_for_Generalized_Category_CVPR_2026_paper.html,"Generalized Category Discovery (GCD) aims to identify both known and unknown categories, with only partial labels given for the known categories, posing a challenging open-set recognition problem. State-of-the-art approaches for GCD are usually built on multi-modality representation learning, which pays heavily attention upon inter-modality alignment rather than intra-modality alignment. In this paper, we propose a novel and effective multi-modal representation learning approach for GCD via Semi-Supervised Rate Reduction, called SSR^2-GCD, to learn cross-modality representations with desired underlying structure properties via properly harnessing intra-modality alignment. Moreover, to boost knowledge transfer, we integrate prompt candidates by leveraging the inter-modal alignment offered by Vision Language Models. We conduct extensive experiments on generic and fine-grained benchmark datasets, demonstrating superior performance of the proposed approach and verifying the importance of harnessing an proper intra-modality alignment.","@InProceedings{He_2026_CVPR, author = {He, Wei and Meng, Xianghan and Huang, Zhiyuan and Qi, Xianbiao and Xiao, Rong and Li, Chun-Guang}, title = {Multi-Modal Representation Learning via Semi-Supervised Rate Reduction for Generalized Category Discovery}, booktitle = {Proceedings of the IEEE/CVF Conference on Computer Vision and Pattern Recognition (CVPR)}, month = {June}, year = {2026}, pages = {39637-39646} }"
Kabra_A_Mixed_Diet_Makes_DINO_An_Omnivorous_Vision_Encoder_CVPR_2026_paper,2026,1,SelfSupervised_Representation,SelfSupervised_Representation,12.0,0.833,A Mixed Diet Makes DINO An Omnivorous Vision Encoder,Rishabh Kabra; Maks Ovsjanikov; Drew A. Hudson; Ye Xia; Skanda Koppula; Andre Araujo; Joao Carreira; Niloy J. Mitra,8,36850-36860,True,https://openaccess.thecvf.com/content/CVPR2026/papers/Kabra_A_Mixed_Diet_Makes_DINO_An_Omnivorous_Vision_Encoder_CVPR_2026_paper.pdf,https://openaccess.thecvf.com/content/CVPR2026/supplemental/Kabra_A_Mixed_Diet_CVPR_2026_supplemental.pdf,https://openaccess.thecvf.com/content/CVPR2026/html/Kabra_A_Mixed_Diet_Makes_DINO_An_Omnivorous_Vision_Encoder_CVPR_2026_paper.html,"Pre-trained vision encoders like DINOv2 have demonstrated exceptional performance on unimodal tasks. However, we observe that their features are poorly aligned across different modalities. For instance, the feature embedding for an RGB image and its corresponding depth map of the same scene exhibit a cosine similarity that is nearly identical to that of two random, unrelated images. To address this, we propose the Omnivorous Vision Encoder, a novel framework that learns a modality-agnostic feature space. We train the encoder with a dual objective: first, to maximize the feature alignment between different modalities of the same scene; and second, a distillation objective that anchors the learned representations to a fully frozen teacher such as DINOv2. The resulting student encoder becomes ""omnivorous"" by producing a consistent, unified embedding for a given scene, regardless of the input modality (RGB, Depth, Segmentation, etc.). This approach enables robust cross-modal understanding while retaining the discriminative semantics of the original foundation model.","@InProceedings{Kabra_2026_CVPR, author = {Kabra, Rishabh and Ovsjanikov, Maks and Hudson, Drew A. and Xia, Ye and Koppula, Skanda and Araujo, Andre and Carreira, Joao and Mitra, Niloy J.}, title = {A Mixed Diet Makes DINO An Omnivorous Vision Encoder}, booktitle = {Proceedings of the IEEE/CVF Conference on Computer Vision and Pattern Recognition (CVPR)}, month = {June}, year = {2026}, pages = {36850-36860} }"
Huang_Unlocking_3D_Affordance_Segmentation_with_2D_Semantic_Knowledge_CVPR_2026_paper,2026,0,Segmentation,Segmentation|SelfSupervised_Representation|LLM_Reasoning_Agent,13.0,0.308,Unlocking 3D Affordance Segmentation with 2D Semantic Knowledge,Yu Huang; Zelin Peng; Changsong Wen; Xiaokang Yang; Wei Shen,5,6399-6409,True,https://openaccess.thecvf.com/content/CVPR2026/papers/Huang_Unlocking_3D_Affordance_Segmentation_with_2D_Semantic_Knowledge_CVPR_2026_paper.pdf,,https://openaccess.thecvf.com/content/CVPR2026/html/Huang_Unlocking_3D_Affordance_Segmentation_with_2D_Semantic_Knowledge_CVPR_2026_paper.html,"Affordance segmentation aims to decompose 3D objects into parts that serve distinct functional roles, enabling models to reason about object interactions rather than mere recognition. Existing methods, mostly following the paradigm of 3D semantic segmentation or prompt-based frameworks, struggle when geometric cues are weak or ambiguous, as sparse point clouds provide limited functional information. To overcome this limitation, we leverage the rich semantic knowledge embedded in large-scale 2D Vision Foundation Models (VFMs) to guide 3D representation learning through a cross-modal alignment mechanism. Specifically, we propose Cross-Modal Affinity Transfer (CMAT), a pretraining strategy that compels the 3D encoder to align with the semantic structures induced by lifted 2D features. CMAT is driven by a core affinity alignment objective, supported by two auxiliary losses, geometric reconstruction and feature diversity, which together encourage structured and discriminative feature learning. Built upon the CMAT-pretrained backbone, we employ a lightweight affordance segmentor that injects text or visual prompts into the learned 3D space through an efficient cross-attention interface, enabling dense and prompt-aware affordance prediction while preserving the semantic organization established during pretraining. Extensive experiments demonstrate consistent improvements over previous state-of-the-art methods in both accuracy and efficiency.","@InProceedings{Huang_2026_CVPR, author = {Huang, Yu and Peng, Zelin and Wen, Changsong and Yang, Xiaokang and Shen, Wei}, title = {Unlocking 3D Affordance Segmentation with 2D Semantic Knowledge}, booktitle = {Proceedings of the IEEE/CVF Conference on Computer Vision and Pattern Recognition (CVPR)}, month = {June}, year = {2026}, pages = {6399-6409} }"
Liu_Modeling_the_Brains_Grammar_ROI-Guided_fMRI_Pretraining_for_Transferable_and_CVPR_2026_paper,2026,1,SelfSupervised_Representation,SelfSupervised_Representation|Trustworthy_Security_Privacy,14.0,0.286,Modeling the Brain's Grammar: ROI-Guided fMRI Pretraining for Transferable and Interpretable Vision Decoding,Yulong Liu; Hua Xu; Yiyang Cai; Chunyang Jiang; Sirui Han; Yike Guo,6,6900-6909,True,https://openaccess.thecvf.com/content/CVPR2026/papers/Liu_Modeling_the_Brains_Grammar_ROI-Guided_fMRI_Pretraining_for_Transferable_and_CVPR_2026_paper.pdf,https://openaccess.thecvf.com/content/CVPR2026/supplemental/Liu_Modeling_the_Brains_CVPR_2026_supplemental.pdf,https://openaccess.thecvf.com/content/CVPR2026/html/Liu_Modeling_the_Brains_Grammar_ROI-Guided_fMRI_Pretraining_for_Transferable_and_CVPR_2026_paper.html,"Recent advances in fMRI pretraining have significantly improved visual decoding accuracy by leveraging cross-subject neuroimaging datasets. A prevailing strategy aligns individual fMRI signals into a shared feature space using subject-specific adapters, followed by a shared decoder. However, this unstructured feature space overlooks the redundancy and functional correlations among voxels and fails to incorporate the brain's intrinsic functional architecture centered on regions of interest (ROIs). To address these limitations, we propose ROITok, an ROI-guided fMRI pretraining framework. Our method introduces Sparse ROI Context Fusion to learn ROI-level visual representations and captures functional synergy between ROIs from cross-subject data. Inspired by Matryoshka Representation Learning (MRL), we design an embedding compression scheme that prioritizes the most informative visual components first, with later tokens adding progressively finer but still useful details. ROITok achieves strong transfer learning performance on the NSD and GOD datasets and shows strong resilience against high-level additive noises, while offering better interpretability. It allows for quantitative assessment of each brain region's contribution to decoding tasks. Our analysis shows that ROI-based pretraining can automatically learn the brain's visual hierarchy. Different ROIs can provide complementary contexts for decoding tasks; combining them improves decoding robustness.","@InProceedings{Liu_2026_CVPR, author = {Liu, Yulong and Xu, Hua and Cai, Yiyang and Jiang, Chunyang and Han, Sirui and Guo, Yike}, title = {Modeling the Brain's Grammar: ROI-Guided fMRI Pretraining for Transferable and Interpretable Vision Decoding}, booktitle = {Proceedings of the IEEE/CVF Conference on Computer Vision and Pattern Recognition (CVPR)}, month = {June}, year = {2026}, pages = {6900-6909} }"
Bi_Vision_Foundation_Models_Can_Be_Good_Tokenizers_for_Latent_Diffusion_CVPR_2026_paper,2026,0,Diffusion_Generative,Diffusion_Generative|SelfSupervised_Representation,27.0,0.481,Vision Foundation Models Can Be Good Tokenizers for Latent Diffusion Models,Tianci Bi; Xiaoyi Zhang; Yan Lu; Nanning Zheng,4,43310-43319,True,https://openaccess.thecvf.com/content/CVPR2026/papers/Bi_Vision_Foundation_Models_Can_Be_Good_Tokenizers_for_Latent_Diffusion_CVPR_2026_paper.pdf,https://openaccess.thecvf.com/content/CVPR2026/supplemental/Bi_Vision_Foundation_Models_CVPR_2026_supplemental.pdf,https://openaccess.thecvf.com/content/CVPR2026/html/Bi_Vision_Foundation_Models_Can_Be_Good_Tokenizers_for_Latent_Diffusion_CVPR_2026_paper.html,"The performance of Latent Diffusion Models (LDMs) is critically dependent on the quality of their visual tokenizers. While recent works have explored incorporating Vision Foundation Models (VFMs) into the tokenizers training via distillation, we empirically find this approach inevitably weakens the robustness of learnt representation from original VFM. In this paper, we bypass the distillation by proposing a more direct approach by leveraging the frozen VFM for the LDMs tokenizer, named VFM Variational Autoencoder (VFM-VAE). To fully exploit the potential to leverage frozen VFM for the LDMs tokenizer, we design a new decoder to reconstruct realistic images from the semantic-rich representation of VFM. With the proposed VFM-VAE, we conduct a systematic study on how the representation from different tokenizers impact the representation learning process throughout diffusion training, enabling synergistic benefits of dual-side alignment on both tokenizers and diffusion models. Our effort in tokenizer design and training strategy lead to superior performance and efficiency: our system reaches a **gFID (w/o CFG) of 2.22 in merely 80 epochs** (a 10xspeedup over prior tokenizers). With continued training to **640 epochs**, it further attains a **gFID (w/o CFG) of 1.62**. These results offer solid evidence for the substantial potential of VFMs to serve as visual tokenizers to accelerate the LDM training progress.","@InProceedings{Bi_2026_CVPR, author = {Bi, Tianci and Zhang, Xiaoyi and Lu, Yan and Zheng, Nanning}, title = {Vision Foundation Models Can Be Good Tokenizers for Latent Diffusion Models}, booktitle = {Proceedings of the IEEE/CVF Conference on Computer Vision and Pattern Recognition (CVPR)}, month = {June}, year = {2026}, pages = {43310-43319} }"
Park_TM-BSN_Triangular-Masked_Blind-Spot_Network_for_Real-World_Self-Supervised_Image_Denoising_CVPR_2026_paper,2026,1,SelfSupervised_Representation,SelfSupervised_Representation|Restoration_Enhancement|Computational_Photography,15.0,0.2,TM-BSN: Triangular-Masked Blind-Spot Network for Real-World Self-Supervised Image Denoising,Junyoung Park; Youngjin Oh; Nam Ik Cho,3,29877-29886,True,https://openaccess.thecvf.com/content/CVPR2026/papers/Park_TM-BSN_Triangular-Masked_Blind-Spot_Network_for_Real-World_Self-Supervised_Image_Denoising_CVPR_2026_paper.pdf,https://openaccess.thecvf.com/content/CVPR2026/supplemental/Park_TM-BSN_Triangular-Masked_Blind-Spot_CVPR_2026_supplemental.pdf,https://openaccess.thecvf.com/content/CVPR2026/html/Park_TM-BSN_Triangular-Masked_Blind-Spot_Network_for_Real-World_Self-Supervised_Image_Denoising_CVPR_2026_paper.html,"Blind-spot networks (BSNs) enable self-supervised image denoising by preventing access to the target pixel, allowing clean signal estimation without ground-truth supervision. However, this approach assumes pixel-wise noise independence, which is violated in real-world sRGB images due to spatially correlated noise from the camera's image signal processing (ISP) pipeline. While several methods employ downsampling to decorrelate noise, they alter noise statistics and limit the network's ability to utilize full contextual information. In this paper, we propose the Triangular-Masked Blind-Spot Network (TM-BSN), a novel blind-spot architecture that accurately models the spatial correlation of real sRGB noise. This correlation originates from demosaicing, where each pixel is reconstructed from neighboring samples with spatially decaying weights, resulting in a diamond-shaped pattern. To align the receptive field with this geometry, we introduce a triangular-masked convolution that restricts the kernel to its upper-triangular region, creating a diamond-shaped blind spot at the original resolution. This design excludes correlated pixels while fully leveraging uncorrelated context, eliminating the need for downsampling or post-processing. Furthermore, we use knowledge distillation to transfer complementary knowledge from multiple blind-spot predictions into a lightweight U-Net, improving both accuracy and efficiency. Extensive experiments on real-world benchmarks demonstrate that our method achieves state-of-the-art performance, significantly outperforming existing self-supervised approaches. Our code is available at https://github.com/parkjun210/TM-BSN.","@InProceedings{Park_2026_CVPR, author = {Park, Junyoung and Oh, Youngjin and Cho, Nam Ik}, title = {TM-BSN: Triangular-Masked Blind-Spot Network for Real-World Self-Supervised Image Denoising}, booktitle = {Proceedings of the IEEE/CVF Conference on Computer Vision and Pattern Recognition (CVPR)}, month = {June}, year = {2026}, pages = {29877-29886} }"
Uddin_Unsupervised_Multi-Scale_Segmentation_of_3D_Subcellular_World_with_Stable_Diffusion_CVPR_2026_paper,2026,0,Diffusion_Generative,Diffusion_Generative|SelfSupervised_Representation|Segmentation,12.0,0.0,Unsupervised Multi-Scale Segmentation of 3D Subcellular World with Stable Diffusion Foundation Model,Mostofa Rafid Uddin; HM Shadman Tabib; Thanh-Huy Nguyen; Kashish Gandhi; Min Xu,5,22744-22752,True,https://openaccess.thecvf.com/content/CVPR2026/papers/Uddin_Unsupervised_Multi-Scale_Segmentation_of_3D_Subcellular_World_with_Stable_Diffusion_CVPR_2026_paper.pdf,https://openaccess.thecvf.com/content/CVPR2026/supplemental/Uddin_Unsupervised_Multi-Scale_Segmentation_CVPR_2026_supplemental.pdf,https://openaccess.thecvf.com/content/CVPR2026/html/Uddin_Unsupervised_Multi-Scale_Segmentation_of_3D_Subcellular_World_with_Stable_Diffusion_CVPR_2026_paper.html,"We introduce an unsupervised approach for segmenting multiscale subcellular objects in 3D volumetric cryo-electron tomography (cryo-ET) images. To this end, we address key challenges such as lack of annotated data, large data volumes, high heterogeneity of subcellular shapes and sizes, and high inter-domain variability of cellular cryo-ET images across different experiments and contexts. Our method requires users to only select a small number of slabs from a few representative tomograms in the dataset. The core of our method is extracting features for the corresponding slabs, leveraging a Stable Diffusion foundation model pretrained on mostly natural images. The feature extraction is followed by a novel heuristic-based feature aggregation strategy, and adaptive thresholding to segment the aggregated features. The resulting masks are refined with pretrained CellPose to split composite regions, and then utilized as pseudo-ground truth for training supervised deep learning models. We validated our unsupervised foundation-model based pipeline on publicly available cryo-ET benchmark datasets, demonstrating performance that closely approximates expert human annotations. This fully automated, data-driven framework enables the mining of multi-scale subcellular patterns, paving the way for accelerated biological discoveries from large-scale cellular cryo-ET datasets.","@InProceedings{Uddin_2026_CVPR, author = {Uddin, Mostofa Rafid and Tabib, HM Shadman and Nguyen, Thanh-Huy and Gandhi, Kashish and Xu, Min}, title = {Unsupervised Multi-Scale Segmentation of 3D Subcellular World with Stable Diffusion Foundation Model}, booktitle = {Proceedings of the IEEE/CVF Conference on Computer Vision and Pattern Recognition (CVPR)}, month = {June}, year = {2026}, pages = {22744-22752} }"
He_Global-Graph_Guided_and_Local-Graph_Weighted_Contrastive_Learning_for_Unified_Clustering_CVPR_2026_paper,2026,1,SelfSupervised_Representation,SelfSupervised_Representation,18.0,1.0,Global-Graph Guided and Local-Graph Weighted Contrastive Learning for Unified Clustering on Incomplete and Noise Multi-View Data,Hongqing He; Jie Xu; Wenyuan Yang; Yonghua Zhu; Guoqiu Wen; Xiaofeng Zhu,6,24813-24822,True,https://openaccess.thecvf.com/content/CVPR2026/papers/He_Global-Graph_Guided_and_Local-Graph_Weighted_Contrastive_Learning_for_Unified_Clustering_CVPR_2026_paper.pdf,https://openaccess.thecvf.com/content/CVPR2026/supplemental/He_Global-Graph_Guided_and_CVPR_2026_supplemental.pdf,https://openaccess.thecvf.com/content/CVPR2026/html/He_Global-Graph_Guided_and_Local-Graph_Weighted_Contrastive_Learning_for_Unified_Clustering_CVPR_2026_paper.html,"Recently, contrastive learning (CL) plays an important role in exploring complementary information for multi-view clustering (MVC) and has attracted increasing attention. Nevertheless, real-world multi-view data suffer from data incompleteness or noise, resulting in rare-paired samples or mis-paired samples which significantly challenge the effectiveness of CL-based MVC. That is, rare-paired issue prevents MVC from extracting sufficient multi-view complementary information, and mis-paired issue causes contrastive learning to optimize the model in the wrong direction. To address these issues, we propose a unified CL-based MVC framework for enhancing clustering effectiveness on incomplete and noise multi-view data. First, to mitigate the rare-paired issue, we design a global-graph guided contrastive learning, where all view samples construct a global-view affinity graph to form new sample pairs for fully exploring complementary information. Second, to overcome the mis-paired issue, we propose a local-graph weighted contrastive learning, which leverages local neighbors to generate pair-wise weights to adaptively strength or weaken the pair-wise contrastive learning. Our method is imputation-free and can be integrated into a unified global-local graph-guided contrastive learning framework. Extensive experiments on both incomplete and noise settings of multi-view data demonstrate that our method achieves superior performance compared with state-of-the-art approaches.","@InProceedings{He_2026_CVPR, author = {He, Hongqing and Xu, Jie and Yang, Wenyuan and Zhu, Yonghua and Wen, Guoqiu and Zhu, Xiaofeng}, title = {Global-Graph Guided and Local-Graph Weighted Contrastive Learning for Unified Clustering on Incomplete and Noise Multi-View Data}, booktitle = {Proceedings of the IEEE/CVF Conference on Computer Vision and Pattern Recognition (CVPR)}, month = {June}, year = {2026}, pages = {24813-24822} }"
Chen_CaTok_Taming_Mean_Flows_for_One-Dimensional_Causal_Image_Tokenization_CVPR_2026_paper,2026,1,SelfSupervised_Representation,SelfSupervised_Representation,3.0,0.667,CaTok: Taming Mean Flows for One-Dimensional Causal Image Tokenization,Yitong Chen; Zuxuan Wu; Xipeng Qiu; Yu-Gang Jiang,4,23161-23171,True,https://openaccess.thecvf.com/content/CVPR2026/papers/Chen_CaTok_Taming_Mean_Flows_for_One-Dimensional_Causal_Image_Tokenization_CVPR_2026_paper.pdf,https://openaccess.thecvf.com/content/CVPR2026/supplemental/Chen_CaTok_Taming_Mean_CVPR_2026_supplemental.pdf,https://openaccess.thecvf.com/content/CVPR2026/html/Chen_CaTok_Taming_Mean_Flows_for_One-Dimensional_Causal_Image_Tokenization_CVPR_2026_paper.html,"Autoregressive (AR) language models rely on causal tokenization, but extending this paradigm to vision remains non-trivial. Current visual tokenizers either flatten 2D patches into non-causal sequences or enforce heuristic orderings that misalign with the ""next-token prediction"" pattern. Recent diffusion autoencoders similarly fall short: conditioning the decoder on all tokens lacks causality, while applying nested dropout mechanism introduces imbalance. To address these challenges, we present CaTok, a 1D causal image tokenizer with a MeanFlow decoder. By selecting tokens over time intervals and binding them to the MeanFlow objective, CaTok learns causal 1D representations that support both fast one-step generation and high-fidelity multi-step sampling, while naturally capturing diverse visual concepts across token intervals. To further stabilize and accelerate training, we propose a straightforward regularization REPA-A, which aligns encoder features with Vision Foundation Models (VFMs). Experiments demonstrate that CaTok achieves state-of-the-art results on ImageNet reconstruction, reaching 0.75 FID, 22.53 PSNR and 0.674 SSIM with fewer training epochs, and the AR model attains performance comparable to leading approaches. Project website is available in https://sharelab-sii.github.io/catok-web.","@InProceedings{Chen_2026_CVPR, author = {Chen, Yitong and Wu, Zuxuan and Qiu, Xipeng and Jiang, Yu-Gang}, title = {CaTok: Taming Mean Flows for One-Dimensional Causal Image Tokenization}, booktitle = {Proceedings of the IEEE/CVF Conference on Computer Vision and Pattern Recognition (CVPR)}, month = {June}, year = {2026}, pages = {23161-23171} }"
Yang_X-WIN_Building_Chest_Radiograph_World_Model_via_Predictive_Sensing_CVPR_2026_paper,2026,0,Medical_Bio_RemoteSensing,Medical_Bio_RemoteSensing|SelfSupervised_Representation,9.0,0.111,X-WIN: Building Chest Radiograph World Model via Predictive Sensing,Zefan Yang; Ge Wang; James Hendler; Mannudeep K. Kalra; Pingkun Yan,5,6920-6930,True,https://openaccess.thecvf.com/content/CVPR2026/papers/Yang_X-WIN_Building_Chest_Radiograph_World_Model_via_Predictive_Sensing_CVPR_2026_paper.pdf,https://openaccess.thecvf.com/content/CVPR2026/supplemental/Yang_X-WIN_Building_Chest_CVPR_2026_supplemental.pdf,https://openaccess.thecvf.com/content/CVPR2026/html/Yang_X-WIN_Building_Chest_Radiograph_World_Model_via_Predictive_Sensing_CVPR_2026_paper.html,"Chest X-ray radiography (CXR) is an essential medical imaging technique for disease diagnosis. However, as 2D projectional images, CXRs are limited by structural superposition and hence fail to capture 3D anatomies. This limitation makes representation learning and disease diagnosis challenging. To address this challenge, we propose a novel CXR world model named X-WIN, which distills volumetric knowledge from chest computed tomography (CT) by learning to predict its 2D projections in latent space. The core idea is that a world model with internalized knowledge of 3D anatomical structure can predict CXRs under various transformations in 3D space. During projection prediction, we introduce an affinity-guided contrastive alignment loss that leverages mutual similarities to capture rich, correlated information across projections from the same volume. To improve model adaptability, we incorporate real CXRs into training through masked image modeling and employ a domain classifier to encourage statistically similar representations for real and simulated CXRs. Comprehensive experiments show that X-WIN outperforms existing foundation models on diverse downstream tasks using linear probing and few-shot fine-tuning. X-WIN also demonstrates the ability to render 2D projections for reconstructing a 3D CT volume.","@InProceedings{Yang_2026_CVPR, author = {Yang, Zefan and Wang, Ge and Hendler, James and Kalra, Mannudeep K. and Yan, Pingkun}, title = {X-WIN: Building Chest Radiograph World Model via Predictive Sensing}, booktitle = {Proceedings of the IEEE/CVF Conference on Computer Vision and Pattern Recognition (CVPR)}, month = {June}, year = {2026}, pages = {6920-6930} }"
Zhou_Masked_Representation_Modeling_for_Domain-Adaptive_Segmentation_CVPR_2026_paper,2026,0,Segmentation,Segmentation|SelfSupervised_Representation,18.0,0.333,Masked Representation Modeling for Domain-Adaptive Segmentation,Wenlve Zhou; Zhiheng Zhou; Tiantao Xian; Yikui Zhai; Weibin Wu; Biyun MA,6,36999-37009,True,https://openaccess.thecvf.com/content/CVPR2026/papers/Zhou_Masked_Representation_Modeling_for_Domain-Adaptive_Segmentation_CVPR_2026_paper.pdf,https://openaccess.thecvf.com/content/CVPR2026/supplemental/Zhou_Masked_Representation_Modeling_CVPR_2026_supplemental.pdf,https://openaccess.thecvf.com/content/CVPR2026/html/Zhou_Masked_Representation_Modeling_for_Domain-Adaptive_Segmentation_CVPR_2026_paper.html,"Unsupervised domain adaptation (UDA) for semantic segmentation seeks to transfer models from a labeled source domain to an unlabeled target domain. While auxiliary self-supervised tasks such as contrastive learning have enhanced feature discriminability, masked modeling remains underexplored due to architectural constraints and misaligned objectives. We propose Masked Representation Modeling (MRM), an auxiliary task that performs representation masking and reconstruction directly in the latent space. Unlike prior masked modeling methods that reconstruct low-level signals (e.g., pixels or visual tokens), MRM targets high-level semantic features, aligning its objective with segmentation and integrating seamlessly into standard architectures like DeepLab and DAFormer. To support efficient reconstruction, we design a lightweight auxiliary module, Rebuilder, which is jointly trained with the segmentation network but removed during inference, introducing zero test-time overhead. Extensive experiments demonstrate that MRM consistently improves segmentation performance across diverse architectures and UDA benchmarks. When integrated with four representative baselines, MRM achieves an average gain of +2.3 mIoU on GTA -> Cityscapes and +2.8 mIoU on Cityscapes -> Synthia, establishing it as a simple, effective, and generalizable strategy for unsupervised domain-adaptive semantic segmentation.","@InProceedings{Zhou_2026_CVPR, author = {Zhou, Wenlve and Zhou, Zhiheng and Xian, Tiantao and Zhai, Yikui and Wu, Weibin and MA, Biyun}, title = {Masked Representation Modeling for Domain-Adaptive Segmentation}, booktitle = {Proceedings of the IEEE/CVF Conference on Computer Vision and Pattern Recognition (CVPR)}, month = {June}, year = {2026}, pages = {36999-37009} }"
Yang_DiverseDiT_Towards_Diverse_Representation_Learning_in_Diffusion_Transformers_CVPR_2026_paper,2026,0,Diffusion_Generative,Diffusion_Generative|SelfSupervised_Representation,12.0,0.0,DiverseDiT: Towards Diverse Representation Learning in Diffusion Transformers,Mengping Yang; Zhiyu Tan; Binglei Li; Xiaomeng Yang; Hesen Chen; Hao Li,6,40591-40601,True,https://openaccess.thecvf.com/content/CVPR2026/papers/Yang_DiverseDiT_Towards_Diverse_Representation_Learning_in_Diffusion_Transformers_CVPR_2026_paper.pdf,https://openaccess.thecvf.com/content/CVPR2026/supplemental/Yang_DiverseDiT_Towards_Diverse_CVPR_2026_supplemental.pdf,https://openaccess.thecvf.com/content/CVPR2026/html/Yang_DiverseDiT_Towards_Diverse_Representation_Learning_in_Diffusion_Transformers_CVPR_2026_paper.html,"Recent breakthroughs in Diffusion Transformers (DiTs) have revolutionized the field of visual synthesis due to their superior scalability. To facilitate DiTs' capability of capturing meaningful internal representations, recent works such as REPA incorporate external pretrained encoders for representation alignment. However, the underlying mechanisms governing representation learning within DiTs are not well understood. To this end, we first systematically investigate the representation dynamics of DiTs. Through analyzing the evolution and influence of internal representations under various settings, we reveal that representation diversity across blocks is a crucial factor for effective learning. Based on this key insight, we propose DiverseDiT, a novel framework that explicitly promotes representation diversity. DiverseDiT incorporates long residual connections to diversify input representations across blocks and a representation diversity loss to encourage blocks to learn distinct features. Extensive experiments on ImageNet 256x256 and 512x512 demonstrate that our DiverseDiT yields consistent performance gains and convergence acceleration when applied to different backbones with various sizes, even when tested on the challenging one-step generation setting. Furthermore, we show that DiverseDiT is complementary to existing representation learning techniques, leading to further performance gains. Our work provides valuable insights into the representation learning dynamics of DiTs and offers a practical approach for enhancing their performance. Our code is available at https://github.com/kobeshegu/DiverseDiT.","@InProceedings{Yang_2026_CVPR, author = {Yang, Mengping and Tan, Zhiyu and Li, Binglei and Yang, Xiaomeng and Chen, Hesen and Li, Hao}, title = {DiverseDiT: Towards Diverse Representation Learning in Diffusion Transformers}, booktitle = {Proceedings of the IEEE/CVF Conference on Computer Vision and Pattern Recognition (CVPR)}, month = {June}, year = {2026}, pages = {40591-40601} }"
Huang_KAMP_Knowledge-Anchored_Multimodal_Pretraining_Framework_for_Medical_Image_Representation_CVPR_2026_paper,2026,0,Medical_Bio_RemoteSensing,Medical_Bio_RemoteSensing|Vision_Language_Multimodal|LLM_Reasoning_Agent|SelfSupervised_Representation,23.0,0.304,KAMP: Knowledge-Anchored Multimodal Pretraining Framework for Medical Image Representation,Feiyu Huang; Jia Li; Zhao Chen; Yang Wu; Caleb Chen Cao; Lei Chen,6,21067-21077,True,https://openaccess.thecvf.com/content/CVPR2026/papers/Huang_KAMP_Knowledge-Anchored_Multimodal_Pretraining_Framework_for_Medical_Image_Representation_CVPR_2026_paper.pdf,,https://openaccess.thecvf.com/content/CVPR2026/html/Huang_KAMP_Knowledge-Anchored_Multimodal_Pretraining_Framework_for_Medical_Image_Representation_CVPR_2026_paper.html,"Cross-modal biomedical signals such as pathology and genomics can provide richer and more robust semantic guidance for medical image representation learning. However, the availability of such guidance remains limited, as privacy constraints and acquisition costs severely restrict access to medical images paired with other biomedical data. A further challenge lies in modality discrepancy, which introduces intra-modal statistical bias and cross-modal noise, thereby degrading the quality of medical image representations. To address these challenges, we propose KAMP, a large language model (LLM)-driven multimodal pretraining framework for medical image representation learning. KAMP leverages textual priors as the semantic anchor to enhance medical image representations and align them with multimodal biomedical representations, enabling the learning of rich and robust features even when paired data are scarce. KAMP operates in three stages. First, the LLM generates personalized diagnostic knowledge from patient clinical text and imaging metadata. This knowledge is injected as a prior to enrich medical image representations and serves as a semantic anchor to reduce the representation gap between medical images and other biomedical modalities. Second, the LLM is optimized using Group Relative Policy Optimization (GRPO), with the cross-modal aligner pretrained in the first stage serving as the reward model. Third, the refined knowledge is used to retrain the cross-modal aligner, yielding more robust medical image representations while mitigating bias and noise introduced by other modalities. Comprehensive evaluations on brain, bladder, and liver cancer datasets demonstrate that KAMP outperforms existing methods in most downstream few-shot classification tasks.","@InProceedings{Huang_2026_CVPR, author = {Huang, Feiyu and Li, Jia and Chen, Zhao and Wu, Yang and Cao, Caleb Chen and Chen, Lei}, title = {KAMP: Knowledge-Anchored Multimodal Pretraining Framework for Medical Image Representation}, booktitle = {Proceedings of the IEEE/CVF Conference on Computer Vision and Pattern Recognition (CVPR)}, month = {June}, year = {2026}, pages = {21067-21077} }"
Hu_Self-supervised_Dynamic_Heterogeneous_Degradation_Modeling_for_Unified_Zero-Shot_Image_Restoration_CVPR_2026_paper,2026,0,Restoration_Enhancement,Restoration_Enhancement|SelfSupervised_Representation,15.0,0.4,Self-supervised Dynamic Heterogeneous Degradation Modeling for Unified Zero-Shot Image Restoration,XiaoWan Hu; Jing Yang; HeNan Liu; HuaQiu Li; Mai Xu,5,22658-22668,True,https://openaccess.thecvf.com/content/CVPR2026/papers/Hu_Self-supervised_Dynamic_Heterogeneous_Degradation_Modeling_for_Unified_Zero-Shot_Image_Restoration_CVPR_2026_paper.pdf,https://openaccess.thecvf.com/content/CVPR2026/supplemental/Hu_Self-supervised_Dynamic_Heterogeneous_CVPR_2026_supplemental.pdf,https://openaccess.thecvf.com/content/CVPR2026/html/Hu_Self-supervised_Dynamic_Heterogeneous_Degradation_Modeling_for_Unified_Zero-Shot_Image_Restoration_CVPR_2026_paper.html,"Zero-shot image restoration provides a flexible way to handle diverse degradations without task-specific training. However, existing methods typically rely on stacked layers or pre-trained features to enhance degradation expression, while overlooking physically consistent priors. The insufficient degradation prompts impose the heavy training burden and high sampling costs during zero-shot diffusion. Moreover, the fixed inference trajectory often collapses to suboptimal solutions under complex corruptions. We observe that heterogeneous degradations can be reparameterized into a minimal set of physically coherent parameters for compact representation. Based on this insight, we first propose a unified physical zero-shot image restoration (UP-ZeroIR) framework that explicitly models heterogeneous degradations into a homogeneous all-in-one distribution. The distribution can be optimized directly in the latent space, enabling principled solution exploration and effective prompt adaptation. Besides, we introduce a dynamic quality-refinement strategy that adaptively adjusts the diffusion trajectory for robust globally optimal convergence. Extensive experiments demonstrate that our method achieves state-of-the-art performance across both single and mixed degradations. Our code is available at https://github.com/yangjinglyy/UP-ZeroIR.","@InProceedings{Hu_2026_CVPR, author = {Hu, XiaoWan and Yang, Jing and Liu, HeNan and Li, HuaQiu and Xu, Mai}, title = {Self-supervised Dynamic Heterogeneous Degradation Modeling for Unified Zero-Shot Image Restoration}, booktitle = {Proceedings of the IEEE/CVF Conference on Computer Vision and Pattern Recognition (CVPR)}, month = {June}, year = {2026}, pages = {22658-22668} }"
Lv_Generalizable_Knowledge_Distillation_from_Vision_Foundation_Models_for_Semantic_Segmentation_CVPR_2026_paper,2026,0,Segmentation,Segmentation|Efficiency_Compression|SelfSupervised_Representation,20.0,0.25,Generalizable Knowledge Distillation from Vision Foundation Models for Semantic Segmentation,Chonghua Lv; Dong Zhao; Shuang Wang; Dou Quan; Ning Huyan; Nicu Sebe; Zhun Zhong,7,26656-26666,True,https://openaccess.thecvf.com/content/CVPR2026/papers/Lv_Generalizable_Knowledge_Distillation_from_Vision_Foundation_Models_for_Semantic_Segmentation_CVPR_2026_paper.pdf,https://openaccess.thecvf.com/content/CVPR2026/supplemental/Lv_Generalizable_Knowledge_Distillation_CVPR_2026_supplemental.pdf,https://openaccess.thecvf.com/content/CVPR2026/html/Lv_Generalizable_Knowledge_Distillation_from_Vision_Foundation_Models_for_Semantic_Segmentation_CVPR_2026_paper.html,"Knowledge distillation (KD) has been widely applied in semantic segmentation to compress large models, but conventional approaches primarily preserve in-domain accuracy while neglecting out-of-domain generalization, which is essential under distribution shifts. This limitation becomes more severe with the emergence of vision foundation models (VFMs): although VFMs exhibit strong robustness on unseen data, distilling them with conventional KD often compromises this ability. We propose Generalizable Knowledge Distillation (GKD), a multi-stage framework that explicitly enhances generalization. GKD decouples representation learning from task learning. In the first stage, the student acquires domain-agnostic representations through selective feature distillation, and in the second stage, these representations are frozen for task adaptation, thereby mitigating overfitting to visible domains. To further support transfer, we introduce a query-based soft distillation mechanism, where student features act as queries to teacher representations to selectively retrieve transferable spatial knowledge from VFMs. Extensive experiments on five domain generalization benchmarks demonstrate that GKD consistently outperforms existing KD methods, achieving average gains of +1.9% in foundation-to-foundation (F2F) and +10.6% in foundation-to-local (F2L) distillation. The code will be available at https://github.com/Younger-hua/GKD.","@InProceedings{Lv_2026_CVPR, author = {Lv, Chonghua and Zhao, Dong and Wang, Shuang and Quan, Dou and Huyan, Ning and Sebe, Nicu and Zhong, Zhun}, title = {Generalizable Knowledge Distillation from Vision Foundation Models for Semantic Segmentation}, booktitle = {Proceedings of the IEEE/CVF Conference on Computer Vision and Pattern Recognition (CVPR)}, month = {June}, year = {2026}, pages = {26656-26666} }"
Yu_PointCSP_Cross-Sample_Semantic_Propagation_and_Stability_Preservation_in_Self-Supervised_Point_CVPR_2026_paper,2026,1,SelfSupervised_Representation,SelfSupervised_Representation|3D_Reconstruction,14.0,0.143,PointCSP: Cross-Sample Semantic Propagation and Stability Preservation in Self-Supervised Point Cloud Learning,Xinxing Yu; Ajian Liu; Sunyuan Qiang; Hui Ma; Liying Yang; Yuzhong Wang; Zhi Rao; Yanyan Liang,8,10016-10026,True,https://openaccess.thecvf.com/content/CVPR2026/papers/Yu_PointCSP_Cross-Sample_Semantic_Propagation_and_Stability_Preservation_in_Self-Supervised_Point_CVPR_2026_paper.pdf,https://openaccess.thecvf.com/content/CVPR2026/supplemental/Yu_PointCSP_Cross-Sample_Semantic_CVPR_2026_supplemental.pdf,https://openaccess.thecvf.com/content/CVPR2026/html/Yu_PointCSP_Cross-Sample_Semantic_Propagation_and_Stability_Preservation_in_Self-Supervised_Point_CVPR_2026_paper.html,"Scene-level point cloud self-supervised learning (PC-SSL) has demonstrated potential in enhancing the generalization capability of 3D vision models. Despite the advances in the field through existing methods, the sample-independent modeling paradigm still poses significant limitations in terms of maintaining consistent semantic representations across scenes. This challenge hinders the construction of a unified and transferable semantic space. To address this issue, we propose a PC-SSL framework based on cross-sample semantic propagation (CSP), in which samples within a batch are serialized into continuous input and processed by a state-space model to enable semantic state propagation. This mechanism explicitly models the dynamic dependencies across samples in the state space, allowing the network to establish cross-sample semantic consistency in the latent space and achieve global semantic alignment. Since serialization-based pretraining requires batch-level input organization, we further introduce an asymmetric semantic preservation distillation (SPD) during finetuning to achieve structural alignment of semantic transfer and eliminate inconsistencies caused by batch dependency. The proposed SPD ensures stable transfer of pretrained semantics through a heterogeneous input mechanism and a semantic feature alignment constraint. This enables the model to maintain structured semantic consistency and robustness under single-scene testing conditions. Extensive experiments on multiple benchmark datasets demonstrate that our method consistently outperforms state-of-the-art methods in both performance and semantic consistency.","@InProceedings{Yu_2026_CVPR, author = {Yu, Xinxing and Liu, Ajian and Qiang, Sunyuan and Ma, Hui and Yang, Liying and Wang, Yuzhong and Rao, Zhi and Liang, Yanyan}, title = {PointCSP: Cross-Sample Semantic Propagation and Stability Preservation in Self-Supervised Point Cloud Learning}, booktitle = {Proceedings of the IEEE/CVF Conference on Computer Vision and Pattern Recognition (CVPR)}, month = {June}, year = {2026}, pages = {10016-10026} }"
Zhang_UniSER_A_Foundation_Model_for_Unified_Soft_Effects_Removal_CVPR_2026_paper,2026,1,SelfSupervised_Representation,SelfSupervised_Representation|Recognition_Classification,9.0,0.333,UniSER: A Foundation Model for Unified Soft Effects Removal,Jingdong Zhang; Lingzhi Zhang; Qing Liu; Mang Tik Chiu; Connelly Barnes; Yizhou Wang; Haoran You; Xiaoyang Liu; Yuqian Zhou; Zhe Lin; Eli Shechtman; Sohrab Amirghodsi; Xin Li; Wenping Wang; Xiaohang Zhan,15,16096-16107,True,https://openaccess.thecvf.com/content/CVPR2026/papers/Zhang_UniSER_A_Foundation_Model_for_Unified_Soft_Effects_Removal_CVPR_2026_paper.pdf,https://openaccess.thecvf.com/content/CVPR2026/supplemental/Zhang_UniSER_A_Foundation_CVPR_2026_supplemental.pdf,https://openaccess.thecvf.com/content/CVPR2026/html/Zhang_UniSER_A_Foundation_Model_for_Unified_Soft_Effects_Removal_CVPR_2026_paper.html,"Digital images are often degraded by soft effects such as lens flare, haze, shadows, and reflections, which reduce aesthetics even though the underlying pixels remain partially visible. The prevailing works address these degradations in isolation, developing highly specialized, specialist models that lack scalability and fail to exploit the shared underlying essences of these restoration problems. While specialist models are limited, recent large-scale pretrained generalist models offer powerful, text-driven image editing capabilities. while recent general-purpose systems (e.g., GPT-4o, Flux Kontext, Nano Banana) require detailed prompts and often fail to achieve robust removal on these fine-grained tasks or preserve identity of the scene. Leveraging the common essence of soft effects, i.e., semi-transparent occlusions, we introduce a foundational versatile model UniSER, capable of addressing diverse degradations caused by soft effects within a single framework. Our methodology centers on curating a massive 3.8M-pair dataset to ensure robustness and generalization, which includes novel, physically-plausible data to fill critical gaps in public benchmarks, and a tailored training pipeline that fine-tunes a Diffusion Transformer to learn robust restoration priors from this diverse data, integrating fine-grained mask and strength controls. This synergistic approach allows UniSER to significantly outperform both specialist and generalist models, achieving robust, high-fidelity restoration in the wild.","@InProceedings{Zhang_2026_CVPR, author = {Zhang, Jingdong and Zhang, Lingzhi and Liu, Qing and Chiu, Mang Tik and Barnes, Connelly and Wang, Yizhou and You, Haoran and Liu, Xiaoyang and Zhou, Yuqian and Lin, Zhe and Shechtman, Eli and Amirghodsi, Sohrab and Li, Xin and Wang, Wenping and Zhan, Xiaohang}, title = {UniSER: A Foundation Model for Unified Soft Effects Removal}, booktitle = {Proceedings of the IEEE/CVF Conference on Computer Vision and Pattern Recognition (CVPR)}, month = {June}, year = {2026}, pages = {16096-16107} }"
Luo_MatPedia_A_Universal_Generative_Foundation_for_High-Fidelity_Material_Synthesis_CVPR_2026_paper,2026,1,SelfSupervised_Representation,SelfSupervised_Representation,3.0,0.333,MatPedia: A Universal Generative Foundation for High-Fidelity Material Synthesis,Di Luo; Shuhui Yang; Mingxin Yang; Jiawei Lu; Yixuan Tang; Xintong Han; Zhuo Chen; Beibei Wang; Chunchao Guo,9,8943-8953,True,https://openaccess.thecvf.com/content/CVPR2026/papers/Luo_MatPedia_A_Universal_Generative_Foundation_for_High-Fidelity_Material_Synthesis_CVPR_2026_paper.pdf,https://openaccess.thecvf.com/content/CVPR2026/supplemental/Luo_MatPedia_A_Universal_CVPR_2026_supplemental.pdf,https://openaccess.thecvf.com/content/CVPR2026/html/Luo_MatPedia_A_Universal_Generative_Foundation_for_High-Fidelity_Material_Synthesis_CVPR_2026_paper.html,"Physically-based rendering (PBR) materials are fundamental to photorealistic graphics, yet their creation remains labor-intensive and requires specialized expertise. While generative models have advanced material synthesis, existing methods lack a unified representation bridging natural image appearance and PBR properties, leading to fragmented task-specific pipelines and inability to leverage large-scale RGB image data. We present MatPedia, a foundation model built upon a novel joint RGB-PBR representation that compactly encodes materials into two interdependent latents: one for RGB appearance and one for the four PBR maps encoding complementary physical properties. By formulating them as a 5-channel sequence and employing video diffusion architectures, MatPedia naturally captures their correlations while transferring visual priors from RGB generation models. This joint representation enables a unified framework handling multiple material tasks--text-to-material generation, image-to-material generation, and intrinsic decomposition--within a single architecture. Trained on MatHybrid-410K, a mixed corpus combining PBR datasets with large-scale RGB images, MatPedia achieves native 1024x1024 synthesis that substantially surpasses existing approaches in both quality and diversity.","@InProceedings{Luo_2026_CVPR, author = {Luo, Di and Yang, Shuhui and Yang, Mingxin and Lu, Jiawei and Tang, Yixuan and Han, Xintong and Chen, Zhuo and Wang, Beibei and Guo, Chunchao}, title = {MatPedia: A Universal Generative Foundation for High-Fidelity Material Synthesis}, booktitle = {Proceedings of the IEEE/CVF Conference on Computer Vision and Pattern Recognition (CVPR)}, month = {June}, year = {2026}, pages = {8943-8953} }"
VCR_Foundation_Model_Priors_Enhance_Object_Focus_in_Feature_Space_for_CVPR_2026_paper,2026,0,Object_Detection,Object_Detection|SelfSupervised_Representation|Transfer_FewShot_DomainAdaptation,21.0,0.429,Foundation Model Priors Enhance Object Focus in Feature Space for Source-Free Object Detection,Sairam VCR; Rishabh Lalla; Aveen Dayal; Tejal Kulkarni; Anuj Lalla; Vineeth N. Balasubramanian; Muhammad Haris Khan,7,29431-29440,True,https://openaccess.thecvf.com/content/CVPR2026/papers/VCR_Foundation_Model_Priors_Enhance_Object_Focus_in_Feature_Space_for_CVPR_2026_paper.pdf,https://openaccess.thecvf.com/content/CVPR2026/supplemental/VCR_Foundation_Model_Priors_CVPR_2026_supplemental.pdf,https://openaccess.thecvf.com/content/CVPR2026/html/VCR_Foundation_Model_Priors_Enhance_Object_Focus_in_Feature_Space_for_CVPR_2026_paper.html,"Current state-of-the-art approaches in Source-Free Object Detection (SFOD) typically rely on Mean-Teacher self-labeling. However, domain shift often reduces the detector's ability to maintain strong object-focused representations, causing high-confidence activations over background clutter and unreliable pseudo-labels from the detection head. While prior works mainly refine the pseudo-labels, they overlook the underlying need to strengthen the feature space itself. We propose FALCON-SFOD (Foundation-Aligned Learning with Clutter Suppression and Noise Robustness), a framework designed to enhance object-focused adaptation under domain shift. It consists of two complementary components. SPAR (\underline S patial \underline P rior-\underline A ware \underline R egularization) leverages the generalization strength of vision foundation models to regularize the detector's feature space. Using class-agnostic binary masks derived from OV-SAM, SPAR promotes structured and foreground-focused activations by guiding the network toward object regions. IRPL (\underline I mbalance-aware Noise \underline R obust \underline P seudo-\underline L abeling) complements SPAR by promoting balanced and noise-tolerant learning under severe foreground-background imbalance. Guided by a theoretical analysis that connects these designs to tighter localization and classification error bounds, FALCON-SFOD achieves competitive performance across SFOD benchmarks. Our code is available in https://github.com/Sairam13001/FALCON-SFOD.","@InProceedings{VCR_2026_CVPR, author = {VCR, Sairam and Lalla, Rishabh and Dayal, Aveen and Kulkarni, Tejal and Lalla, Anuj and Balasubramanian, Vineeth N. and Khan, Muhammad Haris}, title = {Foundation Model Priors Enhance Object Focus in Feature Space for Source-Free Object Detection}, booktitle = {Proceedings of the IEEE/CVF Conference on Computer Vision and Pattern Recognition (CVPR)}, month = {June}, year = {2026}, pages = {29431-29440} }"
Yang_Weight_Space_Representation_Learning_via_Neural_Field_Adaptation_CVPR_2026_paper,2026,0,Diffusion_Generative,Diffusion_Generative|SelfSupervised_Representation,6.0,0.0,Weight Space Representation Learning via Neural Field Adaptation,Zhuoqian Yang; Mathieu Salzmann; Sabine Süsstrunk,3,17734-17743,True,https://openaccess.thecvf.com/content/CVPR2026/papers/Yang_Weight_Space_Representation_Learning_via_Neural_Field_Adaptation_CVPR_2026_paper.pdf,https://openaccess.thecvf.com/content/CVPR2026/supplemental/Yang_Weight_Space_Representation_CVPR_2026_supplemental.pdf,https://openaccess.thecvf.com/content/CVPR2026/html/Yang_Weight_Space_Representation_Learning_via_Neural_Field_Adaptation_CVPR_2026_paper.html,"In this work, we investigate the potential of weights to serve as effective representations, focusing on neural fields. Our key insight is that constraining the optimization space through a pre-trained base model and low-rank adaptation (LoRA) can induce structure in weight space. Across reconstruction, generation, and analysis tasks on 2D and 3D data, we find that multiplicative LoRA weights achieve high representation quality while exhibiting distinctiveness and semantic structure. When used with latent diffusion models, multiplicative LoRA weights enable higher-quality generation than existing weight-space methods.","@InProceedings{Yang_2026_CVPR, author = {Yang, Zhuoqian and Salzmann, Mathieu and S\""usstrunk, Sabine}, title = {Weight Space Representation Learning via Neural Field Adaptation}, booktitle = {Proceedings of the IEEE/CVF Conference on Computer Vision and Pattern Recognition (CVPR)}, month = {June}, year = {2026}, pages = {17734-17743} }"
Gan_Learning_Effective_Sign_Features_without_Text_for_Gloss-free_Sign_Language_CVPR_2026_paper,2026,1,SelfSupervised_Representation,SelfSupervised_Representation,12.0,0.75,Learning Effective Sign Features without Text for Gloss-free Sign Language Translation,Shiwei Gan; Xiao Liu; Yafeng Yin; Nan Liu; Kuizhuang Liu; Desibieer Tuerdaken; Zhiwei Jiang; Lei Xie; Sanglu Lu; Hongkai Wen,10,9827-9836,True,https://openaccess.thecvf.com/content/CVPR2026/papers/Gan_Learning_Effective_Sign_Features_without_Text_for_Gloss-free_Sign_Language_CVPR_2026_paper.pdf,https://openaccess.thecvf.com/content/CVPR2026/supplemental/Gan_Learning_Effective_Sign_CVPR_2026_supplemental.pdf,https://openaccess.thecvf.com/content/CVPR2026/html/Gan_Learning_Effective_Sign_Features_without_Text_for_Gloss-free_Sign_Language_CVPR_2026_paper.html,"Self-supervised learning (SSL) has achieved remarkable success across both NLP and CV domains. However, sign language translation (SLT) models still heavily rely on gloss annotations in gloss-based SLT or text annotations in gloss-free SLT (GFSLT) during pretraining, aiming to ensure that the backbone provides effective sign language (SL) features for the translation model. Such reliance restricts the scalability and generalization ability of the SLT model. One natural question arises: Can existing SSL methods be directly applied to the SL domain to train an effective sign feature extractor for downstream GFSLT tasks, eliminating the need for text annotations? In this paper, we propose a simple yet effective pretraining framework with two goals: (1) decoupling the pretraining process from gloss or text annotations, relying purely on sign frames; and (2) only global frames are required during inference for simplicity. We show that directly applying existing SSL methods yields suboptimal performance, as SL features involve subtle motion patterns and discriminative cues that are often confined to local regions. To achieve this, we introduce SignDINO, a simple yet effective sign-aware DINO training strategy that learns effective and semantically meaningful representations from global frames without any textual supervision. Specifically, a student-teacher architecture is employed, where the teacher model receives the global sign frame, while the student model learns from masked local views that preserve only the hand and facial regions. Such a simple design encourages the model to infer global semantics from discriminative local cues, allowing the teacher model to extract SL-related feature during inference solely based on global views. Extensive experiments on public SL datasets show that SignDINO achieves highly competitive performance on the GFSLT task without relying on extra cues or additional SL-related pretraining.","@InProceedings{Gan_2026_CVPR, author = {Gan, Shiwei and Liu, Xiao and Yin, Yafeng and Liu, Nan and Liu, Kuizhuang and Tuerdaken, Desibieer and Jiang, Zhiwei and Xie, Lei and Lu, Sanglu and Wen, Hongkai}, title = {Learning Effective Sign Features without Text for Gloss-free Sign Language Translation}, booktitle = {Proceedings of the IEEE/CVF Conference on Computer Vision and Pattern Recognition (CVPR)}, month = {June}, year = {2026}, pages = {9827-9836} }"
Yang_Towards_Foundation_Models_for_3D_Scene_Understanding_Instance-Aware_Self-Supervised_Learning_CVPR_2026_paper,2026,1,SelfSupervised_Representation,SelfSupervised_Representation|3D_Reconstruction,30.0,0.367,Towards Foundation Models for 3D Scene Understanding: Instance-Aware Self-Supervised Learning for Point Clouds,Bin Yang; Mohamed Abdelsamad; Miao Zhang; Alexandru Paul Condurache,4,2938-2947,True,https://openaccess.thecvf.com/content/CVPR2026/papers/Yang_Towards_Foundation_Models_for_3D_Scene_Understanding_Instance-Aware_Self-Supervised_Learning_CVPR_2026_paper.pdf,https://openaccess.thecvf.com/content/CVPR2026/supplemental/Yang_Towards_Foundation_Models_CVPR_2026_supplemental.pdf,https://openaccess.thecvf.com/content/CVPR2026/html/Yang_Towards_Foundation_Models_for_3D_Scene_Understanding_Instance-Aware_Self-Supervised_Learning_CVPR_2026_paper.html,"Recent advances in self-supervised learning (SSL) for point clouds have substantially improved 3D scene understanding without human annotations. Existing approaches emphasize semantic awareness by enforcing feature consistency across augmented views or by masked scene modeling. However, the resulting representations transfer poorly to instance localization, and often require full finetuning for strong performance. Instance awareness is a fundamental component of 3D perception, thus bridging this gap is crucial for progressing toward true 3D foundation models that support all downstream tasks on 3D data. In this work, we introduce PointINS, an instance-oriented self-supervised framework that enriches point cloud representations through geometry-aware learning.PointINS employs an orthogonal offset branch to jointly learn high-level semantic understanding and geometric reasoning, yielding instance awareness. We identify two consistent properties essential for robust instance localization and formulate them as complementary regularization strategies, Offset Distribution Regularization (ODR), which aligns predicted offsets with empirically observed geometric priors, and Spatial Clustering Regularization (SCR), which enforces local coherence by regularizing offsets with pseudo-instance masks. Through extensive experiments across five datasets, PointINS achieves on average +3.5% mAP improvement for indoor instance segmentation and +4.1% PQ gain for outdoor panoptic segmentation, paving the way for scalable 3D foundation models.","@InProceedings{Yang_2026_CVPR, author = {Yang, Bin and Abdelsamad, Mohamed and Zhang, Miao and Condurache, Alexandru Paul}, title = {Towards Foundation Models for 3D Scene Understanding: Instance-Aware Self-Supervised Learning for Point Clouds}, booktitle = {Proceedings of the IEEE/CVF Conference on Computer Vision and Pattern Recognition (CVPR)}, month = {June}, year = {2026}, pages = {2938-2947} }"
Jiang_Detect_Anything_via_Next_Point_Prediction_CVPR_2026_paper,2026,0,Object_Detection,Object_Detection|SelfSupervised_Representation|LLM_Reasoning_Agent,9.0,0.0,Detect Anything via Next Point Prediction,Qing Jiang; Junan Huo; Xingyu Chen; Yuda Xiong; Zhaoyang Zeng; Yihao Chen; Tianhe Ren; Junzhi Yu; Lei Zhang,9,25472-25483,True,https://openaccess.thecvf.com/content/CVPR2026/papers/Jiang_Detect_Anything_via_Next_Point_Prediction_CVPR_2026_paper.pdf,https://openaccess.thecvf.com/content/CVPR2026/supplemental/Jiang_Detect_Anything_via_CVPR_2026_supplemental.pdf,https://openaccess.thecvf.com/content/CVPR2026/html/Jiang_Detect_Anything_via_Next_Point_Prediction_CVPR_2026_paper.html,"Object detection has long been dominated by traditional coordinate regression-based models, such as YOLO, DETR, and Grounding DINO. Although recent efforts have attempted to leverage MLLMs to tackle this task, they face challenges like low recall rate, duplicate predictions, coordinate misalignment, etc. In this work, we bridge this gap and propose Rex-Omni, a 3B-scale MLLM that achieves state-of-the-art object perception performance. On benchmarks like COCO and LVIS, Rex-Omni attains performance comparable to or exceeding regression-based models (e.g., DINO, Grounding DINO) in a zero-shot setting. This is enabled by three key designs: 1) Task Formulation: we use special tokens to represent quantized coordinates from 0 to 999, reducing the model's learning difficulty and improving token efficiency for coordinate prediction; 2) Data Engines: we construct multiple data engines to generate high-quality grounding, referring, and pointing data, providing semantically rich supervision for training; 3) Training Pipelines: we employ a two-stage training process, combining supervised fine-tuning on 22 million data with GRPO-based reinforcement post-training. This RL post-training leverages geometry-aware rewards to effectively bridge the discrete-to-continuous coordinate prediction gap, improve box accuracy, and mitigate undesirable behaviors like duplicate predictions that stem from the teacher-guided nature of the initial SFT stage. Beyond conventional detection, Rex-Omni's inherent language understanding enables versatile capabilities such as object referring, pointing, visual prompting, GUI grounding, spatial referring, OCR and key-pointing, all systematically evaluated on dedicated benchmarks. We believe that Rex-Omni paves the way for more versatile and language-aware visual perception systems.","@InProceedings{Jiang_2026_CVPR, author = {Jiang, Qing and Huo, Junan and Chen, Xingyu and Xiong, Yuda and Zeng, Zhaoyang and Chen, Yihao and Ren, Tianhe and Yu, Junzhi and Zhang, Lei}, title = {Detect Anything via Next Point Prediction}, booktitle = {Proceedings of the IEEE/CVF Conference on Computer Vision and Pattern Recognition (CVPR)}, month = {June}, year = {2026}, pages = {25472-25483} }"
Guo_LF-BVN_Blind-View_Network_for_Self-Supervised_Light_Field_Denoising_CVPR_2026_paper,2026,0,Restoration_Enhancement,Restoration_Enhancement|Computational_Photography|SelfSupervised_Representation,18.0,0.333,LF-BVN: Blind-View Network for Self-Supervised Light Field Denoising,Longzhao Guo; Shuo Zhang; Chen Gao; Qian Tian; Youfang Lin,5,1355-1364,True,https://openaccess.thecvf.com/content/CVPR2026/papers/Guo_LF-BVN_Blind-View_Network_for_Self-Supervised_Light_Field_Denoising_CVPR_2026_paper.pdf,https://openaccess.thecvf.com/content/CVPR2026/supplemental/Guo_LF-BVN_Blind-View_Network_CVPR_2026_supplemental.pdf,https://openaccess.thecvf.com/content/CVPR2026/html/Guo_LF-BVN_Blind-View_Network_for_Self-Supervised_Light_Field_Denoising_CVPR_2026_paper.html,"Recent advances in learning-based Light Field (LF) image denoising have achieved impressive results. However, these methods rely heavily on large-scale noisy-clean image pairs and often fail to generalize to unseen or complex noise.In this work, we observe that the inherent multi-view consistency of LF images makes it highly unlikely for noise to be coherent across views, offering a more reliable supervisory signal for self-supervised denoising.Building on this insight, we extend the blind-spot principle to the LF domain and propose a novel LF Blind-View denoising Network (LF-BVN). We first introduce a geometric invariance mask that leverages angular redundancy for efficient full-view supervision. To enforce cross-view photometric consistency, we further introduce latent representation volumes and enforce consistency between them.Additionally, we exploit focus stacks to extract latent depth cues from noisy observations, providing further guidance.Extensive experiments show that LF-BVN achieves competitive denoising performance while maintaining strong cross-view consistency without requiring clean data or external supervision.","@InProceedings{Guo_2026_CVPR, author = {Guo, Longzhao and Zhang, Shuo and Gao, Chen and Tian, Qian and Lin, Youfang}, title = {LF-BVN: Blind-View Network for Self-Supervised Light Field Denoising}, booktitle = {Proceedings of the IEEE/CVF Conference on Computer Vision and Pattern Recognition (CVPR)}, month = {June}, year = {2026}, pages = {1355-1364} }"
Gao_RoSAMDepth_Robust_Self-supervised_Depth_Estimation_Leveraging_Segment_Anything_Model_CVPR_2026_paper,2026,0,LowLevel_Flow_Depth_Matching,LowLevel_Flow_Depth_Matching|SelfSupervised_Representation|Segmentation,15.0,0.2,RoSAMDepth: Robust Self-supervised Depth Estimation Leveraging Segment Anything Model,Xuanang Gao; Zhiwei Ning; Gengming Zhang; Jiaxi Cao; Runze Yang; Zhonglong Zheng; Jie Yang; Rong Xiao; Wei Liu,9,34138-34147,True,https://openaccess.thecvf.com/content/CVPR2026/papers/Gao_RoSAMDepth_Robust_Self-supervised_Depth_Estimation_Leveraging_Segment_Anything_Model_CVPR_2026_paper.pdf,https://openaccess.thecvf.com/content/CVPR2026/supplemental/Gao_RoSAMDepth_Robust_Self-supervised_CVPR_2026_supplemental.pdf,https://openaccess.thecvf.com/content/CVPR2026/html/Gao_RoSAMDepth_Robust_Self-supervised_Depth_Estimation_Leveraging_Segment_Anything_Model_CVPR_2026_paper.html,"Robust depth estimation aims to maintain high-quality depths across diverse conditions. However, most existing methods estimate depth without taking into account the object-level information. As a result, the predicted depth may easily deviate within objects and become blurred under adverse conditions. To overcome this weakness, we propose RoSAMDepth, a novel framework that can assist robust self-supervised depth estimation in leveraging rich and diverse object-level priors from the Segment Anything Model (SAM). We focus on incorporating object-level information across three key aspects: a segment-guided representation contrasting method that injects object-level awareness into the feature representation space; an adaptive regional outlier masking strategy combined with a regional Gaussian likelihood loss that enforces regional depth smoothness; and an object-level reliability estimation strategy that mitigates the influence of unreliable supervision. Extensive experiments across multiple datasets and diverse weather conditions demonstrate that our method produces sharper, more accurate depth predictions, consistently outperforming state-of-the-art methods.","@InProceedings{Gao_2026_CVPR, author = {Gao, Xuanang and Ning, Zhiwei and Zhang, Gengming and Cao, Jiaxi and Yang, Runze and Zheng, Zhonglong and Yang, Jie and Xiao, Rong and Liu, Wei}, title = {RoSAMDepth: Robust Self-supervised Depth Estimation Leveraging Segment Anything Model}, booktitle = {Proceedings of the IEEE/CVF Conference on Computer Vision and Pattern Recognition (CVPR)}, month = {June}, year = {2026}, pages = {34138-34147} }"
Mai_Revisiting_Model_Stitching_In_the_Foundation_Model_Era_CVPR_2026_paper,2026,1,SelfSupervised_Representation,SelfSupervised_Representation,12.0,0.667,Revisiting Model Stitching In the Foundation Model Era,Zheda Mai; Ke Zhang; Fu-En Wang; Zixiao Ken Wang; Albert Y. C. Chen; Lu Xia; Min Sun; Wei-Lun Chao; Cheng-Hao Kuo,9,41342-41351,True,https://openaccess.thecvf.com/content/CVPR2026/papers/Mai_Revisiting_Model_Stitching_In_the_Foundation_Model_Era_CVPR_2026_paper.pdf,https://openaccess.thecvf.com/content/CVPR2026/supplemental/Mai_Revisiting_Model_Stitching_CVPR_2026_supplemental.pdf,https://openaccess.thecvf.com/content/CVPR2026/html/Mai_Revisiting_Model_Stitching_In_the_Foundation_Model_Era_CVPR_2026_paper.html,"Model stitching, connecting early layers of one model (source) to later layers of another (target) via a light stitch layer, has served as a probe of representational compatibility. Prior work finds that models trained on the same dataset remain stitchable (negligible accuracy drop) despite different initializations or objectives. We revisit stitching for Vision Foundation Models (VFMs) that vary in objectives, data, and modality (e.g., CLIP, DINOv2, SigLIP2) and ask: Are heterogeneous VFMs stitchable? We introduce a systematic protocol spanning stitch positions, stitch layer families, training losses, and downstream tasks. Three findings emerge. (1) Stitch layer training matters: conventional approaches that match the intermediate features at the stitch position or optimize the task loss end-to-end struggle to retain accuracy, especially at shallow stitch positions. (2) With a simple feature-matching loss at the target model's penultimate layer, heterogeneous VFMs become reliably stitchable across vision tasks. (3) For deep stitch positions, the stitched model can significantly surpass either constituent model with a small inference overhead (for the stitch layer). Building on these findings, we further propose the VFM Stitch Tree (VST), which shares early layers across VFMs while retaining their later layers, yielding a controllable accuracy-latency trade-off for multimodal LLMs that often leverage multiple VFMs. Taken together, our study elevates stitching from a diagnostic probe to a practical recipe for integrating complementary VFM strengths and pinpointing where their representations align or diverge.","@InProceedings{Mai_2026_CVPR, author = {Mai, Zheda and Zhang, Ke and Wang, Fu-En and Wang, Zixiao Ken and Chen, Albert Y. C. and Xia, Lu and Sun, Min and Chao, Wei-Lun and Kuo, Cheng-Hao}, title = {Revisiting Model Stitching In the Foundation Model Era}, booktitle = {Proceedings of the IEEE/CVF Conference on Computer Vision and Pattern Recognition (CVPR)}, month = {June}, year = {2026}, pages = {41342-41351} }"
Chen_Intervention-Aware_Multiscale_Representation_Learning_from_Imaging_Phenomics_and_Perturbation_Transcriptomics_CVPR_2026_paper,2026,1,SelfSupervised_Representation,SelfSupervised_Representation|Medical_Bio_RemoteSensing,14.0,0.571,Intervention-Aware Multiscale Representation Learning from Imaging Phenomics and Perturbation Transcriptomics,Jiayuan Chen; Ruoqi Liu; Zishan Gu; Ping Zhang,4,41826-41835,True,https://openaccess.thecvf.com/content/CVPR2026/papers/Chen_Intervention-Aware_Multiscale_Representation_Learning_from_Imaging_Phenomics_and_Perturbation_Transcriptomics_CVPR_2026_paper.pdf,,https://openaccess.thecvf.com/content/CVPR2026/html/Chen_Intervention-Aware_Multiscale_Representation_Learning_from_Imaging_Phenomics_and_Perturbation_Transcriptomics_CVPR_2026_paper.html,"Microscopy-based phenotypic profiling is scalable for drug discovery but lacks the mechanistic depth of transcriptomics, which remains costly and scarce. Existing multimodal approaches either use images to support other modalities or naively align representations by sample identity, ignoring cell-type and dose variations in weakly paired data-limiting generalization to unseen interventions. In this paper, we introduce an intervention-aware distillation framework that leverages perturbational transcriptomics to guide image representation learning. A transcriptome-conditioned teacher integrates gene expression and intervention metadata to produce soft distributions over a chemistry-aware codebook organized by drug similarity. The teacher employs a fine-tuned single-cell foundation model to encode cell-type context and disentangle dose effects. An image-only student learns to predict these distributions from microscopy alone, distilling mechanistic knowledge while operating independently at test time. This design emphasizes intervention semantics rather than identity alignment and explicitly handles dose and cell-type mismatches. We provide theoretical guarantees showing that transcriptomic guidance tightens the risk bound for image-based prediction. On Cell Painting and RxRx datasets paired with L1000, our method significantly improves one-shot transfer to unseen interventions and drug-target gene discovery compared to self-supervised and alignment baselines","@InProceedings{Chen_2026_CVPR, author = {Chen, Jiayuan and Liu, Ruoqi and Gu, Zishan and Zhang, Ping}, title = {Intervention-Aware Multiscale Representation Learning from Imaging Phenomics and Perturbation Transcriptomics}, booktitle = {Proceedings of the IEEE/CVF Conference on Computer Vision and Pattern Recognition (CVPR)}, month = {June}, year = {2026}, pages = {41826-41835} }"
San_Cheng_NeuroSeg_Meets_DINOv3_Transferring_2D_Self-Supervised_Visual_Priors_to_3D_CVPR_2026_paper,2026,1,SelfSupervised_Representation,SelfSupervised_Representation|Segmentation,18.0,0.556,NeuroSeg Meets DINOv3: Transferring 2D Self-Supervised Visual Priors to 3D Neuron Segmentation via DINOv3 Initialization,Yik San Cheng; Runkai Zhao; Weidong Cai,3,30053-30064,True,https://openaccess.thecvf.com/content/CVPR2026/papers/San_Cheng_NeuroSeg_Meets_DINOv3_Transferring_2D_Self-Supervised_Visual_Priors_to_3D_CVPR_2026_paper.pdf,https://openaccess.thecvf.com/content/CVPR2026/supplemental/San_Cheng_NeuroSeg_Meets_DINOv3_CVPR_2026_supplemental.pdf,https://openaccess.thecvf.com/content/CVPR2026/html/San_Cheng_NeuroSeg_Meets_DINOv3_Transferring_2D_Self-Supervised_Visual_Priors_to_3D_CVPR_2026_paper.html,"2D visual foundation models, such as DINOv3, a self-supervised model trained on large-scale natural images, have demonstrated strong zero-shot generalization, capturing rich global context and fine-grained structural cues. However, an analogous 3D foundation model for downstream volumetric neuroimaging remains lacking, largely due to the challenges of 3D image acquisition and the scarcity of high-quality annotations. To address this gap, we propose to adapt the 2D visual representations learned by DINOv3 to a 3D biomedical segmentation model, enabling more data-efficient and morphologically faithful neuronal reconstruction. Specifically, we design an inflation-based adaptation strategy that inflates 2D filters into 3D operators, preserving semantic priors from DINOv3 while adapting to 3D neuronal volume patches. In addition, we introduce a topology-aware skeleton loss to explicitly enforce structural fidelity of graph-based neuronal arbor reconstruction. Extensive experiments on four neuronal imaging datasets, including two from BigNeuron and two public datasets, NeuroFly and CWMBS, demonstrate consistent improvements in reconstruction accuracy over SoTA methods, with average gains of 2.9% in Entire Structure Average, 2.8% in Different Structure Average, and 3.8% in Percentage of Different Structure.","@InProceedings{Cheng_2026_CVPR, author = {Cheng, Yik San and Zhao, Runkai and Cai, Weidong}, title = {NeuroSeg Meets DINOv3: Transferring 2D Self-Supervised Visual Priors to 3D Neuron Segmentation via DINOv3 Initialization}, booktitle = {Proceedings of the IEEE/CVF Conference on Computer Vision and Pattern Recognition (CVPR)}, month = {June}, year = {2026}, pages = {30053-30064} }"
Cuttano_INSID3_Training-Free_In-Context_Segmentation_with_DINOv3_CVPR_2026_paper,2026,0,Segmentation,Segmentation|SelfSupervised_Representation,12.0,0.25,INSID3: Training-Free In-Context Segmentation with DINOv3,Claudia Cuttano; Gabriele Trivigno; Christoph Reich; Daniel Cremers; Carlo Masone; Stefan Roth,6,21638-21648,True,https://openaccess.thecvf.com/content/CVPR2026/papers/Cuttano_INSID3_Training-Free_In-Context_Segmentation_with_DINOv3_CVPR_2026_paper.pdf,https://openaccess.thecvf.com/content/CVPR2026/supplemental/Cuttano_INSID3_Training-Free_In-Context_CVPR_2026_supplemental.pdf,https://openaccess.thecvf.com/content/CVPR2026/html/Cuttano_INSID3_Training-Free_In-Context_Segmentation_with_DINOv3_CVPR_2026_paper.html,"In-context segmentation (ICS) aims to segment arbitrary concepts, e.g., objects, parts, or personalized instances, given one annotated visual examples. Existing work relies on (i) fine-tuning vision foundation models (VFMs), which improves in-domain results but harms generalization, or (ii) combines multiple frozen VFMs, which preserves generalization but yields architectural complexity and fixed segmentation granularities. We revisit ICS from a minimalist perspective and ask: Can a single self-supervised backbone support both semantic matching and segmentation, without any supervision or auxiliary models? We show that scaled-up dense self-supervised features from DINOv3 exhibit strong spatial structure and semantic correspondence. We introduce INSID3, a training-free approach that segments concepts at varying granularities only from frozen DINOv3 features, given an in-context example. INSID3 achieves state-of-the-art results across one-shot semantic, part, and personalized segmentation, outperforming previous work by +7.5 % mIoU, while using 3x fewer parameters and without any mask or category-level supervision.","@InProceedings{Cuttano_2026_CVPR, author = {Cuttano, Claudia and Trivigno, Gabriele and Reich, Christoph and Cremers, Daniel and Masone, Carlo and Roth, Stefan}, title = {INSID3: Training-Free In-Context Segmentation with DINOv3}, booktitle = {Proceedings of the IEEE/CVF Conference on Computer Vision and Pattern Recognition (CVPR)}, month = {June}, year = {2026}, pages = {21638-21648} }"
Li_ArtPro_Self-Supervised_Articulated_Object_Reconstruction_with_Adaptive_Integration_of_Mobility_CVPR_2026_paper,2026,1,SelfSupervised_Representation,SelfSupervised_Representation|Segmentation|Embodied_AI_Robotics,15.0,0.533,ArtPro: Self-Supervised Articulated Object Reconstruction with Adaptive Integration of Mobility Proposals,Xuelu Li; Zhaonan Wang; Xiaogang Wang; Lei Wu; Manyi Li; Changhe Tu,6,13897-13907,True,https://openaccess.thecvf.com/content/CVPR2026/papers/Li_ArtPro_Self-Supervised_Articulated_Object_Reconstruction_with_Adaptive_Integration_of_Mobility_CVPR_2026_paper.pdf,https://openaccess.thecvf.com/content/CVPR2026/supplemental/Li_ArtPro_Self-Supervised_Articulated_CVPR_2026_supplemental.pdf,https://openaccess.thecvf.com/content/CVPR2026/html/Li_ArtPro_Self-Supervised_Articulated_Object_Reconstruction_with_Adaptive_Integration_of_Mobility_CVPR_2026_paper.html,"Reconstructing articulated objects into high-fidelity digital twins is crucial for applications such as robotic manipulation and interactive simulation. Recent self-supervised methods using differentiable rendering frameworks like 3D Gaussian Splatting remain highly sensitive to the initial part segmentation. Their reliance on heuristic clustering or pre-trained models often causes optimization to converge to local minima, especially for complex multi-part objects.To address these limitations, we propose ArtPro, a novel self-supervised framework that introduces adaptive integration of mobility proposals. Our approach begins with an over-segmentation initialization guided by geometry features and motion priors, generating part proposals with plausible motion hypotheses. During optimization, we dynamically merge these proposals by analyzing motion consistency among spatial neighbors, while a collision-aware motion pruning mechanism prevents erroneous kinematic estimation. Extensive experiments on both synthetic and real-world objects demonstrate that ArtPro achieves robust reconstruction of complex multi-part objects, significantly outperforming existing methods in accuracy and stability.","@InProceedings{Li_2026_CVPR, author = {Li, Xuelu and Wang, Zhaonan and Wang, Xiaogang and Wu, Lei and Li, Manyi and Tu, Changhe}, title = {ArtPro: Self-Supervised Articulated Object Reconstruction with Adaptive Integration of Mobility Proposals}, booktitle = {Proceedings of the IEEE/CVF Conference on Computer Vision and Pattern Recognition (CVPR)}, month = {June}, year = {2026}, pages = {13897-13907} }"
Yang_RNN_as_Linear_Transformer_A_Closer_Investigation_into_Representational_Potentials_CVPR_2026_paper,2026,1,SelfSupervised_Representation,SelfSupervised_Representation,8.0,0.75,RNN as Linear Transformer: A Closer Investigation into Representational Potentials of Visual Mamba Models,Timing Yang; Feng Wang; Guoyizhe Wei,3,27398-27408,True,https://openaccess.thecvf.com/content/CVPR2026/papers/Yang_RNN_as_Linear_Transformer_A_Closer_Investigation_into_Representational_Potentials_CVPR_2026_paper.pdf,https://openaccess.thecvf.com/content/CVPR2026/supplemental/Yang_RNN_as_Linear_CVPR_2026_supplemental.pdf,https://openaccess.thecvf.com/content/CVPR2026/html/Yang_RNN_as_Linear_Transformer_A_Closer_Investigation_into_Representational_Potentials_CVPR_2026_paper.html,"Mamba, originally introduced for language modeling, has recently garnered attention as an effective backbone for vision tasks. However, its underlying mechanism in visual domains remains poorly understood. In this work, we systematically investigate Mamba's representational properties and make three primary contributions. First, we theoretically analyze Mamba's relationship to Softmax and Linear Attention, confirming that it can be viewed as a low-rank approximation of Softmax Attention and thereby bridging the representational gap between Softmax and Linear forms. Second, we introduce a novel binary segmentation metric for activation map evaluation, extending qualitative assessments to a quantitative measure that demonstrates Mamba's capacity to model long-range dependencies. Third, by leveraging DINO for self-supervised pretraining, we obtain clearer activation maps than those produced by standard supervised approaches, highlighting Mamba's potential for interpretability. Notably, our model also achieves a 78.5% linear probing accuracy on ImageNet, underscoring its strong performance. We hope this work can provide valuable insights for future investigations of Mamba-based vision architectures.","@InProceedings{Yang_2026_CVPR, author = {Yang, Timing and Wang, Feng and Wei, Guoyizhe}, title = {RNN as Linear Transformer: A Closer Investigation into Representational Potentials of Visual Mamba Models}, booktitle = {Proceedings of the IEEE/CVF Conference on Computer Vision and Pattern Recognition (CVPR)}, month = {June}, year = {2026}, pages = {27398-27408} }"
He_DINO_Eats_CLIP_Adapting_Beyond_Knowns_for_Open-set_3D_Object_CVPR_2026_paper,2026,1,SelfSupervised_Representation,SelfSupervised_Representation|Transfer_FewShot_DomainAdaptation|Vision_Language_Multimodal,24.0,0.333,DINO Eats CLIP: Adapting Beyond Knowns for Open-set 3D Object Retrieval,Xinwei He; Yansong Zheng; Qianru Han; Zhichuan Wang; Yuxuan Cai; Yang Zhou; Jingbo Xia; Yulong Wang; Jinhai Xiang; Xiang Bai,10,34704-34713,True,https://openaccess.thecvf.com/content/CVPR2026/papers/He_DINO_Eats_CLIP_Adapting_Beyond_Knowns_for_Open-set_3D_Object_CVPR_2026_paper.pdf,https://openaccess.thecvf.com/content/CVPR2026/supplemental/He_DINO_Eats_CLIP_CVPR_2026_supplemental.pdf,https://openaccess.thecvf.com/content/CVPR2026/html/He_DINO_Eats_CLIP_Adapting_Beyond_Knowns_for_Open-set_3D_Object_CVPR_2026_paper.html,"Vision foundation models have shown great promise for open-set 3D object retrieval (3DOR) through efficient adaptation to multi-view images. Leveraging semantically aligned latent space, previous work typically adapts the CLIP encoder to build view-based 3D descriptors. Despite CLIP's strong generalization ability, its lack of fine-grainedness prompted us to explore the potential of a more recent self-supervised encoder--DINO. To address this, we propose DINO Eats CLIP (DEC), a novel framework for dynamic multi-view integration that is regularized by synthesizing data for unseen classes. We first find that simply mean-pooling over view features from a frozen DINO backbone gives decent performance. Yet, further adaptation causes severe overfitting on average view patterns of known classes. To combat it, we then design a module named Chunking and Adapting Module (CAM). It segments multi-view images into chunks and dynamically integrates local view relations, yielding more robust features than the standard pooling strategy. Finally, we propose Virtual Feature Synthesis (VFS) module to mitigate bias towards known categories explicitly. Under the hood, VFS leverages CLIP's broad, pre-aligned vision-language space to synthesize virtual features for unseen classes. By exposing DEC to these virtual features, we greatly enhance its open-set discrimination capacity. Extensive experiments on standard open-set 3DOR benchmarks demonstrate its superior efficacy.","@InProceedings{He_2026_CVPR, author = {He, Xinwei and Zheng, Yansong and Han, Qianru and Wang, Zhichuan and Cai, Yuxuan and Zhou, Yang and Xia, Jingbo and Wang, Yulong and Xiang, Jinhai and Bai, Xiang}, title = {DINO Eats CLIP: Adapting Beyond Knowns for Open-set 3D Object Retrieval}, booktitle = {Proceedings of the IEEE/CVF Conference on Computer Vision and Pattern Recognition (CVPR)}, month = {June}, year = {2026}, pages = {34704-34713} }"
Ma_Selective_Regularized_and_Calibrated_Harnessing_Vision_Foundation_Models_for_Cross-Domain_CVPR_2026_paper,2026,0,Segmentation,Segmentation|SelfSupervised_Representation|Transfer_FewShot_DomainAdaptation,19.0,0.158,"Selective, Regularized, and Calibrated: Harnessing Vision Foundation Models for Cross-Domain Few-Shot Semantic Segmentation",Junyuan Ma; Xunzhi Xiang; Wenbin Li; Qi Fan; Yang Gao,5,12385-12395,True,https://openaccess.thecvf.com/content/CVPR2026/papers/Ma_Selective_Regularized_and_Calibrated_Harnessing_Vision_Foundation_Models_for_Cross-Domain_CVPR_2026_paper.pdf,https://openaccess.thecvf.com/content/CVPR2026/supplemental/Ma_Selective_Regularized_and_CVPR_2026_supplemental.pdf,https://openaccess.thecvf.com/content/CVPR2026/html/Ma_Selective_Regularized_and_Calibrated_Harnessing_Vision_Foundation_Models_for_Cross-Domain_CVPR_2026_paper.html,"Vision foundation models (VFMs) have achieved strong performance across various vision tasks. However, it still remains challenging to apply VFMs for cross-domain few-shot segmentation (CD-FSS), which segments objects of novel classes under domain shifts using only a few labeled exemplars. The challenge is mainly driven by two factors: (1) limited labeled exemplars per novel class relative to the scale of VFM pre-training, making the model prone to overfitting during retraining, and (2) target-domain shifts underrepresented during pre-training, inducing cross-domain inconsistency and layerwise sensitivity. To address these issues, we propose Hierarchical Exemplar Representation Adaptation (HERA), a three-stage select-regularize-calibrate VFM-based segmentation framework that learns effectively from limited labels and adapts to novel domains without source-data retraining. We first design Hierarchical Layer Selection (HLS) to adaptively identify the most informative VFM layer using a data-dependent Exemplar Transfer Risk (ETR) computed for each candidate layer. Then, Prior-Guided Regularization (PGR) regularizes interactions on the selected representation, yielding well-structured local signals for the subsequent stage. Furthermore, Pixelwise Adaptive Calibration (PAC) combines the selected representation with the refined interaction maps to calibrate pixelwise predictions, producing consistent masks. Together, these stages form a hierarchical select-regularize-calibrate pipeline that guides frozen VFM features in new domains while fine-tuning less than 2.7% of parameters at test time. Extensive experiments show that HERA surpasses the state-of-the-art by more than 4.1 mIoU across multiple CD-FSS benchmarks.","@InProceedings{Ma_2026_CVPR, author = {Ma, Junyuan and Xiang, Xunzhi and Li, Wenbin and Fan, Qi and Gao, Yang}, title = {Selective, Regularized, and Calibrated: Harnessing Vision Foundation Models for Cross-Domain Few-Shot Semantic Segmentation}, booktitle = {Proceedings of the IEEE/CVF Conference on Computer Vision and Pattern Recognition (CVPR)}, month = {June}, year = {2026}, pages = {12385-12395} }"
Zhou_EEGiT_Teaching_Vision_Transformers_to_Understand_the_EEG_signal_CVPR_2026_paper,2026,1,SelfSupervised_Representation,SelfSupervised_Representation,2.0,0.0,EEGiT: Teaching Vision Transformers to Understand the EEG signal,Jiahao Zhou; Chenghao Xu; Wei Wang; Erkun Yang; Cheng Deng,5,40438-40447,True,https://openaccess.thecvf.com/content/CVPR2026/papers/Zhou_EEGiT_Teaching_Vision_Transformers_to_Understand_the_EEG_signal_CVPR_2026_paper.pdf,https://openaccess.thecvf.com/content/CVPR2026/supplemental/Zhou_EEGiT_Teaching_Vision_CVPR_2026_supplemental.pdf,https://openaccess.thecvf.com/content/CVPR2026/html/Zhou_EEGiT_Teaching_Vision_Transformers_to_Understand_the_EEG_signal_CVPR_2026_paper.html,"Decoding visual stimuli from electroencephalography (EEG) signals is a crucial step toward practical brain-computer interfaces (BCIs). However, this task requires large-scale and high-quality EEG-image paired datasets. Compared with abundant image data, the limited EEG recordings restrict the decoding models' performance. To address this challenge, we propose EEGiT, a framework that converts sequential EEG signals into image-like EEG patches and enables the direct use of a pretrained Vision Transformer (ViT) as the EEG encoder. To preserve the spatial topology of brain regions and minimize distributional differences across channels, we group EEG electrodes according to anatomical structures and apply linear interpolation along the spatial dimension. We then resample the EEG signals to align the structure of EEG patches with that of image patches in ViT. This design encourages effective transfer of visual priors learned from large-scale image datasets to EEG representation learning. Experiments on the THINGS-EEG and EEG-3D datasets show that fine-tuning pretrained ViTs improves EEG-to-image retrieval and EEG-based visual classification, while maintaining robustness and strong cross-subject generalization. These results demonstrate a promising direction for leveraging powerful vision models to mitigate data scarcity in EEG decoding.","@InProceedings{Zhou_2026_CVPR, author = {Zhou, Jiahao and Xu, Chenghao and Wang, Wei and Yang, Erkun and Deng, Cheng}, title = {EEGiT: Teaching Vision Transformers to Understand the EEG signal}, booktitle = {Proceedings of the IEEE/CVF Conference on Computer Vision and Pattern Recognition (CVPR)}, month = {June}, year = {2026}, pages = {40438-40447} }"
Wang_BabyVLM-V2_Toward_Developmentally_Grounded_Pretraining_and_Benchmarking_of_Vision_Foundation_CVPR_2026_paper,2026,1,SelfSupervised_Representation,SelfSupervised_Representation,27.0,0.815,BabyVLM-V2: Toward Developmentally Grounded Pretraining and Benchmarking of Vision Foundation Models,Shengao Wang; Wenqi Wang; Zecheng Wang; Max Whitton; Michael Wakeham; Arjun Chandra; Joey Huang; Pengyue Zhu; Helen Chen; David Li; Jeffrey Li; Shawn Li; Andrew Zagula; Amy Zhao; Andrew Zhu; Sayaka Nakamura; Yuki Yamamoto; Jerry Jun Yokono; Aaron Mueller; Bryan A. Plummer; Kate Saenko; Venkatesh Saligrama; Boqing Gong,23,23696-23708,True,https://openaccess.thecvf.com/content/CVPR2026/papers/Wang_BabyVLM-V2_Toward_Developmentally_Grounded_Pretraining_and_Benchmarking_of_Vision_Foundation_CVPR_2026_paper.pdf,https://openaccess.thecvf.com/content/CVPR2026/supplemental/Wang_BabyVLM-V2_Toward_Developmentally_CVPR_2026_supplemental.pdf,https://openaccess.thecvf.com/content/CVPR2026/html/Wang_BabyVLM-V2_Toward_Developmentally_Grounded_Pretraining_and_Benchmarking_of_Vision_Foundation_CVPR_2026_paper.html,"Early children's developmental trajectories set up a natural goal for sample-efficient pretraining of vision foundation models. We introduce BabyVLM-V2, a developmentally grounded framework for infant-inspired vision-language modeling that extensively improves upon BabyVLM-V1 through a longitudinal, multifaceted pretraining set, a versatile model, and, most importantly, DevCV Toolbox for cognitive evaluation. The pretraining set maximizes coverage while minimizing curation of a longitudinal, infant-centric audiovisual corpus, yielding video-utterance, image-utterance, and multi-turn conversational data that mirror infant experiences. DevCV Toolbox adapts all vision-related measures of the recently released NIH Baby Toolbox into a benchmark suite of ten multimodal tasks, covering spatial reasoning, memory, and vocabulary understanding aligned with early children's capabilities. Experimental results show that a compact model pretrained from scratch can achieve competitive performance on DevCV Toolbox, outperforming GPT-4o on some tasks. We hope the principled, unified BabyVLM-V2 framework will accelerate research in developmentally plausible pretraining of vision foundation models.","@InProceedings{Wang_2026_CVPR, author = {Wang, Shengao and Wang, Wenqi and Wang, Zecheng and Whitton, Max and Wakeham, Michael and Chandra, Arjun and Huang, Joey and Zhu, Pengyue and Chen, Helen and Li, David and Li, Jeffrey and Li, Shawn and Zagula, Andrew and Zhao, Amy and Zhu, Andrew and Nakamura, Sayaka and Yamamoto, Yuki and Yokono, Jerry Jun and Mueller, Aaron and Plummer, Bryan A. and Saenko, Kate and Saligrama, Venkatesh and Gong, Boqing}, title = {BabyVLM-V2: Toward Developmentally Grounded Pretraining and Benchmarking of Vision Foundation Models}, booktitle = {Proceedings of the IEEE/CVF Conference on Computer Vision and Pattern Recognition (CVPR)}, month = {June}, year = {2026}, pages = {23696-23708} }"
Liu_Spatial-SSRL_Enhancing_Spatial_Understanding_via_Self-Supervised_Reinforcement_Learning_CVPR_2026_paper,2026,1,SelfSupervised_Representation,SelfSupervised_Representation|Embodied_AI_Robotics,12.0,0.333,Spatial-SSRL: Enhancing Spatial Understanding via Self-Supervised Reinforcement Learning,Yuhong Liu; Beichen Zhang; Yuhang Zang; Yuhang Cao; Long Xing; Xiaoyi Dong; Haodong Duan; Dahua Lin; Jiaqi Wang,9,9570-9581,True,https://openaccess.thecvf.com/content/CVPR2026/papers/Liu_Spatial-SSRL_Enhancing_Spatial_Understanding_via_Self-Supervised_Reinforcement_Learning_CVPR_2026_paper.pdf,https://openaccess.thecvf.com/content/CVPR2026/supplemental/Liu_Spatial-SSRL_Enhancing_Spatial_CVPR_2026_supplemental.pdf,https://openaccess.thecvf.com/content/CVPR2026/html/Liu_Spatial-SSRL_Enhancing_Spatial_Understanding_via_Self-Supervised_Reinforcement_Learning_CVPR_2026_paper.html,"Spatial understanding remains a weakness of Large Vision-Language Models (LVLMs). Existing supervised fine-tuning (SFT) and recent reinforcement learning with verifiable rewards (RLVR) pipelines depend on costly supervision, specialized tools, or constrained environments that limit scale. We introduce Spatial-SSRL, a self-supervised RL paradigm that derives verifiable signals directly from ordinary RGB or RGB-D images. Spatial-SSRL automatically formulates five pretext tasks that capture 2D and 3D spatial structure: shuffled patch reordering, flipped patch recognition, cropped patch inpainting, regional depth ordering, and relative 3D position prediction. These tasks provide ground-truth answers that are easy to verify and require no human or LVLM annotation. Training on our tasks substantially improves spatial reasoning while preserving general visual capabilities. On seven spatial understanding benchmarks in both image and video settings, Spatial-SSRL delivers average accuracy gains of 4.63% (3B) and 3.89% (7B) over the Qwen2.5-VL baselines. Our results show that simple, intrinsic supervision enables RLVR at scale and provides a practical route to stronger spatial intelligence in LVLMs.","@InProceedings{Liu_2026_CVPR, author = {Liu, Yuhong and Zhang, Beichen and Zang, Yuhang and Cao, Yuhang and Xing, Long and Dong, Xiaoyi and Duan, Haodong and Lin, Dahua and Wang, Jiaqi}, title = {Spatial-SSRL: Enhancing Spatial Understanding via Self-Supervised Reinforcement Learning}, booktitle = {Proceedings of the IEEE/CVF Conference on Computer Vision and Pattern Recognition (CVPR)}, month = {June}, year = {2026}, pages = {9570-9581} }"
Li_Large-scale_Codec_Avatars_The_Unreasonable_Effectiveness_of_Large-scale_Avatar_Pretraining_CVPR_2026_paper,2026,1,SelfSupervised_Representation,SelfSupervised_Representation|Face_Biometrics,11.0,0.182,Large-scale Codec Avatars: The Unreasonable Effectiveness of Large-scale Avatar Pretraining,Junxuan Li; Rawal Khirodkar; Egor Zakharov; Jihyun Lee; Zhaoen Su; Yuan Dong; Julieta Martinez; Kai Li; Qingyang Tan; Takaaki Shiratori; Matthew Hu; Peihong Guo; Xuhua Huang; Zhongshi Jiang; Lingchen Yang; Ariyan Zarei; Marco Pesavento; Yichen Xu; Chengan He; He Wen; Giljoo Nam; Teng Deng; Wyatt Borsos; Anjali Thakrar; Jean-Charles Bazin; Rinat Abdrashitov; Carsten Stoll; Ginés Hidalgo; James Booth; Lucy Wang; Xiaowen Ma; Yu Rong; Sairanjith Thalanki; Chen Cao; Christian Häne; Abhishek Kar; Sofien Bouaziz; Jason Saragih; Yaser Sheikh; Shunsuke Saito,40,18204-18215,True,https://openaccess.thecvf.com/content/CVPR2026/papers/Li_Large-scale_Codec_Avatars_The_Unreasonable_Effectiveness_of_Large-scale_Avatar_Pretraining_CVPR_2026_paper.pdf,https://openaccess.thecvf.com/content/CVPR2026/supplemental/Li_Large-scale_Codec_Avatars_CVPR_2026_supplemental.zip,https://openaccess.thecvf.com/content/CVPR2026/html/Li_Large-scale_Codec_Avatars_The_Unreasonable_Effectiveness_of_Large-scale_Avatar_Pretraining_CVPR_2026_paper.html,"High-quality 3D avatar modeling faces a critical trade-off between fidelity and generalization. On the one hand, multi-view studio data enables high-fidelity modeling of humans with precise control over expressions and poses, but it struggles to generalize to real-world data due to limited scale and the domain gap between the studio environment and the real world. On the other hand, recent large-scale avatar models trained on millions of in-the-wild samples show promise for generalization across a wide range of identities, yet the resulting avatars are often of low-quality due to inherent 3D ambiguities. To address this, we present Large-Scale Codec Avatars (LCA), a high-fidelity, full-body 3D avatar model that generalizes to world-scale populations in a feedforward manner, enabling efficient inference. Inspired by the success of large language models and vision foundation models, we present, for the first time, a pre/post-training paradigm for 3D avatar modeling at scale: we pretrain on 1M in-the-wild videos to learn broad priors over appearance and geometry, then post-train on high-quality curated data to enhance expressivity and fidelity. LCA generalizes across hair styles, clothing, and demographics while providing precise, fine-grained facial expressions and finger-level articulation control, with strong identity preservation. Notably, we observe emergent generalization to relightability and loose garment support to unconstrained inputs, and zero-shot robustness to stylized imagery, despite the absence of direct supervision.","@InProceedings{Li_2026_CVPR, author = {Li, Junxuan and Khirodkar, Rawal and Zakharov, Egor and Lee, Jihyun and Su, Zhaoen and Dong, Yuan and Martinez, Julieta and Li, Kai and Tan, Qingyang and Shiratori, Takaaki and Hu, Matthew and Guo, Peihong and Huang, Xuhua and Jiang, Zhongshi and Yang, Lingchen and Zarei, Ariyan and Pesavento, Marco and Xu, Yichen and He, Chengan and Wen, He and Nam, Giljoo and Deng, Teng and Borsos, Wyatt and Thakrar, Anjali and Bazin, Jean-Charles and Abdrashitov, Rinat and Stoll, Carsten and Hidalgo, Gin\'es and Booth, James and Wang, Lucy and Ma, Xiaowen and Rong, Yu and Thalanki, Sairanjith and Cao, Chen and H\""ane, Christian and Kar, Abhishek and Bouaziz, Sofien and Saragih, Jason and Sheikh, Yaser and Saito, Shunsuke}, title = {Large-scale Codec Avatars: The Unreasonable Effectiveness of Large-scale Avatar Pretraining}, booktitle = {Proceedings of the IEEE/CVF Conference on Computer Vision and Pattern Recognition (CVPR)}, month = {June}, year = {2026}, pages = {18204-18215} }"
Zhao_Exploring_Visual_Pretraining_for_Learning_Language_Intelligence_CVPR_2026_paper,2026,1,SelfSupervised_Representation,SelfSupervised_Representation|LLM_Reasoning_Agent,27.0,0.481,Exploring Visual Pretraining for Learning Language Intelligence,Zhonghan Zhao; Yiming Zhang; Wenwei Zhang; Haiteng Zhao; Xingguang Wei; Zhangwei Gao; Kuikun Liu; Yuzhe Gu; Size Wu; Haian Huang; Jianfei Gao; Haijun Lv; Demin Song; Yunhua Zhou; Qipeng Guo; Gaoang Wang; Kai Chen,17,31493-31503,True,https://openaccess.thecvf.com/content/CVPR2026/papers/Zhao_Exploring_Visual_Pretraining_for_Learning_Language_Intelligence_CVPR_2026_paper.pdf,https://openaccess.thecvf.com/content/CVPR2026/supplemental/Zhao_Exploring_Visual_Pretraining_CVPR_2026_supplemental.pdf,https://openaccess.thecvf.com/content/CVPR2026/html/Zhao_Exploring_Visual_Pretraining_for_Learning_Language_Intelligence_CVPR_2026_paper.html,"While the most fundamental pretraining paradigm typically trains modality-specific models on their respective datasets, the Platonic Representation Hypothesis that representations eventually align across modalities as data and model scale suggests an intriguing possibility: large language models (LLMs) could be pretrained on visual corpora to reach parity with text-pretrained models, thereby expanding data sources to break the text-scaling bottlenecks, and leveraging richer visual cues for more comprehensive corpus understanding. This paper makes the first attempt to demonstrate the feasibility of this implication by introducing Masked Autoregressive Pretraining for Learning language intelligencE (MAPLE), a novel visual pretraining paradigm for LLMs that leverages raw document images to improve language intelligence. MAPLE is universal to integrate masked auto-regressive models with various LLM backbones, where the LLMs are incentivized to generate latent hypotheses for the masked regions based on the unmasked regions. We verify MAPLE in the domain of math reasoning with multiple LLM backbones and show that MAPLE consistently surpasses text-only pretraining relatively by at most 40.2% on average accuracy across four math reasoning benchmarks. Further analyses show that visually pretrained LLMs learn a shared latent space that aligns document visuals with text and exploits layout and structural cues, supporting visual pretraining as a feasible and scalable route to stronger language models.","@InProceedings{Zhao_2026_CVPR, author = {Zhao, Zhonghan and Zhang, Yiming and Zhang, Wenwei and Zhao, Haiteng and Wei, Xingguang and Gao, Zhangwei and Liu, Kuikun and Gu, Yuzhe and Wu, Size and Huang, Haian and Gao, Jianfei and Lv, Haijun and Song, Demin and Zhou, Yunhua and Guo, Qipeng and Wang, Gaoang and Chen, Kai}, title = {Exploring Visual Pretraining for Learning Language Intelligence}, booktitle = {Proceedings of the IEEE/CVF Conference on Computer Vision and Pattern Recognition (CVPR)}, month = {June}, year = {2026}, pages = {31493-31503} }"
Zeng_NeighborMAE_Exploiting_Spatial_Dependencies_between_Neighboring_Earth_Observation_Images_in_CVPR_2026_paper,2026,1,SelfSupervised_Representation,SelfSupervised_Representation,32.0,0.938,NeighborMAE: Exploiting Spatial Dependencies between Neighboring Earth Observation Images in Masked Autoencoders Pretraining,Liang Zeng; Valerio Marsocci; Wufan Zhao; Andrea Nascetti; Maarten Vergauwen,5,20597-20607,True,https://openaccess.thecvf.com/content/CVPR2026/papers/Zeng_NeighborMAE_Exploiting_Spatial_Dependencies_between_Neighboring_Earth_Observation_Images_in_CVPR_2026_paper.pdf,https://openaccess.thecvf.com/content/CVPR2026/supplemental/Zeng_NeighborMAE_Exploiting_Spatial_CVPR_2026_supplemental.pdf,https://openaccess.thecvf.com/content/CVPR2026/html/Zeng_NeighborMAE_Exploiting_Spatial_Dependencies_between_Neighboring_Earth_Observation_Images_in_CVPR_2026_paper.html,"Masked Image Modeling has been one of the most popular self-supervised learning paradigms to learn representations from large-scale, unlabeled Earth Observation images. While incorporating multi-modal and multi-temporal Earth Observation data into Masked Image Modeling has been widely explored, the spatial dependencies between images captured from neighboring areas remains largely overlooked. Since the Earth's surface is continuous, neighboring images are highly related and offer rich contextual information for self-supervised learning. To close this gap, we propose NeighborMAE, which learns spatial dependencies by joint reconstruction of neighboring Earth Observation images. To ensure that the reconstruction remains challenging, we leverage a heuristic strategy to dynamically adjust the mask ratio and the pixel-level loss weight. Experimental results across various pretraining datasets and downstream tasks show that NeighborMAE significantly outperforms existing baselines, underscoring the value of neighboring images in Masked Image Modeling for Earth Observation and the efficacy of our designs. Our code is available on https://github.com/LeungTsang/NeighborMAE.","@InProceedings{Zeng_2026_CVPR, author = {Zeng, Liang and Marsocci, Valerio and Zhao, Wufan and Nascetti, Andrea and Vergauwen, Maarten}, title = {NeighborMAE: Exploiting Spatial Dependencies between Neighboring Earth Observation Images in Masked Autoencoders Pretraining}, booktitle = {Proceedings of the IEEE/CVF Conference on Computer Vision and Pattern Recognition (CVPR)}, month = {June}, year = {2026}, pages = {20597-20607} }"
Nordstrom_MuM_Multi-View_Masked_Image_Modeling_for_3D_Vision_CVPR_2026_paper,2026,1,SelfSupervised_Representation,SelfSupervised_Representation,12.0,0.75,MuM: Multi-View Masked Image Modeling for 3D Vision,David Nordström; Johan Edstedt; Fredrik Kahl; Georg Bökman,4,21736-21747,True,https://openaccess.thecvf.com/content/CVPR2026/papers/Nordstrom_MuM_Multi-View_Masked_Image_Modeling_for_3D_Vision_CVPR_2026_paper.pdf,https://openaccess.thecvf.com/content/CVPR2026/supplemental/Nordstrom_MuM_Multi-View_Masked_CVPR_2026_supplemental.pdf,https://openaccess.thecvf.com/content/CVPR2026/html/Nordstrom_MuM_Multi-View_Masked_Image_Modeling_for_3D_Vision_CVPR_2026_paper.html,"Self-supervised learning on images seeks to extract meaningful visual representations from unlabeled data. When scaled to large datasets, this paradigm has achieved state-of-the-art performance and the resulting trained models such as DINOv3 have seen widespread adoption. However, most prior efforts are optimized for semantic understanding rather than geometric reasoning. One important exception is Cross-View Completion, CroCo, which is a form of masked autoencoding (MAE) tailored for 3D understanding. In this work, we continue on the path proposed by CroCo and focus on learning features tailored for 3D vision. In a nutshell, we extend MAE to arbitrarily many views of the same scene. By uniformly masking all views and employing a lightweight decoder with inter-frame attention, our approach is inherently simpler and more scalable than CroCo. We evaluate the resulting model, MuM, extensively on downstream tasks including feedforward reconstruction, dense image matching and relative pose estimation, finding that it outperforms the state-of-the-art visual encoders DINOv3 and CroCo v2.","@InProceedings{Nordstrom_2026_CVPR, author = {Nordstr\""om, David and Edstedt, Johan and Kahl, Fredrik and B\""okman, Georg}, title = {MuM: Multi-View Masked Image Modeling for 3D Vision}, booktitle = {Proceedings of the IEEE/CVF Conference on Computer Vision and Pattern Recognition (CVPR)}, month = {June}, year = {2026}, pages = {21736-21747} }"
Hanna_GeoSANE_Learning_Geospatial_Representations_from_Models_Not_Data_CVPR_2026_paper,2026,1,SelfSupervised_Representation,SelfSupervised_Representation|Efficiency_Compression|Medical_Bio_RemoteSensing,11.0,0.364,"GeoSANE: Learning Geospatial Representations from Models, Not Data",Joëlle Hanna; Damian Falk; Stella X. Yu; Damian Borth,4,27804-27814,True,https://openaccess.thecvf.com/content/CVPR2026/papers/Hanna_GeoSANE_Learning_Geospatial_Representations_from_Models_Not_Data_CVPR_2026_paper.pdf,https://openaccess.thecvf.com/content/CVPR2026/supplemental/Hanna_GeoSANE_Learning_Geospatial_CVPR_2026_supplemental.pdf,https://openaccess.thecvf.com/content/CVPR2026/html/Hanna_GeoSANE_Learning_Geospatial_Representations_from_Models_Not_Data_CVPR_2026_paper.html,"Recent advances in remote sensing have led to an increase in the number of available foundation models; each trained on different modalities, datasets, and objectives, yet capturing only part of the vast geospatial knowledge landscape. While these models show strong results within their respective domains, their capabilities remain complementary rather than unified. Therefore, instead of choosing one model over another, we aim to combine their strengths into a single shared representation.We introduce GeoSANE, a geospatial model foundry that learns a unified neural representation from the weights of existing foundation models and task-specific models, able to generate novel neural networks weights on-demand. Given a target architecture, GeoSANE generates weights ready for finetuning for classification, segmentation, and detection tasks across multiple modalities.Models generated by GeoSANE consistently outperform their counterparts trained from scratch, match or surpass state-of-the-art remote sensing foundation models, and outperform models obtained through pruning or knowledge distillation when generating lightweight networks. Evaluations across ten diverse datasets and on GEO-Bench confirm its strong generalization capabilities.By shifting from pre-training to weight generation, GeoSANE introduces a new framework for unifying and transferring geospatial knowledge across models and tasks. Code is available at \href https://hsg-aiml.github.io/GeoSANE/ hsg-aiml.github.io/GeoSANE/ .","@InProceedings{Hanna_2026_CVPR, author = {Hanna, Jo\""elle and Falk, Damian and Yu, Stella X. and Borth, Damian}, title = {GeoSANE: Learning Geospatial Representations from Models, Not Data}, booktitle = {Proceedings of the IEEE/CVF Conference on Computer Vision and Pattern Recognition (CVPR)}, month = {June}, year = {2026}, pages = {27804-27814} }"
Wolf_Brewing_Stronger_Features_Dual-Teacher_Distillation_for_Multispectral_Earth_Observation_CVPR_2026_paper,2026,1,SelfSupervised_Representation,SelfSupervised_Representation,20.0,0.75,Brewing Stronger Features: Dual-Teacher Distillation for Multispectral Earth Observation,Filip Wolf; Blaž Rolih; Luka Čehovin Zajc,3,27815-27826,True,https://openaccess.thecvf.com/content/CVPR2026/papers/Wolf_Brewing_Stronger_Features_Dual-Teacher_Distillation_for_Multispectral_Earth_Observation_CVPR_2026_paper.pdf,https://openaccess.thecvf.com/content/CVPR2026/supplemental/Wolf_Brewing_Stronger_Features_CVPR_2026_supplemental.pdf,https://openaccess.thecvf.com/content/CVPR2026/html/Wolf_Brewing_Stronger_Features_Dual-Teacher_Distillation_for_Multispectral_Earth_Observation_CVPR_2026_paper.html,"Foundation models are transforming Earth Observation (EO), yet the diversity of EO sensors and modalities makes a single universal model unrealistic. Multiple specialized EO foundation models (EOFMs) will likely coexist, making efficient knowledge transfer across modalities essential. Most existing EO pretraining relies on masked image modeling, which emphasizes local reconstruction but provides limited control over global semantic structure. To address this, we propose a dual-teacher contrastive distillation framework for multispectral imagery that aligns the student's pretraining objective with the contrastive self-distillation paradigm of modern optical vision foundation models (VFMs). Our approach combines a multispectral teacher with an optical VFM teacher, enabling coherent cross-modal representation learning. Experiments across diverse optical and multispectral benchmarks show that our model adapts to multispectral data without compromising performance on optical-only inputs, achieving state-of-the-art results in both settings, with average improvements of 3.64 percentage points in semantic segmentation, 1.2 in change detection, and 1.31 in classification. This demonstrates that contrastive distillation provides a principled and efficient approach to scalable representation learning across heterogeneous EO data sources.","@InProceedings{Wolf_2026_CVPR, author = {Wolf, Filip and Rolih, Bla\v{z} and Zajc, Luka \v{C}ehovin}, title = {Brewing Stronger Features: Dual-Teacher Distillation for Multispectral Earth Observation}, booktitle = {Proceedings of the IEEE/CVF Conference on Computer Vision and Pattern Recognition (CVPR)}, month = {June}, year = {2026}, pages = {27815-27826} }"
Che_A_Stitch_in_Time_Learning_Procedural_Workflow_via_Self-Supervised_Plackett-Luce_CVPR_2026_paper,2026,1,SelfSupervised_Representation,SelfSupervised_Representation|Video_Action_Recognition,17.0,0.588,A Stitch in Time: Learning Procedural Workflow via Self-Supervised Plackett-Luce Ranking,Chengan Che; Chao Wang; Xinyue Chen; Sophia Tsoka; Luis C. Garcia-Peraza-Herrera,5,17000-17010,True,https://openaccess.thecvf.com/content/CVPR2026/papers/Che_A_Stitch_in_Time_Learning_Procedural_Workflow_via_Self-Supervised_Plackett-Luce_CVPR_2026_paper.pdf,https://openaccess.thecvf.com/content/CVPR2026/supplemental/Che_A_Stitch_in_CVPR_2026_supplemental.pdf,https://openaccess.thecvf.com/content/CVPR2026/html/Che_A_Stitch_in_Time_Learning_Procedural_Workflow_via_Self-Supervised_Plackett-Luce_CVPR_2026_paper.html,"Procedural activities, ranging from routine cooking to complex surgical operations, are highly structured sequences of actions performed in a specific temporal order. Despite the success of current self-supervised learning (SSL) methods on static images and short clips, these models often overlook the underlying sequential structure of such activities. We expose this lack of procedural awareness with a motivating experiment: models pretrained on forward and time-reversed sequences produce highly similar features, confirming that their representations are blind to the underlying procedural order. To address this shortcoming, we propose PL-Stitch, a self-supervised framework that harnesses the inherent temporal order of video frames as a powerful supervisory signal. Our approach integrates two novel probabilistic objectives based on the Plackett-Luce (PL) model. The primary PL objective trains the model to sort sampled frames chronologically, compelling it to learn the global workflow progression. The secondary objective, a spatio-temporal jigsaw loss, complements the learning by capturing fine-grained, cross-frame object correspondences. Our approach consistently achieves superior performance across five surgical and cooking benchmarks. Specifically, PL-Stitch yields significant gains in surgical phase recognition (e.g., +11.4 pp in k-NN accuracy on Cholec80) and cooking action segmentation (e.g., +5.7 pp in linear probing accuracy on Breakfast), demonstrating its effectiveness for procedural video representation learning. Code and models are available at https://github.com/visurg-ai/PL-Stitch.","@InProceedings{Che_2026_CVPR, author = {Che, Chengan and Wang, Chao and Chen, Xinyue and Tsoka, Sophia and Garcia-Peraza-Herrera, Luis C.}, title = {A Stitch in Time: Learning Procedural Workflow via Self-Supervised Plackett-Luce Ranking}, booktitle = {Proceedings of the IEEE/CVF Conference on Computer Vision and Pattern Recognition (CVPR)}, month = {June}, year = {2026}, pages = {17000-17010} }"
Letellier_Foundry_Distilling_3D_Foundation_Models_for_the_Edge_CVPR_2026_paper,2026,1,SelfSupervised_Representation,SelfSupervised_Representation,21.0,0.619,Foundry: Distilling 3D Foundation Models for the Edge,Guillaume Letellier; Siddharth Srivastava; Frederic Jurie; Gaurav Sharma,4,17194-17203,True,https://openaccess.thecvf.com/content/CVPR2026/papers/Letellier_Foundry_Distilling_3D_Foundation_Models_for_the_Edge_CVPR_2026_paper.pdf,https://openaccess.thecvf.com/content/CVPR2026/supplemental/Letellier_Foundry_Distilling_3D_CVPR_2026_supplemental.pdf,https://openaccess.thecvf.com/content/CVPR2026/html/Letellier_Foundry_Distilling_3D_Foundation_Models_for_the_Edge_CVPR_2026_paper.html,"Foundation models pre-trained with self-supervised learning (SSL) on large-scale datasets have become powerful general-purpose feature extractors. However, their immense size and computational cost make them prohibitive for deployment on edge devices such as robots and AR/VR headsets. Existing compression techniques like standard knowledge distillation create efficient `specialist' models but sacrifice the crucial, downstream-agnostic generality that makes foundation models so valuable.In this paper, we introduce Foundation Model Distillation (FMD), a new paradigm for compressing large SSL models into compact, efficient, and faithful proxies that retain their general-purpose representational power. We present Foundry, the first implementation of FMD for 3D point clouds. Our approach, Foundry, trains a student to learn a compressed set of SuperTokens that reconstruct the teacher's token-level representations, capturing a compact basis of its latent space. A single distilled model maintains strong transferability across diverse downstream tasks--classification, part segmentation, and few-shot scenarios--approaching full foundation-model performance while using significantly fewer tokens and FLOPs, making such models more practical for deployment on resource-constrained hardware.","@InProceedings{Letellier_2026_CVPR, author = {Letellier, Guillaume and Srivastava, Siddharth and Jurie, Frederic and Sharma, Gaurav}, title = {Foundry: Distilling 3D Foundation Models for the Edge}, booktitle = {Proceedings of the IEEE/CVF Conference on Computer Vision and Pattern Recognition (CVPR)}, month = {June}, year = {2026}, pages = {17194-17203} }"
Kong_Generalized_and_Personalized_Federated_Learning_with_Black-Box_Foundation_Models_via_CVPR_2026_paper,2026,0,Trustworthy_Security_Privacy,Trustworthy_Security_Privacy|SelfSupervised_Representation|Diffusion_Generative,20.0,0.4,Generalized and Personalized Federated Learning with Black-Box Foundation Models via Orthogonal Transformations,Eun Gyung Kong; Jewon Yeom; Yonghoon Jeon; Taesup Kim,4,24567-24576,True,https://openaccess.thecvf.com/content/CVPR2026/papers/Kong_Generalized_and_Personalized_Federated_Learning_with_Black-Box_Foundation_Models_via_CVPR_2026_paper.pdf,https://openaccess.thecvf.com/content/CVPR2026/supplemental/Kong_Generalized_and_Personalized_CVPR_2026_supplemental.pdf,https://openaccess.thecvf.com/content/CVPR2026/html/Kong_Generalized_and_Personalized_Federated_Learning_with_Black-Box_Foundation_Models_via_CVPR_2026_paper.html,"Federated Learning (FL) facilitates decentralized model training while preserving data privacy. However, achieving both robust generalization and effective personalization simultaneously in heterogeneous (non-IID) environments remains a formidable challenge. Furthermore, the widespread adoption of proprietary Foundation Models (FMs) introduces a critical requirement for dual privacy: (a) protecting sensitive client data and (b) securing the server's valuable intellectual property. This mandates strictly black-box access to the FM. To address these multifaceted challenges, we introduce FedOT, a novel FL framework optimized for black-box FMs. FedOT employs a shared global task-dependent classifier while facilitating local adaptation through client-specific orthogonal transformations applied externally to the FM embeddings. This architecture inherently guarantees that the FM's internal parameters remain inaccessible and unmodified. By enforcing orthogonality, FedOT effectively mitigates gradient conflicts across diverse clients, which is theoretically bounded, preserves the semantic integrity of the FM representations, and achieves robust performance under significant data heterogeneity. The synergy of global and local parameters optimally balances generalization and personalization, markedly outperforming baseline FL methods across diverse benchmarks. Extensive empirical analysis, including rigorous multi-seed validation and scalability assessments, substantiates the robustness, efficiency, and superior performance of FedOT.","@InProceedings{Kong_2026_CVPR, author = {Kong, Eun Gyung and Yeom, Jewon and Jeon, Yonghoon and Kim, Taesup}, title = {Generalized and Personalized Federated Learning with Black-Box Foundation Models via Orthogonal Transformations}, booktitle = {Proceedings of the IEEE/CVF Conference on Computer Vision and Pattern Recognition (CVPR)}, month = {June}, year = {2026}, pages = {24567-24576} }"
Meng_TopoCL_Topological_Contrastive_Learning_for_Medical_Imaging_CVPR_2026_paper,2026,1,SelfSupervised_Representation,SelfSupervised_Representation|Medical_Bio_RemoteSensing,24.0,0.25,TopoCL: Topological Contrastive Learning for Medical Imaging,Guangyu Meng; Pengfei Gu; Peixian Liang; John P. Lalor; Erin Wolf Chambers; Danny Z. Chen,6,42681-42690,True,https://openaccess.thecvf.com/content/CVPR2026/papers/Meng_TopoCL_Topological_Contrastive_Learning_for_Medical_Imaging_CVPR_2026_paper.pdf,https://openaccess.thecvf.com/content/CVPR2026/supplemental/Meng_TopoCL_Topological_Contrastive_CVPR_2026_supplemental.pdf,https://openaccess.thecvf.com/content/CVPR2026/html/Meng_TopoCL_Topological_Contrastive_Learning_for_Medical_Imaging_CVPR_2026_paper.html,"Contrastive learning (CL) has become a powerful approach for learning representations from unlabeled images. However, existing CL methods focus predominantly on visual appearance features while neglecting topological characteristics (e.g., connectivity patterns, boundary configurations, cavity formations) that provide valuable cues for medical image analysis. To address this limitation, we propose a new topological CL framework (TopoCL) that explicitly exploits topological structures during contrastive learning for medical imaging. Specifically, we first introduce topology-aware augmentations that control topological perturbations using a relative bottleneck distance between persistence diagrams, preserving medically relevant topological properties while enabling controlled structural variations. We then design a Hierarchical Topology Encoder that captures topological features through self-attention and cross-attention mechanisms. Finally, we develop an adaptive mixture-of-experts (MoE) module to dynamically integrate visual and topological representations. TopoCL can be seamlessly integrated with existing CL methods. We evaluate TopoCL on five representative CL methods (SimCLR, MoCo-v3, BYOL, DINO, and Barlow Twins) and five diverse medical image classification datasets. The experimental results show that TopoCL achieves consistent improvements: an average gain of 3.26% in linear probe classification accuracy with strong statistical significance, verifying its effectiveness.","@InProceedings{Meng_2026_CVPR, author = {Meng, Guangyu and Gu, Pengfei and Liang, Peixian and Lalor, John P. and Chambers, Erin Wolf and Chen, Danny Z.}, title = {TopoCL: Topological Contrastive Learning for Medical Imaging}, booktitle = {Proceedings of the IEEE/CVF Conference on Computer Vision and Pattern Recognition (CVPR)}, month = {June}, year = {2026}, pages = {42681-42690} }"
Zhang_TRivia_Self-supervised_Fine-tuning_of_Vision-Language_Models_for_Table_Recognition_CVPR_2026_paper,2026,0,Vision_Language_Multimodal,Vision_Language_Multimodal|Document_OCR_Graphics|SelfSupervised_Representation,21.0,0.286,TRivia: Self-supervised Fine-tuning of Vision-Language Models for Table Recognition,Junyuan Zhang; Bin Wang; Qintong Zhang; Fan Wu; Zichen Wen; Jialin Lu; Junjie Shan; Ziqi Zhao; Shuya Yang; Ziling Wang; Ziyang Miao; Huaping Zhong; Yuhang Zang; Xiaoyi Dong; Ka-Ho Chow; Conghui He,16,33196-33206,True,https://openaccess.thecvf.com/content/CVPR2026/papers/Zhang_TRivia_Self-supervised_Fine-tuning_of_Vision-Language_Models_for_Table_Recognition_CVPR_2026_paper.pdf,https://openaccess.thecvf.com/content/CVPR2026/supplemental/Zhang_TRivia_Self-supervised_Fine-tuning_CVPR_2026_supplemental.pdf,https://openaccess.thecvf.com/content/CVPR2026/html/Zhang_TRivia_Self-supervised_Fine-tuning_of_Vision-Language_Models_for_Table_Recognition_CVPR_2026_paper.html,"Table recognition (TR) aims to transform table images into semi-structured representations such as HTML or Markdown.As a core component of document parsing, TR has long relied on supervised learning, with recent efforts dominated by fine-tuning vision-language models (VLMs) using labeled data.While VLMs have brought TR to the next level, pushing performance further demands large-scale labeled data that is costly to obtain.Consequently, although proprietary models have continuously pushed the performance boundary, open-source models, often trained with limited resources and, in practice, the only viable option for many due to privacy regulations, still lag far behind.To bridge this gap, we introduce TRivia, a self-supervised fine-tuning method that enables pretrained VLMs to learn TR directly from unlabeled table images in the wild. Built upon Group Relative Policy Optimization, TRivia automatically identifies unlabeled samples that most effectively facilitate learning and eliminates the need for human annotations through a question-answering-based reward mechanism. An attention-guided module generates diverse questions for each table image, and the ability to interpret the recognition results and answer them correctly provides feedback to optimize the TR model.This closed-loop process allows the TR model to autonomously learn to recognize, structure, and reason over tables without labeled data. Leveraging this pipeline, we present TRivia-3B, an open-sourced, compact, and state-of-the-art TR model that surpasses existing systems (e.g., Gemini 2.5 Pro, MinerU2.5) on three popular benchmarks.","@InProceedings{Zhang_2026_CVPR, author = {Zhang, Junyuan and Wang, Bin and Zhang, Qintong and Wu, Fan and Wen, Zichen and Lu, Jialin and Shan, Junjie and Zhao, Ziqi and Yang, Shuya and Wang, Ziling and Miao, Ziyang and Zhong, Huaping and Zang, Yuhang and Dong, Xiaoyi and Chow, Ka-Ho and He, Conghui}, title = {TRivia: Self-supervised Fine-tuning of Vision-Language Models for Table Recognition}, booktitle = {Proceedings of the IEEE/CVF Conference on Computer Vision and Pattern Recognition (CVPR)}, month = {June}, year = {2026}, pages = {33196-33206} }"
Zhang_TALO_Pushing_3D_Vision_Foundation_Models_Towards_Globally_Consistent_Online_CVPR_2026_paper,2026,1,SelfSupervised_Representation,SelfSupervised_Representation,15.0,0.733,TALO: Pushing 3D Vision Foundation Models Towards Globally Consistent Online Reconstruction,Fengyi Zhang; Tianjun Zhang; Kasra Khosoussi; Zheng Zhang; Zi Huang; Yadan Luo,6,21870-21879,True,https://openaccess.thecvf.com/content/CVPR2026/papers/Zhang_TALO_Pushing_3D_Vision_Foundation_Models_Towards_Globally_Consistent_Online_CVPR_2026_paper.pdf,https://openaccess.thecvf.com/content/CVPR2026/supplemental/Zhang_TALO_Pushing_3D_CVPR_2026_supplemental.pdf,https://openaccess.thecvf.com/content/CVPR2026/html/Zhang_TALO_Pushing_3D_Vision_Foundation_Models_Towards_Globally_Consistent_Online_CVPR_2026_paper.html,"3D vision foundation models have shown strong generalization in reconstructing key 3D attributes from uncalibrated images through a single feed-forward pass. However, when deployed in online settings such as driving scenarios, predictions are made over temporal windows, making it non-trivial to maintain consistency across time. Recent strategies align consecutive predictions by solving global transformation, yet our analysis reveals their fundamental limitations in assumption validity, local alignment scope, and robustness under noisy geometry. In this work, we propose a higher-DOF and long-term alignment framework based on Thin Plate Spline, leveraging globally propagated control points to correct spatially varying inconsistencies. In addition, we adopt a point-agnostic submap registration design that is inherently robust to noisy geometry predictions. The proposed framework is fully plug-and-play, compatible with diverse 3D foundation models and camera configurations (e.g., monocular or surround-view). Extensive experiments demonstrate that our method consistently yields more coherent geometry and lower trajectory errors across multiple datasets, backbone models, and camera setups, highlighting its robustness and generality. Code is available at https://github.com/Xian-Bei/TALO.","@InProceedings{Zhang_2026_CVPR, author = {Zhang, Fengyi and Zhang, Tianjun and Khosoussi, Kasra and Zhang, Zheng and Huang, Zi and Luo, Yadan}, title = {TALO: Pushing 3D Vision Foundation Models Towards Globally Consistent Online Reconstruction}, booktitle = {Proceedings of the IEEE/CVF Conference on Computer Vision and Pattern Recognition (CVPR)}, month = {June}, year = {2026}, pages = {21870-21879} }"
Zhao_E-RayZer_Self-supervised_3D_Reconstruction_as_Spatial_Visual_Pre-training_CVPR_2026_paper,2026,1,SelfSupervised_Representation,SelfSupervised_Representation,48.0,0.75,E-RayZer: Self-supervised 3D Reconstruction as Spatial Visual Pre-training,Qitao Zhao; Hao Tan; Qianqian Wang; Sai Bi; Kai Zhang; Kalyan Sunkavalli; Shubham Tulsiani; Hanwen Jiang,8,7525-7535,True,https://openaccess.thecvf.com/content/CVPR2026/papers/Zhao_E-RayZer_Self-supervised_3D_Reconstruction_as_Spatial_Visual_Pre-training_CVPR_2026_paper.pdf,https://openaccess.thecvf.com/content/CVPR2026/supplemental/Zhao_E-RayZer_Self-supervised_3D_CVPR_2026_supplemental.pdf,https://openaccess.thecvf.com/content/CVPR2026/html/Zhao_E-RayZer_Self-supervised_3D_Reconstruction_as_Spatial_Visual_Pre-training_CVPR_2026_paper.html,"Self-supervised pre-training has driven rapid progress in foundation models for language, 2D images, and video, yet remains largely unexplored for learning 3D-aware representations from multi-view images. In this paper, we present E-RayZer, a self-supervised 3D vision model that learns geometrically grounded representations directly from unlabeled images. Unlike prior self-supervised methods such as RayZer, which infer 3D indirectly through latent-space view synthesis, E-RayZer operates directly in 3D space, performing self-supervised 3D reconstruction with Explicit geometry. This formulation eliminates shortcut solutions and yields representations that are 3D-aware. To ensure convergence and scalability, we introduce a fine-grained learning curriculum that organizes training from easy to hard samples and harmonizes heterogeneous data sources without any supervision. Experiments show that E-RayZer significantly outperforms RayZer on pose estimation and matches or sometimes surpasses fully supervised reconstruction models such as VGGT. Furthermore, its learned representations outperform leading visual pre-training models (e.g., DINOv3, CroCo v2, VideoMAE V2, and RayZer) on 3D downstream tasks, establishing E-RayZer as a promising paradigm for spatial visual pre-training.","@InProceedings{Zhao_2026_CVPR, author = {Zhao, Qitao and Tan, Hao and Wang, Qianqian and Bi, Sai and Zhang, Kai and Sunkavalli, Kalyan and Tulsiani, Shubham and Jiang, Hanwen}, title = {E-RayZer: Self-supervised 3D Reconstruction as Spatial Visual Pre-training}, booktitle = {Proceedings of the IEEE/CVF Conference on Computer Vision and Pattern Recognition (CVPR)}, month = {June}, year = {2026}, pages = {7525-7535} }"
Yang_SoccerMaster_A_Vision_Foundation_Model_for_Soccer_Understanding_CVPR_2026_paper,2026,1,SelfSupervised_Representation,SelfSupervised_Representation,14.0,0.786,SoccerMaster: A Vision Foundation Model for Soccer Understanding,Haolin Yang; Jiayuan Rao; Haoning Wu; Weidi Xie,4,21549-21560,True,https://openaccess.thecvf.com/content/CVPR2026/papers/Yang_SoccerMaster_A_Vision_Foundation_Model_for_Soccer_Understanding_CVPR_2026_paper.pdf,https://openaccess.thecvf.com/content/CVPR2026/supplemental/Yang_SoccerMaster_A_Vision_CVPR_2026_supplemental.pdf,https://openaccess.thecvf.com/content/CVPR2026/html/Yang_SoccerMaster_A_Vision_Foundation_Model_for_Soccer_Understanding_CVPR_2026_paper.html,"Soccer understanding has recently garnered growing research interest due to its domain-specific complexity and unique challenges.However, prior works typically rely on task-specific expert models, which are resource-intensive and hinder a holistic view of the game.This paper aims to propose a unified framework that enables a single model to handle diverse soccer visual understanding tasks, spanning both fine-grained perception (e.g., athlete detection) and semantic reasoning (e.g., event classification).Concretely, we make the following contributions in this paper:(i) we present **SoccerMaster**, the first soccer-specific vision foundation model that unifies comprehensive understanding tasks within a single framework via **supervised multi-task pretraining**;(ii) we consolidate multiple existing soccer video datasets and develop an automated data curation pipeline, termed as **SoccerFactory**, to produce scalable multi-task training annotations;and (iii) we conduct extensive experiments demonstrating that SoccerMaster consistently outperforms task-specific expert models across diverse downstream tasks, underscoring its breadth and superiority.The data, code, and model will be publicly available to the research community.","@InProceedings{Yang_2026_CVPR, author = {Yang, Haolin and Rao, Jiayuan and Wu, Haoning and Xie, Weidi}, title = {SoccerMaster: A Vision Foundation Model for Soccer Understanding}, booktitle = {Proceedings of the IEEE/CVF Conference on Computer Vision and Pattern Recognition (CVPR)}, month = {June}, year = {2026}, pages = {21549-21560} }"
Strong_Learning_to_Drive_is_a_Free_Gift_Large-Scale_Label-Free_Autonomy_CVPR_2026_paper,2026,0,Autonomous_Driving,Autonomous_Driving|SelfSupervised_Representation,21.0,0.429,Learning to Drive is a Free Gift: Large-Scale Label-Free Autonomy Pretraining from Unposed In-The-Wild Videos,Matthew Strong; Wei-Jer Chang; Quentin Herau; Jiezhi Yang; Yihan Hu; Chensheng Peng; Wei Zhan,7,32144-32153,True,https://openaccess.thecvf.com/content/CVPR2026/papers/Strong_Learning_to_Drive_is_a_Free_Gift_Large-Scale_Label-Free_Autonomy_CVPR_2026_paper.pdf,https://openaccess.thecvf.com/content/CVPR2026/supplemental/Strong_Learning_to_Drive_CVPR_2026_supplemental.pdf,https://openaccess.thecvf.com/content/CVPR2026/html/Strong_Learning_to_Drive_is_a_Free_Gift_Large-Scale_Label-Free_Autonomy_CVPR_2026_paper.html,"Ego-centric driving videos available online provide an abundant source of visual data for autonomous driving, yet their lack of annotations makes it difficult to learn representations that capture both semantic structure and 3D geometry. Recent advances in large feedforward spatial models demonstrate that point maps and ego-motion can be inferred in a single forward pass, suggesting a promising direction for scalable driving perception. We therefore propose a label-free, teacher-guided framework for learning autonomous driving representations directly from unposed videos. Unlike prior self-supervised approaches that focus primarily on frame-to-frame consistency, we posit that safe and reactive driving depends critically on temporal context. To this end, we leverage a feedforward architecture equipped with a lightweight autoregressive module, trained using multi-modal supervisory signals that guide the model to jointly predict current and future point maps, camera poses, semantic layouts, and motion masks. Multi-modal teachers provide sequence-level pseudo-supervision, enabling LFG to learn a unified pseudo-4D representation from raw YouTube videos without poses, labels, or LiDAR. The resulting encoder not only transfers effectively to downstream autonomous driving planning on the NAVSIM benchmark, surpassing multi-camera and LiDAR baselines with only a single monocular camera, but also yields strong performance when evaluated on a range of semantic, geometric, and motion prediction tasks. These geometry- and motion-aware features position LFG as a compelling video-centric foundation model for autonomous driving.","@InProceedings{Strong_2026_CVPR, author = {Strong, Matthew and Chang, Wei-Jer and Herau, Quentin and Yang, Jiezhi and Hu, Yihan and Peng, Chensheng and Zhan, Wei}, title = {Learning to Drive is a Free Gift: Large-Scale Label-Free Autonomy Pretraining from Unposed In-The-Wild Videos}, booktitle = {Proceedings of the IEEE/CVF Conference on Computer Vision and Pattern Recognition (CVPR)}, month = {June}, year = {2026}, pages = {32144-32153} }"
Fu_PET-DINO_Unifying_Visual_Cues_into_Grounding_DINO_with_Prompt-Enriched_Training_CVPR_2026_paper,2026,1,SelfSupervised_Representation,SelfSupervised_Representation|Object_Detection|LLM_Reasoning_Agent,27.0,0.444,PET-DINO: Unifying Visual Cues into Grounding DINO with Prompt-Enriched Training,Weifu Fu; Jinyang Li; Bin-Bin Gao; Jialin Li; Yuhuan Lin; Hanqiu Deng; Wenbing Tao; Yong Liu; Chengjie Wang,9,13039-13048,True,https://openaccess.thecvf.com/content/CVPR2026/papers/Fu_PET-DINO_Unifying_Visual_Cues_into_Grounding_DINO_with_Prompt-Enriched_Training_CVPR_2026_paper.pdf,https://openaccess.thecvf.com/content/CVPR2026/supplemental/Fu_PET-DINO_Unifying_Visual_CVPR_2026_supplemental.pdf,https://openaccess.thecvf.com/content/CVPR2026/html/Fu_PET-DINO_Unifying_Visual_Cues_into_Grounding_DINO_with_Prompt-Enriched_Training_CVPR_2026_paper.html,"Open-Set Object Detection (OSOD) enables recognition of novel categories beyond fixed classes but faces challenges in aligning text representations with complex visual concepts and the scarcity of image-text pairs for rare categories. This results in suboptimal performance in specialized domains or with complex objects. Recent visual-prompted methods partially address these issues but often involve complex multi-modal designs and multi-stage optimizations, prolonging the development cycle. Additionally, effective training strategies for data-driven OSOD models remain largely unexplored. To address these challenges, we propose PET-DINO, a universal detector supporting both text and visual prompts. Our Alignment-Friendly Visual Prompt Generation (AFVPG) module builds upon an advanced text-prompted detector, addressing the limitations of text representation guidance and reducing the development cycle. We introduce two prompt-enriched training strategies: Intra-Batch Parallel Prompting (IBP) at the iteration level and Dynamic Memory-Driven Prompting (DMD) at the overall training level. These strategies enable simultaneous modeling of multiple prompt routes, facilitating parallel alignment with diverse real-world usage scenarios. Comprehensive experiments demonstrate that PET-DINO exhibits competitive zero-shot object detection capabilities across various prompt-based detection protocols. These strengths can be attributed to inheritance-based philosophy and prompt-enriched training strategies, which play a critical role in building an effective generic object detector. Project page: https://fuweifuvtoo.github.io/pet-dino.","@InProceedings{Fu_2026_CVPR, author = {Fu, Weifu and Li, Jinyang and Gao, Bin-Bin and Li, Jialin and Lin, Yuhuan and Deng, Hanqiu and Tao, Wenbing and Liu, Yong and Wang, Chengjie}, title = {PET-DINO: Unifying Visual Cues into Grounding DINO with Prompt-Enriched Training}, booktitle = {Proceedings of the IEEE/CVF Conference on Computer Vision and Pattern Recognition (CVPR)}, month = {June}, year = {2026}, pages = {13039-13048} }"
Qiu_UniRefiner_Teaching_Pre-trained_ViTs_to_Self-Dispose_Dross_via_Contrastive_Register_CVPR_2026_paper,2026,1,SelfSupervised_Representation,SelfSupervised_Representation,5.0,0.2,UniRefiner: Teaching Pre-trained ViTs to Self-Dispose Dross via Contrastive Register,Congpei Qiu; Zhaoyu Hu; Wei Ke; Zhuotao Tian; Yanhao Wu; Tong Zhang,6,10061-10070,True,https://openaccess.thecvf.com/content/CVPR2026/papers/Qiu_UniRefiner_Teaching_Pre-trained_ViTs_to_Self-Dispose_Dross_via_Contrastive_Register_CVPR_2026_paper.pdf,https://openaccess.thecvf.com/content/CVPR2026/supplemental/Qiu_UniRefiner_Teaching_Pre-trained_CVPR_2026_supplemental.pdf,https://openaccess.thecvf.com/content/CVPR2026/html/Qiu_UniRefiner_Teaching_Pre-trained_ViTs_to_Self-Dispose_Dross_via_Contrastive_Register_CVPR_2026_paper.html,"Representation learning with Vision Transformers (ViTs) has advanced rapidly, yet the utility of large-scale models in spatially sensitive tasks is hindered by spurious tokens. Prior efforts to mitigate this have been limited, often defining these artifacts narrowly, for example, as simple high-norm outliers. We argue that this scope is insufficient. For dense prediction tasks, we posit that any token failing to encode location-aligned semantics should be treated as a spurious artifact. This broader definition reveals a more complex problem, leading us to systematically categorize and characterize three fundamental types of spurious tokens that corrupt spatial representations. Based on this comprehensive diagnosis, we propose UniRefiner, a universal refinement framework that teaches pre-trained ViTs to self-dispose of these artifacts. UniRefiner uses contrastive registers to explicitly isolate and redistribute spurious tokens via a dual objective: (i) it aligns image tokens with filtered regular tokens to preserve semantics, and (ii) it aligns register tokens with detected spurious tokens to capture the spurious signals. Our method requires only a few epochs of fine-tuning on 5k images to refine diverse ViTs, including massive models like EVA-CLIP-8B and InternViT-6B. Experiments demonstrate consistent and significant improvements: notably, the refined EVA-CLIP-8B achieves 51.9% mIoU on ADE20K (+9.4%), surpassing specialized vision models like DINOv2 (49.1%), while zero-shot segmentation accuracy improves by up to 22%. UniRefiner unlocks the latent spatial potential of existing large-scale foundation models, paving the way for their broader application.","@InProceedings{Qiu_2026_CVPR, author = {Qiu, Congpei and Hu, Zhaoyu and Ke, Wei and Tian, Zhuotao and Wu, Yanhao and Zhang, Tong}, title = {UniRefiner: Teaching Pre-trained ViTs to Self-Dispose Dross via Contrastive Register}, booktitle = {Proceedings of the IEEE/CVF Conference on Computer Vision and Pattern Recognition (CVPR)}, month = {June}, year = {2026}, pages = {10061-10070} }"
Liu_SARMAE_Masked_Autoencoder_for_SAR_Representation_Learning_CVPR_2026_paper,2026,1,SelfSupervised_Representation,SelfSupervised_Representation|Medical_Bio_RemoteSensing,32.0,0.344,SARMAE: Masked Autoencoder for SAR Representation Learning,Danxu Liu; Di Wang; Hebaixu Wang; Haoyang Chen; Wentao Jiang; Yilin Cheng; Haonan Guo; Wei Cui; Jing Zhang,9,6496-6507,True,https://openaccess.thecvf.com/content/CVPR2026/papers/Liu_SARMAE_Masked_Autoencoder_for_SAR_Representation_Learning_CVPR_2026_paper.pdf,https://openaccess.thecvf.com/content/CVPR2026/supplemental/Liu_SARMAE_Masked_Autoencoder_CVPR_2026_supplemental.pdf,https://openaccess.thecvf.com/content/CVPR2026/html/Liu_SARMAE_Masked_Autoencoder_for_SAR_Representation_Learning_CVPR_2026_paper.html,"Synthetic Aperture Radar (SAR) imagery plays a critical role in all-weather, day-and-night remote sensing applications. However, existing SAR-oriented deep learning is constrained by data scarcity, while the physically grounded speckle noise in SAR imagery further hampers fine-grained semantic representation learning. To address these challenges, we propose SARMAE, a Noise-Aware Masked Autoencoder for self-supervised SAR representation learning. Specifically, we construct SAR-1M, the first million-scale SAR dataset, with additional paired optical images, to enable large-scale pre-training. Building upon this, we design Speckle-Aware Representation Enhancement (SARE), which injects SAR-specific speckle noise into Masked Autoencoder to facilitate noise-aware and robust representation learning. Furthermore, we introduce Semantic Anchor Representation Constraint (SARC), which leverages paired optical priors to align SAR features and ensure semantic consistency. Extensive experiments across multiple SAR datasets demonstrate that SARMAE achieves state-of-the-art performance on classification, detection, and segmentation tasks. Code, data, and models are available at https://github.com/MiliLab/SARMAE.","@InProceedings{Liu_2026_CVPR, author = {Liu, Danxu and Wang, Di and Wang, Hebaixu and Chen, Haoyang and Jiang, Wentao and Cheng, Yilin and Guo, Haonan and Cui, Wei and Zhang, Jing}, title = {SARMAE: Masked Autoencoder for SAR Representation Learning}, booktitle = {Proceedings of the IEEE/CVF Conference on Computer Vision and Pattern Recognition (CVPR)}, month = {June}, year = {2026}, pages = {6496-6507} }"
Wang_Convexity-Aware_Noise_Calibration_A_Self-Supervised_Framework_for_Noise-Level-Unknown_Image_Denoising_CVPR_2026_paper,2026,0,Restoration_Enhancement,Restoration_Enhancement|SelfSupervised_Representation,18.0,0.333,Convexity-Aware Noise Calibration: A Self-Supervised Framework for Noise-Level-Unknown Image Denoising,Zhan Wang; Leiquan Wang; Chunlei Wu; Yu Meng,4,29929-29938,True,https://openaccess.thecvf.com/content/CVPR2026/papers/Wang_Convexity-Aware_Noise_Calibration_A_Self-Supervised_Framework_for_Noise-Level-Unknown_Image_Denoising_CVPR_2026_paper.pdf,https://openaccess.thecvf.com/content/CVPR2026/supplemental/Wang_Convexity-Aware_Noise_Calibration_CVPR_2026_supplemental.pdf,https://openaccess.thecvf.com/content/CVPR2026/html/Wang_Convexity-Aware_Noise_Calibration_A_Self-Supervised_Framework_for_Noise-Level-Unknown_Image_Denoising_CVPR_2026_paper.html,"Image denoising is a fundamental task in computer vision aimed at recovering clean images from noise-corrupted observations. While supervised deep learning methods achieve remarkable performance when trained on paired data with known noise levels, their real-world applicability is limited as noise characteristics are often unknown. Existing unsupervised techniques, such as blind-spot networks or methods based on statistical estimation, either compromise performance due to information loss or suffer from inaccuracies in noise level estimation. To address these challenges, we propose a novel two-stage self-supervised denoising framework that first accurately estimates the noise level directly from noisy images, without requiring clean references or prior noise knowledge. Building upon theoretical insights from Noisier2Noise, we rigorously derive a relationship between the noise level and the variance of the denoised image, enabling robust estimation via a deep learning model and a ternary search strategy. The estimated noise level is then used to synthesize training pairs for supervised denoising. Experiments demonstrate that our method outperforms existing unsupervised approaches and traditional noise estimation techniques, achieving performance competitive with--and in some cases surpassing--supervised methods trained with known noise levels. The proposed framework effectively overcomes the training data pair limitations of supervised approaches for unknown additive white Gaussian noise. Our code is available at https://github.com/zhanzhanblue/CANC.","@InProceedings{Wang_2026_CVPR, author = {Wang, Zhan and Wang, Leiquan and Wu, Chunlei and Meng, Yu}, title = {Convexity-Aware Noise Calibration: A Self-Supervised Framework for Noise-Level-Unknown Image Denoising}, booktitle = {Proceedings of the IEEE/CVF Conference on Computer Vision and Pattern Recognition (CVPR)}, month = {June}, year = {2026}, pages = {29929-29938} }"
Che_LEMON_A_Large_Endoscopic_MONocular_Dataset_and_Foundation_Model_for_CVPR_2026_paper,2026,1,SelfSupervised_Representation,SelfSupervised_Representation,18.0,0.667,LEMON: A Large Endoscopic MONocular Dataset and Foundation Model for Perception in Surgical Settings,Chengan Che; Chao Wang; Tom Vercauteren; Sophia Tsoka; Luis C. Garcia-Peraza-Herrera,5,42659-42669,True,https://openaccess.thecvf.com/content/CVPR2026/papers/Che_LEMON_A_Large_Endoscopic_MONocular_Dataset_and_Foundation_Model_for_CVPR_2026_paper.pdf,https://openaccess.thecvf.com/content/CVPR2026/supplemental/Che_LEMON_A_Large_CVPR_2026_supplemental.pdf,https://openaccess.thecvf.com/content/CVPR2026/html/Che_LEMON_A_Large_Endoscopic_MONocular_Dataset_and_Foundation_Model_for_CVPR_2026_paper.html,"Traditional open-access datasets focusing on surgical procedures are often limited by their small size, typically consisting of fewer than 100 videos and less than 30 hours of footage, which leads to poor model generalization. To address this data limitation, a new dataset called LEMON has been compiled using a novel aggregation pipeline that collects high-resolution videos from online sources. Featuring an extensive collection of over 4K surgical videos totaling 938 hours (85 million frames) of high-quality footage across multiple procedure types, LEMON offers a comprehensive resource surpassing existing alternatives in size and scope, including two novel downstream tasks. To demonstrate the effectiveness of this diverse dataset, we introduce LemonFM, a foundation model pretrained on LEMON using a novel self-supervised augmented knowledge distillation approach. LemonFM consistently outperforms existing surgical foundation models across four downstream tasks and six datasets, achieving significant gains in surgical phase recognition (+9.5pp, +9.4pp, and +8.4pp in Jaccard on AutoLaparo, M2CAI16, and Cholec80), surgical action recognition (+4.4pp in mAP on CholecT50), surgical tool presence detection (+5.3pp and +10.2pp in mAP on Cholec80 and GraSP), and surgical semantic segmentation (+10.3pp in mDice on CholecSeg8k). LEMON and LemonFM will serve as foundational resources for the research community and industry, accelerating progress in developing autonomous robotic surgery systems and ultimately contributing to safer and more accessible surgical care worldwide. Dataset, code, and models are publicly available at https://github.com/visurg-ai/LEMON.","@InProceedings{Che_2026_CVPR, author = {Che, Chengan and Wang, Chao and Vercauteren, Tom and Tsoka, Sophia and Garcia-Peraza-Herrera, Luis C.}, title = {LEMON: A Large Endoscopic MONocular Dataset and Foundation Model for Perception in Surgical Settings}, booktitle = {Proceedings of the IEEE/CVF Conference on Computer Vision and Pattern Recognition (CVPR)}, month = {June}, year = {2026}, pages = {42659-42669} }"
Zhang_TeFlow_Enabling_Multi-frame_Supervision_for_Self-Supervised_Feed-forward_Scene_Flow_Estimation_CVPR_2026_paper,2026,0,LowLevel_Flow_Depth_Matching,LowLevel_Flow_Depth_Matching|SelfSupervised_Representation,18.0,0.167,TeFlow: Enabling Multi-frame Supervision for Self-Supervised Feed-forward Scene Flow Estimation,Qingwen Zhang; Chenhan Jiang; Xiaomeng Zhu; Yunqi Miao; Yushan Zhang; Olov Andersson; Patric Jensfelt,7,3667-3676,True,https://openaccess.thecvf.com/content/CVPR2026/papers/Zhang_TeFlow_Enabling_Multi-frame_Supervision_for_Self-Supervised_Feed-forward_Scene_Flow_Estimation_CVPR_2026_paper.pdf,https://openaccess.thecvf.com/content/CVPR2026/supplemental/Zhang_TeFlow_Enabling_Multi-frame_CVPR_2026_supplemental.pdf,https://openaccess.thecvf.com/content/CVPR2026/html/Zhang_TeFlow_Enabling_Multi-frame_Supervision_for_Self-Supervised_Feed-forward_Scene_Flow_Estimation_CVPR_2026_paper.html,"Self-supervised feed-forward methods for scene flow estimation offer real-time efficiency, but their supervision from two-frame point correspondences is unreliable and often breaks down under occlusions. Multi-frame supervision has the potential to provide more stable guidance by incorporating motion cues from past frames, yet naive extensions of two-frame objectives are ineffective because point correspondences vary abruptly across frames, producing inconsistent signals.In the paper, we present TeFlow, enabling multi-frame supervision for feed-forward models by mining temporally consistent supervision. TeFlow introduces a temporal ensembling strategy that forms reliable supervisory signals by aggregating the most temporally consistent motion cues from a candidate pool built across multiple frames.Extensive evaluations demonstrate that TeFlow establishes a new state-of-the-art for self-supervised feed-forward methods, achieving performance gains of up to 33% on the challenging Argoverse 2 and nuScenes datasets. Our method performs on par with leading optimization-based methods, yet speeds up 150 times. The code is open-sourced at https://github.com/Kin-Zhang/TeFlow along with trained model weights.","@InProceedings{Zhang_2026_CVPR, author = {Zhang, Qingwen and Jiang, Chenhan and Zhu, Xiaomeng and Miao, Yunqi and Zhang, Yushan and Andersson, Olov and Jensfelt, Patric}, title = {TeFlow: Enabling Multi-frame Supervision for Self-Supervised Feed-forward Scene Flow Estimation}, booktitle = {Proceedings of the IEEE/CVF Conference on Computer Vision and Pattern Recognition (CVPR)}, month = {June}, year = {2026}, pages = {3667-3676} }"
Yang_Easy2Hard_From_Partially_to_Fully_Unmatched_Modalities_as_Negative_Samples_CVPR_2026_paper,2026,1,SelfSupervised_Representation,SelfSupervised_Representation,15.0,0.733,Easy2Hard: From Partially to Fully Unmatched Modalities as Negative Samples in Contrastive Learning,Zhicheng Yang; Yichen Liu; Chang Ge; Xiaopeng Jiang,4,30226-30234,True,https://openaccess.thecvf.com/content/CVPR2026/papers/Yang_Easy2Hard_From_Partially_to_Fully_Unmatched_Modalities_as_Negative_Samples_CVPR_2026_paper.pdf,https://openaccess.thecvf.com/content/CVPR2026/supplemental/Yang_Easy2Hard_From_Partially_CVPR_2026_supplemental.pdf,https://openaccess.thecvf.com/content/CVPR2026/html/Yang_Easy2Hard_From_Partially_to_Fully_Unmatched_Modalities_as_Negative_Samples_CVPR_2026_paper.html,"Contrastive learning is widely used for generating multimodal data representations by aligning embeddings of different modalities of the same data samples. This alignment is achieved through a loss function that treats matched and unmatched modality pairs as positive and negative samples within a data batch. However, when extending contrastive learning to scenarios involving more than two modalities, existing approaches either rely solely on fully unmatched modalities as negative samples, or fail to distinguish between partially and fully unmatched modalities, thereby overlooking the fine-grained contrasting relationships. To address this limitation, we propose Easy2Hard, a novel framework that explicitly separates partially and fully unmatched modalities. To learn from negative samples at improved granularity, Easy2Hard further introduces a sigmoid weighting curriculum that smoothly transitions the learning process from easy (partially unmatched) to hard (fully unmatched) contrasts. Comprehensive evaluations on five multimodal datasets across diverse domains demonstrate the superiority of our approach.","@InProceedings{Yang_2026_CVPR, author = {Yang, Zhicheng and Liu, Yichen and Ge, Chang and Jiang, Xiaopeng}, title = {Easy2Hard: From Partially to Fully Unmatched Modalities as Negative Samples in Contrastive Learning}, booktitle = {Proceedings of the IEEE/CVF Conference on Computer Vision and Pattern Recognition (CVPR)}, month = {June}, year = {2026}, pages = {30226-30234} }"
Artru_Skullptor_High_Fidelity_3D_Head_Reconstruction_in_Seconds_with_Multi-View_CVPR_2026_paper,2026,0,Face_Biometrics,Face_Biometrics|SelfSupervised_Representation,6.0,0.0,Skullptor: High Fidelity 3D Head Reconstruction in Seconds with Multi-View Normal Prediction,Noé Artru; Rukhshanda Hussain; Emeline Got; Alexandre Messier; David B. Lindell; Abdallah Dib,6,25248-25257,True,https://openaccess.thecvf.com/content/CVPR2026/papers/Artru_Skullptor_High_Fidelity_3D_Head_Reconstruction_in_Seconds_with_Multi-View_CVPR_2026_paper.pdf,https://openaccess.thecvf.com/content/CVPR2026/supplemental/Artru_Skullptor_High_Fidelity_CVPR_2026_supplemental.pdf,https://openaccess.thecvf.com/content/CVPR2026/html/Artru_Skullptor_High_Fidelity_3D_Head_Reconstruction_in_Seconds_with_Multi-View_CVPR_2026_paper.html,"Reconstructing high-fidelity 3D head geometry from images is critical for a wide range of applications, yet existing methods face fundamental limitations. Traditional photogrammetry achieves exceptional detail but requires extensive camera arrays (25--200+ views), substantial computation, and manual cleanup in challenging areas like facial hair. Recent alternatives present a fundamental trade-off: foundation models enable efficient single-image reconstruction but lack fine geometric detail, while optimization-based methods achieve higher fidelity but require dense views and expensive computation. We bridge this gap with a hybrid approach that combines the strengths of both paradigms.Our method introduces a multi-view surface normal prediction model that extends monocular foundation models with cross-view attention to produce geometrically consistent normals in a feed-forward pass. We then leverage these predictions as strong geometric priors within an inverse rendering optimization framework to recover high-frequency surface details. Our approach outperforms state-of-the-art single-image and multi-view methods, achieving high-fidelity reconstruction on par with dense-view photogrammetry while reducing camera requirements and computational cost.","@InProceedings{Artru_2026_CVPR, author = {Artru, No\'e and Hussain, Rukhshanda and Got, Emeline and Messier, Alexandre and Lindell, David B. and Dib, Abdallah}, title = {Skullptor: High Fidelity 3D Head Reconstruction in Seconds with Multi-View Normal Prediction}, booktitle = {Proceedings of the IEEE/CVF Conference on Computer Vision and Pattern Recognition (CVPR)}, month = {June}, year = {2026}, pages = {25248-25257} }"
Yan_LaS-Comp_Zero-shot_3D_Completion_with_Latent-Spatial_Consistency_CVPR_2026_paper,2026,1,SelfSupervised_Representation,SelfSupervised_Representation,6.0,0.667,LaS-Comp: Zero-shot 3D Completion with Latent-Spatial Consistency,Weilong Yan; Haipeng Li; Hao Xu; Nianjin Ye; Yihao Ai; Shuaicheng Liu; Jingyu Hu,7,7588-7599,True,https://openaccess.thecvf.com/content/CVPR2026/papers/Yan_LaS-Comp_Zero-shot_3D_Completion_with_Latent-Spatial_Consistency_CVPR_2026_paper.pdf,https://openaccess.thecvf.com/content/CVPR2026/supplemental/Yan_LaS-Comp_Zero-shot_3D_CVPR_2026_supplemental.pdf,https://openaccess.thecvf.com/content/CVPR2026/html/Yan_LaS-Comp_Zero-shot_3D_Completion_with_Latent-Spatial_Consistency_CVPR_2026_paper.html,"This paper introduces LaS-Comp, a zero-shot and category-agnostic approach that leverages the rich geometric priors of 3D foundation models to enable 3D shape completion across diverse types of partial observations. Our contributions are threefold: First, LaS-Comp harnesses these powerful generative priors for completion through a complementary two-stage design: (i) an explicit replacement stage that preserves the partial observation geometry to ensure faithful completion; and (ii) an implicit refinement stage ensures seamless boundaries between the observed and synthesized regions. Second, our framework is training-free and compatible with different 3D foundation models. Third, we introduce Omni-Comp, a comprehensive benchmark combining real-world and synthetic data with diverse and challenging partial patterns, enabling a more thorough and realistic evaluation. Both quantitative and qualitative experiments demonstrate that our approach outperforms previous state-of-the-art approaches. Code and data will be released upon acceptance.","@InProceedings{Yan_2026_CVPR, author = {Yan, Weilong and Li, Haipeng and Xu, Hao and Ye, Nianjin and Ai, Yihao and Liu, Shuaicheng and Hu, Jingyu}, title = {LaS-Comp: Zero-shot 3D Completion with Latent-Spatial Consistency}, booktitle = {Proceedings of the IEEE/CVF Conference on Computer Vision and Pattern Recognition (CVPR)}, month = {June}, year = {2026}, pages = {7588-7599} }"
Zhu_Reliable_Clustering_Number_Estimation_for_Contrastive_Multi-View_Clustering_CVPR_2026_paper,2026,1,SelfSupervised_Representation,SelfSupervised_Representation,9.0,0.556,Reliable Clustering Number Estimation for Contrastive Multi-View Clustering,Zhengzhong Zhu; Pei Zhou; Lanxi Bai; Li Cheng; Jia Nie; Shiquan Min; Jiangping Zhu,7,30162-30171,True,https://openaccess.thecvf.com/content/CVPR2026/papers/Zhu_Reliable_Clustering_Number_Estimation_for_Contrastive_Multi-View_Clustering_CVPR_2026_paper.pdf,,https://openaccess.thecvf.com/content/CVPR2026/html/Zhu_Reliable_Clustering_Number_Estimation_for_Contrastive_Multi-View_Clustering_CVPR_2026_paper.html,"In recent years, contrastive multi-view clustering has achieved remarkable performance improvements. However, existing methods still face two key challenges: (1) reliance on a predefined number of clusters k, which is often unknown in real-world scenarios; and (2) contrastive learning might cause representation degeneration when thecollected multiple views inherently have inconsistent semantic information . To address these issues, we propose a novel framework--Reliable Clustering Number Estimation for Contrastive Multi-View Clustering (RCNMC). RCNMC consists of a Semantics-Aware Contrastive Learning module and a Reinforcement Learning-based Cluster Number Learning module. Specifically, the Semantics-Aware Contrastive Learning module first measures the discrepancy between pairwise representations and adaptively strengthens useful pairwise views while weakening unreliable ones, thereby alleviating representation degeneration. The Reinforcement Learning-based Cluster Number Learning module infers the optimal number of clusters in an unsupervised manner by using intra-cluster and inter-cluster distances as a reward-driven strategy. The two modules complement each other, making RCNMC more suitable for complex multi-view clustering tasks in real-world scenarios. Extensive experiments on multiple benchmark datasets demonstrate that RCNMC significantly outperforms existing state-of-the-art methods.","@InProceedings{Zhu_2026_CVPR, author = {Zhu, Zhengzhong and Zhou, Pei and Bai, Lanxi and Cheng, Li and Nie, Jia and Min, Shiquan and Zhu, Jiangping}, title = {Reliable Clustering Number Estimation for Contrastive Multi-View Clustering}, booktitle = {Proceedings of the IEEE/CVF Conference on Computer Vision and Pattern Recognition (CVPR)}, month = {June}, year = {2026}, pages = {30162-30171} }"
Zhou_Online3R_Online_Learning_for_Consistent_Sequential_Reconstruction_Based_on_Geometry_CVPR_2026_paper,2026,1,SelfSupervised_Representation,SelfSupervised_Representation,18.0,0.778,Online3R: Online Learning for Consistent Sequential Reconstruction Based on Geometry Foundation Model,Shunkai Zhou; Zike Yan; Fei Xue; Dong Wu; Yuchen Deng; Hongbin Zha,6,36529-36538,True,https://openaccess.thecvf.com/content/CVPR2026/papers/Zhou_Online3R_Online_Learning_for_Consistent_Sequential_Reconstruction_Based_on_Geometry_CVPR_2026_paper.pdf,,https://openaccess.thecvf.com/content/CVPR2026/html/Zhou_Online3R_Online_Learning_for_Consistent_Sequential_Reconstruction_Based_on_Geometry_CVPR_2026_paper.html,"We present Online3R, a new sequential reconstruction framework that is capable of adapting to new scenes through online learning, effectively resolving inconsistency issues. Specifically, we introduce a set of learnable lightweight visual prompts into a pretrained, frozen geometry foundation model to capture the knowledge of new environments while preserving the fundamental capability of the foundation model for geometry prediction. To solve the problems of missing groundtruth and the requirement of high efficiency when updating these visual prompts at test time, we introduce a local-global self-supervised learning strategy by enforcing the local and global consistency constraints on predictions. The local consistency constraints are conducted on intermediate and previously local fused results, enabling the model to be trained with high-quality pseudo groundtruth signals; the global consistency constraints are operated on sparse keyframes spanning long distances rather than per frame, allowing the model to learn from a consistent prediction over a long trajectory in an efficient way. Our experiments demonstrate that Online3R outperforms previous state-of-the-art methods on various benchmarks. Project page: https://shunkaizhou.github.io/online3r-1.0/","@InProceedings{Zhou_2026_CVPR, author = {Zhou, Shunkai and Yan, Zike and Xue, Fei and Wu, Dong and Deng, Yuchen and Zha, Hongbin}, title = {Online3R: Online Learning for Consistent Sequential Reconstruction Based on Geometry Foundation Model}, booktitle = {Proceedings of the IEEE/CVF Conference on Computer Vision and Pattern Recognition (CVPR)}, month = {June}, year = {2026}, pages = {36529-36538} }"
Sabaghi_TriLite_Efficient_Weakly_Supervised_Object_Localization_with_Universal_Visual_Features_CVPR_2026_paper,2026,1,SelfSupervised_Representation,SelfSupervised_Representation|Transfer_FewShot_DomainAdaptation,8.0,0.0,TriLite: Efficient Weakly Supervised Object Localization with Universal Visual Features and Tri-Region Disentanglement,Arian Sabaghi; Jose Oramas,2,41386-41395,True,https://openaccess.thecvf.com/content/CVPR2026/papers/Sabaghi_TriLite_Efficient_Weakly_Supervised_Object_Localization_with_Universal_Visual_Features_CVPR_2026_paper.pdf,https://openaccess.thecvf.com/content/CVPR2026/supplemental/Sabaghi_TriLite_Efficient_Weakly_CVPR_2026_supplemental.zip,https://openaccess.thecvf.com/content/CVPR2026/html/Sabaghi_TriLite_Efficient_Weakly_Supervised_Object_Localization_with_Universal_Visual_Features_CVPR_2026_paper.html,"Weakly supervised object localization (WSOL) aims to localize target objects in images using only image-level labels. Despite recent progress, many approaches still rely on multi-stage pipelines or full fine-tuning of large backbones, increasing training cost, while the broader WSOL community continues to face the challenge of partial object coverage. We present TriLite, a single-stage WSOL framework that leverages a frozen Vision Transformer with DINOv2 pre-training in a self-supervised manner, and introduces only a minimal number of trainable parameters (fewer than 800K on ImageNet-1K) for both classification and localization. At its core is the proposed TriHead module, which decomposes patch features into foreground, background, and ambiguous regions, thereby improving object coverage while suppressing spurious activations. By disentangling classification and localization objectives, TriLite effectively exploits the universal representations learned by self-supervised ViTs without requiring expensive end-to-end training. Extensive experiments on CUB-200-2011, ImageNet-1K, and OpenImages demonstrate that TriLite sets a new state of the art, while remaining significantly more parameter-efficient and easier to train than prior methods. Code is available at: https://github.com/ariansabaghi/TriLite","@InProceedings{Sabaghi_2026_CVPR, author = {Sabaghi, Arian and Oramas, Jose}, title = {TriLite: Efficient Weakly Supervised Object Localization with Universal Visual Features and Tri-Region Disentanglement}, booktitle = {Proceedings of the IEEE/CVF Conference on Computer Vision and Pattern Recognition (CVPR)}, month = {June}, year = {2026}, pages = {41386-41395} }"
Kang_Real-Time_Long_Horizon_Air_Quality_Forecasting_via_Group-Relative_Policy_Optimization_CVPR_2026_paper,2026,1,SelfSupervised_Representation,SelfSupervised_Representation,3.0,1.0,Real-Time Long Horizon Air Quality Forecasting via Group-Relative Policy Optimization,Inha Kang; Eunki Kim; Wonjeong Ryu; Jaeyo Shin; Seungjun Yu; Yoon-Hee Kang; Seongeun Jeong; Eunhye Kim; Soontae Kim; Hyunjung Shim,10,6421-6431,True,https://openaccess.thecvf.com/content/CVPR2026/papers/Kang_Real-Time_Long_Horizon_Air_Quality_Forecasting_via_Group-Relative_Policy_Optimization_CVPR_2026_paper.pdf,https://openaccess.thecvf.com/content/CVPR2026/supplemental/Kang_Real-Time_Long_Horizon_CVPR_2026_supplemental.pdf,https://openaccess.thecvf.com/content/CVPR2026/html/Kang_Real-Time_Long_Horizon_Air_Quality_Forecasting_via_Group-Relative_Policy_Optimization_CVPR_2026_paper.html,"Accurate long horizon forecasting of particulate matter (PM) concentration fields is essential for operational public health decisions. However, achieving reliable forecasts remains challenging in regions with complex terrain and strong atmospheric dynamics such as East Asia. While foundation models such as Aurora offer global generality, they often miss region-specific dynamics and rely on non-real-time inputs, limiting their practical utility for localized warning systems. To address this gap, we construct and release the real-world observations and high-resolution CMAQ--OBS dataset for East Asia, reducing regional error by 59.5% and enabling real-time 48-120 hour forecasts critical for public health alerts. However, standard point-wise objectives cannot reflect asymmetric operational costs, where false alarms deteriorate public trust while missed severe events endanger populations. This cost mismatch causes SFT models to over-predict and yield high False Alarm Rates. We introduce Group-Relative Policy Optimization (GRPO) with class-wise rewards and curriculum rollout to align predictions with operational priorities. Experimental results demonstrate that our framework significantly improves the reliability of the forecast. Compared to the SFT-only baseline, our model reduces the False Alarm Rate by 47.3% while achieving a competitive F1-score, proving its effectiveness for practical, real-world air quality forecasting systems on long lead time scenarios. Code and dataset are publicly available at https://github.com/kaist-cvml/FAKER-Air.","@InProceedings{Kang_2026_CVPR, author = {Kang, Inha and Kim, Eunki and Ryu, Wonjeong and Shin, Jaeyo and Yu, Seungjun and Kang, Yoon-Hee and Jeong, Seongeun and Kim, Eunhye and Kim, Soontae and Shim, Hyunjung}, title = {Real-Time Long Horizon Air Quality Forecasting via Group-Relative Policy Optimization}, booktitle = {Proceedings of the IEEE/CVF Conference on Computer Vision and Pattern Recognition (CVPR)}, month = {June}, year = {2026}, pages = {6421-6431} }"
Tang_DreamSAC_Learning_Hamiltonian_World_Models_via_Symmetry_Exploration_CVPR_2026_paper,2026,1,SelfSupervised_Representation,SelfSupervised_Representation,3.0,0.333,DreamSAC: Learning Hamiltonian World Models via Symmetry Exploration,Jinzhou Tang; Fan Feng; Minghao Fu; Wenjun Lin; Jing Yang; Biwei Huang; Keze Wang,7,15188-15198,True,https://openaccess.thecvf.com/content/CVPR2026/papers/Tang_DreamSAC_Learning_Hamiltonian_World_Models_via_Symmetry_Exploration_CVPR_2026_paper.pdf,https://openaccess.thecvf.com/content/CVPR2026/supplemental/Tang_DreamSAC_Learning_Hamiltonian_CVPR_2026_supplemental.pdf,https://openaccess.thecvf.com/content/CVPR2026/html/Tang_DreamSAC_Learning_Hamiltonian_World_Models_via_Symmetry_Exploration_CVPR_2026_paper.html,"Learned world models excel at interpolative generalization but fail at extrapolative generalization to novel physical properties. This limitation arises because they learn statistical correlations rather than the environment's underlying generative rules, such as physical invariances and conservation laws. We argue that learning these invariances is key to robust extrapolation. To achieve this, we first introduce Symmetry Exploration, an unsupervised exploration strategy where an agent is intrinsically motivated by a Hamiltonian-based curiosity bonus to actively probe and challenge its understanding of conservation laws, thereby collecting physically informative data. Second, we design a Hamiltonian-based world model that learns from the collected data, using a novel self-supervised contrastive objective to identify the invariant physical state from raw, view-dependent pixel observations. Our framework, DreamSAC, trained on this actively curated data, significantly outperforms state-of-the-art baselines in 3D physics simulations on tasks requiring extrapolation.","@InProceedings{Tang_2026_CVPR, author = {Tang, Jinzhou and Feng, Fan and Fu, Minghao and Lin, Wenjun and Yang, Jing and Huang, Biwei and Wang, Keze}, title = {DreamSAC: Learning Hamiltonian World Models via Symmetry Exploration}, booktitle = {Proceedings of the IEEE/CVF Conference on Computer Vision and Pattern Recognition (CVPR)}, month = {June}, year = {2026}, pages = {15188-15198} }"
Jing_EthoCLIP_Ontology-Enhanced_Video-Language_Pretraining_for_Animal_Behavior_Understanding_CVPR_2026_paper,2026,1,SelfSupervised_Representation,SelfSupervised_Representation|Vision_Language_Multimodal,9.0,0.0,EthoCLIP: Ontology-Enhanced Video-Language Pretraining for Animal Behavior Understanding,Yinuo Jing; Jinyan Wu; Zixi Yang; Kongming Liang; Xiatian Zhu; Zhanyu Ma,6,31196-31206,True,https://openaccess.thecvf.com/content/CVPR2026/papers/Jing_EthoCLIP_Ontology-Enhanced_Video-Language_Pretraining_for_Animal_Behavior_Understanding_CVPR_2026_paper.pdf,https://openaccess.thecvf.com/content/CVPR2026/supplemental/Jing_EthoCLIP_Ontology-Enhanced_Video-Language_CVPR_2026_supplemental.pdf,https://openaccess.thecvf.com/content/CVPR2026/html/Jing_EthoCLIP_Ontology-Enhanced_Video-Language_Pretraining_for_Animal_Behavior_Understanding_CVPR_2026_paper.html,"Vision-language models (VLMs) have achieved remarkable success across numerous domains, yet they lag significantly in animal behavior understanding due to severe data scarcity. Annotated animal behavior videos are prohibitively expensive and time-consuming to collect, requiring domain expertise and controlled observation conditions. To address this challenge, we leverage structured domain knowledge as an inductive bias from the Neuro Behavior Ontology (NBO), which provides professional annotations, hierarchical behavior structures, and comprehensive semantic coverage. We construct AnimalBand, an NBO-consistent dataset integrating 74,671 videos across multiple species and behaviors with semantic standardization and extended knowledge. Based on this resource, we present EthoCLIP, an ontology-enhanced vision-language contrastive learning framework that embeds ontology semantics through an ontology-aware graph module to capture hierarchical relationships among behaviors and learn structured semantic dependencies. Incorporating ontological information reduces reliance on purely data-driven learning, thereby alleviating needs for large-scale datasets. Extensive experiments validate both our dataset and method. Results demonstrate that EthoCLIP pretrained on AnimalBand substantially improves behavior recognition accuracy and transfer learning performance across diverse benchmarks, confirming that ontology-driven semantic enrichment effectively mitigates data scarcity in animal behavior understanding. Our data and code will be released at https://github.com/PRIS-CV/AnimalBand.","@InProceedings{Jing_2026_CVPR, author = {Jing, Yinuo and Wu, Jinyan and Yang, Zixi and Liang, Kongming and Zhu, Xiatian and Ma, Zhanyu}, title = {EthoCLIP: Ontology-Enhanced Video-Language Pretraining for Animal Behavior Understanding}, booktitle = {Proceedings of the IEEE/CVF Conference on Computer Vision and Pattern Recognition (CVPR)}, month = {June}, year = {2026}, pages = {31196-31206} }"
Gao_MoRE_3D_Visual_Geometry_Reconstruction_Meets_Mixture-of-Experts_CVPR_2026_paper,2026,1,SelfSupervised_Representation,SelfSupervised_Representation,3.0,0.333,MoRE: 3D Visual Geometry Reconstruction Meets Mixture-of-Experts,Jingnan Gao; Zhe Wang; Xianze Fang; Xingyu Ren; Zhuo Chen; Shengqi Liu; Yuhao Cheng; Jiangjing Lyu; Xiaokang Yang; Yichao Yan,10,14680-14691,True,https://openaccess.thecvf.com/content/CVPR2026/papers/Gao_MoRE_3D_Visual_Geometry_Reconstruction_Meets_Mixture-of-Experts_CVPR_2026_paper.pdf,https://openaccess.thecvf.com/content/CVPR2026/supplemental/Gao_MoRE_3D_Visual_CVPR_2026_supplemental.pdf,https://openaccess.thecvf.com/content/CVPR2026/html/Gao_MoRE_3D_Visual_Geometry_Reconstruction_Meets_Mixture-of-Experts_CVPR_2026_paper.html,"Recent advances in language and vision have demonstrated that scaling up model capacity consistently improves performance across diverse tasks.In 3D visual geometry reconstruction, large-scale training has likewise proven effective for learning versatile representations.However, further scaling of 3D models is challenging due to the complexity of geometric supervision and the diversity of 3D data. To overcome these limitations, we propose MoRE, a dense 3D visual foundation model based on a Mixture-of-Experts (MoE) architecture that dynamically routes features to task-specific experts, allowing them to specialize in complementary data aspects and enhance both scalability and adaptability.Aiming to improve robustness under real-world conditions, MoRE incorporates a confidence-based depth refinement module that stabilizes and refines geometric estimation.In addition, it integrates dense semantic features with globally aligned 3D backbone representations for high-fidelity surface normal prediction.MoRE is further optimized with tailored loss functions to ensure robust learning across diverse inputs and multiple geometric tasks.Extensive experiments demonstrate that MoRE achieves state-of-the-art performance across multiple benchmarks and supports effective downstream applications without extra computation.","@InProceedings{Gao_2026_CVPR, author = {Gao, Jingnan and Wang, Zhe and Fang, Xianze and Ren, Xingyu and Chen, Zhuo and Liu, Shengqi and Cheng, Yuhao and Lyu, Jiangjing and Yang, Xiaokang and Yan, Yichao}, title = {MoRE: 3D Visual Geometry Reconstruction Meets Mixture-of-Experts}, booktitle = {Proceedings of the IEEE/CVF Conference on Computer Vision and Pattern Recognition (CVPR)}, month = {June}, year = {2026}, pages = {14680-14691} }"
Fan_Chain-of-Models_Pre-Training_Rethinking_Training_Acceleration_of_Vision_Foundation_Models_CVPR_2026_paper,2026,1,SelfSupervised_Representation,SelfSupervised_Representation,24.0,0.75,Chain-of-Models Pre-Training: Rethinking Training Acceleration of Vision Foundation Models,Jiawei Fan; Shigeng Wang; Chao Li; Xiaolong Liu; Anbang Yao,5,34491-34501,True,https://openaccess.thecvf.com/content/CVPR2026/papers/Fan_Chain-of-Models_Pre-Training_Rethinking_Training_Acceleration_of_Vision_Foundation_Models_CVPR_2026_paper.pdf,https://openaccess.thecvf.com/content/CVPR2026/supplemental/Fan_Chain-of-Models_Pre-Training_Rethinking_CVPR_2026_supplemental.pdf,https://openaccess.thecvf.com/content/CVPR2026/html/Fan_Chain-of-Models_Pre-Training_Rethinking_Training_Acceleration_of_Vision_Foundation_Models_CVPR_2026_paper.html,"In this paper, we present Chain-of-Models Pre-Training (CoM-PT), a novel performance-lossless training acceleration method for vision foundation models (VFMs). This approach fundamentally differs from existing acceleration methods in its core motivation: rather than optimizing each model individually, CoM-PT is designed to accelerate the training pipeline at the model family level, scaling efficiently as the model family expands. Specifically, CoM-PT establishes a pre-training sequence for the model family, arranged in ascending order of model size, called model chain. In this chain, only the smallest model undergoes standard individual pre-training, while the other models are efficiently trained through sequential inverse knowledge transfer from their smaller predecessors by jointly reusing the knowledge in the parameter space and the feature space. As a result, CoM-PT enables all models to achieve performance that is mostly superior to standard individual training while significantly reducing training cost, and this is extensively validated across 45 datasets spanning zero-shot and fine-tuning tasks. Notably, its efficient scaling property yields a remarkable phenomenon: training more models even results in higher efficiency. For instance, when pre-training on CC3M: i) given ViT-L as the largest model, progressively prepending smaller models to the model chain reduces computational complexity by up to 72%; ii) within a fixed model size range, as the VFM family scales across 3, 4, and 7 models, the acceleration ratio of CoM-PT exhibits a striking leap: from 4.13x to 5.68x and 7.09x. Since CoM-PT is naturally agnostic to specific pre-training paradigms, we open-source the code to spur further extensions in more computationally intensive scenarios, such as large language model pre-training.","@InProceedings{Fan_2026_CVPR, author = {Fan, Jiawei and Wang, Shigeng and Li, Chao and Liu, Xiaolong and Yao, Anbang}, title = {Chain-of-Models Pre-Training: Rethinking Training Acceleration of Vision Foundation Models}, booktitle = {Proceedings of the IEEE/CVF Conference on Computer Vision and Pattern Recognition (CVPR)}, month = {June}, year = {2026}, pages = {34491-34501} }"
Zhao_UniPercept_A_Unified_Diffusion_Model_for_Generalizable_Visual_Perception_CVPR_2026_paper,2026,0,Diffusion_Generative,Diffusion_Generative|SelfSupervised_Representation,15.0,0.6,UniPercept: A Unified Diffusion Model for Generalizable Visual Perception,Zuyan Zhao; Zhenliang He; Meina Kan; Shiguang Shan; Xilin Chen,5,43175-43186,True,https://openaccess.thecvf.com/content/CVPR2026/papers/Zhao_UniPercept_A_Unified_Diffusion_Model_for_Generalizable_Visual_Perception_CVPR_2026_paper.pdf,https://openaccess.thecvf.com/content/CVPR2026/supplemental/Zhao_UniPercept_A_Unified_CVPR_2026_supplemental.pdf,https://openaccess.thecvf.com/content/CVPR2026/html/Zhao_UniPercept_A_Unified_Diffusion_Model_for_Generalizable_Visual_Perception_CVPR_2026_paper.html,"Diffusion models have shown impressive performance in generative tasks, demonstrating their ability to capture detailed structural and semantic information. Recently, these capabilities have been extended to visual understanding, with studies employing diffusion models as the backbone for various perception tasks. However, existing diffusion-based perception models are generally restricted to a single task or a fixed set of predefined tasks, lacking an efficient mechanism to generalize to novel tasks. To overcome this limitation, we propose a unified DiT-based perception framework called UniPercept, which introduces a novel foundation-adapter paradigm for general visual perception. In this framework, a shared diffusion-based foundation model is trained to capture common and generalizable visual knowledge across diverse perception tasks, with task-specific adapters integrated for each individual task. Leveraging its superior generalization ability, the foundation model can be efficiently adapted to novel domains through lightweight adapters, requiring as few as **1,000** training samples and less than **1%** of trainable parameters. Furthermore, UniPercept demonstrates strong performance across various perception tasks, outperforming state-of-the-art generalist models in most cases and achieving accuracy comparable to specialist models. Project page: https://VIPL-GENUN.github.io/Project-UniPercept.","@InProceedings{Zhao_2026_CVPR, author = {Zhao, Zuyan and He, Zhenliang and Kan, Meina and Shan, Shiguang and Chen, Xilin}, title = {UniPercept: A Unified Diffusion Model for Generalizable Visual Perception}, booktitle = {Proceedings of the IEEE/CVF Conference on Computer Vision and Pattern Recognition (CVPR)}, month = {June}, year = {2026}, pages = {43175-43186} }"
Hu_SOTA_Self-adaptive_Optimal_Transport_for_Zero-Shot_Classification_with_Multiple_Foundation_CVPR_2026_paper,2026,1,SelfSupervised_Representation,SelfSupervised_Representation|Vision_Language_Multimodal|Transfer_FewShot_DomainAdaptation,23.0,0.391,SOTA: Self-adaptive Optimal Transport for Zero-Shot Classification with Multiple Foundation Models,Zhanxuan Hu; Qiyu Xu; Yu Duan; Yonghang Tai; Huafeng Li,5,26624-26634,True,https://openaccess.thecvf.com/content/CVPR2026/papers/Hu_SOTA_Self-adaptive_Optimal_Transport_for_Zero-Shot_Classification_with_Multiple_Foundation_CVPR_2026_paper.pdf,https://openaccess.thecvf.com/content/CVPR2026/supplemental/Hu_SOTA_Self-adaptive_Optimal_CVPR_2026_supplemental.pdf,https://openaccess.thecvf.com/content/CVPR2026/html/Hu_SOTA_Self-adaptive_Optimal_Transport_for_Zero-Shot_Classification_with_Multiple_Foundation_CVPR_2026_paper.html,"Foundation models have attracted widespread attention across domains due to their powerful zero-shot classification capabilities. This work is motivated by two key observations: (1) Vision-Language Models (VLMs), such as CLIP, often over-rely on class-level textual priors and struggle to capture fine-grained visual cues, whereas Vision-only Foundation Models (VFMs), such as DINO, provide rich and discriminative visual features but lack semantic alignment; (2) the performance of different VLMs varies considerably across datasets owing to differences in pre-training. To address these challenges, we propose SOTA (Self-adaptive Optimal TrAnsport), a training-free ensemble framework that integrates the outputs of multiple foundation models (VFMs or VLMs) by learning a self-adaptive transport plan. Notably, SOTA is prior-free and automatically balances model contributions. Extensive experiments across diverse domains, including natural images, medical pathology, and remote sensing, validate the generalizability of SOTA. The results consistently show that it effectively leverages the complementary strengths of different foundation models and achieves substantial improvements over individual models. The implementation code is available at: https://github.com/Afleve/self-adaptive-Optimal-Transport.","@InProceedings{Hu_2026_CVPR, author = {Hu, Zhanxuan and Xu, Qiyu and Duan, Yu and Tai, Yonghang and Li, Huafeng}, title = {SOTA: Self-adaptive Optimal Transport for Zero-Shot Classification with Multiple Foundation Models}, booktitle = {Proceedings of the IEEE/CVF Conference on Computer Vision and Pattern Recognition (CVPR)}, month = {June}, year = {2026}, pages = {26624-26634} }"
Zheng_Learning_to_Track_Instance_from_Single_Nature_Language_Description_CVPR_2026_paper,2026,0,Tracking_MOT,Tracking_MOT|SelfSupervised_Representation,12.0,0.25,Learning to Track Instance from Single Nature Language Description,Yaozong Zheng; Bineng Zhong; Qihua Liang; Shuimu Zeng; Haiying Xia; Shuxiang Song,6,20922-20931,True,https://openaccess.thecvf.com/content/CVPR2026/papers/Zheng_Learning_to_Track_Instance_from_Single_Nature_Language_Description_CVPR_2026_paper.pdf,,https://openaccess.thecvf.com/content/CVPR2026/html/Zheng_Learning_to_Track_Instance_from_Single_Nature_Language_Description_CVPR_2026_paper.html,"How to achieve vision-language (VL) tracking using natural language descriptions from a video sequence without relying on any bounding-box ground truth? In this work, we achieve this goal by tackling self-supervised VL tracking, which aims to evaluate tracking capabilities guided by natural language descriptions. We introduce \tracker, a novel self-supervised VL tracker that is capable of tracking any referred object by a language description. Unlike traditional methods that equally fuse all language and visual tokens, we propose an efficient Dynamic Token Aggregation Module, which treats each visual token unequally. The module consists of three main steps: i) Based on an anchor token, it selects multiple important target tokens from the template frame. ii) The selected target tokens are merged according to their attention scores and aggregated into the language tokens, thereby eliminating redundant visual token noise and enhancing semantic alignment. iii) Finally, the fused language tokens serve as guiding signals to extract potential target tokens from the search frame and propagate them to subsequent frames, enhancing temporal prompts and encouraging the tracker to autonomously learn instance tracking from unlabeled videos. This new modeling approach enables the effective self-supervised learning of language-guided tracking representations without the need for large-scale bounding box annotations. Extensive experiments on VL tracking benchmarks show that \tracker surpasses SOTA self-supervised methods.","@InProceedings{Zheng_2026_CVPR, author = {Zheng, Yaozong and Zhong, Bineng and Liang, Qihua and Zeng, Shuimu and Xia, Haiying and Song, Shuxiang}, title = {Learning to Track Instance from Single Nature Language Description}, booktitle = {Proceedings of the IEEE/CVF Conference on Computer Vision and Pattern Recognition (CVPR)}, month = {June}, year = {2026}, pages = {20922-20931} }"
He_SGDE_Self-supervised_Geometry_Degradation_Estimation_Framework_for_Coded_Aperture_Compressive_CVPR_2026_paper,2026,1,SelfSupervised_Representation,SelfSupervised_Representation|Medical_Bio_RemoteSensing|Trustworthy_Security_Privacy,15.0,0.6,SGDE: Self-supervised Geometry Degradation Estimation Framework for Coded Aperture Compressive Spectral Imaging,Yuqiao He; Xiaoyan Liu; Jianxu Mao; Yaonan Wang; Hui Zhang; Lizhu Liu; Yurong Chen; Wenbin He,8,34084-34094,True,https://openaccess.thecvf.com/content/CVPR2026/papers/He_SGDE_Self-supervised_Geometry_Degradation_Estimation_Framework_for_Coded_Aperture_Compressive_CVPR_2026_paper.pdf,https://openaccess.thecvf.com/content/CVPR2026/supplemental/He_SGDE_Self-supervised_Geometry_CVPR_2026_supplemental.pdf,https://openaccess.thecvf.com/content/CVPR2026/html/He_SGDE_Self-supervised_Geometry_Degradation_Estimation_Framework_for_Coded_Aperture_Compressive_CVPR_2026_paper.html,"Coded Aperture Snapshot Spectral Imaging (CASSI) has emerged as a prominent technique for efficient hyperspectral imaging. However, the tight coupling between physical encoding and computational decoding makes CASSI highly sensitive to slight hardware misalignments, which can significantly degrade reconstruction quality. Existing methods either assume ideal imaging conditions or rely on offline calibration, making them vulnerable to dynamic perturbations, such as thermal expansion and mechanical vibrations, which cause mask shifts. To address these limitations, we propose a Self-supervised Geometry Degradation Estimation (SGDE) framework that explicitly models mask misalignments as an affine transformation and embeds it into the imaging model. SGDE jointly estimates affine parameters and reconstructs the hyperspectral image in a self-supervised manner, eliminating the need for reference targets or device-specific training data. Furthermore, we introduce a multi-kernel estimation strategy to enhance the robustness of degradation estimation under large perturbations. Extensive experiments on both simulated and real-world datasets demonstrate that SGDE achieves superior robustness against mask misalignments. Moreover, the estimated affine parameters can be directly integrated into existing reconstruction algorithms, enabling plug-and-play degradation estimation for practical CASSI systems. The code is available at https://github.com/heyuqiao/SGDE.","@InProceedings{He_2026_CVPR, author = {He, Yuqiao and Liu, Xiaoyan and Mao, Jianxu and Wang, Yaonan and Zhang, Hui and Liu, Lizhu and Chen, Yurong and He, Wenbin}, title = {SGDE: Self-supervised Geometry Degradation Estimation Framework for Coded Aperture Compressive Spectral Imaging}, booktitle = {Proceedings of the IEEE/CVF Conference on Computer Vision and Pattern Recognition (CVPR)}, month = {June}, year = {2026}, pages = {34084-34094} }"
Huang_How_Much_3D_Do_Video_Foundation_Models_Encode_CVPR_2026_paper,2026,1,SelfSupervised_Representation,SelfSupervised_Representation|Video_Action_Recognition,12.0,0.333,How Much 3D Do Video Foundation Models Encode?,Zixuan Huang; Xiang Li; Zhaoyang Lv; James M. Rehg,4,384-394,True,https://openaccess.thecvf.com/content/CVPR2026/papers/Huang_How_Much_3D_Do_Video_Foundation_Models_Encode_CVPR_2026_paper.pdf,https://openaccess.thecvf.com/content/CVPR2026/supplemental/Huang_How_Much_3D_CVPR_2026_supplemental.pdf,https://openaccess.thecvf.com/content/CVPR2026/html/Huang_How_Much_3D_Do_Video_Foundation_Models_Encode_CVPR_2026_paper.html,"Videos are continuous 2D projections of 3D worlds. After training on large video data, will global 3D understanding naturally emerge? We study this by quantifying the 3D understanding of existing Video Foundation Models (VidFMs) pretrained on vast video data. We propose the first model-agnostic framework that measures the 3D awareness of various VidFMs by estimating multiple 3D properties from their features via shallow read-outs. Our study presents meaningful findings regarding the 3D awareness of VidFMs on multiple axes. In particular, we show that state-of-the-art video generation models exhibit a strong understanding of 3D objects and scenes, despite not being trained on any 3D data. Such understanding can even surpass that of large expert models specifically trained for 3D tasks. Our findings, together with the 3D benchmarking of major VidFMs, provide valuable observations for building scalable 3D models.","@InProceedings{Huang_2026_CVPR, author = {Huang, Zixuan and Li, Xiang and Lv, Zhaoyang and Rehg, James M.}, title = {How Much 3D Do Video Foundation Models Encode?}, booktitle = {Proceedings of the IEEE/CVF Conference on Computer Vision and Pattern Recognition (CVPR)}, month = {June}, year = {2026}, pages = {384-394} }"
Le_VisiLock_Authorizing_Instruction-based_Image_editing_with_Dual_Score_Distillation_CVPR_2026_paper,2026,0,Diffusion_Generative,Diffusion_Generative|SelfSupervised_Representation,8.0,0.25,VisiLock: Authorizing Instruction-based Image editing with Dual Score Distillation,Van Thanh Le; Yun Fu,2,15710-15718,True,https://openaccess.thecvf.com/content/CVPR2026/papers/Le_VisiLock_Authorizing_Instruction-based_Image_editing_with_Dual_Score_Distillation_CVPR_2026_paper.pdf,https://openaccess.thecvf.com/content/CVPR2026/supplemental/Le_VisiLock_Authorizing_Instruction-based_CVPR_2026_supplemental.zip,https://openaccess.thecvf.com/content/CVPR2026/html/Le_VisiLock_Authorizing_Instruction-based_Image_editing_with_Dual_Score_Distillation_CVPR_2026_paper.html,"While open-sourcing instruction-guided image editing models accelerates research, it surrenders control over their capabilities to anyone who downloads the weights. Existing protection methods are reactive: they verify ownership after generation, but the underlying model remains fully functional for unauthorized users. We introduce Visilock, where access control is baked into model weights, rendering the model unusable without a visual trigger in the input. The challenge is training a model that retains editing capability for authorized input and remains unusable for unauthorized input, without destabilizing training. Naive multi-task objectives create gradient conflicts that collapse training, while contrastive approaches like FMLock destroy the denoising manifold. We develop Dual Score Distillation, a dual-teacher framework where a degraded teacher defines locked behavior and an original teacher guides editing quality, eliminating gradient interference through separate frozen targets. A key risk is that released models could be unlocked through post-hoc fine-tuning. To prevent this, we initialize the student model from the degraded teacher so that it begins in a locked state, and only regains editing ability for authorized inputs via distillation. This impedes adversarial fine-tuning from recovering full editing capability. Evaluation on InstructPix2Pix shows authorized edits maintain baseline quality (CLIP-I: 0.821, DINO: 0.726) while unauthorized attempts degrade substantially (CLIP-I: 0.481, DINO: 0.072) with 41% and 90% drops in image and semantic similarity. The lock remains robust to key corruptions, spatial perturbations, and adversarial unlock fine-tuning. Code will be available at https://github.com/Luvata/VisiLock.","@InProceedings{Le_2026_CVPR, author = {Le, Van Thanh and Fu, Yun}, title = {VisiLock: Authorizing Instruction-based Image editing with Dual Score Distillation}, booktitle = {Proceedings of the IEEE/CVF Conference on Computer Vision and Pattern Recognition (CVPR)}, month = {June}, year = {2026}, pages = {15710-15718} }"
Zhang_Stabilizing_Feature_Geometry_in_Noisy_Pretrained_Models_for_Robust_Downstream_CVPR_2026_paper,2026,1,SelfSupervised_Representation,SelfSupervised_Representation,6.0,1.0,Stabilizing Feature Geometry in Noisy Pretrained Models for Robust Downstream Tasks,Quanyu Zhang; Zhongyi Han; Hao Sun; Yongshun Gong; Xiaoyan Wang; Yilong Yin; Shuo Li,7,789-800,True,https://openaccess.thecvf.com/content/CVPR2026/papers/Zhang_Stabilizing_Feature_Geometry_in_Noisy_Pretrained_Models_for_Robust_Downstream_CVPR_2026_paper.pdf,https://openaccess.thecvf.com/content/CVPR2026/supplemental/Zhang_Stabilizing_Feature_Geometry_CVPR_2026_supplemental.pdf,https://openaccess.thecvf.com/content/CVPR2026/html/Zhang_Stabilizing_Feature_Geometry_in_Noisy_Pretrained_Models_for_Robust_Downstream_CVPR_2026_paper.html,"Pretraining on large-scale data followed by fine-tuning has become a standard paradigm for visual models. However, noise in the pretraining data can be absorbed by the model and carried into downstream tasks, causing catastrophic inheritance. Prior studies mainly link this issue to changes in the feature spectrum, arguing that noise reduces the strength of key feature components. Following this view, they aim to improve transferability by amplifying these components. However, these approaches focus only on spectral energy and implicitly assume that the feature directions remain fixed, which does not hold in practice. In this work, we revisit this view and reveal an overlooked effect: even mild pretraining noise can cause a clear rotation of the dominant feature subspace, despite negligible spectral energy degradation. To quantitatively characterize this phenomenon, we propose using the Principal Directional Angle (PDA) to measure the directional shift between the clean and noisy models. Building on this observation, we introduce the Feature Geometry Stabilization (FGS) framework, which aims to counteract the subspace rotation revealed by PDA by enhancing the geometric stability of the feature space through the synergistic interaction of perturbation consistency, variance-activation regularization, and feature consistency distillation. Experiments across multiple visual benchmarks demonstrate the effectiveness of FGS and verify the importance of stabilizing feature geometry to mitigate catastrophic inheritance.","@InProceedings{Zhang_2026_CVPR, author = {Zhang, Quanyu and Han, Zhongyi and Sun, Hao and Gong, Yongshun and Wang, Xiaoyan and Yin, Yilong and Li, Shuo}, title = {Stabilizing Feature Geometry in Noisy Pretrained Models for Robust Downstream Tasks}, booktitle = {Proceedings of the IEEE/CVF Conference on Computer Vision and Pattern Recognition (CVPR)}, month = {June}, year = {2026}, pages = {789-800} }"
Nie_MOON2.0_Dynamic_Modality-balanced_Multimodal_Representation_Learning_for_E-commerce_Product_Understanding_CVPR_2026_paper,2026,0,Vision_Language_Multimodal,Vision_Language_Multimodal|SelfSupervised_Representation|LLM_Reasoning_Agent,17.0,0.412,MOON2.0: Dynamic Modality-balanced Multimodal Representation Learning for E-commerce Product Understanding,Zhanheng Nie; Chenghan Fu; Daoze Zhang; Junxian Wu; Wanxian Guan; Pengjie Wang; Jian Xu; Bo Zheng,8,22975-22985,True,https://openaccess.thecvf.com/content/CVPR2026/papers/Nie_MOON2.0_Dynamic_Modality-balanced_Multimodal_Representation_Learning_for_E-commerce_Product_Understanding_CVPR_2026_paper.pdf,https://openaccess.thecvf.com/content/CVPR2026/supplemental/Nie_MOON2.0_Dynamic_Modality-balanced_CVPR_2026_supplemental.pdf,https://openaccess.thecvf.com/content/CVPR2026/html/Nie_MOON2.0_Dynamic_Modality-balanced_Multimodal_Representation_Learning_for_E-commerce_Product_Understanding_CVPR_2026_paper.html,"Recent Multimodal Large Language Models (MLLMs) have significantly advanced e-commerce product understanding. However, they still face three challenges: (i) the modality imbalance induced by modality mixed training; (ii) underutilization of the intrinsic alignment relationships among visual and textual information within a product; and (iii) limited handling of noise in e-commerce multimodal data. To address these, we propose MOON2.0, a dynamic modality-balanced MultimOdal representation learning framework for e-commerce prOduct uNderstanding. It comprises: (1) a Modality-driven Mixture-of-Experts (MoE) that adaptively processes input samples by their modality composition, enabling Multimodal Joint Learning to mitigate the modality imbalance; (2) a Dual-level Alignment method to better leverage semantic alignment properties inside individual products; and (3) an MLLM-based Image-text Co-augmentation strategy that integrates textual enrichment with visual expansion, coupled with Dynamic Sample Filtering to improve training data quality. We further release MBE2.0, a co-augmented Multimodal representation Benchmark for E-commerce representation learning and evaluation at https://huggingface.co/datasets/ZHNie/MBE2.0. Experiments show that MOON2.0 delivers state-of-the-art zero-shot performance on MBE2.0 and multiple public datasets. Furthermore, attention-based heatmap visualization provides qualitative evidence of improved multimodal alignment of MOON2.0.","@InProceedings{Nie_2026_CVPR, author = {Nie, Zhanheng and Fu, Chenghan and Zhang, Daoze and Wu, Junxian and Guan, Wanxian and Wang, Pengjie and Xu, Jian and Zheng, Bo}, title = {MOON2.0: Dynamic Modality-balanced Multimodal Representation Learning for E-commerce Product Understanding}, booktitle = {Proceedings of the IEEE/CVF Conference on Computer Vision and Pattern Recognition (CVPR)}, month = {June}, year = {2026}, pages = {22975-22985} }"
Mo_ORSATR-X_A_Foundation_Model_based_on_Differential-and-Excitation_Networks_for_Optical_CVPR_2026_paper,2026,1,SelfSupervised_Representation,SelfSupervised_Representation|Medical_Bio_RemoteSensing|Recognition_Classification,25.0,0.4,ORSATR-X: A Foundation Model based on Differential-and-Excitation Networks for Optical Remote Sensing Object Recognition,Canyu Mo; Yongxiang Liu; Jiehua Zhang; Zilong Yu; Zhen Liu; Tianpeng Liu; Li Liu,7,27849-27860,True,https://openaccess.thecvf.com/content/CVPR2026/papers/Mo_ORSATR-X_A_Foundation_Model_based_on_Differential-and-Excitation_Networks_for_Optical_CVPR_2026_paper.pdf,https://openaccess.thecvf.com/content/CVPR2026/supplemental/Mo_ORSATR-X_A_Foundation_CVPR_2026_supplemental.pdf,https://openaccess.thecvf.com/content/CVPR2026/html/Mo_ORSATR-X_A_Foundation_Model_based_on_Differential-and-Excitation_Networks_for_Optical_CVPR_2026_paper.html,"Recent advances in Remote Sensing Foundation Models (RSFMs) have demonstrated considerable potential for Earth Observation (EO) tasks. While adopting natural image foundation models (e.g., DINO) provides a data-efficient strategy for building RSFMs, their strong generalization capability does not fully transfer to complex remote sensing (RS) scenarios due to severe background interference, notably in perceiving challenging targets like low-contrast objects. To this end, we propose ORSATR-X, a novel RSFM that effectively integrates the generalizable representations of DINOv3 with a dedicated mechanism for exciting local contrast information. ORSATR-X comprises two core components: (1) a DINOv3 encoder, which provides rich feature representation under limited RS pre-training data, and (2) a carefully designed side network incorporating a Weber Local Adapter (WLA) and a Multi-scale Aggregation Module (MSAM). The WLA enhances discriminability of low-contrast boundaries in complex scenes through center-surround contrast and directional gradient information enhancement, while the MSAM handles inherent object scale variations in RS imagery by adaptive aggregation of features across multiple scales. Furthermore, we pre-train the side network using an efficient self-supervised distillation strategy. Extensive experiments on scene classification, object detection, and semantic segmentation demonstrate that ORSATR-X achieves state-of-the-art performance among existing RSFMs, demonstrating the effectiveness of our design.","@InProceedings{Mo_2026_CVPR, author = {Mo, Canyu and Liu, Yongxiang and Zhang, Jiehua and Yu, Zilong and Liu, Zhen and Liu, Tianpeng and Liu, Li}, title = {ORSATR-X: A Foundation Model based on Differential-and-Excitation Networks for Optical Remote Sensing Object Recognition}, booktitle = {Proceedings of the IEEE/CVF Conference on Computer Vision and Pattern Recognition (CVPR)}, month = {June}, year = {2026}, pages = {27849-27860} }"
Cao_OccAny_Generalized_Unconstrained_Urban_3D_Occupancy_CVPR_2026_paper,2026,0,Autonomous_Driving,Autonomous_Driving|SelfSupervised_Representation,6.0,0.0,OccAny: Generalized Unconstrained Urban 3D Occupancy,Anh-Quan Cao; Tuan-Hung Vu,2,28599-28609,True,https://openaccess.thecvf.com/content/CVPR2026/papers/Cao_OccAny_Generalized_Unconstrained_Urban_3D_Occupancy_CVPR_2026_paper.pdf,https://openaccess.thecvf.com/content/CVPR2026/supplemental/Cao_OccAny_Generalized_Unconstrained_CVPR_2026_supplemental.pdf,https://openaccess.thecvf.com/content/CVPR2026/html/Cao_OccAny_Generalized_Unconstrained_Urban_3D_Occupancy_CVPR_2026_paper.html,"Relying on in-domain annotations and precise sensor-rig priors, existing 3D occupancy prediction methods are limited in both scalability and out-of-domain generalization. While recent visual geometry foundation models exhibit strong generalization capabilities, they were mainly designed for general purposes and lack one or more key ingredients required for urban occupancy prediction, namely metric prediction, geometry completion in cluttered scenes and adaptation to urban scenarios. We address this gap and present OccAny, the first unconstrained urban 3D occupancy model capable of operating on out-of-domain uncalibrated scenes to predict and complete metric occupancy coupled with segmentation features. is versatile and can predict occupancy from sequential, monocular, or surround-view images. Our contributions are three-fold: (i) we propose the first generalized 3D occupancy framework with (ii)Segmentation Forcing that improves occupancy quality while enabling mask-level prediction, and (iii) a Novel View Rendering pipeline that infers novel-view geometry to enable test-time view augmentation for geometry completion. Extensive experiments demonstrate that OccAny outperforms all visual geometry baselines on 3D occupancy prediction task, while remaining competitive with in-domain self-supervised methods across three input settings on two established urban occupancy prediction datasets. Our code is available at https://github.com/valeoai/OccAny .","@InProceedings{Cao_2026_CVPR, author = {Cao, Anh-Quan and Vu, Tuan-Hung}, title = {OccAny: Generalized Unconstrained Urban 3D Occupancy}, booktitle = {Proceedings of the IEEE/CVF Conference on Computer Vision and Pattern Recognition (CVPR)}, month = {June}, year = {2026}, pages = {28599-28609} }"
Zhang_MedKCO_Medical_Vision-Language_Pretraining_via_Knowledge-Driven_Cognitive_Orchestration_CVPR_2026_paper,2026,0,Vision_Language_Multimodal,Vision_Language_Multimodal|SelfSupervised_Representation,18.0,0.333,MedKCO: Medical Vision-Language Pretraining via Knowledge-Driven Cognitive Orchestration,Chenran Zhang; Ruiqi Wu; Tao Zhou; Yi Zhou,4,35260-35269,True,https://openaccess.thecvf.com/content/CVPR2026/papers/Zhang_MedKCO_Medical_Vision-Language_Pretraining_via_Knowledge-Driven_Cognitive_Orchestration_CVPR_2026_paper.pdf,https://openaccess.thecvf.com/content/CVPR2026/supplemental/Zhang_MedKCO_Medical_Vision-Language_CVPR_2026_supplemental.pdf,https://openaccess.thecvf.com/content/CVPR2026/html/Zhang_MedKCO_Medical_Vision-Language_Pretraining_via_Knowledge-Driven_Cognitive_Orchestration_CVPR_2026_paper.html,"Medical vision-language pretraining (VLP) models have recently been investigated for their generalization to diverse downstream tasks. However, current medical VLP methods typically force the model to learn simple and complex concepts simultaneously. This anti-cognitive process leads to suboptimal feature representations, especially under distribution shift. To address this limitation, we propose a Knowledge-driven Cognitive Orchestration for Medical VLP (MedKCO) that involves both the ordering of the pretraining data and the learning objective of vision-language contrast. Specifically, we design a two level curriculum by incorporating diagnostic sensitivity and intra-class sample representativeness for the ordering of the pretraining data. Moreover, considering the inter-class similarity of medical images, we introduce a self-paced asymmetric contrastive loss to dynamically adjust the participation of the pretraining objective. We evaluate the proposed pretraining method on three medical imaging scenarios in multiple vision-language downstream tasks, and compare it with several curriculum learning methods. Extensive experiments show that our method significantly surpasses all baselines. https://github.com/Mr-Talon/MedKCO.","@InProceedings{Zhang_2026_CVPR, author = {Zhang, Chenran and Wu, Ruiqi and Zhou, Tao and Zhou, Yi}, title = {MedKCO: Medical Vision-Language Pretraining via Knowledge-Driven Cognitive Orchestration}, booktitle = {Proceedings of the IEEE/CVF Conference on Computer Vision and Pattern Recognition (CVPR)}, month = {June}, year = {2026}, pages = {35260-35269} }"
Gao_Diffusion-Based_Makeup_Transfer_with_Facial_Region-Aware_Makeup_Features_CVPR_2026_paper,2026,0,Face_Biometrics,Face_Biometrics|SelfSupervised_Representation|Vision_Language_Multimodal,18.0,0.333,Diffusion-Based Makeup Transfer with Facial Region-Aware Makeup Features,Zheng Gao; Debin Meng; Yunqi Miao; Zhensong Zhang; Songcen Xu; Ioannis Patras; Jifei Song,7,4656-4666,True,https://openaccess.thecvf.com/content/CVPR2026/papers/Gao_Diffusion-Based_Makeup_Transfer_with_Facial_Region-Aware_Makeup_Features_CVPR_2026_paper.pdf,https://openaccess.thecvf.com/content/CVPR2026/supplemental/Gao_Diffusion-Based_Makeup_Transfer_CVPR_2026_supplemental.pdf,https://openaccess.thecvf.com/content/CVPR2026/html/Gao_Diffusion-Based_Makeup_Transfer_with_Facial_Region-Aware_Makeup_Features_CVPR_2026_paper.html,"Current diffusion-based makeup transfer methods commonly use the makeup information encoded by off-the-shelf foundation models (e.g., CLIP) as condition to preserve the makeup style of reference image in the generation. Although effective, these works mainly have two limitations: (1) foundation models pre-trained for generic tasks struggle to capture makeup styles; (2) the makeup features of reference image are injected to the diffusion denoising model as a whole for global makeup transfer, overlooking the facial region-aware makeup features (i.e., eyes, mouth, etc) and limiting the regional controllability for region-specific makeup transfer. To address these, in this work, we propose Facial Region-Aware Makeup features (FRAM), which has two stages: (1) makeup CLIP fine-tuning; (2) identity and facial region-aware makeup injection. For makeup CLIP fine-tuning, unlike prior works using off-the-shelf CLIP, we synthesize annotated makeup style data using GPT-o3 and text-driven image editing model, and then use the data to train a makeup CLIP encoder through self-supervised and image-text contrastive learning. For identity and facial region-aware makeup injection, we construct before-and-after makeup image pairs from the edited images in stage 1 and then use them to learn to inject identity of source image and makeup of reference image to the diffusion denoising model for makeup transfer. Specifically, we use learnable tokens to query the makeup CLIP encoder to extract facial region-aware makeup features for makeup injection, which is learned via an attention loss to enable regional control. As for identity injection, we use a ControlNet Union to encode source image and its 3D mesh simultaneously. The experimental results verify the superiority of our regional controllability and our makeup transfer performance.","@InProceedings{Gao_2026_CVPR, author = {Gao, Zheng and Meng, Debin and Miao, Yunqi and Zhang, Zhensong and Xu, Songcen and Patras, Ioannis and Song, Jifei}, title = {Diffusion-Based Makeup Transfer with Facial Region-Aware Makeup Features}, booktitle = {Proceedings of the IEEE/CVF Conference on Computer Vision and Pattern Recognition (CVPR)}, month = {June}, year = {2026}, pages = {4656-4666} }"
Mi_Making_the_Classification_Explanation_Faithful_to_the_Confidence_Score_CVPR_2026_paper,2026,1,SelfSupervised_Representation,SelfSupervised_Representation,3.0,0.333,Making the Classification Explanation Faithful to the Confidence Score,Jian-Xun Mi; Lu Pan; Weisheng Li,3,38959-38968,True,https://openaccess.thecvf.com/content/CVPR2026/papers/Mi_Making_the_Classification_Explanation_Faithful_to_the_Confidence_Score_CVPR_2026_paper.pdf,https://openaccess.thecvf.com/content/CVPR2026/supplemental/Mi_Making_the_Classification_CVPR_2026_supplemental.pdf,https://openaccess.thecvf.com/content/CVPR2026/html/Mi_Making_the_Classification_Explanation_Faithful_to_the_Confidence_Score_CVPR_2026_paper.html,"Deep Neural Networks (DNNs) have revolutionized numerous industries, yet their decision-making processes remain largely opaque. Most existing explanation methods visualize the importance of image regions that influence a classifier's decisions, but they predominantly focus on identifying regions with positive contributions, often overlooking those with negative impacts. In this paper, we introduce a novel black-box explanation method, the Metropolis-Hastings Explainer (MHE), designed to provide confidence-faithful explanations. MHE enhances the fidelity of explanations by ensuring that the explained regions closely align with the original confidence score, sampling instances that best match the classifier's confidence. Furthermore, MHE improves sampling efficiency by utilizing existing valid samples to explore more potential valid ones, reducing computational overhead. To enhance the clarity of explanations, MHE prioritizes valid samples with smaller areas when other factors are equal, thereby reducing the explanation area. Building upon the MHE framework, we propose two extensions: MHE-e, which focuses exclusively on regions with positive contributions, and MHE-pro, which refines explanation quality by integrating multi-scale information. MHE-pro progressively regions, optimizing both sampling efficiency and explanation quality. Experimental results demonstrate that MHE delivers superior and stable explanation quality across various models, including ResNet50, VGG16, ViT, DINO, and CLIP, on datasets such as ImageNet, CUB-200-2011, and VOC2012, providing explanations that closely approximate the original classification confidence.","@InProceedings{Mi_2026_CVPR, author = {Mi, Jian-Xun and Pan, Lu and Li, Weisheng}, title = {Making the Classification Explanation Faithful to the Confidence Score}, booktitle = {Proceedings of the IEEE/CVF Conference on Computer Vision and Pattern Recognition (CVPR)}, month = {June}, year = {2026}, pages = {38959-38968} }"
Lee_Beyond_Whats_Shared_Recovering_Lost_Unique_Information_from_Intermediate_Layers_CVPR_2026_paper,2026,1,SelfSupervised_Representation,SelfSupervised_Representation|Vision_Language_Multimodal,15.0,0.333,Beyond What's Shared: Recovering Lost Unique Information from Intermediate Layers to Boost Multimodal Geo-Foundation Models,JangHyeon Lee; Philipe Ambrozio Dias; Yao-Yi Chiang; Dalton Lunga,4,1585-1595,True,https://openaccess.thecvf.com/content/CVPR2026/papers/Lee_Beyond_Whats_Shared_Recovering_Lost_Unique_Information_from_Intermediate_Layers_CVPR_2026_paper.pdf,https://openaccess.thecvf.com/content/CVPR2026/supplemental/Lee_Beyond_Whats_Shared_CVPR_2026_supplemental.pdf,https://openaccess.thecvf.com/content/CVPR2026/html/Lee_Beyond_Whats_Shared_Recovering_Lost_Unique_Information_from_Intermediate_Layers_CVPR_2026_paper.html,"Learning general-purpose representations of geographic locations has become essential to geospatial tasks such as population estimation and environmental monitoring. To obtain such representations, multimodal geo-foundation models often use contrastive learning (CL) to align satellite imagery with geo-coordinates, implicitly assuming that cross-modal (shared) information suffices for downstream tasks. However, given the breadth of tasks, task-relevant information may lie beyond the shared space, so retaining modality-specific (unique) features can improve task performance. Prior methods retain unique information through extra training objectives or external models, increasing training complexity. Motivated by the conventional wisdom that earlier layers capture general input features while later layers become task-specific, we hypothesize that intermediate layers in CL models retain more modality-specific structure than the alignment-optimized final layer. Through a trifecta layerwise analysis of modality gap, representation similarity, and mutual information, we validate this trend and find that fusing intermediate (more unique) and final (more shared) representations yields consistent gains on diverse geospatial tasks. Our findings reveal underutilized information diversity in CL models and show that simple layerwise fusion is an efficient path to richer geo-embeddings.","@InProceedings{Lee_2026_CVPR, author = {Lee, JangHyeon and Dias, Philipe Ambrozio and Chiang, Yao-Yi and Lunga, Dalton}, title = {Beyond What's Shared: Recovering Lost Unique Information from Intermediate Layers to Boost Multimodal Geo-Foundation Models}, booktitle = {Proceedings of the IEEE/CVF Conference on Computer Vision and Pattern Recognition (CVPR)}, month = {June}, year = {2026}, pages = {1585-1595} }"
Magne_NitroGen_An_Open_Foundation_Model_for_Generalist_Gaming_Agents_CVPR_2026_paper,2026,1,SelfSupervised_Representation,SelfSupervised_Representation|Embodied_AI_Robotics|LLM_Reasoning_Agent,14.0,0.143,NitroGen: An Open Foundation Model for Generalist Gaming Agents,Loïc Magne; Anas Awadalla; Guanzhi Wang; Yinzhen Xu; Joshua Belofsky; Fengyuan Hu; Joohwan Kim; Ludwig Schmidt; Georgia Gkioxari; Jan Kautz; Yisong Yue; Yejin Choi; Yuke Zhu; Linxi Fan,14,21511-21521,True,https://openaccess.thecvf.com/content/CVPR2026/papers/Magne_NitroGen_An_Open_Foundation_Model_for_Generalist_Gaming_Agents_CVPR_2026_paper.pdf,https://openaccess.thecvf.com/content/CVPR2026/supplemental/Magne_NitroGen_An_Open_CVPR_2026_supplemental.pdf,https://openaccess.thecvf.com/content/CVPR2026/html/Magne_NitroGen_An_Open_Foundation_Model_for_Generalist_Gaming_Agents_CVPR_2026_paper.html,"We introduce NitroGen, a vision-action foundation model for generalist gaming agents that is trained on 40,000 hours of gameplay videos across more than 1,000 games. We scale embodied agents through three key ingredients: 1) an internet-scale video-action dataset constructed by automatically extracting player actions from publicly available gameplay videos, 2) a multi-game benchmark environment that can measure cross-game generalization, and 3) a unified vision-action model trained with large-scale behavior cloning. NitroGen exhibits competence across diverse domains, including combat encounters in 3D action games, high-precision control in 2D platformers, and exploration in procedurally generated worlds. When fine-tuned, pre-training transfers effectively to unseen games, achieving up to 52% relative improvement in task success rates over models trained from scratch. We release the dataset, evaluation suite, and model weights to advance research on generalist embodied agents.","@InProceedings{Magne_2026_CVPR, author = {Magne, Lo{\""\i}c and Awadalla, Anas and Wang, Guanzhi and Xu, Yinzhen and Belofsky, Joshua and Hu, Fengyuan and Kim, Joohwan and Schmidt, Ludwig and Gkioxari, Georgia and Kautz, Jan and Yue, Yisong and Choi, Yejin and Zhu, Yuke and Fan, Linxi}, title = {NitroGen: An Open Foundation Model for Generalist Gaming Agents}, booktitle = {Proceedings of the IEEE/CVF Conference on Computer Vision and Pattern Recognition (CVPR)}, month = {June}, year = {2026}, pages = {21511-21521} }"
Xie_FINE_Factorizing_Knowledge_for_Initialization_of_Variable-sized_Diffusion_Models_CVPR_2026_paper,2026,0,Diffusion_Generative,Diffusion_Generative|SelfSupervised_Representation,12.0,0.5,FINE: Factorizing Knowledge for Initialization of Variable-sized Diffusion Models,Yucheng Xie; Fu Feng; Ruixiao Shi; Jianlu Shen; Jing Wang; Yong Rui; Xin Geng,7,42018-42028,True,https://openaccess.thecvf.com/content/CVPR2026/papers/Xie_FINE_Factorizing_Knowledge_for_Initialization_of_Variable-sized_Diffusion_Models_CVPR_2026_paper.pdf,https://openaccess.thecvf.com/content/CVPR2026/supplemental/Xie_FINE_Factorizing_Knowledge_CVPR_2026_supplemental.pdf,https://openaccess.thecvf.com/content/CVPR2026/html/Xie_FINE_Factorizing_Knowledge_for_Initialization_of_Variable-sized_Diffusion_Models_CVPR_2026_paper.html,"The training of diffusion models is computationally intensive, making effective pre-training essential. However, real-world deployments often demand models of variable sizes due to diverse memory and computational constraints, posing challenges when corresponding pre-trained versions are unavailable.To address this, we propose FINE, a novel pre-training method whose resulting model can flexibly factorize its knowledge into fundamental components, termed learngenes, enabling direct initialization of models of various sizes and eliminating the need for repeated pre-training.Rather than optimizing a conventional full-parameter model, FINE represents each layer's weights as the product of U_ \star , \Sigma_ \star ^ (l) , and V_ \star ^\top, where U_ \star and V_ \star serve as size-agnostic learngenes shared across layers, while \Sigma_ \star ^ (l) remains layer-specific.By jointly training these components, FINE forms a decomposable and transferable knowledge structure that allows efficient initialization through flexible recombination of learngenes, requiring only light retraining of \Sigma_ \star ^ (l) on limited data.Extensive experiments demonstrate the efficiency of FINE, achieving state-of-the-art performance in initializing variable-sized models across diverse resource-constrained deployments. Furthermore, models initialized by FINE effectively adapt to diverse tasks, showcasing the task-agnostic versatility of learngenes.","@InProceedings{Xie_2026_CVPR, author = {Xie, Yucheng and Feng, Fu and Shi, Ruixiao and Shen, Jianlu and Wang, Jing and Rui, Yong and Geng, Xin}, title = {FINE: Factorizing Knowledge for Initialization of Variable-sized Diffusion Models}, booktitle = {Proceedings of the IEEE/CVF Conference on Computer Vision and Pattern Recognition (CVPR)}, month = {June}, year = {2026}, pages = {42018-42028} }"
Sun_NESTOR_A_Nested_MOE-based_Neural_Operator_for_Large-Scale_PDE_Pre-Training_CVPR_2026_paper,2026,1,SelfSupervised_Representation,SelfSupervised_Representation,10.0,1.0,NESTOR: A Nested MOE-based Neural Operator for Large-Scale PDE Pre-Training,Dengdi Sun; Xiaoya Zhou; Xiao Wang; Hao Si; Wanli Lyu; Jin Tang; Bin Luo,7,6147-6156,True,https://openaccess.thecvf.com/content/CVPR2026/papers/Sun_NESTOR_A_Nested_MOE-based_Neural_Operator_for_Large-Scale_PDE_Pre-Training_CVPR_2026_paper.pdf,https://openaccess.thecvf.com/content/CVPR2026/supplemental/Sun_NESTOR_A_Nested_CVPR_2026_supplemental.pdf,https://openaccess.thecvf.com/content/CVPR2026/html/Sun_NESTOR_A_Nested_MOE-based_Neural_Operator_for_Large-Scale_PDE_Pre-Training_CVPR_2026_paper.html,"Neural operators have emerged as an efficient paradigm for solving PDEs, overcoming the limitations of traditional numerical methods and significantly improving computational efficiency. However, due to the diversity and complexity of PDE systems, existing neural operators typically rely on a single network architecture, which limits their capacity to fully capture heterogeneous features and complex system dependencies. This constraint poses a bottleneck for large-scale PDE pre-training based on neural operators. To address these challenges, we propose a large-scale PDE pre-trained neural operator based on a nested Mixture-of-Experts (MoE) framework. In particular, the image-level MoE is designed to capture global dependencies, while the token-level Sub-MoE focuses on local dependencies. Our model can selectively activate the most suitable expert networks for a given input, thereby enhancing generalization and transferability. We conduct large-scale pre-training on twelve PDE datasets from diverse sources and successfully transfer the model to downstream tasks. Extensive experiments demonstrate the effectiveness of our approach. The code is publicly available at: https://github.com/Event-AHU/OpenFusion/tree/main/NESTOR.","@InProceedings{Sun_2026_CVPR, author = {Sun, Dengdi and Zhou, Xiaoya and Wang, Xiao and Si, Hao and Lyu, Wanli and Tang, Jin and Luo, Bin}, title = {NESTOR: A Nested MOE-based Neural Operator for Large-Scale PDE Pre-Training}, booktitle = {Proceedings of the IEEE/CVF Conference on Computer Vision and Pattern Recognition (CVPR)}, month = {June}, year = {2026}, pages = {6147-6156} }"
Jia_CoD_A_Diffusion_Foundation_Model_for_Image_Compression_CVPR_2026_paper,2026,1,SelfSupervised_Representation,SelfSupervised_Representation|Diffusion_Generative,18.0,0.222,CoD: A Diffusion Foundation Model for Image Compression,Zhaoyang Jia; Zihan Zheng; Naifu Xue; Jiahao Li; Bin Li; Zongyu Guo; Xiaoyi Zhang; Houqiang Li; Yan Lu,9,38420-38429,True,https://openaccess.thecvf.com/content/CVPR2026/papers/Jia_CoD_A_Diffusion_Foundation_Model_for_Image_Compression_CVPR_2026_paper.pdf,https://openaccess.thecvf.com/content/CVPR2026/supplemental/Jia_CoD_A_Diffusion_CVPR_2026_supplemental.pdf,https://openaccess.thecvf.com/content/CVPR2026/html/Jia_CoD_A_Diffusion_Foundation_Model_for_Image_Compression_CVPR_2026_paper.html,"Existing diffusion codecs typically build on text-to-image diffusion foundation models like Stable Diffusion.However, text conditioning is suboptimal from a compression perspective, hindering the potential of downstream diffusion codecs, particularly at ultra-low bitrates.To address it, we introduce CoD, the first Compression-oriented Diffusion foundation model, trained from scratch to enable end-to-end optimization of both compression and generation. CoD is not a fixed codec but a general foundation model designed for various diffusion-based codecs.It offers several advantages: High compression efficiency, replacing Stable Diffusion with CoD in downstream codecs like DiffC achieves SOTA results, especially at ultra-low bitrates (e.g., 0.0039 bpp); Low-cost and reproducible training, 300x faster training than Stable Diffusion ( 20 vs. 6,250 A100 GPU days) on entirely open image-only datasets; Providing new insights, e.g., We find pixel-space diffusion can achieve VTM-level PSNR with high perceptual quality and can outperform GAN-based codecs using fewer parameters.We hope CoD lays the foundation for future diffusion codec research. Codes are released at https://github.com/microsoft/GenCodec/tree/main/CoD.","@InProceedings{Jia_2026_CVPR, author = {Jia, Zhaoyang and Zheng, Zihan and Xue, Naifu and Li, Jiahao and Li, Bin and Guo, Zongyu and Zhang, Xiaoyi and Li, Houqiang and Lu, Yan}, title = {CoD: A Diffusion Foundation Model for Image Compression}, booktitle = {Proceedings of the IEEE/CVF Conference on Computer Vision and Pattern Recognition (CVPR)}, month = {June}, year = {2026}, pages = {38420-38429} }"
Zhang_MaskFocus_Focusing_Policy_Optimization_on_Critical_Steps_for_Masked_Image_CVPR_2026_paper,2026,0,Diffusion_Generative,Diffusion_Generative|SelfSupervised_Representation,13.0,0.308,MaskFocus: Focusing Policy Optimization on Critical Steps for Masked Image Generation,Guohui Zhang; Hu Yu; Xiaoxiao Ma; Yaning Pan; Hang Xu; Jie Huang; Feng Zhao,7,5956-5966,True,https://openaccess.thecvf.com/content/CVPR2026/papers/Zhang_MaskFocus_Focusing_Policy_Optimization_on_Critical_Steps_for_Masked_Image_CVPR_2026_paper.pdf,https://openaccess.thecvf.com/content/CVPR2026/supplemental/Zhang_MaskFocus_Focusing_Policy_CVPR_2026_supplemental.pdf,https://openaccess.thecvf.com/content/CVPR2026/html/Zhang_MaskFocus_Focusing_Policy_Optimization_on_Critical_Steps_for_Masked_Image_CVPR_2026_paper.html,"Reinforcement learning (RL) has demonstrated significant potential for post-training language models and autoregressive visual generative models, but adapting RL to masked generative models (MGMs) remains challenging. The core factor is that policy optimization requires the probability likelihood of each step due to its multi-step iteration process. This reliance on entire sampling trajectories introduces high computational cost, whereas natively optimizing random steps often yields suboptimal results. In this paper, we present MaskFocus, a novel RL framework that achieves effective policy optimization for MGMs by focusing on critical steps. Specifically, we determine the step-level information gain by measuring the similarity between the intermediate images at each sampling step and the final generated image. Crucially, we leverage this to identify the most critical and valuable steps and execute policy optimization on them. Furthermore, we design a dynamic routing sampling based on entropy to encourage the model to explore more valuable masking strategies. Extensive experiments on multiple Text-to-Image benchmarks validate the effectiveness of our method.","@InProceedings{Zhang_2026_CVPR, author = {Zhang, Guohui and Yu, Hu and Ma, Xiaoxiao and Pan, Yaning and Xu, Hang and Huang, Jie and Zhao, Feng}, title = {MaskFocus: Focusing Policy Optimization on Critical Steps for Masked Image Generation}, booktitle = {Proceedings of the IEEE/CVF Conference on Computer Vision and Pattern Recognition (CVPR)}, month = {June}, year = {2026}, pages = {5956-5966} }"
Yang_H2-Surv_Hierarchical_Hyperbolic_Multimodal_Representation_Learning_for_Survival_Prediction_CVPR_2026_paper,2026,0,Vision_Language_Multimodal,Vision_Language_Multimodal|SelfSupervised_Representation,18.0,0.5,H2-Surv: Hierarchical Hyperbolic Multimodal Representation Learning for Survival Prediction,Jiaqi Yang; Wenting Chen; Xiangjian He; Yuanbai Li; Sen Yang; Linlin Shen; Xiaohan Xing,7,28318-28327,True,https://openaccess.thecvf.com/content/CVPR2026/papers/Yang_H2-Surv_Hierarchical_Hyperbolic_Multimodal_Representation_Learning_for_Survival_Prediction_CVPR_2026_paper.pdf,https://openaccess.thecvf.com/content/CVPR2026/supplemental/Yang_H2-Surv_Hierarchical_Hyperbolic_CVPR_2026_supplemental.pdf,https://openaccess.thecvf.com/content/CVPR2026/html/Yang_H2-Surv_Hierarchical_Hyperbolic_Multimodal_Representation_Learning_for_Survival_Prediction_CVPR_2026_paper.html,"Cancer survival prediction through multimodal learning that combines histopathology images with genomic data represents a promising research direction. However, current approaches still suffer from two key limitations. First, most methods operate in a Euclidean feature space, which makes it difficult to capture the intrinsic hierarchies in histopathology, where information is organized from patches to whole-slide images to patients, and in genomics, where it progresses from genes to pathways to patients. Second, they typically discretize survival times into coarse risk intervals, neglecting fine-grained ordinal relationships among samples within the same interval and thus failing to capture the continuous ranking characteristics of survival outcomes.To address these issues, we propose \ourmethod, a hyperbolic hierarchical multimodal learning framework for survival prediction. H2-SurvNet first employs a **hyperbolic hierarchical information modeling** (H2IM) module that maps multimodal features into a shared hyperbolic space and explicitly encodes intra-modal and inter-modal hierarchies across patches, WSIs, patients, genes, and pathways. On top of this representation, we design a **Temporal Ordinal Contrastive learning** (TOCL) module that models the temporal progression of survival outcomes by enforcing ordinal risk ordering through contrastive objectives, thereby promoting continuity in the learned risk scores.Extensive experiments on heterogeneous cohorts from TCGA, CPTAC, and NLST demonstrate that H2-SurvNet consistently outperforms state-of-the-art multimodal survival prediction methods and exhibits strong robustness and generalization across diverse data distributions. Source code will be released upon acceptance.","@InProceedings{Yang_2026_CVPR, author = {Yang, Jiaqi and Chen, Wenting and He, Xiangjian and Li, Yuanbai and Yang, Sen and Shen, Linlin and Xing, Xiaohan}, title = {H2-Surv: Hierarchical Hyperbolic Multimodal Representation Learning for Survival Prediction}, booktitle = {Proceedings of the IEEE/CVF Conference on Computer Vision and Pattern Recognition (CVPR)}, month = {June}, year = {2026}, pages = {28318-28327} }"
Ehm_Teaching_DINOv3_About_Partial_3D_Geometry_A_Self-Supervised_Geometry-Aware_Approach_CVPR_2026_paper,2026,1,SelfSupervised_Representation,SelfSupervised_Representation,18.0,0.833,Teaching DINOv3 About Partial 3D Geometry: A Self-Supervised Geometry-Aware Approach,Viktoria Ehm; Dongliang Cao; Riccardo Marin; Daniel Scholz; Weikang Wang; Florian Bernard; Daniel Cremers,7,42071-42081,True,https://openaccess.thecvf.com/content/CVPR2026/papers/Ehm_Teaching_DINOv3_About_Partial_3D_Geometry_A_Self-Supervised_Geometry-Aware_Approach_CVPR_2026_paper.pdf,https://openaccess.thecvf.com/content/CVPR2026/supplemental/Ehm_Teaching_DINOv3_About_CVPR_2026_supplemental.pdf,https://openaccess.thecvf.com/content/CVPR2026/html/Ehm_Teaching_DINOv3_About_Partial_3D_Geometry_A_Self-Supervised_Geometry-Aware_Approach_CVPR_2026_paper.html,"Partial shape matching is a crucial yet underexplored problem in 3D vision, with significant relevance to real-world scenarios where shapes are often only partially observed. Existing feature descriptors face difficulties in this setting, as traditional representations either struggle with the boundaries of partial shapes or heavily depend on the shape's spatial position. While existing approaches have employed DINO features for partial shape matching, these features are not inherently suited for handling partial observations. In this work, we propose a method to refine DINO features using LoRA-based self-supervised learning, enabling the generation of feature descriptors that are robust to partiality. Our features substantially improve performance on partial shape matching compared to traditional or vision foundation features. Additionally, when integrated into existing partial shape matching pipelines, we achieve state-of-the-art results on partial shape matching and left-right prediction benchmarks.","@InProceedings{Ehm_2026_CVPR, author = {Ehm, Viktoria and Cao, Dongliang and Marin, Riccardo and Scholz, Daniel and Wang, Weikang and Bernard, Florian and Cremers, Daniel}, title = {Teaching DINOv3 About Partial 3D Geometry: A Self-Supervised Geometry-Aware Approach}, booktitle = {Proceedings of the IEEE/CVF Conference on Computer Vision and Pattern Recognition (CVPR)}, month = {June}, year = {2026}, pages = {42071-42081} }"
He_VideoSSR_Video_Self-Supervised_Reinforcement_Learning_CVPR_2026_paper,2026,0,Video_Action_Recognition,Video_Action_Recognition|SelfSupervised_Representation|LLM_Reasoning_Agent|Embodied_AI_Robotics,17.0,0.118,VideoSSR: Video Self-Supervised Reinforcement Learning,Zefeng He; Xiaoye Qu; Yafu Li; Siyuan Huang; Daizong Liu; Yu Cheng,6,26530-26540,True,https://openaccess.thecvf.com/content/CVPR2026/papers/He_VideoSSR_Video_Self-Supervised_Reinforcement_Learning_CVPR_2026_paper.pdf,https://openaccess.thecvf.com/content/CVPR2026/supplemental/He_VideoSSR_Video_Self-Supervised_CVPR_2026_supplemental.pdf,https://openaccess.thecvf.com/content/CVPR2026/html/He_VideoSSR_Video_Self-Supervised_Reinforcement_Learning_CVPR_2026_paper.html,"Reinforcement Learning with Verifiable Reward (RLVR) has substantially advanced the video understanding capabilities of Multimodal Large Language Models (MLLMs). However, the rapid progress of MLLMs is outpacing the complexity of existing video datasets, while the manual annotation of new, high-quality data remains prohibitively expensive.This work investigates a pivotal question: Can the rich, intrinsic information within videos be harnessed to self-generate high-quality, verifiable training data?To investigate this problem, we first introduce three self-supervised pretext tasks for video understanding: Anomaly Grounding, Object Counting, and Temporal Jigsaw. To validate the difficulty of these tasks, we construct the Video Intrinsic Understanding Benchmark (VIUBench), revealing that current state-of-the-art MLLMs struggle significantly on these tasks. Building upon these pretext tasks, we develop the VideoSSR-30K dataset and propose VideoSSR, a novel video self-supervised reinforcement learning framework for RLVR. Extensive experiments across 17 benchmarks, spanning four major video domains (General Video QA, Long Video QA, Temporal Grounding, and Complex Reasoning), demonstrate that our VideoSSR consistently enhances model performance, yielding an average improvement of over 5%. These results establish VideoSSR as a potent foundational framework for developing more advanced video understanding in MLLMs.","@InProceedings{He_2026_CVPR, author = {He, Zefeng and Qu, Xiaoye and Li, Yafu and Huang, Siyuan and Liu, Daizong and Cheng, Yu}, title = {VideoSSR: Video Self-Supervised Reinforcement Learning}, booktitle = {Proceedings of the IEEE/CVF Conference on Computer Vision and Pattern Recognition (CVPR)}, month = {June}, year = {2026}, pages = {26530-26540} }"
Wu_Editprint_General_Digital_Image_Forensics_via_Editing_Fingerprint_with_Self-Augmentation_CVPR_2026_paper,2026,0,Face_Biometrics,Face_Biometrics|SelfSupervised_Representation,9.0,0.0,Editprint: General Digital Image Forensics via Editing Fingerprint with Self-Augmentation Training,Haiwei Wu; Kemou Li; Yuanman Li; Jiantao Zhou,4,35483-35493,True,https://openaccess.thecvf.com/content/CVPR2026/papers/Wu_Editprint_General_Digital_Image_Forensics_via_Editing_Fingerprint_with_Self-Augmentation_CVPR_2026_paper.pdf,https://openaccess.thecvf.com/content/CVPR2026/supplemental/Wu_Editprint_General_Digital_CVPR_2026_supplemental.pdf,https://openaccess.thecvf.com/content/CVPR2026/html/Wu_Editprint_General_Digital_Image_Forensics_via_Editing_Fingerprint_with_Self-Augmentation_CVPR_2026_paper.html,"Digital image forensics can ensure information credibility in tasks like camera source identification (CSI), synthetic image detection (SID), and social network provenance (SNP). These tasks typically rely on image processing history clues left by in-camera operations, post-capture editing, or synthetic generation. However, most existing forensic methods have obvious limitations: 1) they often only focus on camera-specific traces (e.g., the well-known PRNU), and 2) they demand a substantial amount of annotated training data. To address these constraints, we propose Editprint, a novel general forensic feature that captures highly diverse in- and out-camera processing history clues with minimal unlabeled training data. Ideally, we expect that any images undergoing the same imaging, editing, and transmission processes would yield identical Editprints, and vice versa. To model the in- and out-camera operations, we devise an online editing pool based on self-augmentation strategies. Requiring only minimal (e.g., 10) training data, the editing pool can simulate massive (e.g., 10^\text 7 ) editing chains and traces arising from the in-camera processing and the subsequent out-camera operations. To ensure that Editprint exhibits high discriminative capabilities across various editing chains, we propose using textual descriptions of these chains as labels and supervising their Editprints through language-guided contrastive learning. Extensive experiments show Editprint outperforms existing self-supervised forensics, particularly in non-camera applications such as SNP and SID. We hope that Editprint would inspire the forensic community and serve as a novel benchmark for self-supervised forensics.","@InProceedings{Wu_2026_CVPR, author = {Wu, Haiwei and Li, Kemou and Li, Yuanman and Zhou, Jiantao}, title = {Editprint: General Digital Image Forensics via Editing Fingerprint with Self-Augmentation Training}, booktitle = {Proceedings of the IEEE/CVF Conference on Computer Vision and Pattern Recognition (CVPR)}, month = {June}, year = {2026}, pages = {35483-35493} }"
Ko_Diffusion-Based_sRGB_Real_Noise_Generation_via_Prompt-Driven_Noise_Representation_Learning_CVPR_2026_paper,2026,0,LLM_Reasoning_Agent,LLM_Reasoning_Agent|SelfSupervised_Representation,10.0,0.4,Diffusion-Based sRGB Real Noise Generation via Prompt-Driven Noise Representation Learning,Jaekyun Ko; Dongjin Kim; Soomin Lee; Guanghui Wang; Tae Hyun Kim,5,35956-35966,True,https://openaccess.thecvf.com/content/CVPR2026/papers/Ko_Diffusion-Based_sRGB_Real_Noise_Generation_via_Prompt-Driven_Noise_Representation_Learning_CVPR_2026_paper.pdf,https://openaccess.thecvf.com/content/CVPR2026/supplemental/Ko_Diffusion-Based_sRGB_Real_CVPR_2026_supplemental.pdf,https://openaccess.thecvf.com/content/CVPR2026/html/Ko_Diffusion-Based_sRGB_Real_Noise_Generation_via_Prompt-Driven_Noise_Representation_Learning_CVPR_2026_paper.html,"Denoising in the sRGB image space is challenging due to large noise variability. Although end-to-end methods perform well, their effectiveness in real-world scenarios is limited by the scarcity of real noisy-clean image pairs, which are expensive and difficult to collect. To address this limitation, several generative methods have been developed to synthesize realistic noisy images from limited data. These approaches often rely on camera metadata during both training and testing to synthesize real-world noise. However, the lack of metadata or inconsistencies between devices restricts their usability. Therefore, we propose a novel framework called Prompt-Driven Noise Generation (PNG). This model is capable of acquiring high-dimensional prompt features that capture the characteristics of real-world input noise and creating a variety of realistic noisy images consistent with the distribution of the input noise. By eliminating the dependency on explicit camera metadata, our approach significantly enhances the generalizability and applicability of noise synthesis. Comprehensive experiments reveal that our model effectively produces realistic noisy images and show the successful application of these generated images in removing real-world noise across various benchmark datasets.","@InProceedings{Ko_2026_CVPR, author = {Ko, Jaekyun and Kim, Dongjin and Lee, Soomin and Wang, Guanghui and Kim, Tae Hyun}, title = {Diffusion-Based sRGB Real Noise Generation via Prompt-Driven Noise Representation Learning}, booktitle = {Proceedings of the IEEE/CVF Conference on Computer Vision and Pattern Recognition (CVPR)}, month = {June}, year = {2026}, pages = {35956-35966} }"
Kundu_SAGA_Source_Attribution_of_Generative_AI_Videos_CVPR_2026_paper,2026,1,SelfSupervised_Representation,SelfSupervised_Representation,5.0,0.0,SAGA: Source Attribution of Generative AI Videos,Rohit Kundu; Vishal Mohanty; Hao Xiong; Shan Jia; Athula Balachandran; Amit K. Roy-Chowdhury,6,21273-21283,True,https://openaccess.thecvf.com/content/CVPR2026/papers/Kundu_SAGA_Source_Attribution_of_Generative_AI_Videos_CVPR_2026_paper.pdf,https://openaccess.thecvf.com/content/CVPR2026/supplemental/Kundu_SAGA_Source_Attribution_CVPR_2026_supplemental.pdf,https://openaccess.thecvf.com/content/CVPR2026/html/Kundu_SAGA_Source_Attribution_of_Generative_AI_Videos_CVPR_2026_paper.html,"The proliferation of generative AI has led to hyper-realistic synthetic videos, escalating misuse risks and outstripping binary real/fake detectors. We introduce \texttt SAGA (\underline S ource \underline A ttribution of \underline G enerative \underline A I videos), the first comprehensive framework to address the urgent need for AI-generated video source attribution at a large scale. Unlike traditional detection, \texttt SAGA identifies the specific generative model used. It uniquely provides multi-granular attribution across five levels: authenticity, generation task (e.g., T2V/I2V), model version, development team, and the precise generator, offering far richer forensic insights. Our novel video transformer architecture, leveraging features from a robust vision foundation model, effectively captures spatio-temporal artifacts. Critically, we introduce a data-efficient pretrain-and-attribute strategy, enabling \texttt SAGA to achieve state-of-the-art attribution using only 0.5% of source-labeled data per class, matching fully supervised performance. Furthermore, we propose Temporal Attention Signatures (\texttt T-Sig ), a novel interpretability method that visualizes learned temporal differences, offering the first explanation for why different video generators are distinguishable. Extensive experiments on public datasets, including cross-domain scenarios, demonstrate that \texttt SAGA sets a new benchmark for synthetic video provenance, providing crucial, interpretable insights for forensic and regulatory applications.","@InProceedings{Kundu_2026_CVPR, author = {Kundu, Rohit and Mohanty, Vishal and Xiong, Hao and Jia, Shan and Balachandran, Athula and Roy-Chowdhury, Amit K.}, title = {SAGA: Source Attribution of Generative AI Videos}, booktitle = {Proceedings of the IEEE/CVF Conference on Computer Vision and Pattern Recognition (CVPR)}, month = {June}, year = {2026}, pages = {21273-21283} }"
Ko_Temporal_Inversion_for_Learning_Interval_Change_in_Chest_X-Rays_CVPR_2026_paper,2026,0,Medical_Bio_RemoteSensing,Medical_Bio_RemoteSensing|SelfSupervised_Representation,8.0,0.125,Temporal Inversion for Learning Interval Change in Chest X-Rays,Hanbin Ko; Kyeongmin Jeon; Doowoong Choi; Chang Min Park,4,28338-28347,True,https://openaccess.thecvf.com/content/CVPR2026/papers/Ko_Temporal_Inversion_for_Learning_Interval_Change_in_Chest_X-Rays_CVPR_2026_paper.pdf,https://openaccess.thecvf.com/content/CVPR2026/supplemental/Ko_Temporal_Inversion_for_CVPR_2026_supplemental.pdf,https://openaccess.thecvf.com/content/CVPR2026/html/Ko_Temporal_Inversion_for_Learning_Interval_Change_in_Chest_X-Rays_CVPR_2026_paper.html,"Recent advances in vision-language pretraining have enabled strong medical foundation models, yet most analyze radiographs in isolation, overlooking the key clinical task of comparing prior and current images to assess interval change. For chest radiographs (CXRs), capturing interval change is essential, as radiologists must evaluate not only the static appearance of findings but also how they evolve over time. We introduce TILA (Temporal Inversion-aware Learning and Alignment), a simple yet effective framework that uses temporal inversion, reversing image pairs, as a supervisory signal to enhance the sensitivity of existing temporal vision--language models to directional change. TILA integrates inversion-aware objectives across pretraining, fine-tuning, and inference, complementing conventional appearance modeling with explicit learning of temporal order. We also propose a unified evaluation protocol to assess order sensitivity and consistency under temporal inversion, and introduce MS-CXR-T_retrieval, a retrieval evaluation set constructed through a general protocol that can be applied to any temporal CXR dataset. Experiments on public datasets and real-world hospital cohorts demonstrate that TILA consistently improves progression classification and temporal embedding alignment when applied to multiple existing architectures.","@InProceedings{Ko_2026_CVPR, author = {Ko, Hanbin and Jeon, Kyeongmin and Choi, Doowoong and Park, Chang Min}, title = {Temporal Inversion for Learning Interval Change in Chest X-Rays}, booktitle = {Proceedings of the IEEE/CVF Conference on Computer Vision and Pattern Recognition (CVPR)}, month = {June}, year = {2026}, pages = {28338-28347} }"
Xu_SelfHVD_Self-Supervised_Handheld_Video_Deblurring_CVPR_2026_paper,2026,0,Restoration_Enhancement,Restoration_Enhancement|SelfSupervised_Representation,18.0,0.167,SelfHVD: Self-Supervised Handheld Video Deblurring,Honglei Xu; Zhilu Zhang; Junjie Fan; Xiaohe Wu; Wangmeng Zuo,5,37486-37495,True,https://openaccess.thecvf.com/content/CVPR2026/papers/Xu_SelfHVD_Self-Supervised_Handheld_Video_Deblurring_CVPR_2026_paper.pdf,https://openaccess.thecvf.com/content/CVPR2026/supplemental/Xu_SelfHVD_Self-Supervised_Handheld_CVPR_2026_supplemental.pdf,https://openaccess.thecvf.com/content/CVPR2026/html/Xu_SelfHVD_Self-Supervised_Handheld_Video_Deblurring_CVPR_2026_paper.html,"Shooting video with handheld shooting devices often results in blurry frames due to shaking hands and other instability factors. Although previous video deblurring methods have achieved impressive progress, they still struggle to perform satisfactorily on real-world handheld video due to the blur domain gap between training and testing data. To address the issue, we propose a self-supervised method for handheld video deblurring, which is driven by sharp clues in the video. First, to train the deblurring model, we extract the sharp clues from the video and take them as misalignment labels of neighboring blurry frames. Second, to improve the deblurring ability of the model, we propose a novel Self-Enhanced Video Deblurring (SEVD) method to create higher-quality paired video data. Third, we propose a Self-Constrained Spatial Consistency Maintenance (SCSCM) method to regularize the model, preventing position shifts between the output and input frames. Moreover, we construct synthetic and real-world handheld video datasets for handheld video deblurring. Extensive experiments on these and other common real-world datasets demonstrate that our method significantly outperforms existing self-supervised ones. The code and datasets are publicly available at https://cshonglei.github.io/SelfHVD.","@InProceedings{Xu_2026_CVPR, author = {Xu, Honglei and Zhang, Zhilu and Fan, Junjie and Wu, Xiaohe and Zuo, Wangmeng}, title = {SelfHVD: Self-Supervised Handheld Video Deblurring}, booktitle = {Proceedings of the IEEE/CVF Conference on Computer Vision and Pattern Recognition (CVPR)}, month = {June}, year = {2026}, pages = {37486-37495} }"
Peng_OmniVGGT_Omni-Modality_Driven_Visual_Geometry_Grounded_Transformer_CVPR_2026_paper,2026,0,Embodied_AI_Robotics,Embodied_AI_Robotics|SelfSupervised_Representation|LowLevel_Flow_Depth_Matching,12.0,0.25,OmniVGGT: Omni-Modality Driven Visual Geometry Grounded Transformer,Haosong Peng; Hao Li; Yalun Dai; Yushi Lan; Yihang Luo; Tianyu Qi; Zhengshen Zhang; Yufeng Zhan; Junfei Zhang; Wenchao Xu; Ziwei Liu,11,36485-36497,True,https://openaccess.thecvf.com/content/CVPR2026/papers/Peng_OmniVGGT_Omni-Modality_Driven_Visual_Geometry_Grounded_Transformer_CVPR_2026_paper.pdf,https://openaccess.thecvf.com/content/CVPR2026/supplemental/Peng_OmniVGGT_Omni-Modality_Driven_CVPR_2026_supplemental.pdf,https://openaccess.thecvf.com/content/CVPR2026/html/Peng_OmniVGGT_Omni-Modality_Driven_Visual_Geometry_Grounded_Transformer_CVPR_2026_paper.html,"General 3D foundation models have started to lead the trend of unifying diverse vision tasks, yet most assume RGB-only inputs and ignore readily available geometric cues (e.g., camera intrinsics, poses, and depth maps). To address this issue, we introduce OmniVGGT, a novel framework that can effectively benefit from an arbitrary number of auxiliary geometric modalities during both training and inference. In our framework, a GeoAdapter is proposed to encode depth and camera intrinsics/extrinsics into a spatial foundation model. It employs zero-initialized convolutions to progressively inject geometric information without disrupting the foundation model's representation space. This design ensures stable optimization with negligible overhead, maintaining inference speed comparable to VGGT even with multiple additional inputs. Additionally, a stochastic multimodal fusion regimen is proposed, which randomly samples modality subsets per instance during training. This enables an arbitrary number of modality inputs during testing and promotes learning robust spatial representations instead of overfitting to auxiliary cues. Extensive experiments on monocular/multi-view depth estimation, multi-view stereo, and camera pose estimation demonstrate that OmniVGGT outperforms prior methods with auxiliary inputs and achieves state-of-the-art results even with RGB-only input. To further highlight its practical utility, we integrated OmniVGGT into vision-language-action (VLA) models. The enhanced VLA model by OmniVGGT not only outperforms the vanilla point-cloud-based baseline on mainstream benchmarks, but also effectively leverages accessible auxiliary inputs to achieve consistent gains on robotic tasks. Project Page: https://livioni.github.io/OmniVGGT-official/","@InProceedings{Peng_2026_CVPR, author = {Peng, Haosong and Li, Hao and Dai, Yalun and Lan, Yushi and Luo, Yihang and Qi, Tianyu and Zhang, Zhengshen and Zhan, Yufeng and Zhang, Junfei and Xu, Wenchao and Liu, Ziwei}, title = {OmniVGGT: Omni-Modality Driven Visual Geometry Grounded Transformer}, booktitle = {Proceedings of the IEEE/CVF Conference on Computer Vision and Pattern Recognition (CVPR)}, month = {June}, year = {2026}, pages = {36485-36497} }"
Kim_Can_Natural_Image_Autoencoders_Compactly_Tokenize_fMRI_Volumes_for_Long-Range_CVPR_2026_paper,2026,1,SelfSupervised_Representation,SelfSupervised_Representation,5.0,0.6,Can Natural Image Autoencoders Compactly Tokenize fMRI Volumes for Long-Range Dynamics Modeling?,Peter Yongho Kim; Juhyeon Park; Jungwoo Park; Jubin Choi; Jungwoo Seo; Jiook Cha; Taesup Moon,7,35321-35330,True,https://openaccess.thecvf.com/content/CVPR2026/papers/Kim_Can_Natural_Image_Autoencoders_Compactly_Tokenize_fMRI_Volumes_for_Long-Range_CVPR_2026_paper.pdf,https://openaccess.thecvf.com/content/CVPR2026/supplemental/Kim_Can_Natural_Image_CVPR_2026_supplemental.pdf,https://openaccess.thecvf.com/content/CVPR2026/html/Kim_Can_Natural_Image_Autoencoders_Compactly_Tokenize_fMRI_Volumes_for_Long-Range_CVPR_2026_paper.html,"Modeling long-range spatiotemporal dynamics in functional Magnetic Resonance Imaging (fMRI) remains a key challenge due to the high dimensionality of the four-dimensional signals. Prior voxel-based models, although demonstrating excellent performance and interpretation capabilities, are constrained by prohibitive memory demands and thus can only capture limited temporal windows. To address this, we propose TABLeT (Two-dimensionally Autoencoded Brain Latent Transformer), a novel approach that tokenizes fMRI volumes using a pre-trained 2D natural image autoencoder. Each 3D fMRI volume is compressed into a compact set of continuous tokens, enabling long-sequence modeling with a simple Transformer encoder with limited VRAM. Across large-scale benchmarks including the UK-Biobank (UKB), Human Connectome Project (HCP), and ADHD-200 datasets, TABLeT outperforms existing models in multiple tasks, while demonstrating substantial gains in computational and memory efficiency over the state-of-the-art voxel-based method given the same input. Furthermore, we develop a self-supervised masked token modeling approach to pre-train TABLeT, which improves the model's performance for various downstream tasks. Our findings suggest a promising approach for scalable and interpretable spatiotemporal modeling of brain activity. Our code is available at https://github.com/beotborry/TABLeT.","@InProceedings{Kim_2026_CVPR, author = {Kim, Peter Yongho and Park, Juhyeon and Park, Jungwoo and Choi, Jubin and Seo, Jungwoo and Cha, Jiook and Moon, Taesup}, title = {Can Natural Image Autoencoders Compactly Tokenize fMRI Volumes for Long-Range Dynamics Modeling?}, booktitle = {Proceedings of the IEEE/CVF Conference on Computer Vision and Pattern Recognition (CVPR)}, month = {June}, year = {2026}, pages = {35321-35330} }"
Zhang_SCAPO_Self-Supervised_Category-Level_Articulated_Pose_Estimation_from_a_Single_3D_CVPR_2026_paper,2026,1,SelfSupervised_Representation,SelfSupervised_Representation|Human_Pose_Body,15.0,0.6,SCAPO: Self-Supervised Category-Level Articulated Pose Estimation from a Single 3D Observation,Can Zhang; Gim Hee Lee,2,13802-13811,True,https://openaccess.thecvf.com/content/CVPR2026/papers/Zhang_SCAPO_Self-Supervised_Category-Level_Articulated_Pose_Estimation_from_a_Single_3D_CVPR_2026_paper.pdf,,https://openaccess.thecvf.com/content/CVPR2026/html/Zhang_SCAPO_Self-Supervised_Category-Level_Articulated_Pose_Estimation_from_a_Single_3D_CVPR_2026_paper.html,"Existing methods for category-level object articulation from a single 3D observation often rely on dense supervision, multi-frame inputs, or CAD templates, and still struggle to disentangle geometry from articulation or to recover explicit joint parameters. We propose SCAPO , a self-supervised framework that estimates canonical geometry, rigid part segmentation, and joint pivots, axes, and articulation states from a single RGB-D observation without ground-truth labels or category-specific models. Our SCAPO first uses an SE(3)-equivariant vector-neuron autoencoder to factor out global pose and align diverse instances into a shared canonical space. On this aligned shape, a joint-aware blend-skinning module is then designed to model part motion. We learn this representation through cycle reconstruction between observed and canonical shapes and cross-space alignment with a learnable canonical template that decouples shared category geometry from instance-specific residual shape. Experiments on synthetic and real articulated-object datasets show that our SCAPO recovers consistent part structure and accurate articulation parameters and outperforms all self-supervised baselines.","@InProceedings{Zhang_2026_CVPR, author = {Zhang, Can and Lee, Gim Hee}, title = {SCAPO: Self-Supervised Category-Level Articulated Pose Estimation from a Single 3D Observation}, booktitle = {Proceedings of the IEEE/CVF Conference on Computer Vision and Pattern Recognition (CVPR)}, month = {June}, year = {2026}, pages = {13802-13811} }"
